Timestamp,Farm_ID,Soil_Moisture,temperature,Humidity,Rainfall,Crop_Stage,Irrigation_Status,Crop_Outcome,pressure,altitude,class
2022-10-08 22:06:24,FARM_01,377,29.1,87.2,0.0,Vegetative,No,Poor,9984.53,-12.21,Very Dry
2022-10-08 22:06:24,FARM_01,376,28.87,82.7,8.58,Vegetative,No,Poor,9983.98,-12.25,Very Dry
2022-10-08 22:06:24,FARM_01,381,28.88,85.1,1.99,Vegetative,No,Poor,9983.98,-12.25,Very Dry
2022-10-08 22:06:24,FARM_01,380,28.99,91.3,0.0,Vegetative,No,Poor,9984.27,-12.23,Very Dry
2022-10-08 22:06:24,FARM_01,379,29.08,75.2,1.07,Vegetative,No,Poor,9984.36,-12.22,Very Dry
2022-10-08 22:06:24,FARM_01,376,29.06,88.4,0.0,Vegetative,No,Poor,9984.56,-12.2,Very Dry
2022-10-08 22:06:24,FARM_01,377,29.05,84.0,0.0,Vegetative,No,Poor,9984.39,-12.22,Very Dry
2022-10-08 22:06:24,FARM_01,377,28.86,84.3,0.0,Vegetative,No,Poor,9983.66,-12.28,Very Dry
2022-10-08 22:06:24,FARM_01,379,29.03,82.9,0.0,Vegetative,No,Poor,9984.42,-12.21,Very Dry
2022-10-08 22:06:24,FARM_01,380,29.0,81.7,0.0,Vegetative,No,Poor,9984.42,-12.21,Very Dry
2022-10-08 22:06:24,FARM_01,380,28.97,82.3,0.0,Vegetative,No,Poor,9984.1,-12.24,Very Dry
2022-10-08 22:06:24,FARM_01,379,28.89,93.0,5.67,Vegetative,No,Poor,9984.16,-12.24,Very Dry
2022-10-08 22:06:24,FARM_01,379,28.96,90.0,24.68,Vegetative,No,Poor,9984.1,-12.24,Very Dry
2022-10-08 22:06:24,FARM_01,379,28.95,81.0,1.92,Vegetative,No,Poor,9984.3,-12.23,Very Dry
2022-10-08 22:06:24,FARM_01,378,28.94,83.8,0.0,Vegetative,No,Poor,9984.13,-12.24,Very Dry
2022-10-08 22:06:24,FARM_01,376,29.02,87.2,0.0,Vegetative,No,Poor,9984.59,-12.2,Very Dry
2022-10-08 22:06:24,FARM_01,379,28.92,86.0,0.0,Vegetative,No,Poor,9983.98,-12.25,Very Dry
2022-10-08 22:06:24,FARM_01,389,28.74,84.6,0.0,Vegetative,No,Poor,9982.02,-12.42,Very Dry
2022-10-08 22:06:24,FARM_01,380,28.75,92.3,0.0,Vegetative,No,Poor,9981.66,-12.45,Very Dry
2022-10-08 22:06:24,FARM_01,176,29.75,81.0,0.0,Vegetative,No,Good,9983.3,-12.31,Very Wet
2022-10-08 22:06:24,FARM_01,174,29.78,81.0,0.0,Vegetative,Yes,Poor,9983.75,-12.27,Very Wet
2022-10-08 22:06:24,FARM_01,381,28.85,87.1,8.12,Vegetative,No,Poor,9984.01,-12.25,Very Dry
2022-10-08 22:06:24,FARM_01,380,28.83,86.9,7.31,Vegetative,No,Poor,9983.69,-12.28,Very Dry
2022-10-08 22:06:24,FARM_01,381,28.82,81.8,0.0,Vegetative,No,Poor,9983.34,-12.31,Very Dry
2022-10-08 22:06:24,FARM_01,384,28.81,84.3,4.2,Vegetative,No,Poor,9982.83,-12.35,Very Dry
2022-10-08 22:06:24,FARM_01,383,28.74,76.1,0.0,Vegetative,No,Poor,9981.68,-12.45,Very Dry
2022-10-08 22:06:24,FARM_01,383,28.8,74.1,0.0,Vegetative,No,Poor,9982.52,-12.38,Very Dry
2022-10-08 22:06:24,FARM_01,383,28.79,83.4,4.49,Vegetative,No,Poor,9982.17,-12.4,Very Dry
2022-10-08 22:06:24,FARM_01,382,28.78,87.2,0.0,Vegetative,No,Poor,9981.97,-12.42,Very Dry
2022-10-08 22:06:24,FARM_01,383,28.77,79.7,0.0,Vegetative,No,Poor,9981.83,-12.43,Very Dry
2022-10-08 22:06:24,FARM_01,382,28.77,89.5,0.0,Vegetative,No,Poor,9982.0,-12.42,Very Dry
2022-10-08 22:06:24,FARM_01,381,28.76,87.0,0.0,Vegetative,No,Poor,9981.83,-12.43,Very Dry
2022-10-08 22:06:24,FARM_01,382,28.75,85.0,0.0,Vegetative,No,Poor,9981.48,-12.46,Very Dry
2022-10-08 22:06:24,FARM_01,385,28.79,89.0,7.11,Vegetative,No,Poor,9982.52,-12.38,Very Dry
2022-10-08 22:06:24,FARM_01,382,28.91,86.7,0.0,Vegetative,No,Poor,9984.16,-12.24,Very Dry
2022-10-08 22:06:24,FARM_01,380,28.9,78.7,0.42,Vegetative,No,Poor,9983.98,-12.25,Very Dry
2022-10-08 22:06:24,FARM_01,320,28.73,83.3,1.59,Vegetative,No,Poor,9982.02,-12.42,Dry
2022-10-08 22:06:24,FARM_01,205,29.08,84.2,0.0,Vegetative,No,Good,9982.14,-12.41,Wet
2022-10-08 22:06:24,FARM_01,177,30.36,88.2,0.0,Vegetative,No,Good,9984.66,-12.2,Very Wet
2022-10-08 22:06:24,FARM_01,188,29.4,75.5,1.89,Vegetative,No,Good,9983.11,-12.33,Very Wet
2022-10-08 22:06:24,FARM_01,183,29.7,85.3,0.0,Vegetative,No,Good,9983.69,-12.28,Very Wet
2022-10-08 22:06:24,FARM_01,181,29.92,74.7,0.0,Vegetative,No,Good,9983.96,-12.25,Very Wet
2022-10-08 22:06:24,FARM_01,180,30.09,90.5,1.19,Vegetative,No,Good,9984.13,-12.24,Very Wet
2022-10-08 22:06:24,FARM_01,176,30.34,86.5,0.0,Vegetative,No,Good,9984.84,-12.18,Very Wet
2022-10-08 22:06:24,FARM_01,180,30.21,84.1,0.0,Vegetative,No,Good,9984.14,-12.24,Very Wet
2022-10-08 22:06:24,FARM_01,178,30.4,83.4,0.0,Vegetative,No,Good,9984.95,-12.17,Very Wet
2022-10-08 22:06:24,FARM_01,177,30.37,78.8,0.82,Vegetative,No,Good,9984.83,-12.18,Very Wet
2022-10-08 22:06:24,FARM_01,177,30.42,74.5,0.0,Vegetative,No,Good,9984.91,-12.17,Very Wet
2022-10-08 22:06:24,FARM_01,177,30.43,85.0,0.0,Vegetative,No,Good,9984.56,-12.2,Very Wet
2022-10-08 22:06:24,FARM_01,176,30.43,90.3,18.89,Vegetative,No,Good,9984.73,-12.19,Very Wet
2022-10-08 22:06:24,FARM_01,178,30.43,83.1,0.0,Vegetative,No,Good,9984.4,-12.22,Very Wet
2022-10-08 22:06:24,FARM_01,179,30.3,85.9,0.0,Vegetative,No,Good,9984.55,-12.2,Very Wet
2022-10-08 22:06:24,FARM_01,176,30.28,80.1,0.0,Vegetative,No,Good,9984.77,-12.19,Very Wet
2022-10-08 22:06:24,FARM_01,175,29.81,90.9,0.0,Vegetative,No,Good,9983.74,-12.27,Very Wet
2022-10-08 22:06:24,FARM_01,175,29.84,89.7,14.71,Vegetative,No,Good,9983.88,-12.26,Very Wet
2022-10-08 22:06:24,FARM_01,284,28.73,83.4,0.0,Vegetative,No,Poor,9982.02,-12.42,Dry
2022-10-08 22:06:24,FARM_01,250,28.82,79.0,0.0,Vegetative,No,Good,9981.97,-12.42,Wet
2022-10-08 22:06:24,FARM_01,175,30.05,75.1,0.0,Vegetative,No,Good,9984.52,-12.21,Very Wet
2022-10-08 22:06:24,FARM_01,176,30.24,86.7,0.0,Vegetative,No,Good,9984.61,-12.2,Very Wet
2022-10-08 22:06:24,FARM_01,176,30.2,87.3,0.0,Vegetative,No,Good,9984.85,-12.18,Very Wet
2022-10-08 22:06:24,FARM_01,175,30.17,78.0,0.0,Vegetative,No,Good,9984.9,-12.17,Very Wet
2022-10-08 22:06:24,FARM_01,175,30.13,86.2,7.78,Vegetative,No,Good,9984.77,-12.19,Very Wet
2022-10-08 22:06:24,FARM_01,176,30.12,80.8,0.0,Vegetative,No,Good,9984.78,-12.18,Very Wet
2022-10-08 22:06:24,FARM_01,174,30.08,89.8,1.91,Vegetative,No,Good,9984.65,-12.2,Very Wet
2022-10-08 22:06:24,FARM_01,174,30.01,92.7,0.0,Vegetative,Yes,Poor,9984.36,-12.22,Very Wet
2022-10-08 22:06:24,FARM_01,176,30.31,88.7,1.19,Vegetative,No,Good,9984.89,-12.18,Very Wet
2022-10-08 22:06:24,FARM_01,176,29.98,80.9,1.04,Vegetative,No,Good,9984.26,-12.23,Very Wet
2022-10-08 22:06:24,FARM_01,175,29.94,87.4,8.24,Vegetative,No,Good,9984.13,-12.24,Very Wet
2022-10-08 22:06:24,FARM_01,174,29.91,83.8,0.0,Vegetative,Yes,Poor,9984.17,-12.24,Very Wet
2022-10-08 22:06:24,FARM_01,175,29.88,87.4,0.0,Vegetative,No,Good,9983.84,-12.26,Very Wet
2022-10-08 22:06:24,FARM_01,174,29.73,84.0,2.6,Vegetative,No,Good,9983.31,-12.31,Very Wet
2022-10-08 22:06:24,FARM_01,176,30.41,85.5,4.1,Vegetative,No,Good,9984.23,-12.23,Very Wet
2022-10-08 22:06:24,FARM_01,173,29.7,80.1,0.0,Vegetative,Yes,Poor,9983.34,-12.31,Very Wet
2022-10-08 22:06:24,FARM_01,362,28.89,82.9,5.97,Vegetative,No,Poor,9982.44,-12.38,Very Dry
2022-10-08 22:06:24,FARM_01,172,29.33,85.8,0.0,Vegetative,Yes,Poor,9981.78,-12.44,Very Wet
2022-10-08 22:06:24,FARM_01,174,29.51,86.7,3.16,Vegetative,No,Good,9982.33,-12.39,Very Wet
2022-10-08 22:06:24,FARM_01,175,29.67,85.5,0.0,Vegetative,No,Good,9983.52,-12.29,Very Wet
2022-10-08 22:06:24,FARM_01,174,29.64,86.7,0.0,Vegetative,Yes,Poor,9983.22,-12.32,Very Wet
2022-10-08 22:06:24,FARM_01,174,29.61,82.7,0.0,Vegetative,Yes,Poor,9982.91,-12.34,Very Wet
2022-10-08 22:06:24,FARM_01,175,29.59,75.2,1.38,Vegetative,No,Good,9982.94,-12.34,Very Wet
2022-10-08 22:06:24,FARM_01,167,29.31,91.0,0.0,Vegetative,Yes,Poor,9982.12,-12.41,Very Wet
2022-10-08 22:06:24,FARM_01,174,29.56,88.1,0.0,Vegetative,Yes,Poor,9982.6,-12.37,Very Wet
2022-10-08 22:06:24,FARM_01,173,29.48,76.9,0.0,Vegetative,Yes,Poor,9982.19,-12.4,Very Wet
2022-10-08 22:06:24,FARM_01,182,29.35,81.5,1.42,Vegetative,No,Good,9981.6,-12.45,Very Wet
2022-10-08 22:06:24,FARM_01,172,29.46,96.0,0.0,Vegetative,Yes,Poor,9982.02,-12.42,Very Wet
2022-10-08 22:06:24,FARM_01,164,29.43,88.2,0.0,Vegetative,Yes,Poor,9981.34,-12.47,Very Wet
2022-10-08 22:06:24,FARM_01,157,29.42,82.6,5.29,Vegetative,No,Good,9981.38,-12.47,Very Wet
2022-10-08 22:06:24,FARM_01,157,29.4,93.8,0.0,Vegetative,Yes,Poor,9981.38,-12.47,Very Wet
2022-10-08 22:06:24,FARM_01,176,29.53,75.2,0.0,Vegetative,No,Good,9982.64,-12.36,Very Wet
2022-10-08 22:06:24,FARM_01,172,29.38,89.1,0.0,Vegetative,Yes,Poor,9981.57,-12.46,Very Wet
2022-10-08 22:06:24,FARM_01,456,29.3,79.9,0.0,Vegetative,No,Poor,9982.5,-12.38,Very Dry
2022-10-08 22:06:24,FARM_01,362,29.12,80.8,0.0,Vegetative,No,Poor,9982.8,-12.35,Very Dry
2022-10-08 22:06:24,FARM_01,364,29.08,79.5,0.0,Vegetative,No,Poor,9982.3,-12.39,Very Dry
2022-10-08 22:06:24,FARM_01,454,29.29,88.3,0.0,Vegetative,No,Poor,9982.67,-12.36,Very Dry
2022-10-08 22:06:24,FARM_01,376,29.27,81.0,0.0,Vegetative,No,Poor,9982.53,-12.37,Very Dry
2022-10-08 22:06:24,FARM_01,369,29.26,82.0,0.0,Vegetative,No,Poor,9982.7,-12.36,Very Dry
2022-10-08 22:06:24,FARM_01,368,29.25,76.4,0.0,Vegetative,No,Poor,9982.73,-12.36,Very Dry
2022-10-08 22:06:24,FARM_01,367,29.24,93.6,0.88,Vegetative,No,Poor,9982.73,-12.36,Very Dry
2022-10-08 22:06:24,FARM_01,364,29.1,81.3,0.0,Vegetative,No,Poor,9982.47,-12.38,Very Dry
2022-10-08 22:06:24,FARM_01,368,29.23,88.3,1.64,Vegetative,No,Poor,9982.88,-12.35,Very Dry
2022-10-08 22:06:24,FARM_01,364,29.2,93.0,0.69,Vegetative,No,Poor,9982.56,-12.37,Very Dry
2022-10-08 22:06:24,FARM_01,363,29.18,78.8,0.0,Vegetative,No,Poor,9982.77,-12.35,Very Dry
2022-10-08 22:06:24,FARM_01,363,29.17,90.6,0.0,Vegetative,No,Poor,9982.94,-12.34,Very Dry
2022-10-08 22:06:24,FARM_01,363,29.16,86.9,0.0,Vegetative,No,Poor,9982.79,-12.35,Very Dry
2022-10-08 22:06:24,FARM_01,360,29.14,89.2,0.0,Vegetative,No,Poor,9983.13,-12.32,Very Dry
2022-10-08 22:06:24,FARM_01,363,29.13,88.8,0.0,Vegetative,No,Poor,9982.81,-12.35,Very Dry
2022-10-08 22:06:24,FARM_01,368,29.21,92.3,0.0,Vegetative,No,Poor,9982.73,-12.36,Very Dry
2022-10-08 22:06:24,FARM_01,164,29.36,89.1,0.0,Vegetative,Yes,Poor,9981.43,-12.47,Very Wet
2022-10-08 22:06:24,FARM_01,365,29.1,78.7,0.0,Vegetative,No,Poor,9982.65,-12.36,Very Dry
2022-10-08 22:06:24,FARM_01,365,29.06,91.4,0.0,Vegetative,No,Poor,9982.16,-12.41,Very Dry
2022-10-08 22:06:24,FARM_01,267,28.85,76.0,7.18,Vegetative,No,Good,9982.12,-12.41,Wet
2022-10-08 22:06:24,FARM_01,367,28.96,79.0,4.96,Vegetative,No,Poor,9982.59,-12.37,Very Dry
2022-10-08 22:06:24,FARM_01,362,29.04,81.2,0.0,Vegetative,No,Poor,9982.7,-12.36,Very Dry
2022-10-08 22:06:24,FARM_01,363,29.02,82.4,1.44,Vegetative,No,Poor,9982.7,-12.36,Very Dry
2022-10-08 22:06:24,FARM_01,363,29.0,87.0,0.0,Vegetative,No,Poor,9982.36,-12.39,Very Dry
2022-10-08 22:06:24,FARM_01,362,28.99,81.7,0.0,Vegetative,No,Poor,9982.36,-12.39,Very Dry
2022-10-08 22:06:24,FARM_01,224,28.85,82.8,10.46,Vegetative,No,Good,9983.32,-12.31,Wet
2022-10-08 22:06:24,FARM_01,363,28.98,86.3,0.0,Vegetative,No,Poor,9982.56,-12.37,Very Dry
2022-10-08 22:06:24,FARM_01,364,28.94,85.3,1.26,Vegetative,No,Poor,9982.41,-12.38,Very Dry
2022-10-08 22:06:24,FARM_01,323,28.86,78.6,1.52,Vegetative,No,Poor,9981.95,-12.42,Dry
2022-10-08 22:06:24,FARM_01,365,28.93,76.6,0.0,Vegetative,No,Poor,9982.41,-12.38,Very Dry
2022-10-08 22:06:24,FARM_01,368,28.92,79.6,0.0,Vegetative,No,Poor,9982.78,-12.35,Very Dry
2022-10-08 22:06:24,FARM_01,362,28.91,82.9,0.0,Vegetative,No,Poor,9982.61,-12.37,Very Dry
2022-10-08 22:06:24,FARM_01,367,28.9,70.2,0.0,Vegetative,No,Poor,9982.64,-12.36,Very Dry
2022-10-08 22:06:24,FARM_01,362,28.96,91.4,0.0,Vegetative,No,Poor,9982.22,-12.4,Very Dry
2022-10-08 22:06:24,FARM_01,204,28.94,85.5,0.0,Vegetative,No,Good,9987.21,-11.98,Wet
2022-10-08 22:06:24,FARM_01,179,30.48,83.9,16.75,Vegetative,No,Good,9984.68,-12.19,Very Wet
2022-10-08 22:06:24,FARM_01,179,30.51,82.2,0.0,Vegetative,No,Good,9984.3,-12.23,Very Wet
2022-10-08 22:06:24,FARM_01,372,28.99,80.8,0.0,Vegetative,No,Poor,9973.8,-13.11,Very Dry
2022-10-08 22:06:24,FARM_01,368,29.05,83.1,0.0,Vegetative,No,Poor,9982.67,-12.36,Very Dry
2022-10-08 22:06:24,FARM_01,188,29.28,79.1,0.0,Vegetative,No,Good,9994.16,-11.4,Very Wet
2022-10-08 22:06:24,FARM_01,183,29.66,87.2,0.0,Vegetative,No,Good,9990.39,-11.71,Very Wet
2022-10-08 22:06:24,FARM_01,182,29.94,89.4,0.0,Vegetative,No,Good,9989.62,-11.78,Very Wet
2022-10-08 22:06:24,FARM_01,182,30.14,87.0,0.0,Vegetative,No,Good,9989.06,-11.82,Very Wet
2022-10-08 22:06:24,FARM_01,182,30.28,89.3,0.0,Vegetative,No,Good,9988.36,-11.88,Very Wet
2022-10-08 22:06:24,FARM_01,181,30.38,81.9,0.0,Vegetative,No,Good,9987.55,-11.95,Very Wet
2022-10-08 22:06:24,FARM_01,179,30.46,77.0,0.0,Vegetative,No,Good,9987.09,-11.99,Very Wet
2022-10-08 22:06:24,FARM_01,182,30.5,80.6,0.0,Vegetative,No,Good,9986.53,-12.04,Very Wet
2022-10-08 22:06:24,FARM_01,181,30.53,79.3,16.89,Vegetative,No,Good,9985.8,-12.1,Very Wet
2022-10-08 22:06:24,FARM_01,181,30.55,88.2,0.0,Vegetative,No,Good,9985.59,-12.12,Very Wet
2022-10-08 22:06:24,FARM_01,180,30.55,77.7,0.0,Vegetative,No,Good,9985.24,-12.15,Very Wet
2022-10-08 22:06:24,FARM_01,180,30.54,87.4,0.0,Vegetative,No,Good,9984.94,-12.17,Very Wet
2022-10-08 22:06:24,FARM_01,178,30.53,79.6,0.0,Vegetative,No,Good,9984.77,-12.19,Very Wet
2022-10-08 22:06:24,FARM_01,391,28.87,89.0,0.0,Vegetative,No,Poor,9982.09,-12.41,Very Dry
2022-10-08 22:06:24,FARM_01,177,30.39,87.1,0.0,Vegetative,No,Good,9984.61,-12.2,Very Wet
2022-10-08 22:06:24,FARM_01,178,30.44,88.2,3.22,Vegetative,No,Good,9984.7,-12.19,Very Wet
2022-10-08 22:06:24,FARM_01,180,30.4,93.4,3.46,Vegetative,No,Good,9984.27,-12.23,Very Wet
2022-10-08 22:06:24,FARM_01,178,29.7,88.2,0.0,Vegetative,No,Good,9980.77,-12.52,Very Wet
2022-10-08 22:06:24,FARM_01,179,30.03,90.8,2.75,Vegetative,No,Good,9983.35,-12.31,Very Wet
2022-10-08 22:06:24,FARM_01,179,30.27,85.7,0.0,Vegetative,No,Good,9984.08,-12.24,Very Wet
2022-10-08 22:06:24,FARM_01,181,30.22,85.4,0.0,Vegetative,No,Good,9983.95,-12.25,Very Wet
2022-10-08 22:06:24,FARM_01,179,30.18,87.1,0.0,Vegetative,No,Good,9983.66,-12.28,Very Wet
2022-10-08 22:06:24,FARM_01,179,30.14,80.2,0.0,Vegetative,No,Good,9983.73,-12.27,Very Wet
2022-10-08 22:06:24,FARM_01,180,29.67,86.0,0.0,Vegetative,No,Good,9980.78,-12.52,Very Wet
2022-10-08 22:06:24,FARM_01,179,30.09,90.8,0.0,Vegetative,No,Good,9983.41,-12.3,Very Wet
2022-10-08 22:06:24,FARM_01,178,29.99,89.0,3.2,Vegetative,No,Good,9982.86,-12.35,Very Wet
2022-10-08 22:06:24,FARM_01,179,29.73,94.5,1.11,Vegetative,No,Good,9980.73,-12.53,Very Wet
2022-10-08 22:06:24,FARM_01,178,29.95,77.6,0.0,Vegetative,No,Good,9982.75,-12.36,Very Wet
2022-10-08 22:06:24,FARM_01,179,29.91,84.1,0.0,Vegetative,No,Good,9982.26,-12.4,Very Wet
2022-10-08 22:06:24,FARM_01,178,29.87,74.9,0.0,Vegetative,No,Good,9981.95,-12.42,Very Wet
2022-10-08 22:06:24,FARM_01,178,29.83,85.9,0.0,Vegetative,No,Good,9981.67,-12.45,Very Wet
2022-10-08 22:06:24,FARM_01,179,30.07,85.0,0.0,Vegetative,No,Good,9983.63,-12.28,Very Wet
2022-10-08 22:06:24,FARM_01,178,29.8,75.4,0.0,Vegetative,No,Good,9981.38,-12.47,Very Wet
2022-10-08 22:06:24,FARM_01,168,29.65,76.3,1.97,Vegetative,No,Good,9980.64,-12.53,Very Wet
2022-10-08 22:06:24,FARM_01,177,29.31,84.0,0.0,Vegetative,No,Good,9979.58,-12.62,Very Wet
2022-10-08 22:06:24,FARM_01,178,28.71,75.3,0.0,Vegetative,No,Good,9978.96,-12.67,Very Wet
2022-10-08 22:06:24,FARM_01,178,29.62,83.8,0.21,Vegetative,No,Good,9980.67,-12.53,Very Wet
2022-10-08 22:06:24,FARM_01,176,29.59,86.2,0.0,Vegetative,No,Good,9980.37,-12.56,Very Wet
2022-10-08 22:06:24,FARM_01,178,29.57,78.4,0.0,Vegetative,No,Good,9980.03,-12.58,Very Wet
2022-10-08 22:06:24,FARM_01,177,29.54,85.9,3.03,Vegetative,No,Good,9979.89,-12.6,Very Wet
2022-10-08 22:06:24,FARM_01,177,29.51,85.0,0.0,Vegetative,No,Good,9979.58,-12.62,Very Wet
2022-10-08 22:06:24,FARM_01,176,29.29,79.8,0.0,Vegetative,No,Good,9980.09,-12.58,Very Wet
2022-10-08 22:06:24,FARM_01,179,29.49,79.8,0.0,Vegetative,No,Good,9979.25,-12.65,Very Wet
2022-10-08 22:06:24,FARM_01,179,29.44,85.0,3.3,Vegetative,No,Good,9979.28,-12.65,Very Wet
2022-10-08 22:06:24,FARM_01,178,29.42,87.6,0.17,Vegetative,No,Good,9979.48,-12.63,Very Wet
2022-10-08 22:06:24,FARM_01,177,29.39,92.2,0.0,Vegetative,No,Good,9979.17,-12.66,Very Wet
2022-10-08 22:06:24,FARM_01,178,29.37,96.7,0.0,Vegetative,No,Good,9979.2,-12.65,Very Wet
2022-10-08 22:06:24,FARM_01,177,29.35,79.0,0.58,Vegetative,No,Good,9979.55,-12.63,Very Wet
2022-10-08 22:06:24,FARM_01,178,29.34,85.1,6.87,Vegetative,No,Good,9979.55,-12.63,Very Wet
2022-10-08 22:06:24,FARM_01,178,29.46,83.5,0.0,Vegetative,No,Good,9979.45,-12.63,Very Wet
2022-10-08 22:06:24,FARM_01,178,29.76,81.7,0.0,Vegetative,No,Good,9981.39,-12.47,Very Wet
2022-10-08 22:06:24,FARM_01,178,29.27,86.4,0.0,Vegetative,No,Good,9980.13,-12.58,Very Wet
2022-10-08 22:06:24,FARM_01,179,29.25,83.4,0.0,Vegetative,No,Good,9980.16,-12.57,Very Wet
2022-10-08 22:06:24,FARM_01,178,29.08,79.0,0.0,Vegetative,No,Good,9981.28,-12.48,Very Wet
2022-10-08 22:06:24,FARM_01,193,29.18,86.3,0.0,Vegetative,No,Good,9980.19,-12.57,Very Wet
2022-10-08 22:06:24,FARM_01,177,29.17,83.7,0.15,Vegetative,No,Good,9980.39,-12.55,Very Wet
2022-10-08 22:06:24,FARM_01,176,29.15,87.9,0.78,Vegetative,No,Good,9980.73,-12.53,Very Wet
2022-10-08 22:06:24,FARM_01,179,29.13,82.4,0.0,Vegetative,No,Good,9980.59,-12.54,Very Wet
2022-10-08 22:06:24,FARM_01,178,29.11,89.7,0.0,Vegetative,No,Good,9980.91,-12.51,Very Wet
2022-10-08 22:06:24,FARM_01,177,29.2,85.1,0.0,Vegetative,No,Good,9980.16,-12.57,Very Wet
2022-10-08 22:06:24,FARM_01,178,29.1,82.7,3.04,Vegetative,No,Good,9981.28,-12.48,Very Wet
2022-10-08 22:06:24,FARM_01,176,28.96,83.6,2.8,Vegetative,No,Good,9981.91,-12.43,Very Wet
2022-10-08 22:06:24,FARM_01,178,29.05,81.7,2.59,Vegetative,No,Good,9981.48,-12.46,Very Wet
2022-10-08 22:06:24,FARM_01,178,29.03,92.1,4.06,Vegetative,No,Good,9981.84,-12.43,Very Wet
2022-10-08 22:06:24,FARM_01,178,29.02,89.1,0.0,Vegetative,No,Good,9981.84,-12.43,Very Wet
2022-10-08 22:06:24,FARM_01,178,29.0,89.5,2.2,Vegetative,No,Good,9981.51,-12.46,Very Wet
2022-10-08 22:06:24,FARM_01,178,28.99,80.3,0.0,Vegetative,No,Good,9981.7,-12.44,Very Wet
2022-10-08 22:06:24,FARM_01,177,29.07,76.5,0.0,Vegetative,No,Good,9981.47,-12.46,Very Wet
2022-10-08 22:06:24,FARM_01,178,28.94,69.8,0.0,Vegetative,No,Good,9981.91,-12.43,Very Wet
2022-10-08 22:06:24,FARM_01,176,28.92,83.8,1.89,Vegetative,No,Good,9981.58,-12.45,Very Wet
2022-10-08 22:06:24,FARM_01,178,28.72,76.6,3.29,Vegetative,No,Good,9979.45,-12.63,Very Wet
2022-10-08 22:06:24,FARM_01,178,29.22,90.8,0.0,Vegetative,No,Good,9979.96,-12.59,Very Wet
2022-10-08 22:06:24,FARM_01,178,28.81,79.5,0.0,Vegetative,No,Good,9980.61,-12.54,Very Wet
2022-10-08 22:06:24,FARM_01,178,28.9,82.1,0.0,Vegetative,No,Good,9981.76,-12.44,Very Wet
2022-10-08 22:06:24,FARM_01,178,28.89,81.7,0.0,Vegetative,No,Good,9981.41,-12.47,Very Wet
2022-10-08 22:06:24,FARM_01,176,28.87,80.6,0.0,Vegetative,No,Good,9981.24,-12.48,Very Wet
2022-10-08 22:06:24,FARM_01,179,28.85,79.2,0.0,Vegetative,No,Good,9980.75,-12.52,Very Wet
2022-10-08 22:06:24,FARM_01,178,28.84,90.4,14.43,Vegetative,No,Good,9980.78,-12.52,Very Wet
2022-10-08 22:06:24,FARM_01,176,28.82,83.6,0.0,Vegetative,No,Good,9980.95,-12.51,Very Wet
2022-10-08 22:06:24,FARM_01,178,28.79,89.4,1.75,Vegetative,No,Good,9980.28,-12.56,Very Wet
2022-10-08 22:06:24,FARM_01,177,28.93,93.5,7.28,Vegetative,No,Good,9981.76,-12.44,Very Wet
2022-10-08 22:06:24,FARM_01,176,28.78,80.0,1.14,Vegetative,No,Good,9980.09,-12.58,Very Wet
2022-10-08 22:06:24,FARM_01,177,28.77,92.4,0.0,Vegetative,No,Good,9980.12,-12.58,Very Wet
2022-10-08 22:06:24,FARM_01,177,28.75,87.1,0.0,Vegetative,No,Good,9979.6,-12.62,Very Wet
2022-10-08 22:06:24,FARM_01,176,28.75,88.7,0.0,Vegetative,No,Good,9979.6,-12.62,Very Wet
2022-10-08 22:06:24,FARM_01,177,28.74,90.8,17.31,Vegetative,No,Good,9979.63,-12.62,Very Wet
2022-10-08 22:06:24,FARM_01,179,30.32,80.1,0.0,Vegetative,No,Good,9984.37,-12.22,Very Wet
2022-10-08 22:06:24,FARM_01,176,28.7,82.7,0.0,Vegetative,No,Good,9978.63,-12.7,Very Wet
2022-10-08 22:06:24,FARM_01,177,28.68,94.3,0.0,Vegetative,No,Good,9978.47,-12.72,Very Wet
2022-10-08 22:06:24,FARM_01,373,29.43,87.4,0.77,Vegetative,No,Poor,9973.31,-13.15,Very Dry
2022-10-08 22:06:24,FARM_01,176,28.49,80.6,0.0,Vegetative,No,Good,9976.66,-12.87,Very Wet
2022-10-08 22:06:24,FARM_01,177,28.6,93.5,9.28,Vegetative,No,Good,9977.83,-12.77,Very Wet
2022-10-08 22:06:24,FARM_01,178,28.66,80.9,0.0,Vegetative,No,Good,9978.27,-12.73,Very Wet
2022-10-08 22:06:24,FARM_01,178,28.65,83.4,14.17,Vegetative,No,Good,9978.13,-12.74,Very Wet
2022-10-08 22:06:24,FARM_01,176,28.64,81.3,1.89,Vegetative,No,Good,9977.78,-12.77,Very Wet
2022-10-08 22:06:24,FARM_01,178,28.63,78.0,3.02,Vegetative,No,Good,9978.15,-12.74,Very Wet
2022-10-08 22:06:24,FARM_01,176,28.48,82.1,7.79,Vegetative,No,Good,9976.49,-12.88,Very Wet
2022-10-08 22:06:24,FARM_01,177,28.62,90.8,0.0,Vegetative,No,Good,9977.98,-12.76,Very Wet
2022-10-08 22:06:24,FARM_01,177,28.58,83.2,0.0,Vegetative,No,Good,9977.14,-12.83,Very Wet
2022-10-08 22:06:24,FARM_01,176,28.5,90.7,0.0,Vegetative,No,Good,9976.67,-12.87,Very Wet
2022-10-08 22:06:24,FARM_01,177,28.57,74.6,0.0,Vegetative,No,Good,9977.14,-12.83,Very Wet
2022-10-08 22:06:24,FARM_01,176,28.56,88.4,0.47,Vegetative,No,Good,9977.68,-12.78,Very Wet
2022-10-08 22:06:24,FARM_01,176,28.55,86.0,0.0,Vegetative,No,Good,9977.48,-12.8,Very Wet
2022-10-08 22:06:24,FARM_01,176,28.54,81.9,0.0,Vegetative,No,Good,9977.34,-12.81,Very Wet
2022-10-08 22:06:24,FARM_01,177,28.61,87.0,0.0,Vegetative,No,Good,9977.63,-12.79,Very Wet
2022-10-08 22:06:24,FARM_01,180,28.51,85.9,0.0,Vegetative,No,Good,9978.7,-12.7,Very Wet
2022-10-08 22:06:24,FARM_01,369,30.02,78.4,4.26,Vegetative,No,Poor,9978.89,-12.68,Very Dry
2022-10-08 22:06:24,FARM_01,371,30.04,82.5,0.0,Vegetative,No,Poor,9979.2,-12.65,Very Dry
2022-10-08 22:06:24,FARM_01,179,30.36,80.7,6.77,Vegetative,No,Good,9984.15,-12.24,Very Wet
2022-10-08 22:06:24,FARM_01,176,28.69,93.0,6.22,Vegetative,No,Good,9978.47,-12.72,Very Wet
2022-10-08 22:06:24,FARM_01,176,28.62,85.8,14.59,Vegetative,No,Good,9982.26,-12.4,Very Wet
2022-10-08 22:06:24,FARM_01,175,28.94,93.3,0.0,Vegetative,No,Good,9989.78,-11.76,Very Wet
2022-10-08 22:06:24,FARM_01,177,29.28,78.3,1.28,Vegetative,No,Good,9988.52,-11.87,Very Wet
2022-10-08 22:06:24,FARM_01,176,29.52,88.1,0.0,Vegetative,No,Good,9987.44,-11.96,Very Wet
2022-10-08 22:06:24,FARM_01,448,29.7,85.7,0.0,Vegetative,No,Poor,9986.43,-12.05,Very Dry
2022-10-08 22:06:24,FARM_01,464,29.84,84.6,0.0,Vegetative,No,Poor,9985.42,-12.13,Very Dry
2022-10-08 22:06:24,FARM_01,378,29.93,93.3,4.99,Vegetative,No,Poor,9983.96,-12.25,Very Dry
2022-10-08 22:06:24,FARM_01,367,29.99,86.1,0.92,Vegetative,No,Poor,9983.2,-12.32,Very Dry
2022-10-08 22:06:24,FARM_01,368,30.03,76.9,0.0,Vegetative,No,Poor,9981.98,-12.42,Very Dry
2022-10-08 22:06:24,FARM_01,363,30.06,81.8,0.0,Vegetative,No,Poor,9981.08,-12.5,Very Dry
2022-10-08 22:06:24,FARM_01,368,30.07,84.0,0.0,Vegetative,No,Poor,9980.91,-12.51,Very Dry
2022-10-08 22:06:24,FARM_01,373,30.07,82.8,0.0,Vegetative,No,Poor,9980.56,-12.54,Very Dry
2022-10-08 22:06:24,FARM_01,374,30.06,86.0,0.0,Vegetative,No,Poor,9979.88,-12.6,Very Dry
2022-10-08 22:06:24,FARM_01,176,28.52,85.6,0.0,Vegetative,No,Good,9976.98,-12.84,Very Wet
2022-10-08 22:06:24,FARM_01,370,29.03,88.5,0.0,Vegetative,No,Poor,9971.39,-13.31,Very Dry
2022-10-08 22:06:24,FARM_01,177,28.51,87.9,0.0,Vegetative,No,Good,9977.16,-12.83,Very Wet
2022-10-08 22:06:24,FARM_01,368,29.96,79.7,0.0,Vegetative,No,Poor,9977.91,-12.76,Very Dry
2022-10-08 22:06:24,FARM_01,369,29.66,82.3,0.0,Vegetative,No,Poor,9974.8,-13.02,Very Dry
2022-10-08 22:06:24,FARM_01,372,29.86,70.3,0.0,Vegetative,No,Poor,9976.33,-12.9,Very Dry
2022-10-08 22:06:24,FARM_01,370,29.82,76.9,0.0,Vegetative,No,Poor,9976.02,-12.92,Very Dry
2022-10-08 22:06:24,FARM_01,370,29.79,89.7,4.08,Vegetative,No,Poor,9976.03,-12.92,Very Dry
2022-10-08 22:06:24,FARM_01,371,29.77,81.6,5.18,Vegetative,No,Poor,9975.55,-12.96,Very Dry
2022-10-08 22:06:24,FARM_01,370,29.73,77.5,0.0,Vegetative,No,Poor,9975.41,-12.97,Very Dry
2022-10-08 22:06:24,FARM_01,370,29.89,87.2,0.0,Vegetative,No,Poor,9976.77,-12.86,Very Dry
2022-10-08 22:06:24,FARM_01,368,29.69,78.1,3.59,Vegetative,No,Poor,9975.11,-13.0,Very Dry
2022-10-08 22:06:24,FARM_01,371,29.41,84.1,4.74,Vegetative,No,Poor,9973.31,-13.15,Very Dry
2022-10-08 22:06:24,FARM_01,369,29.59,82.2,0.0,Vegetative,No,Poor,9974.36,-13.06,Very Dry
2022-10-08 22:06:24,FARM_01,369,29.55,90.0,6.97,Vegetative,No,Poor,9973.86,-13.1,Very Dry
2022-10-08 22:06:24,FARM_01,369,29.52,76.9,0.0,Vegetative,No,Poor,9973.55,-13.13,Very Dry
2022-10-08 22:06:24,FARM_01,368,29.49,87.0,0.0,Vegetative,No,Poor,9973.76,-13.11,Very Dry
2022-10-08 22:06:24,FARM_01,370,29.46,77.9,0.0,Vegetative,No,Poor,9973.47,-13.14,Very Dry
2022-10-08 22:06:24,FARM_01,368,29.62,91.2,0.0,Vegetative,No,Poor,9974.33,-13.06,Very Dry
2022-10-08 22:06:24,FARM_01,368,29.38,90.6,3.67,Vegetative,No,Poor,9973.0,-13.18,Very Dry
2022-10-08 22:06:24,FARM_01,370,29.33,82.3,0.0,Vegetative,No,Poor,9973.03,-13.17,Very Dry
2022-10-08 22:06:24,FARM_01,369,29.01,82.7,0.0,Vegetative,No,Poor,9974.16,-13.08,Very Dry
2022-10-08 22:06:24,FARM_01,369,29.93,85.3,0.0,Vegetative,No,Poor,9977.44,-12.8,Very Dry
2022-10-08 22:06:24,FARM_01,380,29.16,83.0,3.19,Vegetative,No,Poor,9973.53,-13.13,Very Dry
2022-10-08 22:06:24,FARM_01,368,29.3,86.9,0.0,Vegetative,No,Poor,9973.23,-13.16,Very Dry
2022-10-08 22:06:24,FARM_01,370,29.27,84.9,0.0,Vegetative,No,Poor,9973.09,-13.17,Very Dry
2022-10-08 22:06:24,FARM_01,374,29.25,79.7,1.44,Vegetative,No,Poor,9973.13,-13.17,Very Dry
2022-10-08 22:06:24,FARM_01,372,29.22,86.9,7.41,Vegetative,No,Poor,9972.96,-13.18,Very Dry
2022-10-08 22:06:24,FARM_01,373,29.2,81.4,0.0,Vegetative,No,Poor,9972.97,-13.18,Very Dry
2022-10-08 22:06:24,FARM_01,373,29.17,72.2,0.0,Vegetative,No,Poor,9973.34,-13.15,Very Dry
2022-10-08 22:06:24,FARM_01,371,29.14,84.9,2.51,Vegetative,No,Poor,9973.71,-13.12,Very Dry
2022-10-08 22:06:24,FARM_01,368,29.36,82.1,0.0,Vegetative,No,Poor,9973.03,-13.17,Very Dry
2022-10-08 22:06:24,FARM_01,372,29.11,86.9,0.0,Vegetative,No,Poor,9973.53,-13.13,Very Dry
2022-10-08 22:06:24,FARM_01,372,29.09,85.7,0.0,Vegetative,No,Poor,9973.91,-13.1,Very Dry
2022-10-08 22:06:24,FARM_01,371,29.07,82.8,0.0,Vegetative,No,Poor,9973.94,-13.1,Very Dry
2022-10-08 22:06:24,FARM_01,373,29.05,75.4,0.0,Vegetative,No,Poor,9973.94,-13.1,Very Dry
2022-10-08 22:06:24,FARM_01,371,29.03,90.5,1.38,Vegetative,No,Poor,9973.8,-13.11,Very Dry
2022-10-08 22:06:24,FARM_01,369,29.99,83.4,1.68,Vegetative,No,Poor,9978.22,-12.74,Very Dry
2022-10-08 22:06:24,FARM_01,179,28.97,82.5,3.62,Vegetative,No,Good,9981.88,-12.43,Very Wet
2022-10-08 22:06:24,FARM_01,369,28.97,91.6,0.0,Vegetative,No,Poor,9973.65,-13.12,Very Dry
2022-10-08 22:06:24,FARM_01,223,29.34,86.1,0.0,Vegetative,No,Good,9970.44,-13.39,Wet
2022-10-08 22:06:24,FARM_01,214,28.73,86.9,0.0,Vegetative,No,Good,9973.8,-13.11,Wet
2022-10-08 22:06:24,FARM_01,217,28.74,84.4,0.0,Vegetative,No,Good,9974.31,-13.07,Wet
2022-10-08 22:06:24,FARM_01,261,28.84,81.7,0.0,Vegetative,No,Good,9973.59,-13.13,Wet
2022-10-08 22:06:24,FARM_01,370,28.93,82.1,0.0,Vegetative,No,Poor,9973.88,-13.1,Very Dry
2022-10-08 22:06:24,FARM_01,371,28.91,78.3,0.0,Vegetative,No,Poor,9974.05,-13.09,Very Dry
2022-10-08 22:06:24,FARM_01,369,28.9,85.8,2.06,Vegetative,No,Poor,9973.73,-13.11,Very Dry
2022-10-08 22:06:24,FARM_01,211,28.72,86.9,2.43,Vegetative,No,Good,9974.14,-13.08,Wet
2022-10-08 22:06:24,FARM_01,368,28.88,89.0,0.0,Vegetative,No,Poor,9973.53,-13.13,Very Dry
2022-10-08 22:06:24,FARM_01,316,28.85,82.0,4.93,Vegetative,No,Poor,9973.22,-13.16,Dry
2022-10-08 22:06:24,FARM_01,216,28.82,80.6,0.83,Vegetative,No,Good,9973.75,-13.11,Wet
2022-10-08 22:06:24,FARM_01,196,28.81,82.8,0.72,Vegetative,No,Good,9973.75,-13.11,Very Wet
2022-10-08 22:06:24,FARM_01,181,28.8,81.4,3.71,Vegetative,No,Good,9973.95,-13.1,Very Wet
2022-10-08 22:06:24,FARM_01,176,28.79,95.0,0.0,Vegetative,No,Good,9973.95,-13.1,Very Wet
2022-10-08 22:06:24,FARM_01,353,28.87,84.0,0.0,Vegetative,No,Poor,9973.56,-13.13,Very Dry
2022-10-08 22:06:24,FARM_01,182,28.78,83.7,0.0,Vegetative,No,Good,9974.12,-13.08,Very Wet
2022-10-08 22:06:24,FARM_01,209,28.59,76.0,5.58,Vegetative,No,Good,9972.86,-13.19,Wet
2022-10-08 22:06:24,FARM_01,210,28.62,86.1,0.0,Vegetative,No,Good,9973.19,-13.16,Wet
2022-10-08 22:06:24,FARM_01,382,30.49,85.1,8.01,Vegetative,No,Poor,9973.66,-13.12,Very Dry
2022-10-08 22:06:24,FARM_01,385,30.54,85.8,1.96,Vegetative,No,Poor,9973.43,-13.14,Very Dry
2022-10-08 22:06:24,FARM_01,211,28.71,78.4,0.0,Vegetative,No,Good,9974.0,-13.09,Wet
2022-10-08 22:06:24,FARM_01,211,28.7,78.4,0.0,Vegetative,No,Good,9974.0,-13.09,Wet
2022-10-08 22:06:24,FARM_01,211,28.69,87.7,0.0,Vegetative,No,Good,9973.83,-13.11,Wet
2022-10-08 22:06:24,FARM_01,211,28.6,90.2,0.0,Vegetative,No,Good,9973.01,-13.18,Wet
2022-10-08 22:06:24,FARM_01,212,28.68,96.2,3.61,Vegetative,No,Good,9974.19,-13.08,Wet
2022-10-08 22:06:24,FARM_01,211,28.67,87.4,7.36,Vegetative,No,Good,9973.65,-13.12,Wet
2022-10-08 22:06:24,FARM_01,210,28.66,91.5,20.89,Vegetative,No,Good,9973.82,-13.11,Wet
2022-10-08 22:06:24,FARM_01,210,28.65,87.2,0.0,Vegetative,No,Good,9973.67,-13.12,Wet
2022-10-08 22:06:24,FARM_01,210,28.64,90.3,0.0,Vegetative,No,Good,9973.33,-13.15,Wet
2022-10-08 22:06:24,FARM_01,210,28.63,87.0,0.0,Vegetative,No,Good,9973.5,-13.13,Wet
2022-10-08 22:06:24,FARM_01,211,28.63,91.7,0.0,Vegetative,No,Good,9973.36,-13.15,Wet
2022-10-08 22:06:24,FARM_01,211,28.68,84.3,0.0,Vegetative,No,Good,9974.02,-13.09,Wet
2022-10-08 22:06:24,FARM_01,176,28.77,85.4,0.0,Vegetative,No,Good,9974.12,-13.08,Very Wet
2022-10-08 22:06:24,FARM_01,177,28.76,88.2,0.0,Vegetative,No,Good,9973.95,-13.1,Very Wet
2022-10-08 22:06:24,FARM_01,210,28.58,72.2,0.0,Vegetative,No,Good,9972.52,-13.22,Wet
2022-10-08 22:06:24,FARM_01,211,28.55,82.0,0.0,Vegetative,No,Good,9972.34,-13.23,Wet
2022-10-08 22:06:24,FARM_01,210,28.48,90.4,1.47,Vegetative,No,Good,9972.56,-13.21,Wet
2022-10-08 22:06:24,FARM_01,210,28.54,90.0,0.0,Vegetative,No,Good,9972.52,-13.22,Wet
2022-10-08 22:06:24,FARM_01,210,28.53,85.9,0.0,Vegetative,No,Good,9972.53,-13.22,Wet
2022-10-08 22:06:24,FARM_01,209,28.52,90.8,0.0,Vegetative,No,Good,9972.7,-13.2,Wet
2022-10-08 22:06:24,FARM_01,209,28.51,95.7,3.47,Vegetative,No,Good,9972.53,-13.22,Wet
2022-10-08 22:06:24,FARM_01,208,29.37,80.5,0.0,Vegetative,No,Good,9977.48,-12.8,Wet
2022-10-08 22:06:24,FARM_01,209,28.5,81.2,0.0,Vegetative,No,Good,9972.56,-13.21,Wet
2022-10-08 22:06:24,FARM_01,209,28.47,80.0,0.0,Vegetative,No,Good,9972.58,-13.21,Wet
2022-10-08 22:06:24,FARM_01,208,28.95,83.3,0.0,Vegetative,No,Good,9975.73,-12.95,Wet
2022-10-08 22:06:24,FARM_01,210,28.46,79.7,3.34,Vegetative,No,Good,9972.58,-13.21,Wet
2022-10-08 22:06:24,FARM_01,208,28.45,93.9,0.0,Vegetative,No,Good,9972.6,-13.21,Wet
2022-10-08 22:06:24,FARM_01,208,28.44,92.1,0.0,Vegetative,No,Good,9972.41,-13.23,Wet
2022-10-08 22:06:24,FARM_01,210,28.49,87.4,0.0,Vegetative,No,Good,9972.56,-13.21,Wet
2022-10-08 22:06:24,FARM_01,210,30.06,84.8,1.17,Vegetative,No,Good,9977.48,-12.8,Wet
2022-10-08 22:06:24,FARM_01,386,30.56,88.6,14.44,Vegetative,No,Poor,9973.73,-13.11,Very Dry
2022-10-08 22:06:24,FARM_01,381,30.6,85.0,0.0,Vegetative,No,Poor,9974.05,-13.09,Very Dry
2022-10-08 22:06:24,FARM_01,209,28.57,84.3,0.0,Vegetative,No,Good,9972.72,-13.2,Wet
2022-10-08 22:06:24,FARM_01,392,30.72,85.2,0.0,Vegetative,No,Poor,9975.05,-13.0,Very Dry
2022-10-08 22:06:24,FARM_01,209,30.28,87.2,0.0,Vegetative,No,Good,9977.21,-12.82,Wet
2022-10-08 22:06:24,FARM_01,208,30.44,86.8,0.0,Vegetative,No,Good,9977.33,-12.81,Wet
2022-10-08 22:06:24,FARM_01,428,30.55,82.3,0.0,Vegetative,No,Poor,9976.66,-12.87,Very Dry
2022-10-08 22:06:24,FARM_01,478,30.6,95.7,5.36,Vegetative,No,Poor,9976.63,-12.87,Very Dry
2022-10-08 22:06:24,FARM_01,392,30.66,91.7,0.0,Vegetative,No,Poor,9975.98,-12.93,Very Dry
2022-10-08 22:06:24,FARM_01,383,30.7,86.8,0.0,Vegetative,No,Poor,9975.44,-12.97,Very Dry
2022-10-08 22:06:24,FARM_01,378,30.72,77.3,1.22,Vegetative,No,Poor,9974.88,-13.02,Very Dry
2022-10-08 22:06:24,FARM_01,210,29.77,94.4,0.0,Vegetative,No,Good,9977.78,-12.77,Wet
2022-10-08 22:06:24,FARM_01,379,30.71,83.9,0.0,Vegetative,No,Poor,9974.58,-13.04,Very Dry
2022-10-08 22:06:24,FARM_01,380,30.7,83.9,0.0,Vegetative,No,Poor,9974.75,-13.03,Very Dry
2022-10-08 22:06:24,FARM_01,380,30.67,80.3,0.0,Vegetative,No,Poor,9974.6,-13.04,Very Dry
2022-10-08 22:06:24,FARM_01,380,30.64,76.4,0.0,Vegetative,No,Poor,9974.31,-13.07,Very Dry
2022-10-08 22:06:24,FARM_01,383,30.45,81.3,1.18,Vegetative,No,Poor,9973.88,-13.1,Very Dry
2022-10-08 22:06:24,FARM_01,210,28.43,78.9,6.94,Vegetative,No,Good,9972.23,-13.24,Wet
2022-10-08 22:06:24,FARM_01,384,30.4,85.1,0.0,Vegetative,No,Poor,9973.45,-13.14,Very Dry
2022-10-08 22:06:24,FARM_01,243,29.04,88.2,0.0,Vegetative,No,Good,9971.91,-13.27,Wet
2022-10-08 22:06:24,FARM_01,384,29.75,94.2,2.2,Vegetative,No,Poor,9970.75,-13.37,Very Dry
2022-10-08 22:06:24,FARM_01,383,30.08,87.0,5.19,Vegetative,No,Poor,9972.81,-13.19,Very Dry
2022-10-08 22:06:24,FARM_01,388,30.35,81.7,2.32,Vegetative,No,Poor,9972.97,-13.18,Very Dry
2022-10-08 22:06:24,FARM_01,382,30.31,86.9,0.0,Vegetative,No,Poor,9972.88,-13.19,Very Dry
2022-10-08 22:06:24,FARM_01,383,30.26,83.3,0.16,Vegetative,No,Poor,9972.78,-13.19,Very Dry
2022-10-08 22:06:24,FARM_01,385,30.21,82.8,0.0,Vegetative,No,Poor,9972.63,-13.21,Very Dry
2022-10-08 22:06:24,FARM_01,383,29.72,88.6,0.0,Vegetative,No,Poor,9970.64,-13.37,Very Dry
2022-10-08 22:06:24,FARM_01,383,30.17,76.4,0.0,Vegetative,No,Poor,9972.53,-13.22,Very Dry
2022-10-08 22:06:24,FARM_01,382,30.06,87.8,0.0,Vegetative,No,Poor,9973.02,-13.17,Very Dry
2022-10-08 22:06:24,FARM_01,382,29.78,92.2,1.66,Vegetative,No,Poor,9971.23,-13.32,Very Dry
2022-10-08 22:06:24,FARM_01,382,30.02,81.9,0.0,Vegetative,No,Poor,9972.72,-13.2,Very Dry
2022-10-08 22:06:24,FARM_01,382,29.98,79.4,0.0,Vegetative,No,Poor,9972.25,-13.24,Very Dry
2022-10-08 22:06:24,FARM_01,382,29.93,84.2,0.0,Vegetative,No,Poor,9971.95,-13.26,Very Dry
2022-10-08 22:06:24,FARM_01,382,29.9,82.7,0.0,Vegetative,No,Poor,9971.8,-13.28,Very Dry
2022-10-08 22:06:24,FARM_01,382,30.13,79.8,0.0,Vegetative,No,Poor,9972.73,-13.2,Very Dry
2022-10-08 22:06:24,FARM_01,385,29.86,71.5,0.0,Vegetative,No,Poor,9971.52,-13.3,Very Dry
2022-10-08 22:06:24,FARM_01,385,29.69,84.3,6.53,Vegetative,No,Poor,9970.85,-13.36,Very Dry
2022-10-08 22:06:24,FARM_01,377,29.35,82.9,0.0,Vegetative,No,Poor,9970.3,-13.4,Very Dry
2022-10-08 22:06:24,FARM_01,298,29.28,75.9,6.11,Vegetative,No,Poor,9970.87,-13.36,Dry
2022-10-08 22:06:24,FARM_01,383,29.67,93.1,2.15,Vegetative,No,Poor,9970.48,-13.39,Very Dry
2022-10-08 22:06:24,FARM_01,384,29.64,80.2,0.0,Vegetative,No,Poor,9970.35,-13.4,Very Dry
2022-10-08 22:06:24,FARM_01,385,29.61,90.7,0.0,Vegetative,No,Poor,9970.05,-13.42,Very Dry
2022-10-08 22:06:24,FARM_01,383,29.58,81.9,0.31,Vegetative,No,Poor,9970.08,-13.42,Very Dry
2022-10-08 22:06:24,FARM_01,383,29.55,87.1,1.89,Vegetative,No,Poor,9970.09,-13.42,Very Dry
2022-10-08 22:06:24,FARM_01,378,29.33,83.7,5.86,Vegetative,No,Poor,9970.47,-13.39,Very Dry
2022-10-08 22:06:24,FARM_01,383,29.52,84.3,0.0,Vegetative,No,Poor,9969.95,-13.43,Very Dry
2022-10-08 22:06:24,FARM_01,382,29.47,77.7,3.15,Vegetative,No,Poor,9970.19,-13.41,Very Dry
2022-10-08 22:06:24,FARM_01,379,29.45,82.1,0.0,Vegetative,No,Poor,9970.19,-13.41,Very Dry
2022-10-08 22:06:24,FARM_01,376,29.43,84.9,0.0,Vegetative,No,Poor,9970.05,-13.42,Very Dry
2022-10-08 22:06:24,FARM_01,380,29.42,84.8,0.15,Vegetative,No,Poor,9971.59,-13.44,Very Dry
2022-10-08 22:06:24,FARM_01,381,29.39,81.5,1.64,Vegetative,No,Poor,9970.09,-13.42,Very Dry
2022-10-08 22:06:24,FARM_01,372,29.37,90.5,5.35,Vegetative,No,Poor,9970.09,-13.42,Very Dry
2022-10-08 22:06:24,FARM_01,381,29.5,86.2,0.0,Vegetative,No,Poor,9970.16,-13.42,Very Dry
2022-10-08 22:06:24,FARM_01,384,29.82,83.0,0.0,Vegetative,No,Poor,9971.22,-13.33,Very Dry
2022-10-08 22:06:24,FARM_01,337,29.3,91.6,0.0,Vegetative,No,Poor,9970.5,-13.39,Very Dry
2022-10-08 22:06:24,FARM_01,256,29.26,90.4,0.0,Vegetative,No,Good,9971.22,-13.33,Wet
2022-10-08 22:06:24,FARM_01,215,29.01,84.8,0.0,Vegetative,No,Good,9971.91,-13.27,Wet
2022-10-08 22:06:24,FARM_01,472,29.13,82.8,0.0,Vegetative,No,Poor,9972.88,-13.19,Very Dry
2022-10-08 22:06:24,FARM_01,196,29.22,90.1,1.03,Vegetative,No,Good,9971.56,-13.3,Very Wet
2022-10-08 22:06:24,FARM_01,189,29.21,94.9,1.21,Vegetative,No,Good,9971.94,-13.27,Very Wet
2022-10-08 22:06:24,FARM_01,173,29.2,70.0,0.0,Vegetative,Yes,Poor,9972.28,-13.24,Very Wet
2022-10-08 22:06:24,FARM_01,170,29.18,81.9,0.0,Vegetative,Yes,Poor,9972.82,-13.19,Very Wet
2022-10-08 22:06:24,FARM_01,218,29.0,78.9,1.65,Vegetative,No,Good,9972.25,-13.24,Wet
2022-10-08 22:06:24,FARM_01,240,29.17,84.0,1.04,Vegetative,No,Good,9972.84,-13.19,Wet
2022-10-08 22:06:24,FARM_01,380,29.12,82.3,0.0,Vegetative,No,Poor,9972.69,-13.2,Very Dry
2022-10-08 22:06:24,FARM_01,216,29.02,82.7,0.0,Vegetative,No,Good,9971.56,-13.3,Wet
2022-10-08 22:06:24,FARM_01,368,29.1,82.8,0.0,Vegetative,No,Poor,9972.37,-13.23,Very Dry
2022-10-08 22:06:24,FARM_01,0,178.7,41.0,0.0,Vegetative,Yes,Poor,-2120.4,-13.47,Very Wet
2022-10-08 22:06:24,FARM_01,310,29.06,84.2,0.0,Vegetative,No,Poor,9972.05,-13.26,Dry
2022-10-08 22:06:24,FARM_01,276,29.05,79.0,0.0,Vegetative,No,Poor,9971.88,-13.27,Dry
2022-10-08 22:06:24,FARM_01,447,29.15,78.4,0.0,Vegetative,No,Poor,9973.02,-13.17,Very Dry
2022-10-08 22:06:24,FARM_01,221,28.99,93.2,0.0,Vegetative,No,Good,9972.28,-13.24,Wet
2022-10-08 22:06:24,FARM_01,210,28.82,94.3,3.9,Vegetative,No,Good,9972.89,-13.19,Wet
2022-10-08 22:06:24,FARM_01,212,28.83,85.6,0.0,Vegetative,No,Good,9973.07,-13.17,Wet
2022-10-08 22:06:24,FARM_01,370,28.95,74.2,0.0,Vegetative,No,Poor,9973.67,-13.12,Very Dry
2022-10-08 22:06:24,FARM_01,218,29.24,89.6,0.0,Vegetative,No,Good,9971.42,-13.31,Wet
2022-10-08 22:06:24,FARM_01,220,28.98,78.3,1.81,Vegetative,No,Good,9972.28,-13.24,Wet
2022-10-08 22:06:24,FARM_01,222,28.97,81.1,0.0,Vegetative,No,Good,9972.45,-13.22,Wet
2022-10-08 22:06:24,FARM_01,221,28.96,79.4,6.64,Vegetative,No,Good,9972.65,-13.21,Wet
2022-10-08 22:06:24,FARM_01,220,28.95,85.0,0.0,Vegetative,No,Good,9972.82,-13.19,Wet
2022-10-08 22:06:24,FARM_01,220,28.93,84.3,0.0,Vegetative,No,Good,9972.65,-13.21,Wet
2022-10-08 22:06:24,FARM_01,217,28.92,84.3,5.84,Vegetative,No,Good,9972.67,-13.2,Wet
2022-10-08 22:06:24,FARM_01,212,28.91,83.7,0.0,Vegetative,No,Good,9972.84,-13.19,Wet
2022-10-08 22:06:24,FARM_01,211,28.9,82.5,4.14,Vegetative,No,Good,9972.67,-13.2,Wet
2022-10-08 22:06:24,FARM_01,210,28.9,85.4,0.0,Vegetative,No,Good,9973.05,-13.17,Wet
2022-10-08 22:06:24,FARM_01,211,28.89,82.7,5.93,Vegetative,No,Good,9973.19,-13.16,Wet
2022-10-08 22:06:24,FARM_01,211,28.87,78.1,0.0,Vegetative,No,Good,9973.02,-13.17,Wet
2022-10-08 22:06:24,FARM_01,210,28.86,85.6,2.72,Vegetative,No,Good,9973.22,-13.16,Wet
2022-10-08 22:06:24,FARM_01,210,28.85,89.9,2.48,Vegetative,No,Good,9973.05,-13.17,Wet
2022-10-08 22:06:24,FARM_01,208,29.03,92.7,0.0,Vegetative,No,Good,9971.56,-13.3,Wet
2022-10-08 22:06:24,FARM_01,208,28.59,84.4,2.54,Vegetative,No,Good,9973.72,-13.12,Wet
2022-10-08 22:06:24,FARM_01,210,28.81,85.4,0.0,Vegetative,No,Good,9972.73,-13.2,Wet
2022-10-08 22:06:24,FARM_01,210,28.83,86.8,12.37,Vegetative,No,Good,9972.05,-13.26,Wet
2022-10-08 22:06:24,FARM_01,242,30.44,91.1,9.11,Vegetative,No,Good,9970.97,-13.35,Wet
2022-10-08 22:06:24,FARM_01,403,30.53,79.7,4.82,Vegetative,No,Poor,9971.89,-13.27,Very Dry
2022-10-08 22:06:24,FARM_01,210,29.75,88.1,0.0,Vegetative,No,Good,9971.95,-13.26,Wet
2022-10-08 22:06:24,FARM_01,210,29.89,88.9,1.47,Vegetative,No,Good,9971.99,-13.26,Wet
2022-10-08 22:06:24,FARM_01,200,30.11,80.1,0.0,Vegetative,No,Good,9971.91,-13.27,Wet
2022-10-08 22:06:24,FARM_01,212,30.27,83.3,0.0,Vegetative,No,Good,9972.23,-13.24,Wet
2022-10-08 22:06:24,FARM_01,239,30.4,90.2,0.0,Vegetative,No,Good,9971.73,-13.28,Wet
2022-10-08 22:06:24,FARM_01,210,30.39,87.6,0.0,Vegetative,No,Good,9971.91,-13.27,Wet
2022-10-08 22:06:24,FARM_01,426,30.56,82.4,0.0,Vegetative,No,Poor,9971.84,-13.27,Very Dry
2022-10-08 22:06:24,FARM_01,222,30.47,79.9,0.0,Vegetative,No,Good,9970.95,-13.35,Wet
2022-10-08 22:06:24,FARM_01,368,30.57,94.0,13.37,Vegetative,No,Poor,9971.48,-13.3,Very Dry
2022-10-08 22:06:24,FARM_01,373,30.57,87.6,0.0,Vegetative,No,Poor,9971.32,-13.32,Very Dry
2022-10-08 22:06:24,FARM_01,359,30.56,90.2,0.0,Vegetative,No,Poor,9971.5,-13.3,Very Dry
2022-10-08 22:06:24,FARM_01,342,30.54,79.8,0.0,Vegetative,No,Poor,9971.53,-13.3,Very Dry
2022-10-08 22:06:24,FARM_01,260,30.47,85.5,0.0,Vegetative,No,Good,9971.98,-13.26,Wet
2022-10-08 22:06:24,FARM_01,293,30.52,84.6,0.0,Vegetative,No,Poor,9971.58,-13.3,Dry
2022-10-08 22:06:24,FARM_01,238,30.36,85.0,0.0,Vegetative,No,Good,9972.13,-13.25,Wet
2022-10-08 22:06:24,FARM_01,237,29.84,87.3,0.18,Vegetative,No,Good,9971.7,-13.29,Wet
2022-10-08 22:06:24,FARM_01,356,29.2,86.4,0.0,Vegetative,No,Poor,9971.59,-13.29,Very Dry
2022-10-08 22:06:24,FARM_01,237,30.33,90.8,0.0,Vegetative,No,Good,9972.49,-13.22,Wet
2022-10-08 22:06:24,FARM_01,236,30.29,71.9,0.0,Vegetative,No,Good,9972.73,-13.2,Wet
2022-10-08 22:06:24,FARM_01,238,30.24,91.5,0.0,Vegetative,No,Good,9972.45,-13.22,Wet
2022-10-08 22:06:24,FARM_01,237,30.2,83.0,0.0,Vegetative,No,Good,9972.66,-13.2,Wet
2022-10-08 22:06:24,FARM_01,238,30.16,81.3,0.0,Vegetative,No,Good,9972.37,-13.23,Wet
2022-10-08 22:06:24,FARM_01,237,29.81,84.9,0.0,Vegetative,No,Good,9972.08,-13.25,Wet
2022-10-08 22:06:24,FARM_01,237,30.12,83.4,0.0,Vegetative,No,Good,9972.39,-13.23,Wet
2022-10-08 22:06:24,FARM_01,237,30.06,92.0,0.0,Vegetative,No,Good,9972.5,-13.22,Wet
2022-10-08 22:06:24,FARM_01,236,30.03,76.6,0.0,Vegetative,No,Good,9972.89,-13.19,Wet
2022-10-08 22:06:24,FARM_01,237,29.99,88.8,0.75,Vegetative,No,Good,9972.91,-13.18,Wet
2022-10-08 22:06:24,FARM_01,237,29.95,73.7,0.0,Vegetative,No,Good,9972.8,-13.19,Wet
2022-10-08 22:06:24,FARM_01,240,29.91,84.6,0.0,Vegetative,No,Good,9972.16,-13.25,Wet
2022-10-08 22:06:24,FARM_01,237,29.87,80.2,9.69,Vegetative,No,Good,9971.66,-13.29,Wet
2022-10-08 22:06:24,FARM_01,237,30.08,82.8,0.0,Vegetative,No,Good,9972.47,-13.22,Wet
2022-10-08 22:06:24,FARM_01,256,30.5,83.1,0.0,Vegetative,No,Good,9971.42,-13.31,Wet
2022-10-08 22:06:24,FARM_01,237,29.77,91.7,0.0,Vegetative,No,Good,9971.95,-13.26,Wet
2022-10-08 22:06:24,FARM_01,236,29.74,90.5,0.0,Vegetative,No,Good,9971.81,-13.28,Wet
2022-10-08 22:06:24,FARM_01,226,29.49,85.5,0.0,Vegetative,No,Good,9970.5,-13.39,Wet
2022-10-08 22:06:24,FARM_01,237,29.66,78.3,0.0,Vegetative,No,Good,9972.06,-13.26,Wet
2022-10-08 22:06:24,FARM_01,237,29.63,89.6,6.43,Vegetative,No,Good,9971.75,-13.28,Wet
2022-10-08 22:06:24,FARM_01,237,29.6,85.5,10.81,Vegetative,No,Good,9971.45,-13.31,Wet
2022-10-08 22:06:24,FARM_01,234,29.57,78.2,1.82,Vegetative,No,Good,9971.31,-13.32,Wet
2022-10-08 22:06:24,FARM_01,229,29.54,94.1,1.76,Vegetative,No,Good,9970.8,-13.36,Wet
2022-10-08 22:06:24,FARM_01,235,29.68,89.2,1.49,Vegetative,No,Good,9972.2,-13.24,Wet
2022-10-08 22:06:24,FARM_01,228,29.52,79.2,1.85,Vegetative,No,Good,9970.81,-13.36,Wet
2022-10-08 22:06:24,FARM_01,225,29.32,82.6,3.71,Vegetative,No,Good,9970.81,-13.36,Wet
2022-10-08 22:06:24,FARM_01,227,29.45,84.4,10.43,Vegetative,No,Good,9970.36,-13.4,Wet
2022-10-08 22:06:24,FARM_01,226,29.42,88.5,0.38,Vegetative,No,Good,9970.56,-13.38,Wet
2022-10-08 22:06:24,FARM_01,225,29.4,90.9,10.18,Vegetative,No,Good,9970.58,-13.38,Wet
2022-10-08 22:06:24,FARM_01,224,29.38,80.4,0.0,Vegetative,No,Good,9970.77,-13.36,Wet
2022-10-08 22:06:24,FARM_01,224,29.37,79.7,0.0,Vegetative,No,Good,9970.63,-13.38,Wet
2022-10-08 22:06:24,FARM_01,227,29.47,74.5,0.0,Vegetative,No,Good,9970.87,-13.36,Wet
2022-10-08 22:06:24,FARM_01,224,29.3,84.7,0.0,Vegetative,No,Good,9970.84,-13.36,Wet
2022-10-08 22:06:24,FARM_01,223,29.26,99.0,0.0,Vegetative,No,Good,9971.05,-13.34,Wet
2022-10-08 22:06:24,FARM_01,354,29.01,76.4,7.63,Vegetative,No,Poor,9972.11,-13.25,Very Dry
2022-10-08 22:06:24,FARM_01,237,29.71,81.0,0.0,Vegetative,No,Good,9972.02,-13.26,Wet
2022-10-08 22:06:24,FARM_01,225,29.14,80.3,0.0,Vegetative,No,Good,9972.36,-13.23,Wet
2022-10-08 22:06:24,FARM_01,224,29.24,85.4,0.55,Vegetative,No,Good,9971.76,-13.28,Wet
2022-10-08 22:06:24,FARM_01,224,29.22,86.5,0.0,Vegetative,No,Good,9972.11,-13.25,Wet
2022-10-08 22:06:24,FARM_01,223,29.2,90.0,0.0,Vegetative,No,Good,9972.45,-13.22,Wet
2022-10-08 22:06:24,FARM_01,224,29.18,87.9,0.0,Vegetative,No,Good,9972.48,-13.22,Wet
2022-10-08 22:06:24,FARM_01,220,29.16,86.2,15.08,Vegetative,No,Good,9972.34,-13.23,Wet
2022-10-08 22:06:24,FARM_01,224,29.15,87.7,0.0,Vegetative,No,Good,9972.68,-13.2,Wet
2022-10-08 22:06:24,FARM_01,225,29.12,75.4,0.0,Vegetative,No,Good,9972.34,-13.23,Wet
2022-10-08 22:06:24,FARM_01,223,29.28,85.8,0.0,Vegetative,No,Good,9970.87,-13.36,Wet
2022-10-08 22:06:24,FARM_01,223,29.1,81.0,0.34,Vegetative,No,Good,9972.37,-13.23,Wet
2022-10-08 22:06:24,FARM_01,243,29.08,86.9,0.0,Vegetative,No,Good,9972.37,-13.23,Wet
2022-10-08 22:06:24,FARM_01,468,29.06,88.6,0.0,Vegetative,No,Poor,9972.22,-13.24,Very Dry
2022-10-08 22:06:24,FARM_01,441,29.04,83.9,0.0,Vegetative,No,Poor,9972.59,-13.21,Very Dry
2022-10-08 22:06:24,FARM_01,370,29.02,90.0,0.0,Vegetative,No,Poor,9972.59,-13.21,Very Dry
2022-10-08 22:06:24,FARM_01,210,29.42,78.6,0.0,Vegetative,No,Good,9971.94,-13.27,Wet
2022-10-08 22:06:24,FARM_01,356,29.52,79.2,0.0,Vegetative,No,Poor,9971.67,-13.29,Very Dry
2022-10-08 22:06:24,FARM_01,356,30.07,92.8,4.08,Vegetative,No,Poor,9972.47,-13.22,Very Dry
2022-10-08 22:06:24,FARM_01,372,29.43,79.9,1.02,Vegetative,No,Poor,9970.54,-13.38,Very Dry
2022-10-08 22:06:24,FARM_01,362,30.75,87.7,0.0,Vegetative,No,Poor,9970.72,-13.37,Very Dry
2022-10-08 22:06:24,FARM_01,361,30.99,92.2,0.0,Vegetative,No,Poor,9971.73,-13.28,Very Dry
2022-10-08 22:06:24,FARM_01,357,30.37,82.9,0.0,Vegetative,No,Poor,9972.47,-13.22,Very Dry
2022-10-08 22:06:24,FARM_01,358,30.58,92.4,0.0,Vegetative,No,Poor,9972.17,-13.25,Very Dry
2022-10-08 22:06:24,FARM_01,358,30.74,79.4,0.0,Vegetative,No,Poor,9971.78,-13.28,Very Dry
2022-10-08 22:06:24,FARM_01,357,30.85,90.4,3.94,Vegetative,No,Poor,9971.95,-13.26,Very Dry
2022-10-08 22:06:24,FARM_01,362,30.7,83.6,2.02,Vegetative,No,Poor,9970.3,-13.4,Very Dry
2022-10-08 22:06:24,FARM_01,356,30.92,79.1,0.0,Vegetative,No,Poor,9972.19,-13.24,Very Dry
2022-10-08 22:06:24,FARM_01,359,30.99,87.7,0.0,Vegetative,No,Poor,9971.39,-13.31,Very Dry
2022-10-08 22:06:24,FARM_01,360,30.79,93.2,13.35,Vegetative,No,Poor,9970.65,-13.37,Very Dry
2022-10-08 22:06:24,FARM_01,358,30.98,86.7,16.61,Vegetative,No,Poor,9971.23,-13.33,Very Dry
2022-10-08 22:06:24,FARM_01,361,30.96,83.5,0.0,Vegetative,No,Poor,9971.09,-13.34,Very Dry
2022-10-08 22:06:24,FARM_01,362,30.94,77.4,7.33,Vegetative,No,Poor,9970.94,-13.35,Very Dry
2022-10-08 22:06:24,FARM_01,360,30.91,77.5,0.18,Vegetative,No,Poor,9970.97,-13.35,Very Dry
2022-10-08 22:06:24,FARM_01,358,30.96,83.0,0.0,Vegetative,No,Poor,9971.78,-13.28,Very Dry
2022-10-08 22:06:24,FARM_01,363,30.65,81.7,0.0,Vegetative,No,Poor,9970.35,-13.4,Very Dry
2022-10-08 22:06:24,FARM_01,370,29.98,82.8,0.0,Vegetative,No,Poor,9972.39,-13.23,Very Dry
2022-10-08 22:06:24,FARM_01,370,30.0,86.6,0.0,Vegetative,No,Poor,9972.55,-13.21,Very Dry
2022-10-08 22:06:24,FARM_01,209,29.06,85.6,0.0,Vegetative,No,Good,9971.71,-13.28,Wet
2022-10-08 22:06:24,FARM_01,358,29.88,81.9,9.9,Vegetative,No,Poor,9972.52,-13.22,Very Dry
2022-10-08 22:06:24,FARM_01,362,30.6,94.1,2.24,Vegetative,No,Poor,9970.27,-13.41,Very Dry
2022-10-08 22:06:24,FARM_01,362,30.55,80.8,0.0,Vegetative,No,Poor,9970.3,-13.4,Very Dry
2022-10-08 22:06:24,FARM_01,366,30.5,77.6,0.0,Vegetative,No,Poor,9970.56,-13.38,Very Dry
2022-10-08 22:06:24,FARM_01,367,30.47,75.4,0.0,Vegetative,No,Poor,9970.6,-13.38,Very Dry
2022-10-08 22:06:24,FARM_01,368,30.43,75.9,0.0,Vegetative,No,Poor,9971.0,-13.34,Very Dry
2022-10-08 22:06:24,FARM_01,367,30.38,78.6,0.64,Vegetative,No,Poor,9971.09,-13.34,Very Dry
2022-10-08 22:06:24,FARM_01,368,30.33,79.5,1.67,Vegetative,No,Poor,9970.95,-13.35,Very Dry
2022-10-08 22:06:24,FARM_01,367,30.28,86.7,0.0,Vegetative,No,Poor,9971.37,-13.31,Very Dry
2022-10-08 22:06:24,FARM_01,367,30.23,73.8,0.0,Vegetative,No,Poor,9971.25,-13.32,Very Dry
2022-10-08 22:06:24,FARM_01,370,30.18,84.8,0.0,Vegetative,No,Poor,9971.48,-13.3,Very Dry
2022-10-08 22:06:24,FARM_01,368,30.14,83.6,0.0,Vegetative,No,Poor,9971.72,-13.28,Very Dry
2022-10-08 22:06:24,FARM_01,368,30.09,81.5,0.0,Vegetative,No,Poor,9972.26,-13.24,Very Dry
2022-10-08 22:06:24,FARM_01,370,30.05,84.8,0.0,Vegetative,No,Poor,9972.34,-13.23,Very Dry
2022-10-08 22:06:24,FARM_01,361,30.88,91.2,0.0,Vegetative,No,Poor,9970.7,-13.37,Very Dry
2022-10-08 22:06:24,FARM_01,361,30.84,87.1,0.0,Vegetative,No,Poor,9970.59,-13.38,Very Dry
2022-10-08 22:06:24,FARM_01,371,29.9,76.8,0.0,Vegetative,No,Poor,9971.8,-13.28,Very Dry
2022-10-08 22:06:24,FARM_01,370,29.61,86.8,0.0,Vegetative,No,Poor,9970.56,-13.38,Very Dry
2022-10-08 22:06:24,FARM_01,370,29.75,84.5,7.21,Vegetative,No,Poor,9971.27,-13.32,Very Dry
2022-10-08 22:06:24,FARM_01,372,29.72,93.3,5.68,Vegetative,No,Poor,9970.8,-13.36,Very Dry
2022-10-08 22:06:24,FARM_01,371,29.69,86.4,0.0,Vegetative,No,Poor,9971.02,-13.34,Very Dry
2022-10-08 22:06:24,FARM_01,371,29.66,87.2,0.0,Vegetative,No,Poor,9970.86,-13.36,Very Dry
2022-10-08 22:06:24,FARM_01,371,29.83,94.9,0.82,Vegetative,No,Poor,9971.73,-13.28,Very Dry
2022-10-08 22:06:24,FARM_01,371,29.63,89.9,0.0,Vegetative,No,Poor,9970.73,-13.37,Very Dry
2022-10-08 22:06:24,FARM_01,373,29.56,85.7,0.0,Vegetative,No,Poor,9970.43,-13.39,Very Dry
2022-10-08 22:06:24,FARM_01,373,29.53,79.9,0.0,Vegetative,No,Poor,9970.63,-13.38,Very Dry
2022-10-08 22:06:24,FARM_01,372,29.51,86.3,8.91,Vegetative,No,Poor,9970.5,-13.39,Very Dry
2022-10-08 22:06:24,FARM_01,372,29.48,90.3,0.0,Vegetative,No,Poor,9970.36,-13.4,Very Dry
2022-10-08 22:06:24,FARM_01,374,29.46,78.8,0.0,Vegetative,No,Poor,9970.73,-13.37,Very Dry
2022-10-08 22:06:24,FARM_01,371,29.59,90.1,0.0,Vegetative,No,Poor,9970.59,-13.38,Very Dry
2022-10-08 22:06:24,FARM_01,377,29.38,79.6,1.63,Vegetative,No,Poor,9970.43,-13.39,Very Dry
2022-10-08 22:06:24,FARM_01,372,29.35,82.8,0.0,Vegetative,No,Poor,9969.95,-13.43,Very Dry
2022-10-08 22:06:24,FARM_01,373,29.07,86.8,1.18,Vegetative,No,Poor,9971.2,-13.33,Very Dry
2022-10-08 22:06:24,FARM_01,370,29.86,89.1,5.2,Vegetative,No,Poor,9971.86,-13.27,Very Dry
2022-10-08 22:06:24,FARM_01,373,29.19,88.8,2.57,Vegetative,No,Poor,9970.56,-13.38,Very Dry
2022-10-08 22:06:24,FARM_01,372,29.32,79.2,0.42,Vegetative,No,Poor,9970.13,-13.42,Very Dry
2022-10-08 22:06:24,FARM_01,371,29.3,81.7,6.14,Vegetative,No,Poor,9969.98,-13.43,Very Dry
2022-10-08 22:06:24,FARM_01,373,29.28,84.6,16.51,Vegetative,No,Poor,9970.36,-13.4,Very Dry
2022-10-08 22:06:24,FARM_01,373,29.26,87.0,7.73,Vegetative,No,Poor,9970.19,-13.41,Very Dry
2022-10-08 22:06:24,FARM_01,372,29.24,90.2,0.0,Vegetative,No,Poor,9970.73,-13.37,Very Dry
2022-10-08 22:06:24,FARM_01,373,29.22,86.0,0.0,Vegetative,No,Poor,9970.56,-13.38,Very Dry
2022-10-08 22:06:24,FARM_01,374,29.17,76.9,0.0,Vegetative,No,Poor,9970.77,-13.36,Very Dry
2022-10-08 22:06:24,FARM_01,372,29.36,80.1,0.0,Vegetative,No,Poor,9970.12,-13.42,Very Dry
2022-10-08 22:06:24,FARM_01,370,29.15,85.7,0.0,Vegetative,No,Poor,9970.63,-13.38,Very Dry
2022-10-08 22:06:24,FARM_01,371,29.15,96.3,2.79,Vegetative,No,Poor,9970.97,-13.35,Very Dry
2022-10-08 22:06:24,FARM_01,373,29.13,90.3,0.0,Vegetative,No,Poor,9970.99,-13.35,Very Dry
2022-10-08 22:06:24,FARM_01,371,29.08,84.4,1.36,Vegetative,No,Poor,9971.0,-13.34,Very Dry
2022-10-08 22:06:24,FARM_01,370,29.94,92.4,0.0,Vegetative,No,Poor,9972.12,-13.25,Very Dry
2022-10-08 22:06:24,FARM_01,176,29.31,86.8,0.0,Vegetative,No,Good,9986.09,-12.07,Very Wet
2022-10-08 22:06:24,FARM_01,371,29.05,89.1,0.0,Vegetative,No,Poor,9971.2,-13.33,Very Dry
2022-10-08 22:06:24,FARM_01,175,29.33,92.5,0.0,Vegetative,No,Good,9985.72,-12.11,Very Wet
2022-10-08 22:06:24,FARM_01,374,28.82,83.2,0.0,Vegetative,No,Poor,9971.7,-13.29,Very Dry
2022-10-08 22:06:24,FARM_01,370,28.83,83.7,0.0,Vegetative,No,Poor,9971.53,-13.3,Very Dry
2022-10-08 22:06:24,FARM_01,373,28.92,78.5,5.9,Vegetative,No,Poor,9972.33,-13.23,Very Dry
2022-10-08 22:06:24,FARM_01,374,28.99,81.2,4.12,Vegetative,No,Poor,9972.45,-13.22,Very Dry
2022-10-08 22:06:24,FARM_01,373,28.98,85.0,0.0,Vegetative,No,Poor,9972.63,-13.21,Very Dry
2022-10-08 22:06:24,FARM_01,372,28.97,78.5,0.0,Vegetative,No,Poor,9972.28,-13.24,Very Dry
2022-10-08 22:06:24,FARM_01,363,28.81,96.9,0.0,Vegetative,No,Poor,9971.19,-13.33,Very Dry
2022-10-08 22:06:24,FARM_01,372,28.96,89.3,0.0,Vegetative,No,Poor,9972.13,-13.25,Very Dry
2022-10-08 22:06:24,FARM_01,372,28.93,83.3,0.0,Vegetative,No,Poor,9972.31,-13.23,Very Dry
2022-10-08 22:06:24,FARM_01,368,28.84,80.2,4.5,Vegetative,No,Poor,9971.5,-13.3,Very Dry
2022-10-08 22:06:24,FARM_01,370,28.9,87.5,0.0,Vegetative,No,Poor,9971.84,-13.27,Very Dry
2022-10-08 22:06:24,FARM_01,371,28.89,80.1,0.76,Vegetative,No,Poor,9971.82,-13.28,Very Dry
2022-10-08 22:06:24,FARM_01,372,28.88,87.1,12.32,Vegetative,No,Poor,9971.64,-13.29,Very Dry
2022-10-08 22:06:24,FARM_01,371,28.94,89.6,1.92,Vegetative,No,Poor,9971.97,-13.26,Very Dry
2022-10-08 22:06:24,FARM_01,370,28.87,79.1,0.66,Vegetative,No,Poor,9971.5,-13.3,Very Dry
2022-10-08 22:06:24,FARM_01,246,28.69,87.0,0.0,Vegetative,No,Good,9972.31,-13.23,Wet
2022-10-08 22:06:24,FARM_01,246,28.71,82.0,0.0,Vegetative,No,Good,9972.45,-13.22,Wet
2022-10-08 22:06:24,FARM_01,176,31.04,84.6,15.96,Vegetative,No,Good,9975.79,-12.94,Very Wet
2022-10-08 22:06:24,FARM_01,177,30.94,79.1,0.0,Vegetative,No,Good,9976.44,-12.89,Very Wet
2022-10-08 22:06:24,FARM_01,304,28.8,89.4,13.68,Vegetative,No,Poor,9971.21,-13.33,Dry
2022-10-08 22:06:24,FARM_01,263,28.79,86.4,1.34,Vegetative,No,Good,9971.21,-13.33,Wet
2022-10-08 22:06:24,FARM_01,224,28.78,84.8,0.0,Vegetative,No,Good,9971.02,-13.34,Wet
2022-10-08 22:06:24,FARM_01,258,28.77,71.6,0.0,Vegetative,No,Good,9971.2,-13.33,Wet
2022-10-08 22:06:24,FARM_01,246,28.7,77.9,1.24,Vegetative,No,Good,9972.11,-13.25,Wet
2022-10-08 22:06:24,FARM_01,258,28.76,87.5,0.0,Vegetative,No,Good,9971.55,-13.3,Wet
2022-10-08 22:06:24,FARM_01,250,28.75,86.7,0.0,Vegetative,No,Good,9971.55,-13.3,Wet
2022-10-08 22:06:24,FARM_01,250,28.74,94.2,0.0,Vegetative,No,Good,9971.75,-13.28,Wet
2022-10-08 22:06:24,FARM_01,248,28.74,75.4,3.18,Vegetative,No,Good,9972.26,-13.24,Wet
2022-10-08 22:06:24,FARM_01,246,28.73,76.9,0.0,Vegetative,No,Good,9972.44,-13.22,Wet
2022-10-08 22:06:24,FARM_01,246,28.72,95.2,2.72,Vegetative,No,Good,9971.92,-13.27,Wet
2022-10-08 22:06:24,FARM_01,247,28.71,89.9,7.08,Vegetative,No,Good,9972.28,-13.24,Wet
2022-10-08 22:06:24,FARM_01,256,28.76,80.4,0.59,Vegetative,No,Good,9971.72,-13.28,Wet
2022-10-08 22:06:24,FARM_01,370,28.86,95.0,0.99,Vegetative,No,Poor,9971.5,-13.3,Very Dry
2022-10-08 22:06:24,FARM_01,370,28.85,87.8,0.0,Vegetative,No,Poor,9971.16,-13.33,Very Dry
2022-10-08 22:06:24,FARM_01,246,28.68,86.9,0.0,Vegetative,No,Good,9972.31,-13.23,Wet
2022-10-08 22:06:24,FARM_01,244,28.66,99.6,0.0,Vegetative,No,Good,9972.11,-13.25,Wet
2022-10-08 22:06:24,FARM_01,244,28.6,80.7,0.0,Vegetative,No,Good,9973.01,-13.18,Wet
2022-10-08 22:06:24,FARM_01,245,28.65,79.4,4.75,Vegetative,No,Good,9972.3,-13.23,Wet
2022-10-08 22:06:24,FARM_01,243,28.64,81.8,0.0,Vegetative,No,Good,9972.48,-13.22,Wet
2022-10-08 22:06:24,FARM_01,243,28.63,83.2,0.0,Vegetative,No,Good,9972.3,-13.23,Wet
2022-10-08 22:06:24,FARM_01,244,28.63,89.7,1.13,Vegetative,No,Good,9972.5,-13.22,Wet
2022-10-08 22:06:24,FARM_01,241,28.53,91.1,0.0,Vegetative,No,Good,9973.05,-13.17,Wet
2022-10-08 22:06:24,FARM_01,243,28.62,87.7,6.08,Vegetative,No,Good,9972.67,-13.2,Wet
2022-10-08 22:06:24,FARM_01,242,28.59,88.8,0.0,Vegetative,No,Good,9972.86,-13.19,Wet
2022-10-08 22:06:24,FARM_01,242,28.54,83.4,0.11,Vegetative,No,Good,9973.05,-13.17,Wet
2022-10-08 22:06:24,FARM_01,245,28.58,83.4,0.0,Vegetative,No,Good,9973.03,-13.17,Wet
2022-10-08 22:06:24,FARM_01,243,28.57,88.9,4.01,Vegetative,No,Good,9972.86,-13.19,Wet
2022-10-08 22:06:24,FARM_01,242,28.57,78.6,0.0,Vegetative,No,Good,9972.89,-13.19,Wet
2022-10-08 22:06:24,FARM_01,243,28.56,92.1,0.0,Vegetative,No,Good,9972.72,-13.2,Wet
2022-10-08 22:06:24,FARM_01,244,28.61,86.5,0.0,Vegetative,No,Good,9973.01,-13.18,Wet
2022-10-08 22:06:24,FARM_01,240,28.51,78.1,13.89,Vegetative,No,Good,9973.39,-13.14,Wet
2022-10-08 22:06:24,FARM_01,192,30.8,77.6,0.0,Vegetative,No,Good,9976.63,-12.87,Very Wet
2022-10-08 22:06:24,FARM_01,211,30.61,86.7,0.0,Vegetative,No,Good,9976.76,-12.86,Wet
2022-10-08 22:06:24,FARM_01,245,28.67,87.2,2.16,Vegetative,No,Good,9972.31,-13.23,Wet
2022-10-08 22:06:24,FARM_01,237,28.66,89.4,0.0,Vegetative,No,Good,9972.11,-13.25,Wet
2022-10-08 22:06:24,FARM_01,240,28.55,83.3,0.0,Vegetative,No,Good,9973.72,-13.12,Wet
2022-10-08 22:06:24,FARM_01,240,28.5,86.7,1.52,Vegetative,No,Good,9973.24,-13.16,Wet
2022-10-08 22:06:24,FARM_01,240,28.49,99.8,0.0,Vegetative,No,Good,9973.41,-13.14,Wet
2022-10-08 22:06:24,FARM_01,241,28.49,85.7,0.0,Vegetative,No,Good,9973.59,-13.13,Wet
2022-10-08 22:06:24,FARM_01,240,28.48,80.6,4.72,Vegetative,No,Good,9973.78,-13.11,Wet
2022-10-08 22:06:24,FARM_01,240,28.47,83.7,0.0,Vegetative,No,Good,9973.61,-13.13,Wet
2022-10-08 22:06:24,FARM_01,235,28.47,73.8,0.0,Vegetative,No,Good,9973.44,-13.14,Wet
2022-10-08 22:06:24,FARM_01,240,28.85,85.2,0.0,Vegetative,No,Good,9974.24,-13.07,Wet
2022-10-08 22:06:24,FARM_01,242,28.52,86.5,0.48,Vegetative,No,Good,9973.05,-13.17,Wet
2022-10-08 22:06:24,FARM_01,240,29.22,84.0,0.0,Vegetative,No,Good,9975.02,-13.01,Wet
2022-10-08 22:06:24,FARM_01,238,29.62,83.3,0.0,Vegetative,No,Good,9975.88,-12.93,Wet
2022-10-08 22:06:24,FARM_01,240,30.01,87.2,0.0,Vegetative,No,Good,9976.47,-12.88,Wet
2022-10-08 22:06:24,FARM_01,233,30.36,87.1,0.34,Vegetative,No,Good,9976.94,-12.84,Wet
2022-10-08 22:06:24,FARM_01,175,31.1,79.5,9.09,Vegetative,No,Good,9975.66,-12.95,Very Wet
2022-10-08 22:06:24,FARM_01,242,28.55,82.4,5.32,Vegetative,No,Good,9972.86,-13.19,Wet
2022-10-08 22:06:24,FARM_01,173,31.14,85.4,0.0,Vegetative,Yes,Poor,9975.25,-12.99,Very Wet
2022-10-08 22:06:24,FARM_01,388,30.78,82.2,0.0,Vegetative,No,Poor,9972.73,-13.2,Very Dry
2022-10-08 22:06:24,FARM_01,175,30.57,80.6,6.47,Vegetative,No,Good,9974.23,-13.07,Very Wet
2022-10-08 22:06:24,FARM_01,174,31.03,87.5,0.0,Vegetative,Yes,Poor,9974.06,-13.09,Very Wet
2022-10-08 22:06:24,FARM_01,175,31.15,87.2,0.0,Vegetative,No,Good,9974.74,-13.03,Very Wet
2022-10-08 22:06:24,FARM_01,174,31.16,84.1,0.0,Vegetative,Yes,Poor,9974.72,-13.03,Very Wet
2022-10-08 22:06:24,FARM_01,174,31.15,83.1,0.0,Vegetative,Yes,Poor,9974.41,-13.06,Very Wet
2022-10-08 22:06:24,FARM_01,175,31.13,78.5,16.39,Vegetative,No,Good,9974.08,-13.09,Very Wet
2022-10-08 22:06:24,FARM_01,174,30.52,84.7,0.0,Vegetative,Yes,Poor,9974.16,-13.08,Very Wet
2022-10-08 22:06:24,FARM_01,174,31.1,87.4,0.0,Vegetative,Yes,Poor,9973.79,-13.11,Very Wet
2022-10-08 22:06:24,FARM_01,174,30.98,88.7,0.0,Vegetative,Yes,Poor,9973.98,-13.09,Very Wet
2022-10-08 22:06:24,FARM_01,175,30.63,73.3,0.0,Vegetative,No,Good,9974.0,-13.09,Very Wet
2022-10-08 22:06:24,FARM_01,174,30.93,81.2,0.0,Vegetative,Yes,Poor,9974.08,-13.09,Very Wet
2022-10-08 22:06:24,FARM_01,175,30.87,83.3,0.0,Vegetative,No,Good,9973.97,-13.09,Very Wet
2022-10-08 22:06:24,FARM_01,175,30.82,81.1,0.0,Vegetative,No,Good,9974.23,-13.07,Very Wet
2022-10-08 22:06:24,FARM_01,173,30.77,78.3,0.0,Vegetative,Yes,Poor,9974.14,-13.08,Very Wet
2022-10-08 22:06:24,FARM_01,174,31.07,90.6,5.91,Vegetative,No,Good,9973.84,-13.11,Very Wet
2022-10-08 22:06:24,FARM_01,174,30.71,81.1,0.0,Vegetative,Yes,Poor,9974.41,-13.06,Very Wet
2022-10-08 22:06:24,FARM_01,174,30.46,86.6,0.0,Vegetative,Yes,Poor,9974.53,-13.05,Very Wet
2022-10-08 22:06:24,FARM_01,470,29.84,88.0,4.35,Vegetative,No,Poor,9974.96,-13.01,Very Dry
2022-10-08 22:06:24,FARM_01,388,29.72,93.0,0.0,Vegetative,No,Poor,9974.56,-13.04,Very Dry
2022-10-08 22:06:24,FARM_01,175,30.41,85.9,1.97,Vegetative,No,Good,9974.79,-13.03,Very Wet
2022-10-08 22:06:24,FARM_01,175,30.36,85.4,6.87,Vegetative,No,Good,9974.51,-13.05,Very Wet
2022-10-08 22:06:24,FARM_01,175,30.3,86.7,0.0,Vegetative,No,Good,9974.25,-13.07,Very Wet
2022-10-08 22:06:24,FARM_01,176,30.25,85.9,0.0,Vegetative,No,Good,9974.16,-13.08,Very Wet
2022-10-08 22:06:24,FARM_01,174,30.2,82.0,2.13,Vegetative,No,Good,9974.38,-13.06,Very Wet
2022-10-08 22:06:24,FARM_01,389,29.8,91.8,0.0,Vegetative,No,Poor,9974.86,-13.02,Very Dry
2022-10-08 22:06:24,FARM_01,174,30.16,82.2,0.0,Vegetative,Yes,Poor,9974.44,-13.06,Very Wet
2022-10-08 22:06:24,FARM_01,175,30.09,91.5,0.0,Vegetative,No,Good,9974.69,-13.03,Very Wet
2022-10-08 22:06:24,FARM_01,174,30.0,86.5,0.0,Vegetative,Yes,Poor,9974.78,-13.03,Very Wet
2022-10-08 22:06:24,FARM_01,175,29.96,91.5,0.0,Vegetative,No,Good,9974.83,-13.02,Very Wet
2022-10-08 22:06:24,FARM_01,316,29.92,84.9,0.0,Vegetative,No,Poor,9975.08,-13.0,Dry
2022-10-08 22:06:24,FARM_01,469,29.87,88.4,0.0,Vegetative,No,Poor,9974.58,-13.04,Very Dry
2022-10-08 22:06:24,FARM_01,176,30.11,87.9,0.0,Vegetative,No,Good,9974.66,-13.04,Very Wet
2022-10-08 22:06:24,FARM_01,175,30.68,87.4,0.0,Vegetative,No,Good,9974.42,-13.06,Very Wet
2022-10-08 22:06:24,FARM_01,386,29.76,75.1,0.0,Vegetative,No,Poor,9974.7,-13.03,Very Dry
2022-10-08 22:06:24,FARM_01,388,29.69,82.1,0.0,Vegetative,No,Poor,9974.62,-13.04,Very Dry
2022-10-08 22:06:24,FARM_01,390,30.68,93.1,0.0,Vegetative,No,Poor,9973.05,-13.17,Very Dry
2022-10-08 22:06:24,FARM_01,387,30.74,85.7,0.0,Vegetative,No,Poor,9974.18,-13.08,Very Dry
2022-10-08 22:06:24,FARM_01,386,29.69,89.5,0.0,Vegetative,No,Poor,9974.09,-13.08,Very Dry
2022-10-08 22:06:24,FARM_01,390,29.91,91.8,0.0,Vegetative,No,Poor,9974.39,-13.06,Very Dry
2022-10-08 22:06:24,FARM_01,388,30.19,78.9,8.71,Vegetative,No,Poor,9974.05,-13.09,Very Dry
2022-10-08 22:06:24,FARM_01,388,30.41,97.5,4.05,Vegetative,No,Poor,9974.11,-13.08,Very Dry
2022-10-08 22:06:24,FARM_01,389,30.64,86.2,0.0,Vegetative,No,Poor,9972.94,-13.18,Very Dry
2022-10-08 22:06:24,FARM_01,389,30.56,84.1,0.0,Vegetative,No,Poor,9974.41,-13.06,Very Dry
2022-10-08 22:06:24,FARM_01,388,30.79,77.0,0.0,Vegetative,No,Poor,9973.92,-13.1,Very Dry
2022-10-08 22:06:24,FARM_01,388,30.72,84.5,2.12,Vegetative,No,Poor,9973.02,-13.17,Very Dry
2022-10-08 22:06:24,FARM_01,389,30.81,83.1,3.55,Vegetative,No,Poor,9973.39,-13.14,Very Dry
2022-10-08 22:06:24,FARM_01,387,30.82,88.5,0.0,Vegetative,No,Poor,9973.21,-13.16,Very Dry
2022-10-08 22:06:24,FARM_01,388,30.81,87.5,0.0,Vegetative,No,Poor,9973.22,-13.16,Very Dry
2022-10-08 22:06:24,FARM_01,389,30.8,79.3,4.09,Vegetative,No,Poor,9973.2,-13.16,Very Dry
2022-10-08 22:06:24,FARM_01,388,30.67,82.8,0.0,Vegetative,No,Poor,9974.09,-13.08,Very Dry
2022-10-08 22:06:24,FARM_01,387,30.6,86.2,0.0,Vegetative,No,Poor,9972.67,-13.2,Very Dry
2022-10-08 22:06:24,FARM_01,388,29.99,84.2,5.62,Vegetative,No,Poor,9972.22,-13.24,Very Dry
2022-10-08 22:06:24,FARM_01,385,30.03,90.6,0.0,Vegetative,No,Poor,9972.54,-13.21,Very Dry
2022-10-08 22:06:24,FARM_01,181,30.64,90.3,0.0,Vegetative,No,Good,9975.68,-12.95,Very Wet
2022-10-08 22:06:24,FARM_01,389,29.66,85.6,0.0,Vegetative,No,Poor,9973.95,-13.1,Very Dry
2022-10-08 22:06:24,FARM_01,390,30.55,81.3,2.89,Vegetative,No,Poor,9972.7,-13.2,Very Dry
2022-10-08 22:06:24,FARM_01,388,30.51,73.1,0.0,Vegetative,No,Poor,9973.13,-13.17,Very Dry
2022-10-08 22:06:24,FARM_01,388,30.46,88.6,0.0,Vegetative,No,Poor,9973.33,-13.15,Very Dry
2022-10-08 22:06:24,FARM_01,388,30.42,84.6,0.0,Vegetative,No,Poor,9973.92,-13.1,Very Dry
2022-10-08 22:06:24,FARM_01,389,30.4,84.1,0.0,Vegetative,No,Poor,9973.97,-13.09,Very Dry
2022-10-08 22:06:24,FARM_01,389,30.35,82.1,2.23,Vegetative,No,Poor,9973.83,-13.11,Very Dry
2022-10-08 22:06:24,FARM_01,391,30.31,90.6,0.0,Vegetative,No,Poor,9973.73,-13.11,Very Dry
2022-10-08 22:06:24,FARM_01,389,30.27,84.1,0.0,Vegetative,No,Poor,9973.44,-13.14,Very Dry
2022-10-08 22:06:24,FARM_01,391,30.22,80.4,0.0,Vegetative,No,Poor,9973.14,-13.16,Very Dry
2022-10-08 22:06:24,FARM_01,387,30.18,83.4,0.0,Vegetative,No,Poor,9973.19,-13.16,Very Dry
2022-10-08 22:06:24,FARM_01,388,30.14,77.8,0.0,Vegetative,No,Poor,9973.09,-13.17,Very Dry
2022-10-08 22:06:24,FARM_01,389,30.1,81.3,13.05,Vegetative,No,Poor,9972.94,-13.18,Very Dry
2022-10-08 22:06:24,FARM_01,401,30.06,89.9,0.0,Vegetative,No,Poor,9972.5,-13.22,Very Dry
2022-10-08 22:06:24,FARM_01,387,30.75,79.8,0.38,Vegetative,No,Poor,9973.28,-13.15,Very Dry
2022-10-08 22:06:24,FARM_01,241,28.54,81.4,0.0,Vegetative,No,Good,9972.86,-13.19,Wet
2022-10-08 22:06:24,FARM_01,390,29.97,84.4,15.95,Vegetative,No,Poor,9972.25,-13.24,Very Dry
2022-10-08 22:06:24,FARM_01,390,29.94,74.9,0.0,Vegetative,No,Poor,9972.12,-13.25,Very Dry
2022-10-08 22:06:24,FARM_01,252,29.46,80.0,0.0,Vegetative,No,Good,9972.59,-13.21,Wet
2022-10-08 22:06:24,FARM_01,390,29.66,77.3,0.0,Vegetative,No,Poor,9971.89,-13.27,Very Dry
2022-10-08 22:06:24,FARM_01,391,29.83,84.1,0.0,Vegetative,No,Poor,9971.38,-13.31,Very Dry
2022-10-08 22:06:24,FARM_01,390,29.77,77.0,0.0,Vegetative,No,Poor,9971.44,-13.31,Very Dry
2022-10-08 22:06:24,FARM_01,389,29.74,79.9,0.0,Vegetative,No,Poor,9971.64,-13.29,Very Dry
2022-10-08 22:06:24,FARM_01,252,29.44,79.6,0.0,Vegetative,No,Good,9972.42,-13.22,Wet
2022-10-08 22:06:24,FARM_01,389,29.71,75.3,0.0,Vegetative,No,Poor,9971.5,-13.3,Very Dry
2022-10-08 22:06:24,FARM_01,390,29.64,89.0,0.0,Vegetative,No,Poor,9971.73,-13.28,Very Dry
2022-10-08 22:06:24,FARM_01,253,29.47,80.0,0.0,Vegetative,No,Good,9972.08,-13.25,Wet
2022-10-08 22:06:24,FARM_01,368,29.61,83.4,15.97,Vegetative,No,Poor,9971.42,-13.31,Very Dry
2022-10-08 22:06:24,FARM_01,314,29.59,80.8,0.0,Vegetative,No,Poor,9971.45,-13.31,Dry
2022-10-08 22:06:24,FARM_01,274,29.56,84.7,6.72,Vegetative,No,Poor,9971.45,-13.31,Dry
2022-10-08 22:06:24,FARM_01,240,29.54,84.3,0.0,Vegetative,No,Good,9971.66,-13.29,Wet
2022-10-08 22:06:24,FARM_01,389,29.68,89.7,0.0,Vegetative,No,Poor,9971.71,-13.28,Very Dry
2022-10-08 22:06:24,FARM_01,214,29.51,86.3,4.17,Vegetative,No,Good,9971.52,-13.3,Wet
2022-10-08 22:06:24,FARM_01,251,29.42,85.7,0.0,Vegetative,No,Good,9972.8,-13.19,Wet
2022-10-08 22:06:24,FARM_01,246,29.17,81.1,0.0,Vegetative,No,Good,9974.7,-13.03,Wet
2022-10-08 22:06:24,FARM_01,226,31.94,89.0,15.35,Vegetative,No,Good,9975.54,-12.96,Wet
2022-10-08 22:06:24,FARM_01,251,29.4,80.0,0.0,Vegetative,No,Good,9972.66,-13.21,Wet
2022-10-08 22:06:24,FARM_01,249,29.39,79.0,0.0,Vegetative,No,Good,9972.83,-13.19,Wet
2022-10-08 22:06:24,FARM_01,251,29.37,92.3,8.79,Vegetative,No,Good,9972.86,-13.19,Wet
2022-10-08 22:06:24,FARM_01,251,29.35,88.7,0.0,Vegetative,No,Good,9972.69,-13.2,Wet
2022-10-08 22:06:24,FARM_01,249,29.33,78.9,0.0,Vegetative,No,Good,9972.87,-13.19,Wet
2022-10-08 22:06:24,FARM_01,247,29.16,85.0,0.0,Vegetative,No,Good,9974.56,-13.04,Wet
2022-10-08 22:06:24,FARM_01,249,29.31,88.7,0.0,Vegetative,No,Good,9973.07,-13.17,Wet
2022-10-08 22:06:24,FARM_01,248,29.27,78.2,0.0,Vegetative,No,Good,9973.61,-13.13,Wet
2022-10-08 22:06:24,FARM_01,248,29.25,91.4,0.0,Vegetative,No,Good,9973.64,-13.12,Wet
2022-10-08 22:06:24,FARM_01,249,29.23,93.0,0.0,Vegetative,No,Good,9973.81,-13.11,Wet
2022-10-08 22:06:24,FARM_01,248,29.22,83.3,0.0,Vegetative,No,Good,9973.98,-13.09,Wet
2022-10-08 22:06:24,FARM_01,248,29.2,81.9,1.82,Vegetative,No,Good,9974.34,-13.06,Wet
2022-10-08 22:06:24,FARM_01,249,29.18,85.6,0.0,Vegetative,No,Good,9974.36,-13.06,Wet
2022-10-08 22:06:24,FARM_01,249,29.29,88.8,5.6,Vegetative,No,Good,9973.59,-13.13,Wet
2022-10-08 22:06:24,FARM_01,256,29.49,79.8,0.0,Vegetative,No,Good,9971.88,-13.27,Wet
2022-10-08 22:06:24,FARM_01,247,29.14,79.9,0.88,Vegetative,No,Good,9975.08,-13.0,Wet
2022-10-08 22:06:24,FARM_01,248,29.12,86.0,0.0,Vegetative,No,Good,9975.28,-12.98,Wet
2022-10-08 22:06:24,FARM_01,246,29.0,86.8,0.0,Vegetative,No,Good,9976.19,-12.84,Wet
2022-10-08 22:06:24,FARM_01,248,29.08,75.8,14.49,Vegetative,No,Good,9975.63,-12.96,Wet
2022-10-08 22:06:24,FARM_01,246,29.06,85.4,0.0,Vegetative,No,Good,9975.48,-12.97,Wet
2022-10-08 22:06:24,FARM_01,246,29.05,82.9,0.0,Vegetative,No,Good,9975.83,-12.94,Wet
2022-10-08 22:06:24,FARM_01,246,29.03,86.0,0.0,Vegetative,No,Good,9975.67,-12.95,Wet
2022-10-08 22:06:24,FARM_01,246,29.02,90.8,0.0,Vegetative,No,Good,9975.85,-12.94,Wet
2022-10-08 22:06:24,FARM_01,246,29.09,79.6,0.0,Vegetative,No,Good,9975.45,-12.97,Wet
2022-10-08 22:06:24,FARM_01,246,29.01,77.9,3.58,Vegetative,No,Good,9976.22,-12.91,Wet
2022-10-08 22:06:24,FARM_01,246,28.9,87.8,0.0,Vegetative,No,Good,9976.3,-12.9,Wet
2022-10-08 22:06:24,FARM_01,246,28.98,90.0,0.0,Vegetative,No,Good,9976.05,-12.92,Wet
2022-10-08 22:06:24,FARM_01,246,28.96,82.8,0.0,Vegetative,No,Good,9976.05,-12.92,Wet
2022-10-08 22:06:24,FARM_01,246,28.95,88.2,0.32,Vegetative,No,Good,9975.56,-12.96,Wet
2022-10-08 22:06:24,FARM_01,245,28.94,80.4,6.17,Vegetative,No,Good,9975.73,-12.95,Wet
2022-10-08 22:06:24,FARM_01,246,28.92,82.4,0.0,Vegetative,No,Good,9976.1,-12.92,Wet
2022-10-08 22:06:24,FARM_01,246,28.99,88.1,1.02,Vegetative,No,Good,9976.22,-12.91,Wet
2022-10-08 22:06:24,FARM_01,246,28.88,78.0,0.12,Vegetative,No,Good,9975.93,-12.93,Wet
2022-10-08 22:06:24,FARM_01,244,29.03,77.1,0.0,Vegetative,No,Good,9976.19,-12.91,Wet
2022-10-08 22:06:24,FARM_01,226,31.93,89.5,3.65,Vegetative,No,Good,9975.88,-12.93,Wet
2022-10-08 22:06:24,FARM_01,247,29.11,82.6,0.0,Vegetative,No,Good,9975.42,-12.97,Wet
2022-10-08 22:06:24,FARM_01,244,30.75,77.6,0.0,Vegetative,No,Good,9976.38,-12.89,Wet
2022-10-08 22:06:24,FARM_01,243,29.33,82.8,0.0,Vegetative,No,Good,9976.64,-12.87,Wet
2022-10-08 22:06:24,FARM_01,245,29.49,91.8,2.3,Vegetative,No,Good,9976.84,-12.85,Wet
2022-10-08 22:06:24,FARM_01,244,29.85,90.1,0.0,Vegetative,No,Good,9977.53,-12.79,Wet
2022-10-08 22:06:24,FARM_01,245,30.16,86.9,0.0,Vegetative,No,Good,9977.52,-12.8,Wet
2022-10-08 22:06:24,FARM_01,244,30.39,85.2,18.31,Vegetative,No,Good,9977.23,-12.82,Wet
2022-10-08 22:06:24,FARM_01,243,30.55,81.6,0.22,Vegetative,No,Good,9976.66,-12.87,Wet
2022-10-08 22:06:24,FARM_01,243,30.99,83.4,0.0,Vegetative,No,Good,9976.34,-12.89,Wet
2022-10-08 22:06:24,FARM_01,244,28.87,90.9,0.0,Vegetative,No,Good,9976.13,-12.91,Wet
2022-10-08 22:06:24,FARM_01,243,31.24,78.5,0.0,Vegetative,No,Good,9976.48,-12.88,Wet
2022-10-08 22:06:24,FARM_01,243,31.49,75.5,14.09,Vegetative,No,Good,9976.22,-12.91,Wet
2022-10-08 22:06:24,FARM_01,243,31.67,81.3,2.42,Vegetative,No,Good,9976.22,-12.91,Wet
2022-10-08 22:06:24,FARM_01,229,31.8,91.7,0.58,Vegetative,No,Good,9976.3,-12.9,Wet
2022-10-08 22:06:24,FARM_01,226,31.88,80.8,0.39,Vegetative,No,Good,9975.98,-12.93,Wet
2022-10-08 22:06:24,FARM_01,388,29.87,85.9,9.15,Vegetative,No,Poor,9971.66,-13.29,Very Dry
2022-10-08 22:06:24,FARM_01,227,31.94,86.7,2.78,Vegetative,No,Good,9975.02,-13.01,Wet
2022-10-08 22:06:24,FARM_01,225,31.9,85.7,0.0,Vegetative,No,Good,9975.07,-13.0,Wet
2022-10-08 22:06:24,FARM_01,182,31.77,85.9,0.97,Vegetative,No,Good,9973.45,-13.14,Very Wet
2022-10-08 22:06:24,FARM_01,223,30.94,83.2,0.0,Vegetative,No,Good,9973.17,-13.16,Wet
2022-10-08 22:06:24,FARM_01,224,31.51,87.5,0.0,Vegetative,No,Good,9973.61,-13.13,Wet
2022-10-08 22:06:24,FARM_01,225,31.86,84.2,30.27,Vegetative,No,Good,9975.0,-13.01,Wet
2022-10-08 22:06:24,FARM_01,224,31.82,80.2,11.86,Vegetative,No,Good,9974.89,-13.02,Wet
2022-10-08 22:06:24,FARM_01,225,31.76,88.4,0.56,Vegetative,No,Good,9974.66,-13.04,Wet
2022-10-08 22:06:24,FARM_01,224,31.7,88.4,0.0,Vegetative,No,Good,9974.27,-13.07,Wet
2022-10-08 22:06:24,FARM_01,224,30.88,89.6,0.0,Vegetative,No,Good,9973.45,-13.14,Wet
2022-10-08 22:06:24,FARM_01,225,31.64,77.8,0.0,Vegetative,No,Good,9974.05,-13.09,Wet
2022-10-08 22:06:24,FARM_01,224,31.43,87.8,0.0,Vegetative,No,Good,9973.39,-13.14,Wet
2022-10-08 22:06:24,FARM_01,224,31.0,84.6,0.0,Vegetative,No,Good,9973.23,-13.16,Wet
2022-10-08 22:06:24,FARM_01,224,31.37,86.5,0.0,Vegetative,No,Good,9973.33,-13.15,Wet
2022-10-08 22:06:24,FARM_01,225,31.33,86.6,0.0,Vegetative,No,Good,9973.22,-13.16,Wet
2022-10-08 22:06:24,FARM_01,223,31.27,85.3,0.0,Vegetative,No,Good,9973.36,-13.15,Wet
2022-10-08 22:06:24,FARM_01,225,31.2,81.2,0.0,Vegetative,No,Good,9973.11,-13.17,Wet
2022-10-08 22:06:24,FARM_01,224,31.57,86.5,0.0,Vegetative,No,Good,9973.66,-13.12,Wet
2022-10-08 22:06:24,FARM_01,223,30.83,96.1,0.0,Vegetative,No,Good,9973.55,-13.13,Wet
2022-10-08 22:06:24,FARM_01,222,31.34,80.2,0.0,Vegetative,No,Good,9976.3,-12.9,Wet
2022-10-08 22:06:24,FARM_01,222,31.07,77.3,0.0,Vegetative,No,Good,9976.25,-12.9,Wet
2022-10-08 22:06:24,FARM_01,386,29.9,84.6,2.01,Vegetative,No,Poor,9971.97,-13.26,Very Dry
2022-10-08 22:06:24,FARM_01,224,30.77,82.3,4.36,Vegetative,No,Good,9973.27,-13.15,Wet
2022-10-08 22:06:24,FARM_01,222,30.71,88.6,2.87,Vegetative,No,Good,9973.2,-13.16,Wet
2022-10-08 22:06:24,FARM_01,222,30.66,81.5,0.48,Vegetative,No,Good,9973.06,-13.17,Wet
2022-10-08 22:06:24,FARM_01,223,30.61,80.5,3.73,Vegetative,No,Good,9973.5,-13.13,Wet
2022-10-08 22:06:24,FARM_01,223,30.58,94.3,1.26,Vegetative,No,Good,9973.72,-13.12,Wet
2022-10-08 22:06:24,FARM_01,222,30.53,92.9,0.95,Vegetative,No,Good,9973.95,-13.1,Wet
2022-10-08 22:06:24,FARM_01,223,30.48,81.3,0.0,Vegetative,No,Good,9974.55,-13.05,Wet
2022-10-08 22:06:24,FARM_01,224,30.44,87.8,11.99,Vegetative,No,Good,9975.09,-13.0,Wet
2022-10-08 22:06:24,FARM_01,223,30.39,77.7,0.0,Vegetative,No,Good,9975.17,-12.99,Wet
2022-10-08 22:06:24,FARM_01,223,30.34,91.6,0.0,Vegetative,No,Good,9975.05,-13.0,Wet
2022-10-08 22:06:24,FARM_01,223,30.37,83.2,0.0,Vegetative,No,Good,9975.22,-12.99,Wet
2022-10-08 22:06:24,FARM_01,222,30.55,87.9,7.44,Vegetative,No,Good,9974.94,-13.01,Wet
2022-10-08 22:06:24,FARM_01,222,30.8,85.8,1.12,Vegetative,No,Good,9975.8,-12.94,Wet
2022-10-08 22:06:24,FARM_01,225,31.13,91.6,0.0,Vegetative,No,Good,9973.22,-13.16,Wet
2022-10-08 22:06:24,FARM_01,372,29.0,90.1,6.31,Vegetative,No,Poor,9972.25,-13.24,Very Dry
2022-10-08 22:06:24,FARM_01,228,31.07,87.6,0.0,Vegetative,No,Good,9973.5,-13.13,Wet
2022-10-08 22:06:24,FARM_01,222,31.85,83.6,0.0,Vegetative,No,Good,9976.4,-12.89,Wet
2022-10-08 22:06:24,FARM_01,183,32.15,83.8,0.0,Vegetative,No,Good,9973.7,-13.12,Very Wet
2022-10-08 22:06:24,FARM_01,202,32.16,78.8,0.0,Vegetative,No,Good,9975.78,-12.94,Wet
2022-10-08 22:06:24,FARM_01,187,32.21,86.7,8.6,Vegetative,No,Good,9975.48,-12.97,Very Wet
2022-10-08 22:06:24,FARM_01,184,32.24,82.2,0.17,Vegetative,No,Good,9975.42,-12.97,Very Wet
2022-10-08 22:06:24,FARM_01,183,32.24,89.5,0.0,Vegetative,No,Good,9974.91,-13.02,Very Wet
2022-10-08 22:06:24,FARM_01,186,32.22,83.6,0.0,Vegetative,No,Good,9974.23,-13.07,Very Wet
2022-10-08 22:06:24,FARM_01,223,32.07,83.0,0.0,Vegetative,No,Good,9975.95,-12.93,Wet
2022-10-08 22:06:24,FARM_01,184,32.19,86.7,0.0,Vegetative,No,Good,9973.96,-13.1,Very Wet
2022-10-08 22:06:24,FARM_01,183,31.7,76.4,0.0,Vegetative,No,Good,9973.59,-13.13,Very Wet
2022-10-08 22:06:24,FARM_01,182,32.05,83.7,0.0,Vegetative,No,Good,9973.94,-13.1,Very Wet
2022-10-08 22:06:24,FARM_01,182,31.99,82.8,13.13,Vegetative,No,Good,9973.7,-13.12,Very Wet
2022-10-08 22:06:24,FARM_01,183,31.93,89.8,3.65,Vegetative,No,Good,9973.29,-13.15,Very Wet
2022-10-08 22:06:24,FARM_01,184,31.9,89.2,0.0,Vegetative,No,Good,9973.7,-13.12,Very Wet
2022-10-08 22:06:24,FARM_01,183,31.83,77.3,4.11,Vegetative,No,Good,9973.34,-13.15,Very Wet
2022-10-08 22:06:24,FARM_01,183,32.11,86.5,0.0,Vegetative,No,Good,9973.47,-13.14,Very Wet
2022-10-08 22:06:24,FARM_01,182,31.63,85.2,0.0,Vegetative,No,Good,9973.54,-13.13,Very Wet
2022-10-08 22:06:24,FARM_01,183,31.49,82.2,0.0,Vegetative,No,Good,9973.45,-13.14,Very Wet
2022-10-08 22:06:24,FARM_01,182,30.69,83.6,2.24,Vegetative,No,Good,9975.42,-12.97,Very Wet
2022-10-08 22:06:24,FARM_01,221,31.94,79.8,14.46,Vegetative,No,Good,9976.23,-12.9,Wet
2022-10-08 22:06:24,FARM_01,182,31.07,79.6,0.0,Vegetative,No,Good,9974.36,-13.06,Very Wet
2022-10-08 22:06:24,FARM_01,182,31.42,80.6,5.3,Vegetative,No,Good,9973.23,-13.16,Very Wet
2022-10-08 22:06:24,FARM_01,184,31.36,80.2,0.0,Vegetative,No,Good,9973.16,-13.16,Very Wet
2022-10-08 22:06:24,FARM_01,182,31.29,82.9,4.91,Vegetative,No,Good,9973.48,-13.14,Very Wet
2022-10-08 22:06:24,FARM_01,182,31.23,85.6,0.0,Vegetative,No,Good,9973.56,-13.13,Very Wet
2022-10-08 22:06:24,FARM_01,182,31.17,85.5,0.0,Vegetative,No,Good,9974.2,-13.08,Very Wet
2022-10-08 22:06:24,FARM_01,182,31.13,81.6,1.0,Vegetative,No,Good,9974.27,-13.07,Very Wet
2022-10-08 22:06:24,FARM_01,182,31.01,87.6,0.0,Vegetative,No,Good,9974.44,-13.06,Very Wet
2022-10-08 22:06:24,FARM_01,182,31.56,77.6,0.0,Vegetative,No,Good,9973.67,-13.12,Very Wet
2022-10-08 22:06:24,FARM_01,183,30.95,91.1,5.61,Vegetative,No,Good,9974.88,-13.02,Very Wet
2022-10-08 22:06:24,FARM_01,182,30.9,93.0,0.0,Vegetative,No,Good,9975.12,-13.0,Very Wet
2022-10-08 22:06:24,FARM_01,182,30.85,76.2,0.0,Vegetative,No,Good,9975.57,-12.96,Very Wet
2022-10-08 22:06:24,FARM_01,182,30.79,82.1,0.0,Vegetative,No,Good,9975.8,-12.94,Very Wet
2022-10-08 22:06:24,FARM_01,182,30.74,88.4,4.6,Vegetative,No,Good,9975.55,-12.96,Very Wet
2022-10-08 22:06:24,FARM_01,223,31.61,80.5,0.0,Vegetative,No,Good,9976.52,-12.88,Wet
2022-10-08 22:06:24,FARM_01,371,29.02,89.6,0.0,Vegetative,No,Poor,9971.73,-13.28,Very Dry
2022-10-08 22:06:24,FARM_01,182,30.59,85.3,0.0,Vegetative,No,Good,9975.59,-12.96,Very Wet
2022-10-08 22:06:24,FARM_01,221,28.59,79.7,0.11,Vegetative,No,Good,9981.25,-12.48,Wet
2022-10-08 22:06:24,FARM_01,367,32.46,93.3,0.0,Vegetative,No,Poor,9976.47,-12.88,Very Dry
2022-10-08 22:06:24,FARM_01,362,32.51,82.3,6.99,Vegetative,No,Poor,9977.09,-12.83,Very Dry
2022-10-08 22:06:24,FARM_01,182,31.98,82.7,0.0,Vegetative,No,Good,9980.27,-12.56,Very Wet
2022-10-08 22:06:24,FARM_01,182,30.63,92.1,0.0,Vegetative,No,Good,9976.06,-12.92,Very Wet
2022-10-08 22:06:24,FARM_01,182,30.86,79.6,1.65,Vegetative,No,Good,9976.73,-12.86,Very Wet
2022-10-08 22:06:24,FARM_01,362,32.42,91.9,4.35,Vegetative,No,Poor,9976.08,-12.92,Very Dry
2022-10-08 22:06:24,FARM_01,181,31.14,75.6,23.32,Vegetative,No,Good,9977.83,-12.77,Very Wet
2022-10-08 22:06:24,FARM_01,181,31.71,88.8,0.0,Vegetative,No,Good,9979.77,-12.61,Very Wet
2022-10-08 22:06:24,FARM_01,185,32.19,83.6,8.94,Vegetative,No,Good,9979.98,-12.59,Very Wet
2022-10-08 22:06:24,FARM_01,362,32.53,90.0,0.0,Vegetative,No,Poor,9977.38,-12.81,Very Dry
2022-10-08 22:06:24,FARM_01,442,32.34,92.4,0.0,Vegetative,No,Poor,9979.33,-12.64,Very Dry
2022-10-08 22:06:24,FARM_01,449,32.45,83.5,11.19,Vegetative,No,Poor,9979.27,-12.65,Very Dry
2022-10-08 22:06:24,FARM_01,374,32.51,76.8,0.0,Vegetative,No,Poor,9978.81,-12.69,Very Dry
2022-10-08 22:06:24,FARM_01,182,31.43,82.2,0.6,Vegetative,No,Good,9979.08,-12.66,Very Wet
2022-10-08 22:06:24,FARM_01,362,32.54,83.5,0.0,Vegetative,No,Poor,9978.53,-12.71,Very Dry
2022-10-08 22:06:24,FARM_01,365,31.45,95.2,0.0,Vegetative,No,Poor,9974.21,-13.07,Very Dry
2022-10-08 22:06:24,FARM_01,365,31.58,85.5,1.34,Vegetative,No,Poor,9974.48,-13.05,Very Dry
2022-10-08 22:06:24,FARM_01,234,31.99,90.0,0.0,Vegetative,No,Good,9978.35,-12.73,Wet
2022-10-08 22:06:24,FARM_01,232,32.0,85.0,0.0,Vegetative,No,Good,9978.52,-12.71,Wet
2022-10-08 22:06:24,FARM_01,363,32.36,78.3,5.93,Vegetative,No,Poor,9975.66,-12.95,Very Dry
2022-10-08 22:06:24,FARM_01,362,32.3,88.0,10.0,Vegetative,No,Poor,9975.28,-12.98,Very Dry
2022-10-08 22:06:24,FARM_01,364,32.24,81.1,0.0,Vegetative,No,Poor,9975.42,-12.97,Very Dry
2022-10-08 22:06:24,FARM_01,365,32.17,81.2,0.0,Vegetative,No,Poor,9975.74,-12.95,Very Dry
2022-10-08 22:06:24,FARM_01,367,31.52,83.3,9.27,Vegetative,No,Poor,9974.44,-13.06,Very Dry
2022-10-08 22:06:24,FARM_01,365,32.1,80.9,0.48,Vegetative,No,Poor,9975.2,-12.99,Very Dry
2022-10-08 22:06:24,FARM_01,365,31.99,81.0,0.0,Vegetative,No,Poor,9975.08,-13.0,Very Dry
2022-10-08 22:06:24,FARM_01,364,31.93,78.5,0.0,Vegetative,No,Poor,9975.36,-12.98,Very Dry
2022-10-08 22:06:24,FARM_01,364,31.85,85.1,0.0,Vegetative,No,Poor,9975.19,-12.99,Very Dry
2022-10-08 22:06:24,FARM_01,367,31.78,78.2,0.0,Vegetative,No,Poor,9974.98,-13.01,Very Dry
2022-10-08 22:06:24,FARM_01,363,31.71,91.4,0.84,Vegetative,No,Poor,9974.77,-13.03,Very Dry
2022-10-08 22:06:24,FARM_01,363,31.65,76.4,0.0,Vegetative,No,Poor,9974.73,-13.03,Very Dry
2022-10-08 22:06:24,FARM_01,366,32.03,79.7,0.0,Vegetative,No,Poor,9975.17,-12.99,Very Dry
2022-10-08 22:06:24,FARM_01,362,32.55,88.0,0.0,Vegetative,No,Poor,9978.17,-12.74,Very Dry
2022-10-08 22:06:24,FARM_01,363,31.39,74.5,0.0,Vegetative,No,Poor,9974.16,-13.08,Very Dry
2022-10-08 22:06:24,FARM_01,368,31.25,85.6,0.0,Vegetative,No,Poor,9973.86,-13.1,Very Dry
2022-10-08 22:06:24,FARM_01,366,30.88,82.4,2.13,Vegetative,No,Poor,9975.0,-13.01,Very Dry
2022-10-08 22:06:24,FARM_01,366,31.19,75.2,7.97,Vegetative,No,Poor,9973.97,-13.09,Very Dry
2022-10-08 22:06:24,FARM_01,365,31.14,87.0,0.0,Vegetative,No,Poor,9974.22,-13.07,Very Dry
2022-10-08 22:06:24,FARM_01,364,31.08,79.9,0.0,Vegetative,No,Poor,9974.15,-13.08,Very Dry
2022-10-08 22:06:24,FARM_01,367,31.03,84.0,0.0,Vegetative,No,Poor,9974.22,-13.07,Very Dry
2022-10-08 22:06:24,FARM_01,368,30.52,85.2,0.0,Vegetative,No,Poor,9975.84,-12.94,Very Dry
2022-10-08 22:06:24,FARM_01,365,30.98,79.6,0.0,Vegetative,No,Poor,9974.49,-13.05,Very Dry
2022-10-08 22:06:24,FARM_01,364,30.83,81.5,0.0,Vegetative,No,Poor,9975.23,-12.99,Very Dry
2022-10-08 22:06:24,FARM_01,369,30.56,87.3,10.56,Vegetative,No,Poor,9975.45,-12.97,Very Dry
2022-10-08 22:06:24,FARM_01,365,30.79,85.2,16.06,Vegetative,No,Poor,9975.47,-12.97,Very Dry
2022-10-08 22:06:24,FARM_01,368,30.76,82.0,0.0,Vegetative,No,Poor,9975.69,-12.95,Very Dry
2022-10-08 22:06:24,FARM_01,368,30.72,77.8,3.08,Vegetative,No,Poor,9975.74,-12.95,Very Dry
2022-10-08 22:06:24,FARM_01,368,30.68,80.4,0.0,Vegetative,No,Poor,9975.63,-12.96,Very Dry
2022-10-08 22:06:24,FARM_01,365,30.93,82.1,13.55,Vegetative,No,Poor,9974.93,-13.01,Very Dry
2022-10-08 22:06:24,FARM_01,311,30.45,97.8,0.0,Vegetative,No,Poor,9976.46,-12.89,Dry
2022-10-08 22:06:24,FARM_01,233,32.01,85.7,0.0,Vegetative,No,Good,9978.64,-12.7,Wet
2022-10-08 22:06:24,FARM_01,233,32.0,78.9,13.67,Vegetative,No,Good,9979.0,-12.67,Wet
2022-10-08 22:06:24,FARM_01,367,31.33,86.1,2.45,Vegetative,No,Poor,9973.9,-13.1,Very Dry
2022-10-08 22:06:24,FARM_01,364,31.3,86.0,10.96,Vegetative,No,Poor,9973.78,-13.11,Very Dry
2022-10-08 22:06:24,FARM_01,234,31.26,86.5,1.29,Vegetative,No,Good,9978.34,-12.73,Wet
2022-10-08 22:06:24,FARM_01,278,30.42,88.4,0.0,Vegetative,No,Poor,9977.02,-12.84,Dry
2022-10-08 22:06:24,FARM_01,238,30.4,93.5,0.0,Vegetative,No,Good,9977.05,-12.83,Wet
2022-10-08 22:06:24,FARM_01,210,30.44,82.7,6.89,Vegetative,No,Good,9976.8,-12.86,Wet
2022-10-08 22:06:24,FARM_01,240,30.61,93.0,2.38,Vegetative,No,Good,9976.77,-12.86,Wet
2022-10-08 22:06:24,FARM_01,238,30.83,81.1,2.86,Vegetative,No,Good,9977.13,-12.83,Wet
2022-10-08 22:06:24,FARM_01,238,31.07,83.6,0.0,Vegetative,No,Good,9977.63,-12.79,Wet
2022-10-08 22:06:24,FARM_01,234,31.49,81.3,7.54,Vegetative,No,Good,9978.1,-12.75,Wet
2022-10-08 22:06:24,FARM_01,364,30.48,88.9,2.04,Vegetative,No,Poor,9975.92,-12.93,Very Dry
2022-10-08 22:06:24,FARM_01,235,31.69,79.8,16.09,Vegetative,No,Good,9978.41,-12.72,Wet
2022-10-08 22:06:24,FARM_01,234,31.83,83.6,2.48,Vegetative,No,Good,9978.69,-12.7,Wet
2022-10-08 22:06:24,FARM_01,234,31.92,75.1,0.0,Vegetative,No,Good,9979.01,-12.67,Wet
2022-10-08 22:06:24,FARM_01,234,31.97,83.5,0.0,Vegetative,No,Good,9978.74,-12.69,Wet
2022-10-08 22:06:24,FARM_01,233,31.96,81.4,0.0,Vegetative,No,Good,9978.58,-12.71,Wet
2022-10-08 22:06:24,FARM_01,368,30.64,82.5,0.0,Vegetative,No,Poor,9975.52,-12.96,Very Dry
2022-10-08 22:06:24,FARM_01,232,31.92,80.4,7.59,Vegetative,No,Good,9978.63,-12.7,Wet
2022-10-08 22:06:24,FARM_01,227,29.8,90.4,3.79,Vegetative,No,Good,9982.41,-12.38,Wet
2022-10-08 22:06:24,FARM_01,230,31.04,90.5,8.05,Vegetative,No,Good,9978.87,-12.68,Wet
2022-10-08 22:06:24,FARM_01,231,31.54,81.8,0.0,Vegetative,No,Good,9978.72,-12.69,Wet
2022-10-08 22:06:24,FARM_01,246,31.88,78.3,0.0,Vegetative,No,Good,9978.91,-12.68,Wet
2022-10-08 22:06:24,FARM_01,232,31.77,87.7,0.0,Vegetative,No,Good,9978.78,-12.69,Wet
2022-10-08 22:06:24,FARM_01,231,31.71,76.4,2.5,Vegetative,No,Good,9978.73,-12.69,Wet
2022-10-08 22:06:24,FARM_01,231,30.99,81.5,0.0,Vegetative,No,Good,9978.95,-12.68,Wet
2022-10-08 22:06:24,FARM_01,231,31.65,85.7,0.0,Vegetative,No,Good,9978.48,-12.72,Wet
2022-10-08 22:06:24,FARM_01,231,31.47,82.0,0.0,Vegetative,No,Good,9978.63,-12.7,Wet
2022-10-08 22:06:24,FARM_01,229,31.1,83.9,0.0,Vegetative,No,Good,9978.44,-12.72,Wet
2022-10-08 22:06:24,FARM_01,231,31.41,85.5,1.66,Vegetative,No,Good,9978.41,-12.72,Wet
2022-10-08 22:06:24,FARM_01,230,31.35,82.7,0.0,Vegetative,No,Good,9977.98,-12.76,Wet
2022-10-08 22:06:24,FARM_01,228,31.33,92.7,0.0,Vegetative,No,Good,9978.2,-12.74,Wet
2022-10-08 22:06:24,FARM_01,230,31.27,73.7,0.0,Vegetative,No,Good,9978.0,-12.75,Wet
2022-10-08 22:06:24,FARM_01,231,31.6,81.2,12.34,Vegetative,No,Good,9978.8,-12.69,Wet
2022-10-08 22:06:24,FARM_01,230,31.21,100.0,9.74,Vegetative,No,Good,9978.08,-12.75,Wet
2022-10-08 22:06:24,FARM_01,231,30.94,86.0,0.0,Vegetative,No,Good,9979.22,-12.65,Wet
2022-10-08 22:06:24,FARM_01,228,30.35,88.2,0.0,Vegetative,No,Good,9982.27,-12.4,Wet
2022-10-08 22:06:24,FARM_01,228,30.23,85.5,0.0,Vegetative,No,Good,9982.06,-12.41,Wet
2022-10-08 22:06:24,FARM_01,229,30.89,83.6,0.0,Vegetative,No,Good,9979.27,-12.65,Wet
2022-10-08 22:06:24,FARM_01,228,30.84,85.5,0.0,Vegetative,No,Good,9979.69,-12.61,Wet
2022-10-08 22:06:24,FARM_01,230,30.79,84.7,8.34,Vegetative,No,Good,9979.76,-12.61,Wet
2022-10-08 22:06:24,FARM_01,228,30.75,83.9,0.0,Vegetative,No,Good,9980.16,-12.57,Wet
2022-10-08 22:06:24,FARM_01,228,30.7,83.3,0.0,Vegetative,No,Good,9980.42,-12.55,Wet
2022-10-08 22:06:24,FARM_01,229,30.31,80.7,3.17,Vegetative,No,Good,9981.97,-12.42,Wet
2022-10-08 22:06:24,FARM_01,228,30.68,88.0,0.0,Vegetative,No,Good,9980.61,-12.54,Wet
2022-10-08 22:06:24,FARM_01,228,30.59,90.8,0.0,Vegetative,No,Good,9980.41,-12.55,Wet
2022-10-08 22:06:24,FARM_01,228,30.55,84.8,0.0,Vegetative,No,Good,9981.3,-12.48,Wet
2022-10-08 22:06:24,FARM_01,228,30.51,87.7,5.67,Vegetative,No,Good,9981.38,-12.47,Wet
2022-10-08 22:06:24,FARM_01,229,30.47,83.5,1.24,Vegetative,No,Good,9981.75,-12.44,Wet
2022-10-08 22:06:24,FARM_01,229,30.43,93.6,11.0,Vegetative,No,Good,9982.0,-12.42,Wet
2022-10-08 22:06:24,FARM_01,220,30.39,87.8,0.0,Vegetative,No,Good,9982.21,-12.4,Wet
2022-10-08 22:06:24,FARM_01,230,30.63,80.7,0.0,Vegetative,No,Good,9980.33,-12.56,Wet
2022-10-08 22:06:24,FARM_01,231,31.15,86.7,0.0,Vegetative,No,Good,9978.36,-12.73,Wet
2022-10-08 22:06:24,FARM_01,228,30.27,85.5,0.0,Vegetative,No,Good,9982.19,-12.4,Wet
2022-10-08 22:06:24,FARM_01,228,30.21,88.2,0.0,Vegetative,No,Good,9982.08,-12.41,Wet
2022-10-08 22:06:24,FARM_01,228,29.72,74.1,0.0,Vegetative,No,Good,9982.11,-12.41,Wet
2022-10-08 22:06:24,FARM_01,228,29.95,86.8,0.0,Vegetative,No,Good,9982.24,-12.4,Wet
2022-10-08 22:06:24,FARM_01,228,30.14,81.2,2.32,Vegetative,No,Good,9982.36,-12.39,Wet
2022-10-08 22:06:24,FARM_01,228,30.11,90.6,0.5,Vegetative,No,Good,9982.2,-12.4,Wet
2022-10-08 22:06:24,FARM_01,228,30.07,87.1,13.14,Vegetative,No,Good,9982.08,-12.41,Wet
2022-10-08 22:06:24,FARM_01,228,30.04,80.0,0.0,Vegetative,No,Good,9982.3,-12.39,Wet
2022-10-08 22:06:24,FARM_01,228,29.69,81.6,5.34,Vegetative,No,Good,9981.8,-12.44,Wet
2022-10-08 22:06:24,FARM_01,228,30.01,80.3,0.0,Vegetative,No,Good,9982.65,-12.36,Wet
2022-10-08 22:06:24,FARM_01,229,29.92,86.5,0.0,Vegetative,No,Good,9982.62,-12.37,Wet
2022-10-08 22:06:24,FARM_01,228,29.74,87.9,0.0,Vegetative,No,Good,9982.27,-12.4,Wet
2022-10-08 22:06:24,FARM_01,228,29.89,79.0,0.0,Vegetative,No,Good,9982.29,-12.39,Wet
2022-10-08 22:06:24,FARM_01,228,29.86,86.9,2.88,Vegetative,No,Good,9982.33,-12.39,Wet
2022-10-08 22:06:24,FARM_01,228,29.83,81.9,0.0,Vegetative,No,Good,9982.36,-12.39,Wet
2022-10-08 22:06:24,FARM_01,228,29.82,85.5,0.0,Vegetative,No,Good,9982.37,-12.39,Wet
2022-10-08 22:06:24,FARM_01,228,29.98,82.9,0.0,Vegetative,No,Good,9982.38,-12.39,Wet
2022-10-08 22:06:24,FARM_01,227,29.67,84.4,0.0,Vegetative,No,Good,9981.98,-12.42,Wet
2022-10-08 22:06:24,FARM_01,226,29.37,80.1,0.0,Vegetative,No,Good,9981.95,-12.42,Wet
2022-10-08 22:06:24,FARM_01,228,29.39,79.9,0.0,Vegetative,No,Good,9982.09,-12.41,Wet
2022-10-08 22:06:24,FARM_01,185,30.55,73.7,0.0,Vegetative,No,Good,9975.66,-12.95,Very Wet
2022-10-08 22:06:24,FARM_01,229,30.18,85.1,1.49,Vegetative,No,Good,9981.8,-12.44,Wet
2022-10-08 22:06:24,FARM_01,228,29.65,86.5,13.14,Vegetative,No,Good,9982.02,-12.42,Wet
2022-10-08 22:06:24,FARM_01,232,29.63,82.6,0.0,Vegetative,No,Good,9982.05,-12.41,Wet
2022-10-08 22:06:24,FARM_01,227,29.6,91.5,3.99,Vegetative,No,Good,9981.91,-12.43,Wet
2022-10-08 22:06:24,FARM_01,226,29.58,81.9,0.0,Vegetative,No,Good,9982.08,-12.41,Wet
2022-10-08 22:06:24,FARM_01,228,29.56,82.1,6.56,Vegetative,No,Good,9981.92,-12.43,Wet
2022-10-08 22:06:24,FARM_01,227,29.55,70.8,0.0,Vegetative,No,Good,9982.09,-12.41,Wet
2022-10-08 22:06:24,FARM_01,227,29.53,86.9,14.57,Vegetative,No,Good,9981.95,-12.42,Wet
2022-10-08 22:06:24,FARM_01,227,29.51,81.6,3.42,Vegetative,No,Good,9981.81,-12.43,Wet
2022-10-08 22:06:24,FARM_01,227,29.49,74.0,0.0,Vegetative,No,Good,9981.47,-12.46,Wet
2022-10-08 22:06:24,FARM_01,228,29.47,73.4,0.0,Vegetative,No,Good,9981.5,-12.46,Wet
2022-10-08 22:06:24,FARM_01,228,29.45,83.7,7.96,Vegetative,No,Good,9981.84,-12.43,Wet
2022-10-08 22:06:24,FARM_01,228,29.43,86.1,0.0,Vegetative,No,Good,9981.88,-12.43,Wet
2022-10-08 22:06:24,FARM_01,227,29.4,81.3,0.0,Vegetative,No,Good,9981.72,-12.44,Wet
2022-10-08 22:06:24,FARM_01,228,29.77,83.4,0.0,Vegetative,No,Good,9982.41,-12.38,Wet
2022-10-08 22:06:24,FARM_01,368,30.6,81.9,0.0,Vegetative,No,Poor,9975.25,-12.99,Very Dry
2022-10-08 22:06:24,FARM_01,226,29.35,79.4,0.0,Vegetative,No,Good,9982.12,-12.41,Wet
2022-10-08 22:06:24,FARM_01,226,29.33,78.6,0.65,Vegetative,No,Good,9982.3,-12.39,Wet
2022-10-08 22:06:24,FARM_01,224,29.03,87.8,0.0,Vegetative,No,Good,9983.39,-12.3,Wet
2022-10-08 22:06:24,FARM_01,225,29.17,88.5,1.1,Vegetative,No,Good,9983.45,-12.3,Wet
2022-10-08 22:06:24,FARM_01,225,29.28,77.0,0.0,Vegetative,No,Good,9983.04,-12.33,Wet
2022-10-08 22:06:24,FARM_01,226,29.26,87.0,3.47,Vegetative,No,Good,9983.39,-12.3,Wet
2022-10-08 22:06:24,FARM_01,226,29.25,86.2,0.0,Vegetative,No,Good,9983.58,-12.29,Wet
2022-10-08 22:06:24,FARM_01,226,29.23,86.3,1.03,Vegetative,No,Good,9983.56,-12.29,Wet
2022-10-08 22:06:24,FARM_01,224,29.01,79.6,0.0,Vegetative,No,Good,9983.59,-12.29,Wet
2022-10-08 22:06:24,FARM_01,227,29.21,88.3,0.0,Vegetative,No,Good,9983.25,-12.31,Wet
2022-10-08 22:06:24,FARM_01,226,29.15,83.2,3.59,Vegetative,No,Good,9983.13,-12.32,Wet
2022-10-08 22:06:24,FARM_01,225,29.04,88.1,0.0,Vegetative,No,Good,9983.56,-12.29,Wet
2022-10-08 22:06:24,FARM_01,226,29.12,85.2,3.89,Vegetative,No,Good,9983.3,-12.31,Wet
2022-10-08 22:06:24,FARM_01,226,29.1,76.9,5.02,Vegetative,No,Good,9983.33,-12.31,Wet
2022-10-08 22:06:24,FARM_01,226,29.09,86.5,0.0,Vegetative,No,Good,9983.67,-12.28,Wet
2022-10-08 22:06:24,FARM_01,226,29.19,83.0,0.0,Vegetative,No,Good,9983.27,-12.31,Wet
2022-10-08 22:06:24,FARM_01,226,29.08,74.9,0.0,Vegetative,No,Good,9983.53,-12.29,Wet
2022-10-08 22:06:24,FARM_01,225,29.0,83.5,4.18,Vegetative,No,Good,9983.73,-12.27,Wet
2022-10-08 22:06:24,FARM_01,225,28.82,84.1,0.0,Vegetative,No,Good,9983.34,-12.31,Wet
2022-10-08 22:06:24,FARM_01,175,29.45,84.7,6.81,Vegetative,No,Good,9983.56,-12.29,Very Wet
2022-10-08 22:06:24,FARM_01,226,28.99,85.5,0.0,Vegetative,No,Good,9983.93,-12.26,Wet
2022-10-08 22:06:24,FARM_01,224,28.97,90.0,0.0,Vegetative,No,Good,9983.93,-12.26,Wet
2022-10-08 22:06:24,FARM_01,225,28.96,86.0,0.0,Vegetative,No,Good,9984.1,-12.24,Wet
2022-10-08 22:06:24,FARM_01,224,28.95,89.9,1.86,Vegetative,No,Good,9984.13,-12.24,Wet
2022-10-08 22:06:24,FARM_01,226,28.93,94.8,1.01,Vegetative,No,Good,9984.3,-12.23,Wet
2022-10-08 22:06:24,FARM_01,224,28.8,84.6,5.72,Vegetative,No,Good,9983.38,-12.3,Wet
2022-10-08 22:06:24,FARM_01,226,28.92,90.2,0.0,Vegetative,No,Good,9984.33,-12.22,Wet
2022-10-08 22:06:24,FARM_01,223,28.9,91.4,0.0,Vegetative,No,Good,9984.01,-12.25,Wet
2022-10-08 22:06:24,FARM_01,225,28.88,87.9,0.0,Vegetative,No,Good,9983.81,-12.27,Wet
2022-10-08 22:06:24,FARM_01,224,28.87,78.2,0.0,Vegetative,No,Good,9983.98,-12.25,Wet
2022-10-08 22:06:24,FARM_01,225,28.86,90.2,0.0,Vegetative,No,Good,9984.01,-12.25,Wet
2022-10-08 22:06:24,FARM_01,218,28.84,91.9,0.0,Vegetative,No,Good,9983.83,-12.26,Wet
2022-10-08 22:06:24,FARM_01,223,28.83,86.4,4.24,Vegetative,No,Good,9983.34,-12.31,Wet
2022-10-08 22:06:24,FARM_01,225,28.91,86.7,0.0,Vegetative,No,Good,9983.98,-12.25,Wet
2022-10-08 22:06:24,FARM_01,224,29.06,79.7,3.84,Vegetative,No,Good,9983.53,-12.29,Wet
2022-10-08 22:06:24,FARM_01,224,28.79,82.1,1.2,Vegetative,No,Good,9983.37,-12.3,Wet
2022-10-08 22:06:24,FARM_01,236,28.78,86.1,0.0,Vegetative,No,Good,9983.0,-12.33,Wet
2022-10-08 22:06:24,FARM_01,223,28.67,87.4,0.0,Vegetative,No,Good,9982.06,-12.41,Wet
2022-10-08 22:06:24,FARM_01,224,28.75,92.4,9.62,Vegetative,No,Good,9982.37,-12.39,Wet
2022-10-08 22:06:24,FARM_01,216,28.73,80.3,0.0,Vegetative,No,Good,9982.37,-12.39,Wet
2022-10-08 22:06:24,FARM_01,224,28.72,89.3,0.0,Vegetative,No,Good,9982.36,-12.39,Wet
2022-10-08 22:06:24,FARM_01,223,28.71,84.9,0.0,Vegetative,No,Good,9981.88,-12.43,Wet
2022-10-08 22:06:24,FARM_01,222,28.7,77.8,0.0,Vegetative,No,Good,9982.39,-12.39,Wet
2022-10-08 22:06:24,FARM_01,224,28.76,89.9,0.0,Vegetative,No,Good,9982.52,-12.38,Wet
2022-10-08 22:06:24,FARM_01,222,28.68,83.0,0.0,Vegetative,No,Good,9982.06,-12.41,Wet
2022-10-08 22:06:24,FARM_01,220,28.58,79.4,0.0,Vegetative,No,Good,9981.59,-12.45,Wet
2022-10-08 22:06:24,FARM_01,222,28.65,81.6,1.98,Vegetative,No,Good,9981.89,-12.43,Wet
2022-10-08 22:06:24,FARM_01,221,28.64,80.6,0.0,Vegetative,No,Good,9982.06,-12.41,Wet
2022-10-08 22:06:24,FARM_01,222,28.63,83.7,0.0,Vegetative,No,Good,9981.92,-12.43,Wet
2022-10-08 22:06:24,FARM_01,221,28.62,93.9,15.94,Vegetative,No,Good,9981.91,-12.43,Wet
2022-10-08 22:06:24,FARM_01,221,28.61,86.8,6.71,Vegetative,No,Good,9981.57,-12.46,Wet
2022-10-08 22:06:24,FARM_01,223,28.66,80.9,0.0,Vegetative,No,Good,9981.88,-12.43,Wet
2022-10-08 22:06:24,FARM_01,221,28.57,81.6,0.0,Vegetative,No,Good,9981.77,-12.44,Wet
2022-10-08 22:06:24,FARM_01,222,28.55,89.1,0.0,Vegetative,No,Good,9981.77,-12.44,Wet
2022-10-08 22:06:24,FARM_01,175,29.06,79.3,0.0,Vegetative,No,Good,9983.36,-12.3,Very Wet
2022-10-08 22:06:24,FARM_01,223,28.77,87.7,0.0,Vegetative,No,Good,9982.85,-12.35,Wet
2022-10-08 22:06:24,FARM_01,221,28.49,81.4,0.0,Vegetative,No,Good,9982.48,-12.38,Wet
2022-10-08 22:06:24,FARM_01,220,28.55,88.0,0.0,Vegetative,No,Good,9982.1,-12.41,Wet
2022-10-08 22:06:24,FARM_01,221,28.54,87.6,0.0,Vegetative,No,Good,9982.12,-12.41,Wet
2022-10-08 22:06:24,FARM_01,221,28.53,78.7,1.24,Vegetative,No,Good,9982.12,-12.41,Wet
2022-10-08 22:06:24,FARM_01,220,28.52,89.1,0.0,Vegetative,No,Good,9982.12,-12.41,Wet
2022-10-08 22:06:24,FARM_01,221,28.51,78.0,0.0,Vegetative,No,Good,9982.31,-12.39,Wet
2022-10-08 22:06:24,FARM_01,222,28.5,87.2,0.0,Vegetative,No,Good,9982.31,-12.39,Wet
2022-10-08 22:06:24,FARM_01,219,28.49,80.1,0.61,Vegetative,No,Good,9982.66,-12.36,Wet
2022-10-08 22:06:24,FARM_01,220,28.56,87.8,0.0,Vegetative,No,Good,9981.95,-12.42,Wet
2022-10-08 22:06:24,FARM_01,200,28.48,80.4,0.0,Vegetative,No,Good,9982.52,-12.38,Wet
2022-10-08 22:06:24,FARM_01,184,28.47,79.0,0.0,Vegetative,No,Good,9982.52,-12.38,Very Wet
2022-10-08 22:06:24,FARM_01,177,28.46,87.6,0.0,Vegetative,No,Good,9982.16,-12.4,Very Wet
2022-10-08 22:06:24,FARM_01,175,28.72,89.3,15.72,Vegetative,No,Good,9982.73,-12.36,Very Wet
2022-10-08 22:06:24,FARM_01,225,29.3,82.9,0.0,Vegetative,No,Good,9982.67,-12.36,Wet
2022-10-08 22:06:24,FARM_01,176,29.83,92.3,1.86,Vegetative,No,Good,9984.42,-12.21,Very Wet
2022-10-08 22:06:24,FARM_01,184,30.33,80.3,2.49,Vegetative,No,Good,9984.52,-12.21,Very Wet
2022-10-08 22:06:24,FARM_01,175,29.83,92.2,0.0,Vegetative,No,Good,9985.11,-12.16,Very Wet
2022-10-08 22:06:24,FARM_01,176,31.7,88.5,0.33,Vegetative,No,Good,9985.63,-12.11,Very Wet
2022-10-08 22:06:24,FARM_01,176,31.72,80.0,0.0,Vegetative,No,Good,9985.94,-12.09,Very Wet
2022-10-08 22:06:24,FARM_01,175,30.55,87.4,0.0,Vegetative,No,Good,9984.39,-12.22,Very Wet
2022-10-08 22:06:24,FARM_01,176,30.79,78.6,0.0,Vegetative,No,Good,9984.75,-12.19,Very Wet
2022-10-08 22:06:24,FARM_01,176,31.06,80.4,0.0,Vegetative,No,Good,9985.71,-12.11,Very Wet
2022-10-08 22:06:24,FARM_01,176,31.64,80.9,2.01,Vegetative,No,Good,9985.75,-12.1,Very Wet
2022-10-08 22:06:24,FARM_01,176,31.35,85.1,0.0,Vegetative,No,Good,9985.75,-12.1,Very Wet
2022-10-08 22:06:24,FARM_01,176,31.82,83.6,0.0,Vegetative,No,Good,9985.92,-12.09,Very Wet
2022-10-08 22:06:24,FARM_01,175,31.76,83.2,0.88,Vegetative,No,Good,9985.67,-12.11,Very Wet
2022-10-08 22:06:24,FARM_01,176,31.88,81.6,0.44,Vegetative,No,Good,9985.97,-12.09,Very Wet
2022-10-08 22:06:24,FARM_01,175,31.91,91.8,0.0,Vegetative,No,Good,9985.91,-12.09,Very Wet
2022-10-08 22:06:24,FARM_01,175,31.9,92.7,0.0,Vegetative,No,Good,9985.57,-12.12,Very Wet
2022-10-08 22:06:24,FARM_01,176,31.57,81.8,0.0,Vegetative,No,Good,9985.67,-12.11,Very Wet
2022-10-08 22:06:24,FARM_01,176,30.6,88.4,0.0,Vegetative,No,Good,9984.35,-12.22,Very Wet
2022-10-08 22:06:24,FARM_01,176,30.65,84.1,0.0,Vegetative,No,Good,9984.27,-12.23,Very Wet
2022-10-08 22:06:24,FARM_01,227,29.31,81.4,0.0,Vegetative,No,Good,9982.67,-12.36,Wet
2022-10-08 22:06:24,FARM_01,175,31.5,86.5,0.0,Vegetative,No,Good,9985.14,-12.15,Very Wet
2022-10-08 22:06:24,FARM_01,175,31.43,83.8,0.0,Vegetative,No,Good,9985.09,-12.16,Very Wet
2022-10-08 22:06:24,FARM_01,176,31.28,82.8,0.0,Vegetative,No,Good,9985.18,-12.15,Very Wet
2022-10-08 22:06:24,FARM_01,176,31.21,82.7,0.0,Vegetative,No,Good,9985.3,-12.14,Very Wet
2022-10-08 22:06:24,FARM_01,176,31.14,81.7,0.0,Vegetative,No,Good,9985.22,-12.15,Very Wet
2022-10-08 22:06:24,FARM_01,175,31.07,76.4,0.0,Vegetative,No,Good,9984.84,-12.18,Very Wet
2022-10-08 22:06:24,FARM_01,176,31.0,83.3,0.0,Vegetative,No,Good,9984.77,-12.19,Very Wet
2022-10-08 22:06:24,FARM_01,175,30.97,80.5,0.04,Vegetative,No,Good,9984.81,-12.18,Very Wet
2022-10-08 22:06:24,FARM_01,176,30.9,83.2,0.0,Vegetative,No,Good,9984.41,-12.22,Very Wet
2022-10-08 22:06:24,FARM_01,174,30.84,83.3,0.0,Vegetative,Yes,Poor,9984.68,-12.19,Very Wet
2022-10-08 22:06:24,FARM_01,176,30.78,81.7,3.98,Vegetative,No,Good,9984.41,-12.22,Very Wet
2022-10-08 22:06:24,FARM_01,177,30.71,86.5,0.0,Vegetative,No,Good,9984.36,-12.22,Very Wet
2022-10-08 22:06:24,FARM_01,176,31.84,85.9,11.48,Vegetative,No,Good,9985.55,-12.12,Very Wet
2022-10-08 22:06:24,FARM_01,176,30.49,82.8,0.0,Vegetative,No,Good,9984.84,-12.18,Very Wet
2022-10-08 22:06:24,FARM_01,175,30.34,94.2,0.0,Vegetative,No,Good,9984.33,-12.22,Very Wet
2022-10-08 22:06:24,FARM_01,176,30.29,91.8,0.0,Vegetative,No,Good,9984.41,-12.22,Very Wet
2022-10-08 22:06:24,FARM_01,175,30.26,79.1,11.57,Vegetative,No,Good,9984.42,-12.21,Very Wet
2022-10-08 22:06:24,FARM_01,175,30.22,81.9,0.0,Vegetative,No,Good,9984.81,-12.18,Very Wet
2022-10-08 22:06:24,FARM_01,175,30.18,94.2,0.0,Vegetative,No,Good,9984.55,-12.2,Very Wet
2022-10-08 22:06:24,FARM_01,175,30.39,89.4,0.0,Vegetative,No,Good,9984.45,-12.21,Very Wet
2022-10-08 22:06:24,FARM_01,175,30.14,85.0,0.0,Vegetative,No,Good,9984.94,-12.17,Very Wet
2022-10-08 22:06:24,FARM_01,176,29.81,88.9,2.87,Vegetative,No,Good,9984.59,-12.2,Very Wet
2022-10-08 22:06:24,FARM_01,176,30.01,87.6,0.0,Vegetative,No,Good,9984.88,-12.18,Very Wet
2022-10-08 22:06:24,FARM_01,175,29.98,74.0,0.0,Vegetative,No,Good,9985.11,-12.16,Very Wet
2022-10-08 22:06:24,FARM_01,176,29.94,86.3,0.0,Vegetative,No,Good,9985.16,-12.15,Very Wet
2022-10-08 22:06:24,FARM_01,175,29.9,77.5,0.0,Vegetative,No,Good,9984.83,-12.18,Very Wet
2022-10-08 22:06:24,FARM_01,176,29.87,87.0,8.94,Vegetative,No,Good,9984.87,-12.18,Very Wet
2022-10-08 22:06:24,FARM_01,176,30.06,81.5,3.88,Vegetative,No,Good,9985.2,-12.15,Very Wet
2022-10-08 22:06:24,FARM_01,173,29.71,80.8,0.18,Vegetative,No,Good,9985.05,-12.16,Very Wet
2022-10-08 22:06:24,FARM_01,174,29.35,82.2,0.0,Vegetative,Yes,Poor,9985.72,-12.11,Very Wet
2022-10-08 22:06:24,FARM_01,176,30.44,71.7,0.0,Vegetative,No,Good,9984.7,-12.19,Very Wet
2022-10-08 22:06:24,FARM_01,176,29.5,87.4,0.0,Vegetative,No,Good,9984.9,-12.17,Very Wet
2022-10-08 22:06:24,FARM_01,176,29.68,84.8,9.58,Vegetative,No,Good,9984.89,-12.18,Very Wet
2022-10-08 22:06:24,FARM_01,176,29.65,86.9,0.0,Vegetative,No,Good,9984.93,-12.17,Very Wet
2022-10-08 22:06:24,FARM_01,176,29.62,86.6,8.37,Vegetative,No,Good,9984.62,-12.2,Very Wet
2022-10-08 22:06:24,FARM_01,176,29.56,92.3,0.0,Vegetative,No,Good,9985.0,-12.17,Very Wet
2022-10-08 22:06:24,FARM_01,174,29.48,82.9,1.92,Vegetative,No,Good,9984.93,-12.17,Very Wet
2022-10-08 22:06:24,FARM_01,176,29.74,81.9,2.33,Vegetative,No,Good,9985.02,-12.16,Very Wet
2022-10-08 22:06:24,FARM_01,174,29.45,94.5,2.2,Vegetative,No,Good,9985.11,-12.16,Very Wet
2022-10-08 22:06:24,FARM_01,174,29.44,80.2,2.4,Vegetative,No,Good,9985.11,-12.16,Very Wet
2022-10-08 22:06:24,FARM_01,175,29.42,87.4,0.0,Vegetative,No,Good,9985.14,-12.15,Very Wet
2022-10-08 22:06:24,FARM_01,176,29.39,93.0,1.76,Vegetative,No,Good,9985.34,-12.14,Very Wet
2022-10-08 22:06:24,FARM_01,176,29.37,90.8,0.0,Vegetative,No,Good,9985.34,-12.14,Very Wet
2022-10-08 22:06:24,FARM_01,175,30.54,85.5,3.06,Vegetative,No,Good,9984.94,-12.17,Very Wet
2022-10-08 22:06:24,FARM_01,246,28.91,90.2,0.0,Vegetative,No,Good,9975.93,-12.93,Wet
2022-10-08 22:06:24,FARM_01,175,29.29,87.0,3.17,Vegetative,No,Good,9986.27,-12.06,Very Wet
2022-10-08 22:06:24,FARM_01,176,28.98,82.6,0.0,Vegetative,No,Good,9986.84,-12.01,Very Wet
2022-10-08 22:06:24,FARM_01,176,29.14,80.7,3.06,Vegetative,No,Good,9986.73,-12.02,Very Wet
2022-10-08 22:06:24,FARM_01,175,29.25,79.7,0.0,Vegetative,No,Good,9986.84,-12.01,Very Wet
2022-10-08 22:06:24,FARM_01,175,29.23,85.3,1.54,Vegetative,No,Good,9986.65,-12.03,Very Wet
2022-10-08 22:06:24,FARM_01,175,29.21,79.4,0.0,Vegetative,No,Good,9986.67,-12.03,Very Wet
2022-10-08 22:06:24,FARM_01,174,28.94,79.9,0.0,Vegetative,Yes,Poor,9986.53,-12.04,Very Wet
2022-10-08 22:06:24,FARM_01,176,29.2,77.0,0.0,Vegetative,No,Good,9986.67,-12.03,Very Wet
2022-10-08 22:06:24,FARM_01,175,29.16,83.6,0.0,Vegetative,No,Good,9986.73,-12.02,Very Wet
2022-10-08 22:06:24,FARM_01,175,29.12,77.3,0.0,Vegetative,No,Good,9986.56,-12.04,Very Wet
2022-10-08 22:06:24,FARM_01,176,28.99,82.6,3.6,Vegetative,No,Good,9986.67,-12.03,Very Wet
2022-10-08 22:06:24,FARM_01,174,29.1,87.2,0.0,Vegetative,Yes,Poor,9986.59,-12.03,Very Wet
2022-10-08 22:06:24,FARM_01,175,29.08,87.7,2.26,Vegetative,No,Good,9986.76,-12.02,Very Wet
2022-10-08 22:06:24,FARM_01,173,29.06,92.3,7.59,Vegetative,No,Good,9986.62,-12.03,Very Wet
2022-10-08 22:06:24,FARM_01,176,29.18,90.7,0.0,Vegetative,No,Good,9986.88,-12.01,Very Wet
2022-10-08 22:06:24,FARM_01,176,29.04,85.6,0.0,Vegetative,No,Good,9986.81,-12.01,Very Wet
2022-10-08 22:06:24,FARM_01,176,28.72,88.3,3.49,Vegetative,No,Good,9985.61,-12.12,Very Wet
2022-10-08 22:06:24,FARM_01,175,28.75,76.8,0.0,Vegetative,No,Good,9985.77,-12.1,Very Wet
2022-10-08 22:06:24,FARM_01,176,28.34,83.2,2.91,Vegetative,No,Good,9984.27,-12.23,Very Wet
2022-10-08 22:06:24,FARM_01,170,28.35,85.7,0.0,Vegetative,Yes,Poor,9984.27,-12.23,Very Wet
2022-10-08 22:06:24,FARM_01,174,28.93,90.4,0.0,Vegetative,Yes,Poor,9986.89,-12.01,Very Wet
2022-10-08 22:06:24,FARM_01,175,28.91,79.1,0.0,Vegetative,No,Good,9986.55,-12.04,Very Wet
2022-10-08 22:06:24,FARM_01,174,28.89,89.8,2.12,Vegetative,No,Good,9986.2,-12.06,Very Wet
2022-10-08 22:06:24,FARM_01,176,28.88,82.7,0.0,Vegetative,No,Good,9985.86,-12.09,Very Wet
2022-10-08 22:06:24,FARM_01,174,28.74,78.3,4.12,Vegetative,No,Good,9985.28,-12.14,Very Wet
2022-10-08 22:06:24,FARM_01,176,28.86,86.7,0.0,Vegetative,No,Good,9985.89,-12.09,Very Wet
2022-10-08 22:06:24,FARM_01,175,28.83,76.0,7.15,Vegetative,No,Good,9985.74,-12.1,Very Wet
2022-10-08 22:06:24,FARM_01,175,28.81,85.0,0.0,Vegetative,No,Good,9985.74,-12.1,Very Wet
2022-10-08 22:06:24,FARM_01,175,28.8,82.5,9.13,Vegetative,No,Good,9985.77,-12.1,Very Wet
2022-10-08 22:06:24,FARM_01,174,28.78,88.4,0.0,Vegetative,Yes,Poor,9985.59,-12.12,Very Wet
2022-10-08 22:06:24,FARM_01,174,28.76,81.6,0.37,Vegetative,No,Good,9985.59,-12.12,Very Wet
2022-10-08 22:06:24,FARM_01,175,28.84,87.2,3.32,Vegetative,No,Good,9985.89,-12.09,Very Wet
2022-10-08 22:06:24,FARM_01,176,29.03,82.4,0.0,Vegetative,No,Good,9987.16,-11.98,Very Wet
2022-10-08 22:06:24,FARM_01,175,29.01,85.7,0.0,Vegetative,No,Good,9986.81,-12.01,Very Wet
2022-10-08 22:06:24,FARM_01,174,28.71,80.9,6.73,Vegetative,No,Good,9985.81,-12.1,Very Wet
2022-10-08 22:06:24,FARM_01,175,28.67,84.5,0.49,Vegetative,No,Good,9985.49,-12.12,Very Wet
2022-10-08 22:06:24,FARM_01,175,28.59,83.4,3.15,Vegetative,No,Good,9984.68,-12.19,Very Wet
2022-10-08 22:06:24,FARM_01,175,28.66,88.6,5.77,Vegetative,No,Good,9985.47,-12.13,Very Wet
2022-10-08 22:06:24,FARM_01,176,28.65,83.4,12.66,Vegetative,No,Good,9985.15,-12.15,Very Wet
2022-10-08 22:06:24,FARM_01,175,28.64,89.8,0.0,Vegetative,No,Good,9985.14,-12.15,Very Wet
2022-10-08 22:06:24,FARM_01,175,28.63,80.4,0.39,Vegetative,No,Good,9984.83,-12.18,Very Wet
2022-10-08 22:06:24,FARM_01,175,28.5,87.3,7.82,Vegetative,No,Good,9984.55,-12.2,Very Wet
2022-10-08 22:06:24,FARM_01,175,28.62,84.4,2.88,Vegetative,No,Good,9984.83,-12.18,Very Wet
2022-10-08 22:06:24,FARM_01,176,28.58,80.7,0.0,Vegetative,No,Good,9984.51,-12.21,Very Wet
2022-10-08 22:06:24,FARM_01,174,28.51,90.0,0.0,Vegetative,Yes,Poor,9984.55,-12.2,Very Wet
2022-10-08 22:06:24,FARM_01,174,28.57,86.0,4.33,Vegetative,No,Good,9984.67,-12.19,Very Wet
2022-10-08 22:06:24,FARM_01,175,28.55,85.9,8.54,Vegetative,No,Good,9984.67,-12.19,Very Wet
2022-10-08 22:06:24,FARM_01,175,28.54,85.9,0.17,Vegetative,No,Good,9984.18,-12.24,Very Wet
2022-10-08 22:06:24,FARM_01,176,28.6,92.0,0.0,Vegetative,No,Good,9984.48,-12.21,Very Wet
2022-10-08 22:06:24,FARM_01,175,28.48,86.3,0.0,Vegetative,No,Good,9984.03,-12.25,Very Wet
2022-10-08 22:06:24,FARM_01,173,28.36,74.9,0.0,Vegetative,Yes,Poor,9983.93,-12.26,Very Wet
2022-10-08 22:06:24,FARM_01,175,28.36,79.3,3.85,Vegetative,No,Good,9983.73,-12.27,Very Wet
2022-10-08 22:06:24,FARM_01,175,28.7,89.7,3.93,Vegetative,No,Good,9985.47,-12.13,Very Wet
2022-10-08 22:06:24,FARM_01,176,28.68,90.6,0.0,Vegetative,No,Good,9985.32,-12.14,Very Wet
2022-10-08 22:06:24,FARM_01,174,28.42,77.3,0.0,Vegetative,Yes,Poor,9983.38,-12.3,Very Wet
2022-10-08 22:06:24,FARM_01,176,28.47,95.3,0.0,Vegetative,No,Good,9983.7,-12.28,Very Wet
2022-10-08 22:06:24,FARM_01,176,28.46,86.7,3.53,Vegetative,No,Good,9983.53,-12.29,Very Wet
2022-10-08 22:06:24,FARM_01,175,28.45,84.5,0.0,Vegetative,No,Good,9983.53,-12.29,Very Wet
2022-10-08 22:06:24,FARM_01,175,28.44,80.0,8.28,Vegetative,No,Good,9983.88,-12.26,Very Wet
2022-10-08 22:06:24,FARM_01,175,28.43,81.9,0.0,Vegetative,No,Good,9983.7,-12.28,Very Wet
2022-10-08 22:06:24,FARM_01,175,28.42,84.4,0.0,Vegetative,No,Good,9983.19,-12.32,Very Wet
2022-10-08 22:06:24,FARM_01,175,28.41,74.8,0.0,Vegetative,No,Good,9983.2,-12.32,Very Wet
2022-10-08 22:06:24,FARM_01,175,28.49,79.5,0.0,Vegetative,No,Good,9984.2,-12.23,Very Wet
2022-10-08 22:06:24,FARM_01,174,28.4,78.1,0.74,Vegetative,No,Good,9983.38,-12.3,Very Wet
2022-10-08 22:06:24,FARM_01,174,28.39,82.3,2.75,Vegetative,No,Good,9983.55,-12.29,Very Wet
2022-10-08 22:06:24,FARM_01,176,28.38,84.2,0.0,Vegetative,No,Good,9983.4,-12.3,Very Wet
2022-10-08 22:06:24,FARM_01,175,28.38,89.5,0.0,Vegetative,No,Good,9983.56,-12.29,Very Wet
2022-10-08 22:06:24,FARM_01,175,28.33,84.8,0.0,Vegetative,No,Good,9984.27,-12.23,Very Wet
2022-10-08 22:06:24,FARM_01,176,28.53,90.2,0.0,Vegetative,No,Good,9984.34,-12.22,Very Wet
2022-10-08 22:06:24,FARM_01,176,28.32,84.4,0.0,Vegetative,No,Good,9984.09,-12.24,Very Wet
2022-10-08 22:06:24,FARM_01,175,28.21,89.9,0.0,Vegetative,No,Good,9984.45,-12.21,Very Wet
2022-10-08 22:06:24,FARM_01,175,28.27,85.6,6.87,Vegetative,No,Good,9984.1,-12.24,Very Wet
2022-10-08 22:06:24,FARM_01,175,28.32,79.4,0.0,Vegetative,No,Good,9984.09,-12.24,Very Wet
2022-10-08 22:06:24,FARM_01,176,28.31,82.2,1.45,Vegetative,No,Good,9984.44,-12.21,Very Wet
2022-10-08 22:06:24,FARM_01,175,28.3,76.2,0.0,Vegetative,No,Good,9984.26,-12.23,Very Wet
2022-10-08 22:06:24,FARM_01,174,28.3,86.0,0.26,Vegetative,No,Good,9984.45,-12.21,Very Wet
2022-10-08 22:06:24,FARM_01,175,28.2,88.2,0.0,Vegetative,No,Good,9984.48,-12.21,Very Wet
2022-10-08 22:06:24,FARM_01,176,28.29,81.6,0.0,Vegetative,No,Good,9983.94,-12.26,Very Wet
2022-10-08 22:06:24,FARM_01,175,28.26,82.3,0.0,Vegetative,No,Good,9984.13,-12.24,Very Wet
2022-10-08 22:06:24,FARM_01,174,28.21,95.4,0.0,Vegetative,Yes,Poor,9984.28,-12.23,Very Wet
2022-10-08 22:06:24,FARM_01,174,28.26,81.9,1.36,Vegetative,No,Good,9984.3,-12.23,Very Wet
2022-10-08 22:06:24,FARM_01,174,28.25,90.9,0.0,Vegetative,Yes,Poor,9984.81,-12.18,Very Wet
2022-10-08 22:06:24,FARM_01,176,28.24,86.3,14.0,Vegetative,No,Good,9984.64,-12.2,Very Wet
2022-10-08 22:06:24,FARM_01,175,28.28,85.1,5.26,Vegetative,No,Good,9984.11,-12.24,Very Wet
2022-10-08 22:06:24,FARM_01,174,28.23,86.5,0.0,Vegetative,Yes,Poor,9984.66,-12.2,Very Wet
2022-10-08 22:06:24,FARM_01,176,28.2,73.1,0.0,Vegetative,No,Good,9984.48,-12.21,Very Wet
2022-10-08 22:06:24,FARM_01,234,30.17,85.9,0.0,Vegetative,No,Good,9989.36,-11.8,Wet
2022-10-08 22:06:24,FARM_01,234,30.21,86.0,1.59,Vegetative,No,Good,9989.11,-11.82,Wet
2022-10-08 22:06:24,FARM_01,187,28.19,89.0,0.0,Vegetative,No,Good,9984.47,-12.21,Very Wet
2022-10-08 22:06:24,FARM_01,241,28.18,87.5,0.0,Vegetative,No,Good,9984.3,-12.23,Wet
2022-10-08 22:06:24,FARM_01,250,28.18,87.9,0.0,Vegetative,No,Good,9984.5,-12.21,Wet
2022-10-08 22:06:24,FARM_01,234,28.17,85.7,0.0,Vegetative,No,Good,9984.49,-12.21,Wet
2022-10-08 22:06:24,FARM_01,230,28.25,77.8,9.44,Vegetative,No,Good,9985.16,-12.15,Wet
2022-10-08 22:06:24,FARM_01,234,30.2,94.6,1.24,Vegetative,No,Good,9989.14,-11.82,Wet
2022-10-08 22:06:24,FARM_01,231,28.59,81.4,0.0,Vegetative,No,Good,9987.08,-11.99,Wet
2022-10-08 22:06:24,FARM_01,233,29.37,81.6,20.8,Vegetative,No,Good,9988.77,-11.85,Wet
2022-10-08 22:06:24,FARM_01,233,29.64,85.5,0.94,Vegetative,No,Good,9988.88,-11.84,Wet
2022-10-08 22:06:24,FARM_01,233,29.75,81.2,0.0,Vegetative,No,Good,9988.96,-11.83,Wet
2022-10-08 22:06:24,FARM_01,232,29.91,85.4,1.14,Vegetative,No,Good,9988.97,-11.83,Wet
2022-10-08 22:06:24,FARM_01,234,30.04,85.2,0.0,Vegetative,No,Good,9989.36,-11.8,Wet
2022-10-08 22:06:24,FARM_01,233,30.12,80.5,4.17,Vegetative,No,Good,9989.23,-11.81,Wet
2022-10-08 22:06:24,FARM_01,232,29.0,82.7,3.16,Vegetative,No,Good,9988.36,-11.88,Wet
2022-10-08 22:06:24,FARM_01,175,28.22,88.3,0.0,Vegetative,No,Good,9984.48,-12.21,Very Wet
2022-10-08 22:06:24,FARM_01,233,30.21,87.4,7.88,Vegetative,No,Good,9989.28,-11.81,Wet
2022-10-08 22:06:24,FARM_01,233,30.2,82.8,0.0,Vegetative,No,Good,9989.66,-11.77,Wet
2022-10-08 22:06:24,FARM_01,232,29.52,87.1,0.0,Vegetative,No,Good,9988.3,-11.89,Wet
2022-10-08 22:06:24,FARM_01,233,29.92,76.2,0.0,Vegetative,No,Good,9988.94,-11.83,Wet
2022-10-08 22:06:24,FARM_01,234,30.15,81.2,0.0,Vegetative,No,Good,9989.39,-11.8,Wet
2022-10-08 22:06:24,FARM_01,233,30.08,85.4,7.32,Vegetative,No,Good,9989.45,-11.79,Wet
2022-10-08 22:06:24,FARM_01,233,30.06,88.2,0.0,Vegetative,No,Good,9989.48,-11.79,Wet
2022-10-08 22:06:24,FARM_01,234,29.47,74.3,0.0,Vegetative,No,Good,9988.02,-11.91,Wet
2022-10-08 22:06:24,FARM_01,233,30.01,78.7,0.0,Vegetative,No,Good,9989.17,-11.82,Wet
2022-10-08 22:06:24,FARM_01,232,29.87,82.5,0.0,Vegetative,No,Good,9988.81,-11.85,Wet
2022-10-08 22:06:24,FARM_01,232,29.54,93.1,10.99,Vegetative,No,Good,9988.3,-11.89,Wet
2022-10-08 22:06:24,FARM_01,233,29.82,89.0,0.0,Vegetative,No,Good,9988.55,-11.87,Wet
2022-10-08 22:06:24,FARM_01,233,29.77,81.5,0.0,Vegetative,No,Good,9988.59,-11.86,Wet
2022-10-08 22:06:24,FARM_01,234,29.72,89.7,2.02,Vegetative,No,Good,9988.11,-11.9,Wet
2022-10-08 22:06:24,FARM_01,234,29.68,80.7,0.0,Vegetative,No,Good,9988.15,-11.9,Wet
2022-10-08 22:06:24,FARM_01,234,29.97,87.9,0.0,Vegetative,No,Good,9988.89,-11.84,Wet
2022-10-08 22:06:24,FARM_01,234,29.43,83.0,0.0,Vegetative,No,Good,9988.2,-11.9,Wet
2022-10-08 22:06:24,FARM_01,233,28.99,89.4,0.0,Vegetative,No,Good,9988.02,-11.91,Wet
2022-10-08 22:06:24,FARM_01,234,29.02,85.7,0.0,Vegetative,No,Good,9987.84,-11.93,Wet
2022-10-08 22:06:24,FARM_01,258,29.46,85.7,0.0,Vegetative,No,Good,9985.8,-12.1,Wet
2022-10-08 22:06:24,FARM_01,233,30.18,88.0,0.0,Vegetative,No,Good,9989.33,-11.8,Wet
2022-10-08 22:06:24,FARM_01,234,29.39,86.6,0.0,Vegetative,No,Good,9988.09,-11.91,Wet
2022-10-08 22:06:24,FARM_01,233,29.35,76.3,0.0,Vegetative,No,Good,9988.12,-11.9,Wet
2022-10-08 22:06:24,FARM_01,234,29.32,83.4,1.5,Vegetative,No,Good,9988.47,-11.87,Wet
2022-10-08 22:06:24,FARM_01,232,29.28,84.9,6.76,Vegetative,No,Good,9988.35,-11.88,Wet
2022-10-08 22:06:24,FARM_01,232,29.25,74.5,0.0,Vegetative,No,Good,9988.73,-11.85,Wet
2022-10-08 22:06:24,FARM_01,234,29.22,81.9,1.15,Vegetative,No,Good,9988.56,-11.87,Wet
2022-10-08 22:06:24,FARM_01,233,29.19,80.0,0.0,Vegetative,No,Good,9988.76,-11.85,Wet
2022-10-08 22:06:24,FARM_01,234,29.16,76.8,4.09,Vegetative,No,Good,9988.45,-11.88,Wet
2022-10-08 22:06:24,FARM_01,234,29.13,84.5,0.0,Vegetative,No,Good,9988.3,-11.89,Wet
2022-10-08 22:06:24,FARM_01,234,29.11,84.8,0.89,Vegetative,No,Good,9988.13,-11.9,Wet
2022-10-08 22:06:24,FARM_01,234,29.09,81.4,1.17,Vegetative,No,Good,9988.13,-11.9,Wet
2022-10-08 22:06:24,FARM_01,233,29.07,89.8,0.0,Vegetative,No,Good,9988.16,-11.9,Wet
2022-10-08 22:06:24,FARM_01,233,29.04,94.5,0.0,Vegetative,No,Good,9988.02,-11.91,Wet
2022-10-08 22:06:24,FARM_01,233,29.59,90.7,0.0,Vegetative,No,Good,9988.09,-11.91,Wet
2022-10-08 22:06:24,FARM_01,234,28.97,87.2,0.11,Vegetative,No,Good,9988.21,-11.9,Wet
2022-10-08 22:06:24,FARM_01,234,28.95,95.7,0.0,Vegetative,No,Good,9988.41,-11.88,Wet
2022-10-08 22:06:24,FARM_01,234,28.64,89.8,0.0,Vegetative,No,Good,9986.17,-12.07,Wet
2022-10-08 22:06:24,FARM_01,234,28.77,81.1,0.0,Vegetative,No,Good,9986.45,-12.04,Wet
2022-10-08 22:06:24,FARM_01,236,28.89,85.2,0.0,Vegetative,No,Good,9987.92,-11.92,Wet
2022-10-08 22:06:24,FARM_01,233,28.86,90.4,9.79,Vegetative,No,Good,9987.44,-11.96,Wet
2022-10-08 22:06:24,FARM_01,234,28.84,84.5,3.27,Vegetative,No,Good,9987.26,-11.98,Wet
2022-10-08 22:06:24,FARM_01,233,28.83,86.0,0.09,Vegetative,No,Good,9987.11,-11.99,Wet
2022-10-08 22:06:24,FARM_01,233,28.63,83.7,0.0,Vegetative,No,Good,9986.2,-12.07,Wet
2022-10-08 22:06:24,FARM_01,233,28.81,82.2,0.0,Vegetative,No,Good,9986.77,-12.02,Wet
2022-10-08 22:06:24,FARM_01,232,28.76,86.7,0.0,Vegetative,No,Good,9986.28,-12.06,Wet
2022-10-08 22:06:24,FARM_01,234,28.65,71.7,0.0,Vegetative,No,Good,9986.17,-12.07,Wet
2022-10-08 22:06:24,FARM_01,234,28.74,77.2,3.19,Vegetative,No,Good,9986.13,-12.07,Wet
2022-10-08 22:06:24,FARM_01,233,28.72,86.4,0.0,Vegetative,No,Good,9986.13,-12.07,Wet
2022-10-08 22:06:24,FARM_01,234,28.71,86.7,0.0,Vegetative,No,Good,9986.33,-12.05,Wet
2022-10-08 22:06:24,FARM_01,234,28.69,93.0,0.0,Vegetative,No,Good,9986.01,-12.08,Wet
2022-10-08 22:06:24,FARM_01,234,28.79,84.3,0.0,Vegetative,No,Good,9986.63,-12.03,Wet
2022-10-08 22:06:24,FARM_01,234,28.68,87.9,0.0,Vegetative,No,Good,9985.84,-12.1,Wet
2022-10-08 22:06:24,FARM_01,234,28.61,87.5,0.0,Vegetative,No,Good,9986.36,-12.05,Wet
2022-10-08 22:06:24,FARM_01,184,28.44,81.6,6.73,Vegetative,No,Good,9985.07,-12.16,Very Wet
2022-10-08 22:06:24,FARM_01,170,29.58,82.2,0.0,Vegetative,Yes,Poor,9987.23,-11.98,Very Wet
2022-10-08 22:06:24,FARM_01,233,28.6,84.0,6.56,Vegetative,No,Good,9986.22,-12.06,Wet
2022-10-08 22:06:24,FARM_01,234,28.58,77.1,2.61,Vegetative,No,Good,9986.05,-12.08,Wet
2022-10-08 22:06:24,FARM_01,234,28.57,81.3,1.03,Vegetative,No,Good,9985.73,-12.11,Wet
2022-10-08 22:06:24,FARM_01,234,28.55,89.8,1.71,Vegetative,No,Good,9985.87,-12.09,Wet
2022-10-08 22:06:24,FARM_01,234,28.54,83.6,0.0,Vegetative,No,Good,9985.72,-12.11,Wet
2022-10-08 22:06:24,FARM_01,173,28.43,82.5,0.0,Vegetative,Yes,Poor,9984.21,-12.23,Very Wet
2022-10-08 22:06:24,FARM_01,239,28.52,83.4,1.18,Vegetative,No,Good,9985.72,-12.11,Wet
2022-10-08 22:06:24,FARM_01,290,28.5,82.7,0.0,Vegetative,No,Poor,9985.57,-12.12,Dry
2022-10-08 22:06:24,FARM_01,289,28.49,75.7,2.26,Vegetative,No,Poor,9985.56,-12.12,Dry
2022-10-08 22:06:24,FARM_01,287,28.48,83.5,0.0,Vegetative,No,Poor,9985.42,-12.13,Dry
2022-10-08 22:06:24,FARM_01,251,28.47,87.3,0.0,Vegetative,No,Good,9985.42,-12.13,Wet
2022-10-08 22:06:24,FARM_01,220,28.46,84.9,0.0,Vegetative,No,Good,9985.42,-12.13,Wet
2022-10-08 22:06:24,FARM_01,198,28.45,85.3,3.86,Vegetative,No,Good,9985.27,-12.14,Very Wet
2022-10-08 22:06:24,FARM_01,292,28.51,88.8,5.6,Vegetative,No,Poor,9985.72,-12.11,Dry
2022-10-08 22:06:24,FARM_01,233,28.66,84.8,0.0,Vegetative,No,Good,9985.81,-12.1,Wet
2022-10-08 22:06:24,FARM_01,170,28.42,89.3,3.07,Vegetative,No,Good,9984.23,-12.23,Very Wet
2022-10-08 22:06:24,FARM_01,170,28.41,86.6,0.0,Vegetative,Yes,Poor,9984.06,-12.25,Very Wet
2022-10-08 22:06:24,FARM_01,170,29.88,75.0,0.0,Vegetative,Yes,Poor,9985.55,-12.12,Very Wet
2022-10-08 22:06:24,FARM_01,170,28.49,83.6,0.0,Vegetative,Yes,Poor,9983.52,-12.29,Very Wet
2022-10-08 22:06:24,FARM_01,171,28.7,82.9,0.0,Vegetative,Yes,Poor,9984.27,-12.23,Very Wet
2022-10-08 22:06:24,FARM_01,170,28.84,92.9,0.0,Vegetative,Yes,Poor,9984.34,-12.22,Very Wet
2022-10-08 22:06:24,FARM_01,170,29.16,77.0,0.0,Vegetative,Yes,Poor,9984.67,-12.19,Very Wet
2022-10-08 22:06:24,FARM_01,170,29.47,92.4,0.0,Vegetative,Yes,Poor,9985.1,-12.16,Very Wet
2022-10-08 22:06:24,FARM_01,170,28.4,82.6,0.0,Vegetative,Yes,Poor,9983.72,-12.27,Very Wet
2022-10-08 22:06:24,FARM_01,170,29.71,80.7,0.0,Vegetative,Yes,Poor,9985.41,-12.13,Very Wet
2022-10-08 22:06:24,FARM_01,170,30.21,85.6,0.0,Vegetative,Yes,Poor,9987.57,-11.95,Very Wet
2022-10-08 22:06:24,FARM_01,170,30.1,83.4,0.0,Vegetative,Yes,Poor,9985.98,-12.08,Very Wet
2022-10-08 22:06:24,FARM_01,171,30.16,91.2,0.09,Vegetative,No,Good,9985.94,-12.09,Very Wet
2022-10-08 22:06:24,FARM_01,171,30.2,82.9,3.9,Vegetative,No,Good,9986.41,-12.05,Very Wet
2022-10-08 22:06:24,FARM_01,170,30.22,85.6,0.0,Vegetative,Yes,Poor,9986.36,-12.05,Very Wet
2022-10-08 22:06:24,FARM_01,170,30.23,84.1,0.0,Vegetative,Yes,Poor,9986.88,-12.01,Very Wet
2022-10-08 22:06:24,FARM_01,170,30.01,90.2,0.0,Vegetative,Yes,Poor,9985.56,-12.12,Very Wet
2022-10-08 22:06:24,FARM_01,170,30.2,79.2,4.0,Vegetative,No,Good,9987.6,-11.95,Very Wet
2022-10-08 22:06:24,FARM_01,170,30.15,81.4,0.56,Vegetative,No,Good,9987.68,-11.94,Very Wet
2022-10-08 22:06:24,FARM_01,170,29.62,83.9,23.78,Vegetative,No,Good,9987.53,-11.95,Very Wet
2022-10-08 22:06:24,FARM_01,169,30.12,83.9,0.0,Vegetative,Yes,Poor,9988.21,-11.9,Very Wet
2022-10-08 22:06:24,FARM_01,170,30.08,90.8,10.78,Vegetative,No,Good,9988.59,-11.86,Very Wet
2022-10-08 22:06:24,FARM_01,169,30.05,89.8,0.0,Vegetative,Yes,Poor,9988.64,-11.86,Very Wet
2022-10-08 22:06:24,FARM_01,170,29.97,83.3,0.0,Vegetative,Yes,Poor,9989.07,-11.82,Very Wet
2022-10-08 22:06:24,FARM_01,170,29.92,92.8,0.0,Vegetative,Yes,Poor,9988.77,-11.85,Very Wet
2022-10-08 22:06:24,FARM_01,170,29.84,80.8,0.0,Vegetative,Yes,Poor,9988.68,-11.86,Very Wet
2022-10-08 22:06:24,FARM_01,170,30.17,93.4,0.0,Vegetative,Yes,Poor,9987.47,-11.96,Very Wet
2022-10-08 22:06:24,FARM_01,170,29.8,80.1,0.0,Vegetative,Yes,Poor,9988.75,-11.85,Very Wet
2022-10-08 22:06:24,FARM_01,169,29.76,79.0,0.0,Vegetative,Yes,Poor,9988.08,-11.91,Very Wet
2022-10-08 22:06:24,FARM_01,170,29.74,86.1,3.74,Vegetative,No,Good,9988.28,-11.89,Very Wet
2022-10-08 22:06:24,FARM_01,170,29.7,85.6,1.11,Vegetative,No,Good,9987.8,-11.93,Very Wet
2022-10-08 22:06:24,FARM_01,170,29.66,89.3,0.0,Vegetative,Yes,Poor,9987.67,-11.94,Very Wet
2022-10-08 22:06:24,FARM_01,234,28.91,79.9,0.0,Vegetative,No,Good,9987.92,-11.92,Wet
2022-10-08 22:06:24,FARM_01,170,29.55,83.7,14.1,Vegetative,No,Good,9987.06,-11.99,Very Wet
2022-10-08 22:06:24,FARM_01,170,29.48,87.1,0.76,Vegetative,No,Good,9986.81,-12.01,Very Wet
2022-10-08 22:06:24,FARM_01,330,30.1,84.4,0.37,Vegetative,No,Poor,9987.88,-11.92,Very Dry
2022-10-08 22:06:24,FARM_01,170,29.06,86.8,9.9,Vegetative,No,Good,9987.98,-11.92,Very Wet
2022-10-08 22:06:24,FARM_01,170,29.27,94.0,0.0,Vegetative,Yes,Poor,9987.16,-11.98,Very Wet
2022-10-08 22:06:24,FARM_01,170,29.44,87.2,1.09,Vegetative,No,Good,9986.99,-12.0,Very Wet
2022-10-08 22:06:24,FARM_01,169,29.41,77.8,0.0,Vegetative,Yes,Poor,9986.86,-12.01,Very Wet
2022-10-08 22:06:24,FARM_01,170,29.38,90.5,0.0,Vegetative,Yes,Poor,9987.06,-11.99,Very Wet
2022-10-08 22:06:24,FARM_01,170,29.35,84.6,0.0,Vegetative,Yes,Poor,9986.75,-12.02,Very Wet
2022-10-08 22:06:24,FARM_01,164,29.05,86.1,0.0,Vegetative,Yes,Poor,9987.81,-11.93,Very Wet
2022-10-08 22:06:24,FARM_01,169,29.33,88.9,0.0,Vegetative,Yes,Poor,9986.92,-12.0,Very Wet
2022-10-08 22:06:24,FARM_01,170,29.25,75.6,0.0,Vegetative,Yes,Poor,9987.19,-11.98,Very Wet
2022-10-08 22:06:24,FARM_01,170,29.08,86.3,0.0,Vegetative,Yes,Poor,9987.96,-11.92,Very Wet
2022-10-08 22:06:24,FARM_01,170,29.22,82.3,7.72,Vegetative,No,Good,9987.36,-11.97,Very Wet
2022-10-08 22:06:24,FARM_01,170,29.2,94.0,8.0,Vegetative,No,Good,9987.19,-11.98,Very Wet
2022-10-08 22:06:24,FARM_01,169,29.17,87.5,0.0,Vegetative,Yes,Poor,9987.22,-11.98,Very Wet
2022-10-08 22:06:24,FARM_01,170,29.15,84.9,0.0,Vegetative,Yes,Poor,9987.42,-11.96,Very Wet
2022-10-08 22:06:24,FARM_01,170,29.3,72.7,0.0,Vegetative,Yes,Poor,9987.47,-11.96,Very Wet
2022-10-08 22:06:24,FARM_01,170,29.03,84.8,0.0,Vegetative,Yes,Poor,9987.84,-11.93,Very Wet
2022-10-08 22:06:24,FARM_01,170,28.79,76.9,0.0,Vegetative,Yes,Poor,9986.45,-12.04,Very Wet
2022-10-08 22:06:24,FARM_01,170,28.8,91.6,9.24,Vegetative,No,Good,9986.45,-12.04,Very Wet
2022-10-08 22:06:24,FARM_01,234,28.93,85.6,0.0,Vegetative,No,Good,9988.27,-11.89,Wet
2022-10-08 22:06:24,FARM_01,170,29.51,76.9,0.0,Vegetative,Yes,Poor,9987.13,-11.99,Very Wet
2022-10-08 22:06:24,FARM_01,170,29.01,84.9,0.0,Vegetative,Yes,Poor,9987.87,-11.92,Very Wet
2022-10-08 22:06:24,FARM_01,170,29.0,88.2,0.0,Vegetative,Yes,Poor,9988.19,-11.9,Very Wet
2022-10-08 22:06:24,FARM_01,170,28.98,81.8,0.0,Vegetative,Yes,Poor,9987.87,-11.92,Very Wet
2022-10-08 22:06:24,FARM_01,168,28.96,89.2,0.0,Vegetative,Yes,Poor,9987.89,-11.92,Very Wet
2022-10-08 22:06:24,FARM_01,170,28.94,75.5,0.0,Vegetative,Yes,Poor,9988.23,-11.89,Very Wet
2022-10-08 22:06:24,FARM_01,169,28.93,84.4,0.0,Vegetative,Yes,Poor,9988.09,-11.91,Very Wet
2022-10-08 22:06:24,FARM_01,170,28.91,92.0,0.0,Vegetative,Yes,Poor,9987.92,-11.92,Very Wet
2022-10-08 22:06:24,FARM_01,170,28.89,83.0,0.0,Vegetative,Yes,Poor,9987.92,-11.92,Very Wet
2022-10-08 22:06:24,FARM_01,170,28.88,91.9,0.0,Vegetative,Yes,Poor,9987.58,-11.95,Very Wet
2022-10-08 22:06:24,FARM_01,168,28.86,78.9,5.86,Vegetative,No,Good,9987.6,-11.95,Very Wet
2022-10-08 22:06:24,FARM_01,170,28.83,87.3,4.28,Vegetative,No,Good,9987.11,-11.99,Very Wet
2022-10-08 22:06:24,FARM_01,170,28.82,81.7,0.0,Vegetative,Yes,Poor,9986.77,-12.02,Very Wet
2022-10-08 22:06:24,FARM_01,170,29.13,75.4,2.22,Vegetative,No,Good,9987.61,-11.95,Very Wet
2022-10-08 22:06:24,FARM_01,258,29.42,82.0,0.0,Vegetative,No,Good,9986.17,-12.07,Wet
2022-10-08 22:06:24,FARM_01,170,29.11,88.7,1.27,Vegetative,No,Good,9988.11,-11.9,Very Wet
2022-10-08 22:06:24,FARM_01,169,28.76,83.5,0.0,Vegetative,Yes,Poor,9986.45,-12.04,Very Wet
2022-10-08 22:06:24,FARM_01,432,29.71,86.5,0.0,Vegetative,No,Poor,9987.8,-11.93,Very Dry
2022-10-08 22:06:24,FARM_01,169,28.71,84.5,0.0,Vegetative,Yes,Poor,9985.98,-12.08,Very Wet
2022-10-08 22:06:24,FARM_01,170,28.7,82.7,0.0,Vegetative,Yes,Poor,9985.98,-12.08,Very Wet
2022-10-08 22:06:24,FARM_01,169,29.1,96.4,0.0,Vegetative,Yes,Poor,9987.45,-11.96,Very Wet
2022-10-08 22:06:24,FARM_01,170,29.26,86.5,0.0,Vegetative,Yes,Poor,9987.67,-11.94,Very Wet
2022-10-08 22:06:24,FARM_01,169,28.73,86.1,3.69,Vegetative,No,Good,9986.13,-12.07,Very Wet
2022-10-08 22:06:24,FARM_01,230,29.52,82.2,3.48,Vegetative,No,Good,9987.95,-11.92,Wet
2022-10-08 22:06:24,FARM_01,284,30.09,80.2,0.0,Vegetative,No,Poor,9987.22,-11.98,Dry
2022-10-08 22:06:24,FARM_01,302,29.95,81.9,17.66,Vegetative,No,Poor,9987.9,-11.92,Dry
2022-10-08 22:06:24,FARM_01,263,30.01,85.9,5.57,Vegetative,No,Good,9987.63,-11.95,Wet
2022-10-08 22:06:24,FARM_01,232,30.06,82.7,0.0,Vegetative,No,Good,9987.6,-11.95,Wet
2022-10-08 22:06:24,FARM_01,235,30.09,93.5,1.71,Vegetative,No,Good,9987.56,-11.95,Wet
2022-10-08 22:06:24,FARM_01,396,30.1,86.0,0.0,Vegetative,No,Poor,9987.7,-11.94,Very Dry
2022-10-08 22:06:24,FARM_01,357,29.85,81.6,0.0,Vegetative,No,Poor,9988.33,-11.89,Very Dry
2022-10-08 22:06:24,FARM_01,247,30.07,90.9,0.0,Vegetative,No,Good,9986.91,-12.01,Wet
2022-10-08 22:06:24,FARM_01,258,30.03,72.3,0.0,Vegetative,No,Good,9987.3,-11.97,Wet
2022-10-08 22:06:24,FARM_01,259,29.5,72.7,1.84,Vegetative,No,Good,9985.41,-12.13,Wet
2022-10-08 22:06:24,FARM_01,170,28.74,79.2,0.0,Vegetative,Yes,Poor,9986.3,-12.06,Very Wet
2022-10-08 22:06:24,FARM_01,257,29.77,80.2,0.0,Vegetative,No,Good,9986.36,-12.05,Wet
2022-10-08 22:06:24,FARM_01,258,30.0,70.2,0.0,Vegetative,No,Good,9987.14,-11.99,Wet
2022-10-08 22:06:24,FARM_01,258,29.97,86.9,0.0,Vegetative,No,Good,9987.35,-11.97,Wet
2022-10-08 22:06:24,FARM_01,259,29.93,81.3,0.0,Vegetative,No,Good,9987.39,-11.97,Wet
2022-10-08 22:06:24,FARM_01,257,29.89,85.0,0.0,Vegetative,No,Good,9987.06,-11.99,Wet
2022-10-08 22:06:24,FARM_01,258,29.85,79.7,0.0,Vegetative,No,Good,9986.79,-12.02,Wet
2022-10-08 22:06:24,FARM_01,258,29.81,79.6,0.0,Vegetative,No,Good,9986.31,-12.06,Wet
2022-10-08 22:06:24,FARM_01,258,29.72,79.1,0.0,Vegetative,No,Good,9986.05,-12.08,Wet
2022-10-08 22:06:24,FARM_01,223,30.06,85.7,4.97,Vegetative,No,Good,9987.09,-11.99,Wet
2022-10-08 22:06:24,FARM_01,258,29.68,87.4,0.0,Vegetative,No,Good,9985.92,-12.09,Wet
2022-10-08 22:06:24,FARM_01,257,29.64,69.5,0.0,Vegetative,No,Good,9985.62,-12.11,Wet
2022-10-08 22:06:24,FARM_01,258,29.62,76.7,0.0,Vegetative,No,Good,9985.82,-12.1,Wet
2022-10-08 22:06:24,FARM_01,257,29.58,90.1,2.5,Vegetative,No,Good,9985.69,-12.11,Wet
2022-10-08 22:06:24,FARM_01,257,29.54,82.1,1.63,Vegetative,No,Good,9985.37,-12.13,Wet
2022-10-08 22:06:24,FARM_01,170,28.77,82.1,2.07,Vegetative,No,Good,9986.45,-12.04,Very Wet
2022-10-08 22:06:24,FARM_01,259,29.39,88.8,0.44,Vegetative,No,Good,9986.72,-12.02,Wet
2022-10-08 22:06:24,FARM_01,239,28.58,80.3,0.53,Vegetative,No,Good,9980.05,-12.58,Wet
2022-10-08 22:06:24,FARM_01,258,28.96,84.7,0.0,Vegetative,No,Good,9986.33,-12.05,Wet
2022-10-08 22:06:24,FARM_01,258,29.17,73.8,0.0,Vegetative,No,Good,9987.05,-11.99,Wet
2022-10-08 22:06:24,FARM_01,258,29.32,87.4,0.0,Vegetative,No,Good,9986.75,-12.02,Wet
2022-10-08 22:06:24,FARM_01,257,29.29,85.6,0.0,Vegetative,No,Good,9986.78,-12.02,Wet
2022-10-08 22:06:24,FARM_01,249,29.26,81.6,0.0,Vegetative,No,Good,9986.64,-12.03,Wet
2022-10-08 22:06:24,FARM_01,259,29.23,79.3,0.51,Vegetative,No,Good,9986.84,-12.01,Wet
2022-10-08 22:06:24,FARM_01,257,28.94,85.5,0.0,Vegetative,No,Good,9986.19,-12.07,Wet
2022-10-08 22:06:24,FARM_01,259,29.22,82.4,0.0,Vegetative,No,Good,9986.84,-12.01,Wet
2022-10-08 22:06:24,FARM_01,258,29.14,89.8,0.0,Vegetative,No,Good,9987.08,-11.99,Wet
2022-10-08 22:06:24,FARM_01,257,28.98,90.7,0.0,Vegetative,No,Good,9986.5,-12.04,Wet
2022-10-08 22:06:24,FARM_01,258,29.12,83.8,0.0,Vegetative,No,Good,9986.73,-12.02,Wet
2022-10-08 22:06:24,FARM_01,258,29.1,88.6,0.0,Vegetative,No,Good,9986.94,-12.0,Wet
2022-10-08 22:06:24,FARM_01,260,29.07,84.7,0.0,Vegetative,No,Good,9986.61,-12.03,Wet
2022-10-08 22:06:24,FARM_01,259,29.05,79.8,0.0,Vegetative,No,Good,9986.96,-12.0,Wet
2022-10-08 22:06:24,FARM_01,258,29.19,89.3,3.88,Vegetative,No,Good,9987.02,-12.0,Wet
2022-10-08 22:06:24,FARM_01,258,29.03,85.8,0.0,Vegetative,No,Good,9986.64,-12.03,Wet
2022-10-08 22:06:24,FARM_01,258,28.93,83.4,0.03,Vegetative,No,Good,9986.19,-12.07,Wet
2022-10-08 22:06:24,FARM_01,260,28.71,86.9,0.0,Vegetative,No,Good,9983.59,-12.29,Wet
2022-10-08 22:06:24,FARM_01,258,28.28,92.1,0.0,Vegetative,No,Good,9982.91,-12.34,Wet
2022-10-08 22:06:24,FARM_01,259,28.91,74.7,0.0,Vegetative,No,Good,9986.04,-12.08,Wet
2022-10-08 22:06:24,FARM_01,260,28.9,85.1,0.0,Vegetative,No,Good,9985.89,-12.09,Wet
2022-10-08 22:06:24,FARM_01,258,28.88,80.6,4.31,Vegetative,No,Good,9985.52,-12.12,Wet
2022-10-08 22:06:24,FARM_01,260,28.86,88.2,2.36,Vegetative,No,Good,9985.2,-12.15,Wet
2022-10-08 22:06:24,FARM_01,259,28.84,87.2,0.0,Vegetative,No,Good,9984.86,-12.18,Wet
2022-10-08 22:06:24,FARM_01,259,28.69,91.3,0.24,Vegetative,No,Good,9983.61,-12.28,Wet
2022-10-08 22:06:24,FARM_01,264,28.82,83.0,0.0,Vegetative,No,Good,9984.55,-12.2,Wet
2022-10-08 22:06:24,FARM_01,258,28.79,79.3,0.0,Vegetative,No,Good,9983.71,-12.27,Wet
2022-10-08 22:06:24,FARM_01,259,28.76,93.0,0.0,Vegetative,No,Good,9983.54,-12.29,Wet
2022-10-08 22:06:24,FARM_01,259,28.74,89.5,0.0,Vegetative,No,Good,9983.39,-12.3,Wet
2022-10-08 22:06:24,FARM_01,258,28.73,83.7,8.86,Vegetative,No,Good,9983.56,-12.29,Wet
2022-10-08 22:06:24,FARM_01,258,28.72,91.4,0.0,Vegetative,No,Good,9983.39,-12.3,Wet
2022-10-08 22:06:24,FARM_01,261,28.8,83.5,0.0,Vegetative,No,Good,9984.23,-12.23,Wet
2022-10-08 22:06:24,FARM_01,258,29.01,88.9,0.0,Vegetative,No,Good,9986.65,-12.03,Wet
2022-10-08 22:06:24,FARM_01,259,28.68,82.0,0.0,Vegetative,No,Good,9983.61,-12.28,Wet
2022-10-08 22:06:24,FARM_01,260,28.66,93.9,0.0,Vegetative,No,Good,9983.41,-12.3,Wet
2022-10-08 22:06:24,FARM_01,260,28.56,86.6,0.0,Vegetative,No,Good,9983.16,-12.32,Wet
2022-10-08 22:06:24,FARM_01,259,28.63,79.8,0.0,Vegetative,No,Good,9983.45,-12.3,Wet
2022-10-08 22:06:24,FARM_01,258,28.61,83.3,3.61,Vegetative,No,Good,9983.11,-12.33,Wet
2022-10-08 22:06:24,FARM_01,260,28.6,84.4,0.0,Vegetative,No,Good,9983.14,-12.32,Wet
2022-10-08 22:06:24,FARM_01,259,28.59,80.0,0.97,Vegetative,No,Good,9983.14,-12.32,Wet
2022-10-08 22:06:24,FARM_01,259,28.58,89.2,0.63,Vegetative,No,Good,9982.8,-12.35,Wet
2022-10-08 22:06:24,FARM_01,258,28.64,82.1,2.76,Vegetative,No,Good,9983.44,-12.3,Wet
2022-10-08 22:06:24,FARM_01,260,28.57,89.0,0.41,Vegetative,No,Good,9982.8,-12.35,Wet
2022-10-08 22:06:24,FARM_01,260,28.47,83.7,1.71,Vegetative,No,Good,9983.02,-12.33,Wet
2022-10-08 22:06:24,FARM_01,258,28.54,86.9,0.0,Vegetative,No,Good,9982.81,-12.35,Wet
2022-10-08 22:06:24,FARM_01,259,28.53,84.6,0.0,Vegetative,No,Good,9982.81,-12.35,Wet
2022-10-08 22:06:24,FARM_01,259,28.51,84.4,15.13,Vegetative,No,Good,9982.81,-12.35,Wet
2022-10-08 22:06:24,FARM_01,258,28.5,87.8,0.0,Vegetative,No,Good,9982.83,-12.35,Wet
2022-10-08 22:06:24,FARM_01,258,28.49,86.7,6.92,Vegetative,No,Good,9983.0,-12.33,Wet
2022-10-08 22:06:24,FARM_01,259,28.55,91.8,3.71,Vegetative,No,Good,9982.79,-12.35,Wet
2022-10-08 22:06:24,FARM_01,260,28.46,88.1,3.58,Vegetative,No,Good,9982.67,-12.36,Wet
2022-10-08 22:06:24,FARM_01,259,28.44,79.5,1.2,Vegetative,No,Good,9982.5,-12.38,Wet
2022-10-08 22:06:24,FARM_01,260,28.29,93.5,4.01,Vegetative,No,Good,9982.91,-12.34,Wet
2022-10-08 22:06:24,FARM_01,259,28.65,78.9,0.0,Vegetative,No,Good,9983.44,-12.3,Wet
2022-10-08 22:06:24,FARM_01,260,28.35,83.8,0.0,Vegetative,No,Good,9982.73,-12.36,Wet
2022-10-08 22:06:24,FARM_01,259,28.43,81.1,0.0,Vegetative,No,Good,9982.5,-12.38,Wet
2022-10-08 22:06:24,FARM_01,260,28.42,82.0,0.0,Vegetative,No,Good,9982.52,-12.37,Wet
2022-10-08 22:06:24,FARM_01,259,28.41,88.9,5.07,Vegetative,No,Good,9982.52,-12.37,Wet
2022-10-08 22:06:24,FARM_01,259,28.39,83.4,0.0,Vegetative,No,Good,9982.52,-12.38,Wet
2022-10-08 22:06:24,FARM_01,260,28.38,81.9,1.13,Vegetative,No,Good,9982.38,-12.39,Wet
2022-10-08 22:06:24,FARM_01,259,28.37,85.0,12.2,Vegetative,No,Good,9982.37,-12.39,Wet
2022-10-08 22:06:24,FARM_01,258,28.34,92.2,0.0,Vegetative,No,Good,9982.73,-12.36,Wet
2022-10-08 22:06:24,FARM_01,260,28.45,78.7,0.0,Vegetative,No,Good,9982.67,-12.36,Wet
2022-10-08 22:06:24,FARM_01,260,28.33,89.2,0.0,Vegetative,No,Good,9982.72,-12.36,Wet
2022-10-08 22:06:24,FARM_01,259,28.32,82.1,0.0,Vegetative,No,Good,9982.9,-12.34,Wet
2022-10-08 22:06:24,FARM_01,260,28.31,88.9,0.0,Vegetative,No,Good,9982.89,-12.34,Wet
2022-10-08 22:06:24,FARM_01,258,28.31,86.0,0.38,Vegetative,No,Good,9982.72,-12.36,Wet
2022-10-08 22:06:24,FARM_01,260,28.3,80.4,0.0,Vegetative,No,Good,9982.72,-12.36,Wet
2022-10-08 22:06:24,FARM_01,259,28.27,82.4,0.0,Vegetative,No,Good,9982.56,-12.37,Wet
2022-10-08 22:06:24,FARM_01,260,28.48,81.9,0.57,Vegetative,No,Good,9983.17,-12.32,Wet
2022-10-08 22:06:24,FARM_01,172,29.13,90.4,0.85,Vegetative,No,Good,9983.5,-12.29,Very Wet
2022-10-08 22:06:24,FARM_01,258,28.22,93.3,0.0,Vegetative,No,Good,9982.92,-12.34,Wet
2022-10-08 22:06:24,FARM_01,260,28.25,81.7,0.0,Vegetative,No,Good,9982.41,-12.38,Wet
2022-10-08 22:06:24,FARM_01,261,28.25,84.1,5.88,Vegetative,No,Good,9982.92,-12.34,Wet
2022-10-08 22:06:24,FARM_01,259,28.24,88.5,0.0,Vegetative,No,Good,9982.75,-12.36,Wet
2022-10-08 22:06:24,FARM_01,260,28.23,82.6,0.0,Vegetative,No,Good,9982.78,-12.35,Wet
2022-10-08 22:06:24,FARM_01,259,28.23,82.1,0.0,Vegetative,No,Good,9982.95,-12.34,Wet
2022-10-08 22:06:24,FARM_01,258,28.47,80.6,0.0,Vegetative,No,Good,9987.64,-11.94,Wet
2022-10-08 22:06:24,FARM_01,258,28.2,80.9,0.0,Vegetative,No,Good,9983.11,-12.33,Wet
2022-10-08 22:06:24,FARM_01,260,28.2,86.2,5.96,Vegetative,No,Good,9982.42,-12.38,Wet
2022-10-08 22:06:24,FARM_01,259,28.19,83.4,0.0,Vegetative,No,Good,9982.08,-12.41,Wet
2022-10-08 22:06:24,FARM_01,259,28.18,88.5,0.0,Vegetative,No,Good,9982.42,-12.38,Wet
2022-10-08 22:06:24,FARM_01,260,28.21,92.3,6.3,Vegetative,No,Good,9982.75,-12.36,Wet
2022-10-08 22:06:24,FARM_01,260,28.17,88.1,9.42,Vegetative,No,Good,9982.44,-12.38,Wet
2022-10-08 22:06:24,FARM_01,260,28.85,84.9,0.0,Vegetative,No,Good,9987.6,-11.95,Wet
2022-10-08 22:06:24,FARM_01,172,29.73,76.4,0.0,Vegetative,Yes,Poor,9985.54,-12.12,Very Wet
2022-10-08 22:06:24,FARM_01,209,29.47,79.4,0.0,Vegetative,No,Good,9987.84,-11.93,Wet
2022-10-08 22:06:24,FARM_01,188,29.61,81.1,0.0,Vegetative,No,Good,9987.88,-11.92,Very Wet
2022-10-08 22:06:24,FARM_01,177,29.71,91.9,0.0,Vegetative,No,Good,9987.63,-11.95,Very Wet
2022-10-08 22:06:24,FARM_01,173,29.83,83.3,0.0,Vegetative,Yes,Poor,9987.51,-11.96,Very Wet
2022-10-08 22:06:24,FARM_01,258,29.02,88.0,0.0,Vegetative,No,Good,9987.84,-11.93,Wet
2022-10-08 22:06:24,FARM_01,173,29.85,85.8,13.38,Vegetative,No,Good,9986.96,-12.0,Very Wet
2022-10-08 22:06:24,FARM_01,172,29.86,90.0,0.0,Vegetative,Yes,Poor,9987.13,-11.99,Very Wet
2022-10-08 22:06:24,FARM_01,171,29.82,88.6,0.0,Vegetative,Yes,Poor,9986.66,-12.04,Very Wet
2022-10-08 22:06:24,FARM_01,174,29.79,79.2,3.26,Vegetative,No,Good,9986.16,-12.07,Very Wet
2022-10-08 22:06:24,FARM_01,173,29.76,86.9,22.8,Vegetative,No,Good,9985.5,-12.12,Very Wet
2022-10-08 22:06:24,FARM_01,173,29.87,88.8,4.63,Vegetative,No,Good,9987.27,-11.98,Very Wet
2022-10-08 22:06:24,FARM_01,172,29.69,84.8,0.0,Vegetative,Yes,Poor,9985.23,-12.15,Very Wet
2022-10-08 22:06:24,FARM_01,163,29.62,87.7,0.0,Vegetative,Yes,Poor,9984.8,-12.18,Very Wet
2022-10-08 22:06:24,FARM_01,172,28.67,83.6,0.0,Vegetative,Yes,Poor,9981.55,-12.46,Very Wet
2022-10-08 22:06:24,FARM_01,172,29.35,76.9,0.0,Vegetative,Yes,Poor,9983.48,-12.29,Very Wet
2022-10-08 22:06:24,FARM_01,172,29.54,86.7,0.0,Vegetative,Yes,Poor,9984.18,-12.24,Very Wet
2022-10-08 22:06:24,FARM_01,172,29.51,90.1,0.0,Vegetative,Yes,Poor,9983.87,-12.26,Very Wet
2022-10-08 22:06:24,FARM_01,173,29.47,80.9,0.0,Vegetative,Yes,Poor,9983.91,-12.26,Very Wet
2022-10-08 22:06:24,FARM_01,172,29.44,81.3,0.0,Vegetative,Yes,Poor,9983.91,-12.26,Very Wet
2022-10-08 22:06:24,FARM_01,174,29.4,90.9,0.0,Vegetative,Yes,Poor,9983.63,-12.28,Very Wet
2022-10-08 22:06:24,FARM_01,173,29.08,82.0,0.0,Vegetative,Yes,Poor,9983.19,-12.32,Very Wet
2022-10-08 22:06:24,FARM_01,173,29.38,86.4,1.1,Vegetative,No,Good,9983.63,-12.28,Very Wet
2022-10-08 22:06:24,FARM_01,172,29.1,80.3,0.17,Vegetative,No,Good,9983.51,-12.29,Very Wet
2022-10-08 22:06:24,FARM_01,172,29.28,93.3,0.0,Vegetative,Yes,Poor,9983.55,-12.29,Very Wet
2022-10-08 22:06:24,FARM_01,173,29.24,82.4,8.03,Vegetative,No,Good,9983.41,-12.3,Very Wet
2022-10-08 22:06:24,FARM_01,171,29.21,84.1,0.0,Vegetative,Yes,Poor,9983.59,-12.29,Very Wet
2022-10-08 22:06:24,FARM_01,172,29.18,84.6,8.25,Vegetative,No,Good,9983.45,-12.3,Very Wet
2022-10-08 22:06:24,FARM_01,173,29.16,70.5,0.0,Vegetative,Yes,Poor,9983.47,-12.29,Very Wet
2022-10-08 22:06:24,FARM_01,172,29.31,88.5,3.64,Vegetative,No,Good,9983.7,-12.28,Very Wet
2022-10-08 22:06:24,FARM_01,173,29.05,86.6,5.53,Vegetative,No,Good,9983.19,-12.32,Very Wet
2022-10-08 22:06:24,FARM_01,173,29.04,88.9,0.0,Vegetative,Yes,Poor,9983.56,-12.29,Very Wet
2022-10-08 22:06:24,FARM_01,171,28.72,81.4,0.0,Vegetative,Yes,Poor,9981.7,-12.44,Very Wet
2022-10-08 22:06:24,FARM_01,172,29.58,83.4,5.26,Vegetative,No,Good,9984.66,-12.2,Very Wet
2022-10-08 22:06:24,FARM_01,173,29.01,76.6,0.0,Vegetative,Yes,Poor,9983.41,-12.3,Very Wet
2022-10-08 22:06:24,FARM_01,172,28.99,84.6,0.0,Vegetative,Yes,Poor,9983.08,-12.33,Very Wet
2022-10-08 22:06:24,FARM_01,172,28.97,77.8,2.35,Vegetative,No,Good,9983.24,-12.31,Very Wet
2022-10-08 22:06:24,FARM_01,173,28.94,92.8,6.98,Vegetative,No,Good,9983.09,-12.33,Very Wet
2022-10-08 22:06:24,FARM_01,172,28.92,87.9,0.0,Vegetative,Yes,Poor,9982.78,-12.35,Very Wet
2022-10-08 22:06:24,FARM_01,173,28.9,91.7,0.0,Vegetative,Yes,Poor,9982.81,-12.35,Very Wet
2022-10-08 22:06:24,FARM_01,171,28.88,83.6,0.0,Vegetative,Yes,Poor,9982.44,-12.38,Very Wet
2022-10-08 22:06:24,FARM_01,172,28.86,85.4,0.0,Vegetative,Yes,Poor,9982.64,-12.36,Very Wet
2022-10-08 22:06:24,FARM_01,172,28.83,88.8,0.0,Vegetative,Yes,Poor,9982.49,-12.38,Very Wet
2022-10-08 22:06:24,FARM_01,173,28.81,70.6,0.0,Vegetative,Yes,Poor,9982.48,-12.38,Very Wet
2022-10-08 22:06:24,FARM_01,172,28.79,74.7,0.0,Vegetative,Yes,Poor,9982.52,-12.38,Very Wet
2022-10-08 22:06:24,FARM_01,173,28.78,78.7,0.0,Vegetative,Yes,Poor,9982.14,-12.41,Very Wet
2022-10-08 22:06:24,FARM_01,172,28.76,87.4,0.0,Vegetative,Yes,Poor,9982.17,-12.4,Very Wet
2022-10-08 22:06:24,FARM_01,172,28.74,70.2,0.0,Vegetative,Yes,Poor,9981.84,-12.43,Very Wet
2022-10-08 22:06:24,FARM_01,258,28.26,83.4,0.0,Vegetative,No,Good,9982.42,-12.38,Wet
2022-10-08 22:06:24,FARM_01,172,28.69,75.7,0.0,Vegetative,Yes,Poor,9981.53,-12.46,Very Wet
2022-10-08 22:06:24,FARM_01,170,28.65,94.5,0.0,Vegetative,Yes,Poor,9981.72,-12.44,Very Wet
2022-10-08 22:06:24,FARM_01,327,29.26,79.5,4.36,Vegetative,No,Poor,9921.51,-17.51,Dry
2022-10-08 22:06:24,FARM_01,172,28.41,85.4,0.0,Vegetative,Yes,Poor,9980.3,-12.56,Very Wet
2022-10-08 22:06:24,FARM_01,172,28.52,80.5,13.43,Vegetative,No,Good,9981.09,-12.5,Very Wet
2022-10-08 22:06:24,FARM_01,172,28.61,81.0,0.14,Vegetative,No,Good,9981.75,-12.44,Very Wet
2022-10-08 22:06:24,FARM_01,173,28.59,75.2,0.0,Vegetative,Yes,Poor,9981.77,-12.44,Very Wet
2022-10-08 22:06:24,FARM_01,173,28.57,88.2,0.0,Vegetative,Yes,Poor,9981.77,-12.44,Very Wet
2022-10-08 22:06:24,FARM_01,172,28.56,87.6,13.52,Vegetative,No,Good,9981.62,-12.45,Very Wet
2022-10-08 22:06:24,FARM_01,171,28.4,87.3,0.0,Vegetative,Yes,Poor,9980.3,-12.56,Very Wet
2022-10-08 22:06:24,FARM_01,171,28.54,86.0,0.0,Vegetative,Yes,Poor,9981.42,-12.47,Very Wet
2022-10-08 22:06:24,FARM_01,171,28.51,87.4,0.0,Vegetative,Yes,Poor,9981.3,-12.48,Very Wet
2022-10-08 22:06:24,FARM_01,171,28.42,83.2,0.0,Vegetative,Yes,Poor,9980.44,-12.55,Very Wet
2022-10-08 22:06:24,FARM_01,171,28.5,83.5,0.0,Vegetative,Yes,Poor,9981.29,-12.48,Very Wet
2022-10-08 22:06:24,FARM_01,173,28.48,90.7,0.53,Vegetative,No,Good,9981.12,-12.49,Very Wet
2022-10-08 22:06:24,FARM_01,171,28.47,88.3,0.0,Vegetative,Yes,Poor,9980.97,-12.51,Very Wet
2022-10-08 22:06:24,FARM_01,172,28.46,82.1,0.0,Vegetative,Yes,Poor,9981.14,-12.49,Very Wet
2022-10-08 22:06:24,FARM_01,173,28.45,82.1,0.0,Vegetative,Yes,Poor,9980.99,-12.5,Very Wet
2022-10-08 22:06:24,FARM_01,172,28.39,92.4,0.0,Vegetative,Yes,Poor,9980.46,-12.55,Very Wet
2022-10-08 22:06:24,FARM_01,173,28.25,82.4,0.0,Vegetative,Yes,Poor,9980.19,-12.57,Very Wet
2022-10-08 22:06:24,FARM_01,170,29.21,78.9,2.56,Vegetative,No,Good,9982.05,-12.41,Very Wet
2022-10-08 22:06:24,FARM_01,172,28.38,82.0,0.0,Vegetative,Yes,Poor,9980.66,-12.53,Very Wet
2022-10-08 22:06:24,FARM_01,172,28.36,90.7,5.1,Vegetative,No,Good,9980.48,-12.55,Very Wet
2022-10-08 22:06:24,FARM_01,164,28.35,89.1,1.28,Vegetative,No,Good,9980.33,-12.56,Very Wet
2022-10-08 22:06:24,FARM_01,172,28.34,94.1,2.1,Vegetative,No,Good,9980.67,-12.53,Very Wet
2022-10-08 22:06:24,FARM_01,171,28.33,90.8,4.52,Vegetative,No,Good,9980.67,-12.53,Very Wet
2022-10-08 22:06:24,FARM_01,172,28.24,82.5,0.0,Vegetative,Yes,Poor,9979.84,-12.6,Very Wet
2022-10-08 22:06:24,FARM_01,172,28.32,88.2,0.0,Vegetative,Yes,Poor,9980.67,-12.53,Very Wet
2022-10-08 22:06:24,FARM_01,172,28.3,78.2,0.0,Vegetative,Yes,Poor,9980.32,-12.56,Very Wet
2022-10-08 22:06:24,FARM_01,171,28.29,79.1,0.0,Vegetative,Yes,Poor,9980.17,-12.57,Very Wet
2022-10-08 22:06:24,FARM_01,171,28.28,86.4,0.0,Vegetative,Yes,Poor,9980.0,-12.59,Very Wet
2022-10-08 22:06:24,FARM_01,172,28.27,91.3,2.42,Vegetative,No,Good,9980.34,-12.56,Very Wet
2022-10-08 22:06:24,FARM_01,171,28.27,86.4,0.0,Vegetative,Yes,Poor,9980.17,-12.57,Very Wet
2022-10-08 22:06:24,FARM_01,172,28.26,90.7,0.0,Vegetative,Yes,Poor,9980.02,-12.59,Very Wet
2022-10-08 22:06:24,FARM_01,173,28.31,77.2,0.0,Vegetative,Yes,Poor,9980.5,-12.55,Very Wet
2022-10-08 22:06:24,FARM_01,171,28.44,86.0,0.0,Vegetative,Yes,Poor,9980.95,-12.51,Very Wet
2022-10-08 22:06:24,FARM_01,173,28.23,73.8,0.0,Vegetative,Yes,Poor,9979.88,-12.6,Very Wet
2022-10-08 22:06:24,FARM_01,172,28.23,76.0,0.0,Vegetative,Yes,Poor,9979.7,-12.61,Very Wet
2022-10-08 22:06:24,FARM_01,192,28.15,81.6,0.0,Vegetative,No,Good,9978.84,-12.68,Very Wet
2022-10-08 22:06:24,FARM_01,172,28.2,89.3,0.0,Vegetative,Yes,Poor,9979.34,-12.64,Very Wet
2022-10-08 22:06:24,FARM_01,172,28.19,87.6,0.0,Vegetative,Yes,Poor,9979.34,-12.64,Very Wet
2022-10-08 22:06:24,FARM_01,171,28.18,83.0,0.0,Vegetative,Yes,Poor,9979.0,-12.67,Very Wet
2022-10-08 22:06:24,FARM_01,173,28.17,89.2,0.0,Vegetative,Yes,Poor,9978.67,-12.7,Very Wet
2022-10-08 22:06:24,FARM_01,171,28.21,84.6,0.0,Vegetative,Yes,Poor,9979.32,-12.64,Very Wet
2022-10-08 22:06:24,FARM_01,172,28.16,84.3,0.0,Vegetative,Yes,Poor,9979.02,-12.67,Very Wet
2022-10-08 22:06:24,FARM_01,238,28.86,80.4,5.18,Vegetative,No,Good,9980.92,-12.51,Wet
2022-10-08 22:06:24,FARM_01,254,28.14,90.3,0.0,Vegetative,No,Good,9978.69,-12.7,Wet
2022-10-08 22:06:24,FARM_01,239,28.13,87.4,3.34,Vegetative,No,Good,9978.86,-12.68,Wet
2022-10-08 22:06:24,FARM_01,238,28.12,89.7,0.0,Vegetative,No,Good,9978.52,-12.71,Wet
2022-10-08 22:06:24,FARM_01,238,28.26,80.1,0.0,Vegetative,No,Good,9979.16,-12.66,Wet
2022-10-08 22:06:24,FARM_01,285,28.15,86.7,0.0,Vegetative,No,Poor,9978.7,-12.7,Dry
2022-10-08 22:06:24,FARM_01,240,29.06,79.4,3.82,Vegetative,No,Good,9980.96,-12.51,Wet
2022-10-08 22:06:24,FARM_01,238,29.27,72.2,0.0,Vegetative,No,Good,9981.5,-12.46,Wet
2022-10-08 22:06:24,FARM_01,172,28.22,82.5,0.0,Vegetative,Yes,Poor,9979.32,-12.64,Very Wet
2022-10-08 22:06:24,FARM_01,236,29.47,85.1,0.0,Vegetative,No,Good,9982.02,-12.42,Wet
2022-10-08 22:06:24,FARM_01,236,29.37,80.4,0.0,Vegetative,No,Good,9982.12,-12.41,Wet
2022-10-08 22:06:24,FARM_01,240,29.43,86.4,0.0,Vegetative,No,Good,9981.88,-12.43,Wet
2022-10-08 22:06:24,FARM_01,238,29.47,78.9,0.0,Vegetative,No,Good,9982.02,-12.42,Wet
2022-10-08 22:06:24,FARM_01,238,29.49,80.1,0.44,Vegetative,No,Good,9981.81,-12.43,Wet
2022-10-08 22:06:24,FARM_01,237,29.5,89.3,0.0,Vegetative,No,Good,9981.81,-12.43,Wet
2022-10-08 22:06:24,FARM_01,219,29.45,79.2,0.0,Vegetative,No,Good,9982.02,-12.42,Wet
2022-10-08 22:06:24,FARM_01,237,29.14,91.5,0.0,Vegetative,No,Good,9981.08,-12.5,Wet
2022-10-08 22:06:24,FARM_01,193,29.42,73.5,0.0,Vegetative,No,Good,9982.05,-12.41,Very Wet
2022-10-08 22:06:24,FARM_01,170,29.34,85.9,0.0,Vegetative,Yes,Poor,9982.3,-12.39,Very Wet
2022-10-08 22:06:24,FARM_01,170,29.29,87.7,5.13,Vegetative,No,Good,9982.33,-12.39,Very Wet
2022-10-08 22:06:24,FARM_01,170,29.17,88.9,4.49,Vegetative,No,Good,9982.08,-12.41,Very Wet
2022-10-08 22:06:24,FARM_01,170,29.09,85.2,0.0,Vegetative,Yes,Poor,9981.62,-12.45,Very Wet
2022-10-08 22:06:24,FARM_01,169,28.16,86.9,4.09,Vegetative,No,Good,9974.73,-13.03,Very Wet
2022-10-08 22:06:24,FARM_01,169,29.05,80.2,0.0,Vegetative,Yes,Poor,9981.3,-12.48,Very Wet
2022-10-08 22:06:24,FARM_01,169,29.01,86.5,6.19,Vegetative,No,Good,9981.19,-12.49,Very Wet
2022-10-08 22:06:24,FARM_01,170,28.97,86.5,0.0,Vegetative,Yes,Poor,9980.67,-12.53,Very Wet
2022-10-08 22:06:24,FARM_01,170,28.93,82.7,6.0,Vegetative,No,Good,9980.53,-12.54,Very Wet
2022-10-08 22:06:24,FARM_01,169,28.9,80.2,0.0,Vegetative,Yes,Poor,9980.06,-12.58,Very Wet
2022-10-08 22:06:24,FARM_01,170,28.59,90.2,0.0,Vegetative,Yes,Poor,9978.0,-12.75,Very Wet
2022-10-08 22:06:24,FARM_01,168,28.62,81.9,0.0,Vegetative,Yes,Poor,9978.66,-12.7,Very Wet
2022-10-08 22:06:24,FARM_01,169,28.78,90.1,0.0,Vegetative,Yes,Poor,9979.41,-12.64,Very Wet
2022-10-08 22:06:24,FARM_01,169,28.75,78.9,0.0,Vegetative,Yes,Poor,9979.08,-12.66,Very Wet
2022-10-08 22:06:24,FARM_01,169,28.72,84.5,0.0,Vegetative,Yes,Poor,9979.11,-12.66,Very Wet
2022-10-08 22:06:24,FARM_01,169,28.69,88.1,0.0,Vegetative,Yes,Poor,9978.95,-12.68,Very Wet
2022-10-08 22:06:24,FARM_01,169,28.67,86.1,0.0,Vegetative,Yes,Poor,9978.95,-12.68,Very Wet
2022-10-08 22:06:24,FARM_01,170,28.81,80.1,0.0,Vegetative,Yes,Poor,9979.92,-12.59,Very Wet
2022-10-08 22:06:24,FARM_01,170,28.57,87.3,0.0,Vegetative,Yes,Poor,9978.19,-12.74,Very Wet
2022-10-08 22:06:24,FARM_01,169,28.56,95.2,0.0,Vegetative,Yes,Poor,9978.19,-12.74,Very Wet
2022-10-08 22:06:24,FARM_01,170,28.32,90.8,15.44,Vegetative,No,Good,9976.05,-12.92,Very Wet
2022-10-08 22:06:24,FARM_01,170,28.3,88.7,0.0,Vegetative,Yes,Poor,9976.05,-12.92,Very Wet
2022-10-08 22:06:24,FARM_01,169,28.54,83.8,0.0,Vegetative,Yes,Poor,9978.02,-12.75,Very Wet
2022-10-08 22:06:24,FARM_01,170,28.52,83.3,0.87,Vegetative,No,Good,9978.02,-12.75,Very Wet
2022-10-08 22:06:24,FARM_01,169,28.5,85.9,1.77,Vegetative,No,Good,9977.87,-12.77,Very Wet
2022-10-08 22:06:24,FARM_01,169,28.48,81.7,0.0,Vegetative,Yes,Poor,9977.35,-12.81,Very Wet
2022-10-08 22:06:24,FARM_01,170,28.46,88.6,0.0,Vegetative,Yes,Poor,9977.38,-12.81,Very Wet
2022-10-08 22:06:24,FARM_01,170,28.45,80.5,3.77,Vegetative,No,Good,9977.05,-12.84,Very Wet
2022-10-08 22:06:24,FARM_01,169,28.43,87.4,0.0,Vegetative,Yes,Poor,9977.37,-12.81,Very Wet
2022-10-08 22:06:24,FARM_01,168,28.4,85.7,0.0,Vegetative,Yes,Poor,9976.88,-12.85,Very Wet
2022-10-08 22:06:24,FARM_01,169,28.38,82.1,0.0,Vegetative,Yes,Poor,9976.72,-12.86,Very Wet
2022-10-08 22:06:24,FARM_01,170,28.37,84.6,0.0,Vegetative,Yes,Poor,9976.38,-12.89,Very Wet
2022-10-08 22:06:24,FARM_01,169,28.36,88.7,0.0,Vegetative,Yes,Poor,9976.38,-12.89,Very Wet
2022-10-08 22:06:24,FARM_01,169,28.35,78.0,0.0,Vegetative,Yes,Poor,9976.4,-12.89,Very Wet
2022-10-08 22:06:24,FARM_01,169,28.33,90.6,0.0,Vegetative,Yes,Poor,9976.22,-12.91,Very Wet
2022-10-08 22:06:24,FARM_01,170,28.64,88.3,0.0,Vegetative,Yes,Poor,9978.81,-12.69,Very Wet
2022-10-08 22:06:24,FARM_01,258,29.36,77.8,0.0,Vegetative,No,Good,9986.92,-12.0,Wet
2022-10-08 22:06:24,FARM_01,170,28.31,86.8,0.0,Vegetative,Yes,Poor,9976.39,-12.89,Very Wet
2022-10-08 22:06:24,FARM_01,176,28.63,86.9,0.0,Vegetative,No,Good,9981.75,-12.44,Very Wet
2022-10-08 22:06:24,FARM_01,169,28.22,87.7,6.82,Vegetative,No,Good,9975.05,-13.0,Very Wet
2022-10-08 22:06:24,FARM_01,169,28.27,80.7,0.0,Vegetative,Yes,Poor,9975.89,-12.93,Very Wet
2022-10-08 22:06:24,FARM_01,169,28.26,86.4,0.0,Vegetative,Yes,Poor,9975.74,-12.95,Very Wet
2022-10-08 22:06:24,FARM_01,170,28.25,79.0,4.37,Vegetative,No,Good,9975.57,-12.96,Very Wet
2022-10-08 22:06:24,FARM_01,170,28.24,90.2,0.0,Vegetative,Yes,Poor,9975.91,-12.93,Very Wet
2022-10-08 22:06:24,FARM_01,169,28.23,78.0,0.0,Vegetative,Yes,Poor,9975.59,-12.96,Very Wet
2022-10-08 22:06:24,FARM_01,169,28.15,84.8,0.0,Vegetative,Yes,Poor,9974.73,-13.03,Very Wet
2022-10-08 22:06:24,FARM_01,170,28.16,87.5,0.0,Vegetative,Yes,Poor,9975.08,-13.0,Very Wet
2022-10-08 22:06:24,FARM_01,170,28.2,89.2,0.0,Vegetative,Yes,Poor,9974.89,-13.02,Very Wet
2022-10-08 22:06:24,FARM_01,169,28.2,87.7,0.3,Vegetative,No,Good,9974.89,-13.02,Very Wet
2022-10-08 22:06:24,FARM_01,168,28.19,91.4,3.14,Vegetative,No,Good,9974.89,-13.02,Very Wet
2022-10-08 22:06:24,FARM_01,170,28.18,91.4,0.0,Vegetative,Yes,Poor,9974.72,-13.03,Very Wet
2022-10-08 22:06:24,FARM_01,170,28.17,86.6,0.0,Vegetative,Yes,Poor,9974.91,-13.02,Very Wet
2022-10-08 22:06:24,FARM_01,169,28.21,82.6,0.0,Vegetative,Yes,Poor,9974.88,-13.02,Very Wet
2022-10-08 22:06:24,FARM_01,170,28.14,77.0,0.0,Vegetative,Yes,Poor,9974.59,-13.04,Very Wet
2022-10-08 22:06:24,FARM_01,170,28.13,87.1,1.22,Vegetative,No,Good,9974.24,-13.07,Very Wet
2022-10-08 22:06:24,FARM_01,170,28.05,82.1,0.0,Vegetative,Yes,Poor,9974.09,-13.08,Very Wet
2022-10-08 22:06:24,FARM_01,170,28.28,77.0,0.0,Vegetative,Yes,Poor,9976.23,-12.9,Very Wet
2022-10-08 22:06:24,FARM_01,176,28.13,78.2,0.0,Vegetative,No,Good,9974.41,-13.06,Very Wet
2022-10-08 22:06:24,FARM_01,170,28.12,80.2,0.0,Vegetative,Yes,Poor,9974.41,-13.06,Very Wet
2022-10-08 22:06:24,FARM_01,169,28.11,79.0,3.16,Vegetative,No,Good,9974.27,-13.07,Very Wet
2022-10-08 22:06:24,FARM_01,170,28.11,74.1,0.0,Vegetative,Yes,Poor,9974.43,-13.06,Very Wet
2022-10-08 22:06:24,FARM_01,169,28.1,90.3,0.0,Vegetative,Yes,Poor,9973.89,-13.1,Very Wet
2022-10-08 22:06:24,FARM_01,170,28.09,80.9,1.06,Vegetative,No,Good,9973.89,-13.1,Very Wet
2022-10-08 22:06:24,FARM_01,169,28.08,89.3,0.0,Vegetative,Yes,Poor,9973.57,-13.13,Very Wet
2022-10-08 22:06:24,FARM_01,170,28.08,82.7,0.0,Vegetative,Yes,Poor,9973.22,-13.16,Very Wet
2022-10-08 22:06:24,FARM_01,169,28.07,82.0,0.0,Vegetative,Yes,Poor,9973.39,-13.14,Very Wet
2022-10-08 22:06:24,FARM_01,168,28.07,80.2,4.54,Vegetative,No,Good,9973.73,-13.11,Very Wet
2022-10-08 22:06:24,FARM_01,170,28.07,87.0,0.29,Vegetative,No,Good,9973.91,-13.1,Very Wet
2022-10-08 22:06:24,FARM_01,170,28.06,85.0,0.0,Vegetative,Yes,Poor,9973.91,-13.1,Very Wet
2022-10-08 22:06:24,FARM_01,170,28.29,83.8,12.1,Vegetative,No,Good,9976.23,-12.9,Very Wet
2022-10-08 22:06:24,FARM_01,176,29.27,80.7,0.0,Vegetative,No,Good,9986.64,-12.03,Very Wet
2022-10-08 22:06:24,FARM_01,170,28.04,77.5,0.0,Vegetative,Yes,Poor,9974.27,-13.07,Very Wet
2022-10-08 22:06:24,FARM_01,377,29.59,83.8,0.0,Vegetative,No,Poor,9976.25,-12.9,Very Dry
2022-10-08 22:06:24,FARM_01,386,29.63,89.6,0.0,Vegetative,No,Poor,9976.73,-12.86,Very Dry
2022-10-08 22:06:24,FARM_01,285,29.58,73.9,0.0,Vegetative,No,Poor,9976.94,-12.84,Dry
2022-10-08 22:06:24,FARM_01,170,28.48,86.3,1.96,Vegetative,No,Good,9975.12,-13.0,Very Wet
2022-10-08 22:06:24,FARM_01,170,29.1,77.5,2.33,Vegetative,No,Good,9976.48,-12.88,Very Wet
2022-10-08 22:06:24,FARM_01,384,29.56,100.0,0.0,Vegetative,No,Poor,9975.91,-12.93,Very Dry
2022-10-08 22:06:24,FARM_01,323,29.49,91.4,0.0,Vegetative,No,Poor,9977.02,-12.84,Dry
2022-10-08 22:06:24,FARM_01,371,29.64,81.9,0.0,Vegetative,No,Poor,9977.22,-12.82,Very Dry
2022-10-08 22:06:24,FARM_01,480,29.64,86.1,0.0,Vegetative,No,Poor,9976.53,-12.88,Very Dry
2022-10-08 22:06:24,FARM_01,365,29.68,83.8,0.0,Vegetative,No,Poor,9977.17,-12.83,Very Dry
2022-10-08 22:06:24,FARM_01,315,29.7,80.4,0.71,Vegetative,No,Poor,9977.34,-12.81,Dry
2022-10-08 22:06:24,FARM_01,278,29.7,80.0,0.74,Vegetative,No,Poor,9977.17,-12.83,Dry
2022-10-08 22:06:24,FARM_01,243,29.7,91.8,0.0,Vegetative,No,Good,9976.83,-12.85,Wet
2022-10-08 22:06:24,FARM_01,380,29.04,96.3,0.23,Vegetative,No,Poor,9974.99,-13.01,Very Dry
2022-10-08 22:06:24,FARM_01,386,29.11,84.2,0.0,Vegetative,No,Poor,9975.59,-12.96,Very Dry
2022-10-08 22:06:24,FARM_01,322,29.41,85.3,7.81,Vegetative,No,Poor,9974.86,-13.02,Dry
2022-10-08 22:06:24,FARM_01,380,29.19,74.6,0.0,Vegetative,No,Poor,9974.53,-13.05,Very Dry
2022-10-08 22:06:24,FARM_01,379,29.52,80.4,0.0,Vegetative,No,Poor,9975.44,-12.97,Very Dry
2022-10-08 22:06:24,FARM_01,380,29.49,88.9,0.0,Vegetative,No,Poor,9975.3,-12.98,Very Dry
2022-10-08 22:06:24,FARM_01,383,29.45,73.0,0.0,Vegetative,No,Poor,9975.34,-12.98,Very Dry
2022-10-08 22:06:24,FARM_01,382,29.42,78.6,0.0,Vegetative,No,Poor,9975.2,-12.99,Very Dry
2022-10-08 22:06:24,FARM_01,383,29.07,83.8,0.0,Vegetative,No,Poor,9975.14,-13.0,Very Dry
2022-10-08 22:06:24,FARM_01,381,29.38,90.0,2.79,Vegetative,No,Poor,9975.41,-12.97,Very Dry
2022-10-08 22:06:24,FARM_01,382,29.3,87.6,0.0,Vegetative,No,Poor,9975.47,-12.97,Very Dry
2022-10-08 22:06:24,FARM_01,393,29.27,81.5,1.59,Vegetative,No,Poor,9975.84,-12.94,Very Dry
2022-10-08 22:06:24,FARM_01,378,29.25,75.7,3.05,Vegetative,No,Poor,9975.7,-12.95,Very Dry
2022-10-08 22:06:24,FARM_01,383,29.21,76.5,0.69,Vegetative,No,Poor,9975.7,-12.95,Very Dry
2022-10-08 22:06:24,FARM_01,383,29.18,93.2,2.26,Vegetative,No,Poor,9975.73,-12.95,Very Dry
2022-10-08 22:06:24,FARM_01,383,29.14,89.7,0.0,Vegetative,No,Poor,9975.59,-12.96,Very Dry
2022-10-08 22:06:24,FARM_01,382,29.34,87.1,0.5,Vegetative,No,Poor,9975.58,-12.96,Very Dry
2022-10-08 22:06:24,FARM_01,286,29.68,89.9,0.0,Vegetative,No,Poor,9976.86,-12.85,Dry
2022-10-08 22:06:24,FARM_01,477,29.66,83.4,2.32,Vegetative,No,Poor,9976.66,-12.87,Very Dry
2022-10-08 22:06:24,FARM_01,380,29.01,89.4,0.0,Vegetative,No,Poor,9974.67,-13.04,Very Dry
2022-10-08 22:06:24,FARM_01,383,28.92,90.7,0.0,Vegetative,No,Poor,9974.22,-13.07,Very Dry
2022-10-08 22:06:24,FARM_01,381,28.77,84.0,0.0,Vegetative,No,Poor,9973.95,-13.1,Very Dry
2022-10-08 22:06:24,FARM_01,383,28.91,85.1,0.0,Vegetative,No,Poor,9974.22,-13.07,Very Dry
2022-10-08 22:06:24,FARM_01,382,28.88,85.1,0.0,Vegetative,No,Poor,9974.05,-13.09,Very Dry
2022-10-08 22:06:24,FARM_01,383,28.86,84.4,0.0,Vegetative,No,Poor,9973.73,-13.11,Very Dry
2022-10-08 22:06:24,FARM_01,381,28.83,88.9,5.25,Vegetative,No,Poor,9973.92,-13.1,Very Dry
2022-10-08 22:06:24,FARM_01,381,28.62,84.4,1.02,Vegetative,No,Poor,9973.36,-13.15,Very Dry
2022-10-08 22:06:24,FARM_01,381,28.75,89.9,0.0,Vegetative,No,Poor,9973.46,-13.14,Very Dry
2022-10-08 22:06:24,FARM_01,377,28.63,86.5,0.0,Vegetative,No,Poor,9973.16,-13.16,Very Dry
2022-10-08 22:06:24,FARM_01,384,28.73,84.1,8.4,Vegetative,No,Poor,9973.12,-13.17,Very Dry
2022-10-08 22:06:24,FARM_01,383,28.71,87.8,0.0,Vegetative,No,Poor,9973.31,-13.15,Very Dry
2022-10-08 22:06:24,FARM_01,384,28.7,88.5,0.0,Vegetative,No,Poor,9974.68,-13.15,Very Dry
2022-10-08 22:06:24,FARM_01,382,28.68,78.5,0.0,Vegetative,No,Poor,9973.16,-13.16,Very Dry
2022-10-08 22:06:24,FARM_01,379,28.59,79.2,0.0,Vegetative,No,Poor,9973.55,-13.13,Very Dry
2022-10-08 22:06:24,FARM_01,379,29.05,82.7,1.36,Vegetative,No,Poor,9974.11,-13.08,Very Dry
2022-10-08 22:06:24,FARM_01,377,28.7,85.7,0.0,Vegetative,No,Poor,9973.48,-13.14,Very Dry
2022-10-08 22:06:24,FARM_01,384,28.98,86.4,10.9,Vegetative,No,Poor,9974.67,-13.04,Very Dry
2022-10-08 22:06:24,FARM_01,381,28.95,81.9,0.0,Vegetative,No,Poor,9974.36,-13.06,Very Dry
2022-10-08 22:06:24,FARM_01,376,28.51,83.3,4.37,Vegetative,No,Poor,9972.73,-13.2,Very Dry
2022-10-08 22:06:24,FARM_01,377,28.57,89.2,4.95,Vegetative,No,Poor,9973.2,-13.16,Very Dry
2022-10-08 22:06:24,FARM_01,378,28.56,90.1,0.0,Vegetative,No,Poor,9973.23,-13.16,Very Dry
2022-10-08 22:06:24,FARM_01,377,28.55,90.9,0.8,Vegetative,No,Poor,9972.86,-13.19,Very Dry
2022-10-08 22:06:24,FARM_01,378,28.54,89.0,0.0,Vegetative,No,Poor,9973.03,-13.17,Very Dry
2022-10-08 22:06:24,FARM_01,377,28.53,87.5,10.52,Vegetative,No,Poor,9973.22,-13.16,Very Dry
2022-10-08 22:06:24,FARM_01,377,28.52,84.1,0.0,Vegetative,No,Poor,9972.88,-13.19,Very Dry
2022-10-08 22:06:24,FARM_01,377,28.5,91.2,0.68,Vegetative,No,Poor,9972.9,-13.18,Very Dry
2022-10-08 22:06:24,FARM_01,381,28.6,86.2,0.0,Vegetative,No,Poor,9973.19,-13.16,Very Dry
2022-10-08 22:06:24,FARM_01,378,28.48,97.3,0.0,Vegetative,No,Poor,9972.56,-13.21,Very Dry
2022-10-08 22:06:24,FARM_01,377,28.47,80.6,2.88,Vegetative,No,Poor,9972.92,-13.18,Very Dry
2022-10-08 22:06:24,FARM_01,377,28.46,87.9,0.0,Vegetative,No,Poor,9973.09,-13.17,Very Dry
2022-10-08 22:06:24,FARM_01,283,29.58,88.5,0.0,Vegetative,No,Poor,9974.71,-13.03,Dry
2022-10-08 22:06:24,FARM_01,382,28.66,90.8,0.0,Vegetative,No,Poor,9973.13,-13.17,Very Dry
2022-10-08 22:06:24,FARM_01,248,29.7,83.9,0.0,Vegetative,No,Good,9974.94,-13.01,Wet
2022-10-08 22:06:24,FARM_01,172,30.7,83.5,3.11,Vegetative,No,Good,9975.61,-12.96,Very Wet
2022-10-08 22:06:24,FARM_01,169,29.65,85.5,6.62,Vegetative,No,Good,9975.66,-12.95,Very Wet
2022-10-08 22:06:24,FARM_01,171,29.91,80.1,4.95,Vegetative,No,Good,9975.93,-12.93,Very Wet
2022-10-08 22:06:24,FARM_01,216,29.79,86.1,0.0,Vegetative,No,Good,9974.83,-13.02,Wet
2022-10-08 22:06:24,FARM_01,194,29.85,81.7,0.0,Vegetative,No,Good,9974.61,-13.04,Very Wet
2022-10-08 22:06:24,FARM_01,177,29.89,86.8,4.71,Vegetative,No,Good,9974.74,-13.03,Very Wet
2022-10-08 22:06:24,FARM_01,170,29.61,91.1,4.85,Vegetative,No,Good,9975.7,-12.95,Very Wet
2022-10-08 22:06:24,FARM_01,170,29.89,83.7,0.0,Vegetative,Yes,Poor,9976.25,-12.9,Very Wet
2022-10-08 22:06:24,FARM_01,170,29.68,84.1,0.0,Vegetative,Yes,Poor,9975.66,-12.95,Very Wet
2022-10-08 22:06:24,FARM_01,171,29.88,74.1,0.0,Vegetative,Yes,Poor,9976.28,-12.9,Very Wet
2022-10-08 22:06:24,FARM_01,170,29.86,78.4,0.15,Vegetative,No,Good,9976.15,-12.91,Very Wet
2022-10-08 22:06:24,FARM_01,170,29.83,75.4,3.77,Vegetative,No,Good,9975.67,-12.95,Very Wet
2022-10-08 22:06:24,FARM_01,170,29.79,86.9,0.0,Vegetative,Yes,Poor,9975.69,-12.95,Very Wet
2022-10-08 22:06:24,FARM_01,171,29.92,82.8,0.0,Vegetative,Yes,Poor,9975.76,-12.94,Very Wet
2022-10-08 22:06:24,FARM_01,170,29.76,75.7,0.0,Vegetative,Yes,Poor,9975.89,-12.93,Very Wet
2022-10-08 22:06:24,FARM_01,169,29.13,86.0,0.0,Vegetative,Yes,Poor,9975.45,-12.97,Very Wet
2022-10-08 22:06:24,FARM_01,170,29.54,87.2,0.0,Vegetative,Yes,Poor,9975.27,-12.99,Very Wet
2022-10-08 22:06:24,FARM_01,170,29.5,80.1,0.11,Vegetative,No,Good,9975.12,-13.0,Very Wet
2022-10-08 22:06:24,FARM_01,170,29.49,85.4,0.0,Vegetative,Yes,Poor,9974.96,-13.01,Very Wet
2022-10-08 22:06:24,FARM_01,170,29.45,78.5,0.0,Vegetative,Yes,Poor,9974.83,-13.02,Very Wet
2022-10-08 22:06:24,FARM_01,170,29.42,76.6,0.46,Vegetative,No,Good,9974.86,-13.02,Very Wet
2022-10-08 22:06:24,FARM_01,170,29.12,82.6,0.0,Vegetative,Yes,Poor,9975.42,-12.97,Very Wet
2022-10-08 22:06:24,FARM_01,170,29.31,79.7,6.14,Vegetative,No,Good,9975.44,-12.97,Very Wet
2022-10-08 22:06:24,FARM_01,170,29.28,85.7,7.33,Vegetative,No,Good,9975.33,-12.98,Very Wet
2022-10-08 22:06:24,FARM_01,171,29.25,83.8,0.0,Vegetative,Yes,Poor,9975.88,-12.93,Very Wet
2022-10-08 22:06:24,FARM_01,169,29.22,83.0,0.0,Vegetative,Yes,Poor,9975.53,-12.96,Very Wet
2022-10-08 22:06:24,FARM_01,170,29.19,84.7,0.0,Vegetative,Yes,Poor,9975.73,-12.95,Very Wet
2022-10-08 22:06:24,FARM_01,169,29.16,83.5,0.0,Vegetative,Yes,Poor,9975.42,-12.97,Very Wet
2022-10-08 22:06:24,FARM_01,169,29.35,79.6,0.0,Vegetative,Yes,Poor,9975.09,-13.0,Very Wet
2022-10-08 22:06:24,FARM_01,170,29.72,80.7,2.81,Vegetative,No,Good,9975.59,-12.96,Very Wet
2022-10-08 22:06:24,FARM_01,170,30.54,86.0,0.0,Vegetative,Yes,Poor,9975.31,-12.98,Very Wet
2022-10-08 22:06:24,FARM_01,170,30.85,81.3,0.0,Vegetative,Yes,Poor,9976.25,-12.9,Very Wet
2022-10-08 22:06:24,FARM_01,173,30.08,77.1,0.0,Vegetative,Yes,Poor,9979.84,-12.6,Very Wet
2022-10-08 22:06:24,FARM_01,170,30.35,91.5,0.0,Vegetative,Yes,Poor,9978.83,-12.69,Very Wet
2022-10-08 22:06:24,FARM_01,171,30.55,85.2,8.72,Vegetative,No,Good,9978.58,-12.71,Very Wet
2022-10-08 22:06:24,FARM_01,171,30.68,73.4,0.0,Vegetative,Yes,Poor,9977.69,-12.78,Very Wet
2022-10-08 22:06:24,FARM_01,170,30.48,90.6,0.0,Vegetative,Yes,Poor,9975.58,-12.96,Very Wet
2022-10-08 22:06:24,FARM_01,170,30.77,83.3,0.0,Vegetative,Yes,Poor,9977.2,-12.82,Very Wet
2022-10-08 22:06:24,FARM_01,171,30.6,85.9,10.39,Vegetative,No,Good,9975.25,-12.99,Very Wet
2022-10-08 22:06:24,FARM_01,169,30.85,86.8,7.56,Vegetative,No,Good,9975.91,-12.93,Very Wet
2022-10-08 22:06:24,FARM_01,170,30.83,80.7,0.0,Vegetative,Yes,Poor,9975.95,-12.93,Very Wet
2022-10-08 22:06:24,FARM_01,170,30.8,77.5,7.34,Vegetative,No,Good,9975.98,-12.93,Very Wet
2022-10-08 22:06:24,FARM_01,170,30.75,82.4,0.0,Vegetative,Yes,Poor,9976.2,-12.91,Very Wet
2022-10-08 22:06:24,FARM_01,170,30.82,79.3,0.0,Vegetative,Yes,Poor,9976.64,-12.87,Very Wet
2022-10-08 22:06:24,FARM_01,170,30.42,82.1,0.0,Vegetative,Yes,Poor,9975.47,-12.97,Very Wet
2022-10-08 22:06:24,FARM_01,170,29.64,81.1,0.0,Vegetative,Yes,Poor,9973.95,-13.1,Very Wet
2022-10-08 22:06:24,FARM_01,171,29.68,74.7,0.0,Vegetative,Yes,Poor,9973.75,-13.11,Very Wet
2022-10-08 22:06:24,FARM_01,297,31.76,89.0,7.42,Vegetative,No,Poor,9971.59,-13.29,Dry
2022-10-08 22:06:24,FARM_01,168,29.7,81.8,0.0,Vegetative,Yes,Poor,9979.74,-12.61,Very Wet
2022-10-08 22:06:24,FARM_01,171,30.36,87.7,0.0,Vegetative,Yes,Poor,9975.39,-12.98,Very Wet
2022-10-08 22:06:24,FARM_01,171,30.3,90.9,0.0,Vegetative,Yes,Poor,9975.63,-12.96,Very Wet
2022-10-08 22:06:24,FARM_01,171,30.24,79.5,3.51,Vegetative,No,Good,9975.52,-12.96,Very Wet
2022-10-08 22:06:24,FARM_01,169,30.21,84.5,4.98,Vegetative,No,Good,9975.38,-12.98,Very Wet
2022-10-08 22:06:24,FARM_01,172,30.09,88.6,0.0,Vegetative,Yes,Poor,9975.17,-12.99,Very Wet
2022-10-08 22:06:24,FARM_01,171,30.04,80.4,0.0,Vegetative,Yes,Poor,9974.77,-13.03,Very Wet
2022-10-08 22:06:24,FARM_01,170,29.98,84.4,1.81,Vegetative,No,Good,9974.8,-13.02,Very Wet
2022-10-08 22:06:24,FARM_01,170,29.93,86.1,0.0,Vegetative,Yes,Poor,9974.36,-13.06,Very Wet
2022-10-08 22:06:24,FARM_01,171,29.83,85.9,0.0,Vegetative,Yes,Poor,9974.3,-13.07,Very Wet
2022-10-08 22:06:24,FARM_01,170,29.77,94.7,0.0,Vegetative,Yes,Poor,9974.0,-13.09,Very Wet
2022-10-08 22:06:24,FARM_01,170,29.73,85.1,8.85,Vegetative,No,Good,9974.05,-13.09,Very Wet
2022-10-08 22:06:24,FARM_01,170,30.65,82.0,0.0,Vegetative,Yes,Poor,9975.33,-12.98,Very Wet
2022-10-08 22:06:24,FARM_01,383,28.65,86.4,0.06,Vegetative,No,Poor,9973.33,-13.15,Very Dry
2022-10-08 22:06:24,FARM_01,171,29.61,86.4,7.31,Vegetative,No,Good,9973.64,-13.12,Very Wet
2022-10-08 22:06:24,FARM_01,170,29.57,80.9,0.0,Vegetative,Yes,Poor,9973.53,-13.13,Very Wet
2022-10-08 22:06:24,FARM_01,170,29.46,85.7,0.52,Vegetative,No,Good,9973.3,-13.15,Very Wet
2022-10-08 22:06:24,FARM_01,171,29.42,84.9,0.0,Vegetative,Yes,Poor,9973.14,-13.16,Very Wet
2022-10-08 22:06:24,FARM_01,171,29.39,89.4,0.0,Vegetative,Yes,Poor,9973.52,-13.13,Very Wet
2022-10-08 22:06:24,FARM_01,171,29.35,90.6,0.0,Vegetative,Yes,Poor,9973.72,-13.12,Very Wet
2022-10-08 22:06:24,FARM_01,170,29.24,89.2,7.23,Vegetative,No,Good,9975.02,-13.01,Very Wet
2022-10-08 22:06:24,FARM_01,171,29.31,73.7,0.0,Vegetative,Yes,Poor,9973.38,-13.14,Very Wet
2022-10-08 22:06:24,FARM_01,171,29.22,85.8,0.0,Vegetative,Yes,Poor,9974.33,-13.06,Very Wet
2022-10-08 22:06:24,FARM_01,171,29.03,78.2,17.46,Vegetative,No,Good,9975.34,-12.98,Very Wet
2022-10-08 22:06:24,FARM_01,171,29.14,87.9,0.0,Vegetative,Yes,Poor,9974.91,-13.02,Very Wet
2022-10-08 22:06:24,FARM_01,171,29.11,84.5,0.0,Vegetative,Yes,Poor,9975.08,-13.0,Very Wet
2022-10-08 22:06:24,FARM_01,176,30.89,85.8,3.16,Vegetative,No,Good,9973.94,-13.1,Very Wet
2022-10-08 22:06:24,FARM_01,230,29.25,81.2,0.0,Vegetative,No,Good,9971.59,-13.3,Wet
2022-10-08 22:06:24,FARM_01,170,29.95,78.0,0.0,Vegetative,Yes,Poor,9975.52,-12.96,Very Wet
2022-10-08 22:06:24,FARM_01,170,30.32,84.7,1.62,Vegetative,No,Good,9975.41,-12.97,Very Wet
2022-10-08 22:06:24,FARM_01,170,30.6,78.2,0.0,Vegetative,Yes,Poor,9975.39,-12.98,Very Wet
2022-10-08 22:06:24,FARM_01,170,30.71,93.9,0.0,Vegetative,Yes,Poor,9975.44,-12.97,Very Wet
2022-10-08 22:06:24,FARM_01,170,30.87,90.9,0.0,Vegetative,Yes,Poor,9975.01,-13.01,Very Wet
2022-10-08 22:06:24,FARM_01,163,30.84,90.8,0.0,Vegetative,Yes,Poor,9974.03,-13.09,Very Wet
2022-10-08 22:06:24,FARM_01,170,30.97,94.8,13.02,Vegetative,No,Good,9974.5,-13.05,Very Wet
2022-10-08 22:06:24,FARM_01,171,31.07,80.1,0.0,Vegetative,Yes,Poor,9974.53,-13.05,Very Wet
2022-10-08 22:06:24,FARM_01,171,31.06,80.0,0.0,Vegetative,Yes,Poor,9973.69,-13.12,Very Wet
2022-10-08 22:06:24,FARM_01,171,31.03,85.6,8.36,Vegetative,No,Good,9973.7,-13.12,Very Wet
2022-10-08 22:06:24,FARM_01,169,30.99,77.8,0.0,Vegetative,Yes,Poor,9973.94,-13.1,Very Wet
2022-10-08 22:06:24,FARM_01,167,30.94,85.2,0.0,Vegetative,Yes,Poor,9974.03,-13.09,Very Wet
2022-10-08 22:06:24,FARM_01,170,31.04,78.9,0.0,Vegetative,Yes,Poor,9974.59,-13.04,Very Wet
2022-10-08 22:06:24,FARM_01,170,29.05,97.3,1.89,Vegetative,No,Good,9975.14,-13.0,Very Wet
2022-10-08 22:06:24,FARM_01,159,30.77,86.0,0.49,Vegetative,No,Good,9973.94,-13.1,Very Wet
2022-10-08 22:06:24,FARM_01,159,30.74,76.4,1.49,Vegetative,No,Good,9974.18,-13.08,Very Wet
2022-10-08 22:06:24,FARM_01,243,30.17,93.7,0.0,Vegetative,No,Good,9974.42,-13.06,Wet
2022-10-08 22:06:24,FARM_01,160,30.55,91.8,0.0,Vegetative,Yes,Poor,9974.8,-13.02,Very Wet
2022-10-08 22:06:24,FARM_01,161,30.48,79.1,0.0,Vegetative,Yes,Poor,9974.55,-13.05,Very Wet
2022-10-08 22:06:24,FARM_01,176,30.42,75.2,0.0,Vegetative,No,Good,9974.62,-13.04,Very Wet
2022-10-08 22:06:24,FARM_01,209,30.35,94.7,0.0,Vegetative,No,Good,9974.52,-13.05,Wet
2022-10-08 22:06:24,FARM_01,195,30.29,83.4,0.0,Vegetative,No,Good,9974.45,-13.05,Very Wet
2022-10-08 22:06:24,FARM_01,160,30.61,83.8,0.0,Vegetative,Yes,Poor,9974.53,-13.05,Very Wet
2022-10-08 22:06:24,FARM_01,282,30.23,78.5,0.0,Vegetative,No,Poor,9974.69,-13.03,Dry
2022-10-08 22:06:24,FARM_01,206,29.8,92.7,0.0,Vegetative,No,Good,9972.45,-13.22,Wet
2022-10-08 22:06:24,FARM_01,249,30.06,79.6,0.0,Vegetative,No,Good,9974.05,-13.09,Wet
2022-10-08 22:06:24,FARM_01,336,30.04,72.0,0.85,Vegetative,No,Poor,9974.06,-13.09,Very Dry
2022-10-08 22:06:24,FARM_01,372,29.99,87.0,0.0,Vegetative,No,Poor,9973.94,-13.1,Very Dry
2022-10-08 22:06:24,FARM_01,316,29.94,73.4,0.0,Vegetative,No,Poor,9973.32,-13.15,Dry
2022-10-08 22:06:24,FARM_01,273,29.89,90.9,0.0,Vegetative,No,Poor,9972.85,-13.19,Dry
2022-10-08 22:06:24,FARM_01,222,30.12,81.5,0.0,Vegetative,No,Good,9974.31,-13.07,Wet
2022-10-08 22:06:24,FARM_01,233,29.76,78.3,0.49,Vegetative,No,Good,9972.13,-13.25,Wet
2022-10-08 22:06:24,FARM_01,232,29.68,95.0,0.0,Vegetative,No,Good,9972.2,-13.24,Wet
2022-10-08 22:06:24,FARM_01,231,29.27,92.6,0.0,Vegetative,No,Good,9971.05,-13.34,Wet
2022-10-08 22:06:24,FARM_01,158,30.68,81.6,0.0,Vegetative,Yes,Poor,9974.25,-13.07,Very Wet
2022-10-08 22:06:24,FARM_01,232,29.46,84.4,0.0,Vegetative,No,Good,9971.42,-13.31,Wet
2022-10-08 22:06:24,FARM_01,231,29.64,79.0,1.92,Vegetative,No,Good,9971.89,-13.27,Wet
2022-10-08 22:06:24,FARM_01,231,29.61,91.9,10.45,Vegetative,No,Good,9971.62,-13.29,Wet
2022-10-08 22:06:24,FARM_01,231,29.57,88.0,13.46,Vegetative,No,Good,9971.48,-13.3,Wet
2022-10-08 22:06:24,FARM_01,231,29.55,86.1,0.0,Vegetative,No,Good,9971.63,-13.29,Wet
2022-10-08 22:06:24,FARM_01,231,29.52,91.5,0.0,Vegetative,No,Good,9971.67,-13.29,Wet
2022-10-08 22:06:24,FARM_01,230,29.49,79.2,0.0,Vegetative,No,Good,9971.53,-13.3,Wet
2022-10-08 22:06:24,FARM_01,230,29.43,89.0,0.0,Vegetative,No,Good,9971.39,-13.31,Wet
2022-10-08 22:06:24,FARM_01,231,29.4,86.3,0.93,Vegetative,No,Good,9971.25,-13.32,Wet
2022-10-08 22:06:24,FARM_01,231,29.38,83.8,10.22,Vegetative,No,Good,9970.95,-13.35,Wet
2022-10-08 22:06:24,FARM_01,231,29.35,84.4,1.86,Vegetative,No,Good,9970.98,-13.35,Wet
2022-10-08 22:06:24,FARM_01,230,29.33,80.6,0.0,Vegetative,No,Good,9970.98,-13.35,Wet
2022-10-08 22:06:24,FARM_01,230,29.3,88.0,0.0,Vegetative,No,Good,9971.02,-13.34,Wet
2022-10-08 22:06:24,FARM_01,231,29.24,90.9,0.0,Vegetative,No,Good,9971.59,-13.31,Wet
2022-10-08 22:06:24,FARM_01,230,29.19,82.7,0.0,Vegetative,No,Good,9971.62,-13.29,Wet
2022-10-08 22:06:24,FARM_01,171,28.48,90.2,1.44,Vegetative,No,Good,9969.81,-13.44,Very Wet
2022-10-08 22:06:24,FARM_01,229,28.88,83.8,0.0,Vegetative,No,Good,9973.02,-13.17,Wet
2022-10-08 22:06:24,FARM_01,230,29.04,82.2,11.43,Vegetative,No,Good,9972.77,-13.2,Wet
2022-10-08 22:06:24,FARM_01,229,29.17,87.0,0.31,Vegetative,No,Good,9971.8,-13.28,Wet
2022-10-08 22:06:24,FARM_01,231,29.15,84.1,14.87,Vegetative,No,Good,9972.16,-13.25,Wet
2022-10-08 22:06:24,FARM_01,231,29.12,86.5,0.0,Vegetative,No,Good,9972.02,-13.26,Wet
2022-10-08 22:06:24,FARM_01,231,29.1,83.0,0.0,Vegetative,No,Good,9972.37,-13.23,Wet
2022-10-08 22:06:24,FARM_01,228,28.86,79.8,3.47,Vegetative,No,Good,9973.05,-13.17,Wet
2022-10-08 22:06:24,FARM_01,229,29.08,86.0,8.84,Vegetative,No,Good,9972.53,-13.22,Wet
2022-10-08 22:06:24,FARM_01,231,29.02,88.4,8.81,Vegetative,No,Good,9973.11,-13.17,Wet
2022-10-08 22:06:24,FARM_01,231,28.9,83.6,2.82,Vegetative,No,Good,9973.39,-13.14,Wet
2022-10-08 22:06:24,FARM_01,229,29.0,81.6,0.43,Vegetative,No,Good,9973.11,-13.17,Wet
2022-10-08 22:06:24,FARM_01,230,28.98,87.7,0.0,Vegetative,No,Good,9973.14,-13.16,Wet
2022-10-08 22:06:24,FARM_01,230,28.97,81.6,0.0,Vegetative,No,Good,9972.97,-13.18,Wet
2022-10-08 22:06:24,FARM_01,230,28.95,77.0,0.0,Vegetative,No,Good,9973.34,-13.15,Wet
2022-10-08 22:06:24,FARM_01,230,29.06,86.8,0.0,Vegetative,No,Good,9972.73,-13.2,Wet
2022-10-08 22:06:24,FARM_01,230,28.84,84.6,2.74,Vegetative,No,Good,9972.88,-13.19,Wet
2022-10-08 22:06:24,FARM_01,171,28.65,79.2,0.0,Vegetative,Yes,Poor,9971.45,-13.31,Very Wet
2022-10-08 22:06:24,FARM_01,170,29.53,82.8,7.52,Vegetative,No,Good,9973.2,-13.16,Very Wet
2022-10-08 22:06:24,FARM_01,231,29.22,95.7,0.0,Vegetative,No,Good,9971.77,-13.28,Wet
2022-10-08 22:06:24,FARM_01,230,28.83,85.6,0.36,Vegetative,No,Good,9972.89,-13.19,Wet
2022-10-08 22:06:24,FARM_01,229,28.81,74.3,0.0,Vegetative,No,Good,9972.73,-13.2,Wet
2022-10-08 22:06:24,FARM_01,230,28.8,84.8,0.0,Vegetative,No,Good,9972.75,-13.2,Wet
2022-10-08 22:06:24,FARM_01,229,28.78,86.6,0.0,Vegetative,No,Good,9972.72,-13.2,Wet
2022-10-08 22:06:24,FARM_01,230,28.77,85.5,5.85,Vegetative,No,Good,9972.75,-13.2,Wet
2022-10-08 22:06:24,FARM_01,231,28.76,80.7,0.0,Vegetative,No,Good,9972.75,-13.2,Wet
2022-10-08 22:06:24,FARM_01,230,28.74,87.0,0.0,Vegetative,No,Good,9972.77,-13.2,Wet
2022-10-08 22:06:24,FARM_01,230,28.73,87.6,4.21,Vegetative,No,Good,9972.44,-13.22,Wet
2022-10-08 22:06:24,FARM_01,186,28.7,82.7,0.0,Vegetative,No,Good,9972.28,-13.24,Very Wet
2022-10-08 22:06:24,FARM_01,174,28.69,88.7,0.0,Vegetative,Yes,Poor,9971.97,-13.26,Very Wet
2022-10-08 22:06:24,FARM_01,170,28.68,85.9,0.0,Vegetative,Yes,Poor,9971.8,-13.28,Very Wet
2022-10-08 22:06:24,FARM_01,170,28.67,86.1,1.07,Vegetative,No,Good,9971.42,-13.31,Very Wet
2022-10-08 22:06:24,FARM_01,231,28.93,88.6,0.0,Vegetative,No,Good,9973.34,-13.15,Wet
2022-10-08 22:06:24,FARM_01,228,28.92,80.6,0.0,Vegetative,No,Good,9973.53,-13.13,Wet
2022-10-08 22:06:24,FARM_01,171,28.63,94.3,0.0,Vegetative,Yes,Poor,9971.3,-13.32,Very Wet
2022-10-08 22:06:24,FARM_01,170,28.55,88.8,1.15,Vegetative,No,Good,9970.97,-13.35,Very Wet
2022-10-08 22:06:24,FARM_01,170,28.6,84.8,0.0,Vegetative,Yes,Poor,9971.3,-13.32,Very Wet
2022-10-08 22:06:24,FARM_01,172,28.58,81.2,0.51,Vegetative,No,Good,9971.15,-13.33,Very Wet
2022-10-08 22:06:24,FARM_01,171,28.61,80.9,11.26,Vegetative,No,Good,9971.13,-13.33,Very Wet
2022-10-08 22:06:24,FARM_01,170,28.56,86.5,3.65,Vegetative,No,Good,9971.0,-13.34,Very Wet
2022-10-08 22:06:24,FARM_01,170,28.47,80.0,0.0,Vegetative,Yes,Poor,9970.02,-13.43,Very Wet
2022-10-08 22:06:24,FARM_01,171,28.52,90.6,0.0,Vegetative,Yes,Poor,9970.66,-13.37,Very Wet
2022-10-08 22:06:24,FARM_01,172,28.51,77.5,0.0,Vegetative,Yes,Poor,9970.5,-13.39,Very Wet
2022-10-08 22:06:24,FARM_01,171,28.49,87.9,0.0,Vegetative,Yes,Poor,9969.98,-13.43,Very Wet
2022-10-08 22:06:24,FARM_01,170,28.54,89.9,0.0,Vegetative,Yes,Poor,9971.17,-13.33,Very Wet
2022-10-08 22:06:24,FARM_01,172,28.47,81.0,13.2,Vegetative,No,Good,9970.01,-13.43,Very Wet
2022-10-08 22:06:24,FARM_01,289,31.8,77.2,0.0,Vegetative,No,Poor,9971.5,-13.3,Dry
2022-10-08 22:06:24,FARM_01,170,28.62,85.1,0.0,Vegetative,Yes,Poor,9971.13,-13.33,Very Wet
2022-10-08 22:06:24,FARM_01,173,31.3,74.2,0.0,Vegetative,Yes,Poor,9973.09,-13.17,Very Wet
2022-10-08 22:06:24,FARM_01,167,29.88,77.6,0.0,Vegetative,Yes,Poor,9972.34,-13.23,Very Wet
2022-10-08 22:06:24,FARM_01,172,30.55,90.3,0.0,Vegetative,Yes,Poor,9972.53,-13.22,Very Wet
2022-10-08 22:06:24,FARM_01,171,30.69,82.9,0.0,Vegetative,Yes,Poor,9972.87,-13.19,Very Wet
2022-10-08 22:06:24,FARM_01,171,31.0,79.3,7.11,Vegetative,No,Good,9973.41,-13.14,Very Wet
2022-10-08 22:06:24,FARM_01,173,31.51,87.7,0.0,Vegetative,Yes,Poor,9973.26,-13.15,Very Wet
2022-10-08 22:06:24,FARM_01,172,28.66,88.3,0.0,Vegetative,Yes,Poor,9970.59,-13.38,Very Wet
2022-10-08 22:06:24,FARM_01,173,31.66,86.0,0.0,Vegetative,Yes,Poor,9973.14,-13.16,Very Wet
2022-10-08 22:06:24,FARM_01,173,31.75,83.1,0.0,Vegetative,Yes,Poor,9972.81,-13.19,Very Wet
2022-10-08 22:06:24,FARM_01,171,31.8,84.5,0.0,Vegetative,Yes,Poor,9972.52,-13.22,Very Wet
2022-10-08 22:06:24,FARM_01,173,31.82,84.1,3.56,Vegetative,No,Good,9971.98,-13.26,Very Wet
2022-10-08 22:06:24,FARM_01,171,31.82,81.9,0.0,Vegetative,Yes,Poor,9971.61,-13.29,Very Wet
2022-10-08 22:06:24,FARM_01,172,28.63,80.1,8.78,Vegetative,No,Good,9971.3,-13.32,Very Wet
2022-10-08 22:06:24,FARM_01,261,31.71,87.3,6.36,Vegetative,No,Good,9971.16,-13.33,Wet
2022-10-08 22:06:24,FARM_01,167,28.74,79.8,5.32,Vegetative,No,Good,9970.72,-13.37,Very Wet
2022-10-08 22:06:24,FARM_01,334,30.44,81.9,0.0,Vegetative,No,Poor,9970.28,-13.41,Very Dry
2022-10-08 22:06:24,FARM_01,404,30.5,81.2,1.02,Vegetative,No,Poor,9970.73,-13.37,Very Dry
2022-10-08 22:06:24,FARM_01,170,31.11,70.6,0.0,Vegetative,Yes,Poor,9970.48,-13.39,Very Wet
2022-10-08 22:06:24,FARM_01,183,31.56,87.0,5.92,Vegetative,No,Good,9970.92,-13.35,Very Wet
2022-10-08 22:06:24,FARM_01,172,31.49,77.2,1.06,Vegetative,No,Good,9970.7,-13.37,Very Wet
2022-10-08 22:06:24,FARM_01,170,31.42,86.4,0.0,Vegetative,Yes,Poor,9970.49,-13.39,Very Wet
2022-10-08 22:06:24,FARM_01,329,30.38,87.5,0.0,Vegetative,No,Poor,9970.57,-13.38,Dry
2022-10-08 22:06:24,FARM_01,169,31.34,84.2,10.57,Vegetative,No,Good,9970.28,-13.41,Very Wet
2022-10-08 22:06:24,FARM_01,170,31.18,79.8,0.0,Vegetative,Yes,Poor,9970.39,-13.4,Very Wet
2022-10-08 22:06:24,FARM_01,170,31.03,86.0,0.0,Vegetative,Yes,Poor,9970.44,-13.39,Very Wet
2022-10-08 22:06:24,FARM_01,400,30.56,92.5,0.0,Vegetative,No,Poor,9970.64,-13.37,Very Dry
2022-10-08 22:06:24,FARM_01,169,30.95,82.6,0.0,Vegetative,Yes,Poor,9969.91,-13.44,Very Wet
2022-10-08 22:06:24,FARM_01,175,30.88,73.8,0.0,Vegetative,No,Good,9970.02,-13.43,Very Wet
2022-10-08 22:06:24,FARM_01,169,31.26,84.0,0.64,Vegetative,No,Good,9970.44,-13.39,Very Wet
2022-10-08 22:06:24,FARM_01,326,29.73,84.6,0.0,Vegetative,No,Poor,9969.41,-13.48,Dry
2022-10-08 22:06:24,FARM_01,327,29.8,79.6,0.0,Vegetative,No,Poor,9969.36,-13.48,Dry
2022-10-08 22:06:24,FARM_01,324,28.81,80.9,0.0,Vegetative,No,Poor,9970.67,-13.37,Dry
2022-10-08 22:06:24,FARM_01,326,28.83,83.2,0.0,Vegetative,No,Poor,9970.33,-13.4,Dry
2022-10-08 22:06:24,FARM_01,321,30.32,81.0,0.0,Vegetative,No,Poor,9970.27,-13.41,Dry
2022-10-08 22:06:24,FARM_01,323,30.26,88.3,0.0,Vegetative,No,Poor,9970.17,-13.41,Dry
2022-10-08 22:06:24,FARM_01,323,30.21,75.1,0.0,Vegetative,No,Poor,9970.06,-13.42,Dry
2022-10-08 22:06:24,FARM_01,322,30.16,77.3,0.0,Vegetative,No,Poor,9970.14,-13.42,Dry
2022-10-08 22:06:24,FARM_01,326,29.76,77.5,0.0,Vegetative,No,Poor,9969.2,-13.5,Dry
2022-10-08 22:06:24,FARM_01,321,30.11,95.3,0.0,Vegetative,No,Poor,9970.19,-13.41,Dry
2022-10-08 22:06:24,FARM_01,323,30.05,81.9,0.0,Vegetative,No,Poor,9970.45,-13.39,Dry
2022-10-08 22:06:24,FARM_01,325,30.0,87.9,0.0,Vegetative,No,Poor,9970.15,-13.42,Dry
2022-10-08 22:06:24,FARM_01,324,29.96,82.1,0.0,Vegetative,No,Poor,9970.02,-13.43,Dry
2022-10-08 22:06:24,FARM_01,323,29.92,81.6,4.81,Vegetative,No,Poor,9970.27,-13.41,Dry
2022-10-08 22:06:24,FARM_01,328,29.88,84.1,7.09,Vegetative,No,Poor,9970.28,-13.41,Dry
2022-10-08 22:06:24,FARM_01,327,29.84,85.5,7.31,Vegetative,No,Poor,9969.81,-13.44,Dry
2022-10-08 22:06:24,FARM_01,320,30.09,84.0,4.77,Vegetative,No,Poor,9970.4,-13.4,Dry
2022-10-08 22:06:24,FARM_01,169,30.7,88.0,2.13,Vegetative,No,Good,9970.12,-13.42,Very Wet
2022-10-08 22:06:24,FARM_01,169,30.63,74.4,0.0,Vegetative,Yes,Poor,9970.56,-13.38,Very Wet
2022-10-08 22:06:24,FARM_01,330,29.71,82.2,3.39,Vegetative,No,Poor,9969.11,-13.5,Very Dry
2022-10-08 22:06:24,FARM_01,334,29.6,79.1,0.0,Vegetative,No,Poor,9968.88,-13.52,Very Dry
2022-10-08 22:06:24,FARM_01,332,29.37,82.6,2.53,Vegetative,No,Poor,9968.38,-13.57,Very Dry
2022-10-08 22:06:24,FARM_01,333,29.57,91.0,22.64,Vegetative,No,Poor,9968.88,-13.52,Very Dry
2022-10-08 22:06:24,FARM_01,335,29.53,94.7,13.74,Vegetative,No,Poor,9968.92,-13.52,Very Dry
2022-10-08 22:06:24,FARM_01,334,29.5,75.1,9.01,Vegetative,No,Poor,9968.61,-13.55,Very Dry
2022-10-08 22:06:24,FARM_01,333,29.47,86.2,0.0,Vegetative,No,Poor,9968.65,-13.54,Very Dry
2022-10-08 22:06:24,FARM_01,333,29.14,86.4,0.85,Vegetative,No,Poor,9969.25,-13.49,Very Dry
2022-10-08 22:06:24,FARM_01,331,29.43,86.4,0.0,Vegetative,No,Poor,9968.31,-13.57,Very Dry
2022-10-08 22:06:24,FARM_01,332,29.36,88.5,0.0,Vegetative,No,Poor,9968.41,-13.56,Very Dry
2022-10-08 22:06:24,FARM_01,329,29.16,84.9,6.62,Vegetative,No,Poor,9968.91,-13.52,Dry
2022-10-08 22:06:24,FARM_01,331,29.33,94.1,0.0,Vegetative,No,Poor,9968.41,-13.56,Very Dry
2022-10-08 22:06:24,FARM_01,331,29.3,81.0,4.47,Vegetative,No,Poor,9968.61,-13.55,Very Dry
2022-10-08 22:06:24,FARM_01,334,29.27,85.6,1.0,Vegetative,No,Poor,9968.64,-13.54,Very Dry
2022-10-08 22:06:24,FARM_01,332,29.24,90.2,0.0,Vegetative,No,Poor,9968.5,-13.56,Very Dry
2022-10-08 22:06:24,FARM_01,332,29.4,81.6,0.0,Vegetative,No,Poor,9968.34,-13.57,Very Dry
2022-10-08 22:06:24,FARM_01,332,29.1,85.1,0.0,Vegetative,No,Poor,9969.45,-13.47,Very Dry
2022-10-08 22:06:24,FARM_01,325,28.84,86.5,0.0,Vegetative,No,Poor,9970.3,-13.4,Dry
2022-10-08 22:06:24,FARM_01,324,28.87,85.7,0.0,Vegetative,No,Poor,9970.47,-13.39,Dry
2022-10-08 22:06:24,FARM_01,334,29.67,76.1,0.0,Vegetative,No,Poor,9969.11,-13.5,Very Dry
2022-10-08 22:06:24,FARM_01,331,29.64,80.7,0.0,Vegetative,No,Poor,9968.98,-13.51,Very Dry
2022-10-08 22:06:24,FARM_01,328,28.97,94.4,0.0,Vegetative,No,Poor,9970.73,-13.37,Dry
2022-10-08 22:06:24,FARM_01,333,29.08,82.0,0.0,Vegetative,No,Poor,9969.63,-13.46,Very Dry
2022-10-08 22:06:24,FARM_01,333,29.06,87.5,0.0,Vegetative,No,Poor,9969.48,-13.47,Very Dry
2022-10-08 22:06:24,FARM_01,332,29.04,74.3,0.0,Vegetative,No,Poor,9969.51,-13.47,Very Dry
2022-10-08 22:06:24,FARM_01,332,29.03,85.9,0.0,Vegetative,No,Poor,9969.85,-13.44,Very Dry
2022-10-08 22:06:24,FARM_01,331,29.01,79.1,0.0,Vegetative,No,Poor,9970.05,-13.42,Very Dry
2022-10-08 22:06:24,FARM_01,332,28.99,100.0,0.0,Vegetative,No,Poor,9970.37,-13.4,Very Dry
2022-10-08 22:06:24,FARM_01,327,28.95,92.9,0.0,Vegetative,No,Poor,9970.59,-13.38,Dry
2022-10-08 22:06:24,FARM_01,332,29.12,91.5,3.61,Vegetative,No,Poor,9969.25,-13.49,Very Dry
2022-10-08 22:06:24,FARM_01,326,28.93,79.5,0.0,Vegetative,No,Poor,9970.42,-13.39,Dry
2022-10-08 22:06:24,FARM_01,327,28.91,87.6,7.55,Vegetative,No,Poor,9970.8,-13.36,Dry
2022-10-08 22:06:24,FARM_01,325,28.9,92.0,9.58,Vegetative,No,Poor,9970.63,-13.38,Dry
2022-10-08 22:06:24,FARM_01,324,28.89,87.3,7.3,Vegetative,No,Poor,9970.62,-13.38,Dry
2022-10-08 22:06:24,FARM_01,325,28.79,83.5,9.04,Vegetative,No,Poor,9970.7,-13.37,Dry
2022-10-08 22:06:24,FARM_01,332,29.21,83.5,0.0,Vegetative,No,Poor,9968.84,-13.53,Very Dry
2022-10-08 22:06:24,FARM_01,324,28.82,92.8,0.0,Vegetative,No,Poor,9970.33,-13.4,Dry
2022-10-08 22:06:24,FARM_01,318,31.07,88.5,1.22,Vegetative,No,Poor,9970.92,-13.35,Dry
2022-10-08 22:06:24,FARM_01,161,30.82,80.8,0.29,Vegetative,No,Good,9972.18,-13.25,Very Wet
2022-10-08 22:06:24,FARM_01,264,30.52,87.5,1.57,Vegetative,No,Good,9972.06,-13.26,Wet
2022-10-08 22:06:24,FARM_01,325,29.02,83.2,3.19,Vegetative,No,Poor,9970.87,-13.36,Dry
2022-10-08 22:06:24,FARM_01,327,29.31,82.7,3.92,Vegetative,No,Poor,9971.52,-13.3,Dry
2022-10-08 22:06:24,FARM_01,327,29.64,74.5,0.0,Vegetative,No,Poor,9972.24,-13.24,Dry
2022-10-08 22:06:24,FARM_01,328,29.81,82.7,12.28,Vegetative,No,Poor,9972.25,-13.24,Dry
2022-10-08 22:06:24,FARM_01,170,30.79,92.6,0.0,Vegetative,Yes,Poor,9971.86,-13.27,Very Wet
2022-10-08 22:06:24,FARM_01,335,30.12,85.0,4.26,Vegetative,No,Poor,9972.77,-13.2,Very Dry
2022-10-08 22:06:24,FARM_01,234,30.65,83.6,0.06,Vegetative,No,Good,9971.89,-13.27,Wet
2022-10-08 22:06:24,FARM_01,167,30.84,76.6,0.0,Vegetative,Yes,Poor,9971.97,-13.26,Very Wet
2022-10-08 22:06:24,FARM_01,209,30.75,80.7,0.0,Vegetative,No,Good,9972.09,-13.25,Wet
2022-10-08 22:06:24,FARM_01,188,30.81,87.1,0.0,Vegetative,No,Good,9971.84,-13.27,Very Wet
2022-10-08 22:06:24,FARM_01,174,30.85,89.5,0.0,Vegetative,Yes,Poor,9972.13,-13.25,Very Wet
2022-10-08 22:06:24,FARM_01,309,30.35,82.1,0.0,Vegetative,No,Poor,9972.31,-13.23,Dry
2022-10-08 22:06:24,FARM_01,168,30.87,85.7,0.0,Vegetative,Yes,Poor,9971.73,-13.28,Very Wet
2022-10-08 22:06:24,FARM_01,168,30.74,74.7,0.27,Vegetative,No,Good,9971.6,-13.29,Very Wet
2022-10-08 22:06:24,FARM_01,166,29.99,83.3,1.84,Vegetative,No,Good,9972.05,-13.26,Very Wet
2022-10-08 22:06:24,FARM_01,168,30.4,84.7,3.67,Vegetative,No,Good,9972.94,-13.18,Very Wet
2022-10-08 22:06:24,FARM_01,168,30.69,83.6,0.0,Vegetative,Yes,Poor,9971.67,-13.29,Very Wet
2022-10-08 22:06:24,FARM_01,168,30.64,81.3,9.57,Vegetative,No,Good,9971.73,-13.28,Very Wet
2022-10-08 22:06:24,FARM_01,167,30.58,87.3,0.0,Vegetative,Yes,Poor,9972.0,-13.26,Very Wet
2022-10-08 22:06:24,FARM_01,168,30.52,79.2,1.45,Vegetative,No,Good,9972.41,-13.23,Very Wet
2022-10-08 22:06:24,FARM_01,167,30.46,90.5,0.0,Vegetative,Yes,Poor,9972.47,-13.22,Very Wet
2022-10-08 22:06:24,FARM_01,167,30.41,85.5,0.0,Vegetative,Yes,Poor,9972.22,-13.24,Very Wet
2022-10-08 22:06:24,FARM_01,168,30.3,91.5,0.0,Vegetative,Yes,Poor,9972.2,-13.24,Very Wet
2022-10-08 22:06:24,FARM_01,167,30.24,78.9,1.05,Vegetative,No,Good,9972.08,-13.25,Very Wet
2022-10-08 22:06:24,FARM_01,167,30.21,82.5,0.0,Vegetative,Yes,Poor,9971.95,-13.26,Very Wet
2022-10-08 22:06:24,FARM_01,164,30.15,90.1,0.0,Vegetative,Yes,Poor,9972.03,-13.26,Very Wet
2022-10-08 22:06:24,FARM_01,166,30.1,84.8,0.0,Vegetative,Yes,Poor,9971.91,-13.27,Very Wet
2022-10-08 22:06:24,FARM_01,167,30.05,88.7,0.0,Vegetative,Yes,Poor,9971.99,-13.26,Very Wet
2022-10-08 22:06:24,FARM_01,168,30.35,83.8,0.0,Vegetative,Yes,Poor,9972.28,-13.24,Very Wet
2022-10-08 22:06:24,FARM_01,170,30.86,85.2,1.07,Vegetative,No,Good,9971.75,-13.28,Very Wet
2022-10-08 22:06:24,FARM_01,165,30.16,81.3,0.0,Vegetative,Yes,Poor,9972.55,-13.21,Very Wet
2022-10-08 22:06:24,FARM_01,166,30.67,79.3,0.0,Vegetative,Yes,Poor,9973.23,-13.16,Very Wet
2022-10-08 22:06:24,FARM_01,316,30.9,88.9,0.0,Vegetative,No,Poor,9970.83,-13.36,Dry
2022-10-08 22:06:24,FARM_01,321,31.39,85.6,0.0,Vegetative,No,Poor,9971.92,-13.27,Dry
2022-10-08 22:06:24,FARM_01,353,31.12,76.1,3.45,Vegetative,No,Poor,9973.58,-13.13,Very Dry
2022-10-08 22:06:24,FARM_01,409,31.25,88.0,0.0,Vegetative,No,Poor,9973.52,-13.13,Very Dry
2022-10-08 22:06:24,FARM_01,327,31.3,85.1,0.0,Vegetative,No,Poor,9973.13,-13.17,Dry
2022-10-08 22:06:24,FARM_01,320,31.36,80.7,0.0,Vegetative,No,Poor,9972.47,-13.22,Dry
2022-10-08 22:06:24,FARM_01,319,30.83,82.2,0.0,Vegetative,No,Poor,9970.8,-13.36,Dry
2022-10-08 22:06:24,FARM_01,322,31.4,84.0,0.0,Vegetative,No,Poor,9972.26,-13.24,Dry
2022-10-08 22:06:24,FARM_01,316,31.36,86.7,0.0,Vegetative,No,Poor,9971.77,-13.28,Dry
2022-10-08 22:06:24,FARM_01,318,30.97,89.0,3.84,Vegetative,No,Poor,9970.89,-13.35,Dry
2022-10-08 22:06:24,FARM_01,317,31.32,80.1,0.0,Vegetative,No,Poor,9971.36,-13.31,Dry
2022-10-08 22:06:24,FARM_01,318,31.27,69.9,0.0,Vegetative,No,Poor,9971.09,-13.34,Dry
2022-10-08 22:06:24,FARM_01,317,31.21,78.4,0.0,Vegetative,No,Poor,9970.86,-13.36,Dry
2022-10-08 22:06:24,FARM_01,320,31.14,77.1,0.0,Vegetative,No,Poor,9970.77,-13.36,Dry
2022-10-08 22:06:24,FARM_01,321,31.41,83.0,0.0,Vegetative,No,Poor,9972.05,-13.26,Dry
2022-10-08 22:06:24,FARM_01,315,30.76,87.8,0.94,Vegetative,No,Poor,9970.53,-13.38,Dry
2022-10-08 22:06:24,FARM_01,328,29.9,98.6,0.19,Vegetative,No,Poor,9970.08,-13.42,Dry
2022-10-08 22:06:24,FARM_01,328,29.94,84.0,1.03,Vegetative,No,Poor,9970.06,-13.42,Dry
2022-10-08 22:06:24,FARM_01,230,31.66,85.6,0.0,Vegetative,No,Good,9971.42,-13.31,Wet
2022-10-08 22:06:24,FARM_01,166,30.94,79.5,8.84,Vegetative,No,Good,9973.55,-13.13,Very Wet
2022-10-08 22:06:24,FARM_01,316,30.69,85.7,2.32,Vegetative,No,Poor,9970.81,-13.36,Dry
2022-10-08 22:06:24,FARM_01,316,30.62,88.0,0.0,Vegetative,No,Poor,9971.09,-13.34,Dry
2022-10-08 22:06:24,FARM_01,315,30.54,83.1,7.16,Vegetative,No,Poor,9971.19,-13.33,Dry
2022-10-08 22:06:24,FARM_01,312,30.47,89.1,0.0,Vegetative,No,Poor,9970.95,-13.35,Dry
2022-10-08 22:06:24,FARM_01,313,30.41,86.6,0.0,Vegetative,No,Poor,9971.02,-13.34,Dry
2022-10-08 22:06:24,FARM_01,311,30.35,91.7,0.0,Vegetative,No,Poor,9971.08,-13.34,Dry
2022-10-08 22:06:24,FARM_01,309,30.32,85.4,0.0,Vegetative,No,Poor,9971.13,-13.33,Dry
2022-10-08 22:06:24,FARM_01,310,30.26,79.3,6.31,Vegetative,No,Poor,9970.72,-13.37,Dry
2022-10-08 22:06:24,FARM_01,308,30.2,85.4,0.0,Vegetative,No,Poor,9970.77,-13.36,Dry
2022-10-08 22:06:24,FARM_01,304,30.15,86.7,0.0,Vegetative,No,Poor,9970.52,-13.39,Dry
2022-10-08 22:06:24,FARM_01,310,30.09,85.3,10.3,Vegetative,No,Poor,9970.37,-13.4,Dry
2022-10-08 22:06:24,FARM_01,310,30.04,80.8,0.0,Vegetative,No,Poor,9970.28,-13.41,Dry
2022-10-08 22:06:24,FARM_01,326,29.99,86.4,0.0,Vegetative,No,Poor,9970.33,-13.4,Dry
2022-10-08 22:06:24,FARM_01,318,31.04,88.2,5.77,Vegetative,No,Poor,9970.8,-13.36,Dry
2022-10-08 22:06:24,FARM_01,332,29.19,84.2,0.0,Vegetative,No,Poor,9968.88,-13.52,Very Dry
2022-10-08 22:06:24,FARM_01,329,29.86,81.4,2.71,Vegetative,No,Poor,9970.48,-13.39,Dry
2022-10-08 22:06:24,FARM_01,329,29.84,81.6,0.0,Vegetative,No,Poor,9970.33,-13.4,Dry
2022-10-08 22:06:24,FARM_01,325,29.27,80.7,1.99,Vegetative,No,Poor,9969.67,-13.46,Dry
2022-10-08 22:06:24,FARM_01,325,29.51,82.3,0.0,Vegetative,No,Poor,9968.95,-13.52,Dry
2022-10-08 22:06:24,FARM_01,326,29.72,83.6,0.0,Vegetative,No,Poor,9969.94,-13.43,Dry
2022-10-08 22:06:24,FARM_01,327,29.68,80.9,0.0,Vegetative,No,Poor,9969.83,-13.44,Dry
2022-10-08 22:06:24,FARM_01,329,29.65,87.5,0.0,Vegetative,No,Poor,9969.67,-13.46,Dry
2022-10-08 22:06:24,FARM_01,330,29.61,77.6,0.0,Vegetative,No,Poor,9969.36,-13.48,Very Dry
2022-10-08 22:06:24,FARM_01,325,29.25,84.6,10.2,Vegetative,No,Poor,9970.05,-13.42,Dry
2022-10-08 22:06:24,FARM_01,327,29.58,83.8,0.0,Vegetative,No,Poor,9969.39,-13.48,Dry
2022-10-08 22:06:24,FARM_01,328,29.48,79.1,4.13,Vegetative,No,Poor,9968.64,-13.54,Dry
2022-10-08 22:06:24,FARM_01,326,29.3,91.1,0.42,Vegetative,No,Poor,9969.64,-13.46,Dry
2022-10-08 22:06:24,FARM_01,329,29.46,87.1,0.0,Vegetative,No,Poor,9968.81,-13.53,Dry
2022-10-08 22:06:24,FARM_01,328,29.43,82.0,1.52,Vegetative,No,Poor,9968.66,-13.54,Dry
2022-10-08 22:06:24,FARM_01,328,29.41,77.5,18.13,Vegetative,No,Poor,9968.86,-13.52,Dry
2022-10-08 22:06:24,FARM_01,325,29.38,83.9,0.0,Vegetative,No,Poor,9969.23,-13.49,Dry
2022-10-08 22:06:24,FARM_01,326,29.55,82.8,0.0,Vegetative,No,Poor,9969.06,-13.51,Dry
2022-10-08 22:06:24,FARM_01,326,29.35,82.3,3.71,Vegetative,No,Poor,9968.92,-13.52,Dry
2022-10-08 22:06:24,FARM_01,326,29.22,83.6,0.0,Vegetative,No,Poor,9970.02,-13.43,Dry
2022-10-08 22:06:24,FARM_01,327,28.98,81.1,0.0,Vegetative,No,Poor,9970.73,-13.37,Dry
2022-10-08 22:06:24,FARM_01,166,28.55,83.9,0.0,Vegetative,Yes,Poor,9970.3,-13.4,Very Wet
2022-10-08 22:06:24,FARM_01,329,29.21,77.0,0.0,Vegetative,No,Poor,9969.87,-13.44,Dry
2022-10-08 22:06:24,FARM_01,326,29.19,85.9,0.0,Vegetative,No,Poor,9970.25,-13.41,Dry
2022-10-08 22:06:24,FARM_01,327,29.17,89.4,0.0,Vegetative,No,Poor,9970.11,-13.42,Dry
2022-10-08 22:06:24,FARM_01,328,29.15,90.6,0.0,Vegetative,No,Poor,9970.28,-13.41,Dry
2022-10-08 22:06:24,FARM_01,327,29.13,81.0,0.0,Vegetative,No,Poor,9970.48,-13.39,Dry
2022-10-08 22:06:24,FARM_01,327,28.97,82.9,0.0,Vegetative,No,Poor,9970.91,-13.35,Dry
2022-10-08 22:06:24,FARM_01,326,29.11,77.3,0.0,Vegetative,No,Poor,9970.8,-13.36,Dry
2022-10-08 22:06:24,FARM_01,327,29.07,85.5,0.0,Vegetative,No,Poor,9970.85,-13.36,Dry
2022-10-08 22:06:24,FARM_01,327,29.06,77.8,2.12,Vegetative,No,Poor,9971.2,-13.33,Dry
2022-10-08 22:06:24,FARM_01,329,29.04,89.7,0.0,Vegetative,No,Poor,9970.87,-13.36,Dry
2022-10-08 22:06:24,FARM_01,328,29.02,85.4,0.0,Vegetative,No,Poor,9970.71,-13.37,Dry
2022-10-08 22:06:24,FARM_01,328,29.01,93.0,0.0,Vegetative,No,Poor,9970.73,-13.37,Dry
2022-10-08 22:06:24,FARM_01,330,29.0,86.3,0.0,Vegetative,No,Poor,9970.71,-13.37,Very Dry
2022-10-08 22:06:24,FARM_01,328,29.09,79.2,6.9,Vegetative,No,Poor,9971.0,-13.34,Dry
2022-10-08 22:06:24,FARM_01,324,29.32,90.1,2.48,Vegetative,No,Poor,9969.44,-13.48,Dry
2022-10-08 22:06:24,FARM_01,328,28.94,92.8,0.0,Vegetative,No,Poor,9971.11,-13.33,Dry
2022-10-08 22:06:24,FARM_01,346,28.81,81.4,0.0,Vegetative,No,Poor,9969.98,-13.43,Very Dry
2022-10-08 22:06:24,FARM_01,329,28.9,85.7,0.0,Vegetative,No,Poor,9971.16,-13.33,Dry
2022-10-08 22:06:24,FARM_01,330,28.88,84.5,0.0,Vegetative,No,Poor,9970.96,-13.35,Very Dry
2022-10-08 22:06:24,FARM_01,328,28.87,86.1,15.67,Vegetative,No,Poor,9970.8,-13.36,Dry
2022-10-08 22:06:24,FARM_01,335,28.86,82.8,0.0,Vegetative,No,Poor,9970.3,-13.4,Very Dry
2022-10-08 22:06:24,FARM_01,350,28.84,78.8,0.0,Vegetative,No,Poor,9969.96,-13.43,Very Dry
2022-10-08 22:06:24,FARM_01,329,28.91,90.6,17.75,Vegetative,No,Poor,9970.97,-13.35,Dry
2022-10-08 22:06:24,FARM_01,357,28.83,82.8,11.22,Vegetative,No,Poor,9970.16,-13.42,Very Dry
2022-10-08 22:06:24,FARM_01,167,28.73,82.9,2.14,Vegetative,No,Good,9970.55,-13.38,Very Wet
2022-10-08 22:06:24,FARM_01,259,28.78,75.8,8.89,Vegetative,No,Good,9970.01,-13.43,Wet
2022-10-08 22:06:24,FARM_01,232,28.77,78.5,0.79,Vegetative,No,Good,9970.19,-13.41,Wet
2022-10-08 22:06:24,FARM_01,206,28.76,85.3,0.0,Vegetative,No,Good,9970.01,-13.43,Wet
2022-10-08 22:06:24,FARM_01,187,28.75,80.5,0.0,Vegetative,No,Good,9970.18,-13.41,Very Wet
2022-10-08 22:06:24,FARM_01,298,28.8,84.2,0.0,Vegetative,No,Poor,9970.19,-13.41,Dry
2022-10-08 22:06:24,FARM_01,168,28.72,78.9,0.0,Vegetative,Yes,Poor,9970.74,-13.37,Very Wet
2022-10-08 22:06:24,FARM_01,165,28.7,87.2,0.0,Vegetative,Yes,Poor,9971.09,-13.34,Very Wet
2022-10-08 22:06:24,FARM_01,166,28.56,90.8,0.0,Vegetative,Yes,Poor,9970.48,-13.39,Very Wet
2022-10-08 22:06:24,FARM_01,328,28.92,77.9,0.0,Vegetative,No,Poor,9971.13,-13.33,Dry
2022-10-08 22:06:24,FARM_01,166,28.62,89.7,0.0,Vegetative,Yes,Poor,9970.61,-13.38,Very Wet
2022-10-08 22:06:24,FARM_01,167,28.68,81.3,0.0,Vegetative,Yes,Poor,9970.77,-13.36,Very Wet
2022-10-08 22:06:24,FARM_01,166,28.67,81.7,0.0,Vegetative,Yes,Poor,9970.94,-13.35,Very Wet
2022-10-08 22:06:24,FARM_01,166,28.66,83.3,0.0,Vegetative,Yes,Poor,9970.56,-13.38,Very Wet
2022-10-08 22:06:24,FARM_01,167,28.65,80.0,0.0,Vegetative,Yes,Poor,9970.77,-13.36,Very Wet
2022-10-08 22:06:24,FARM_01,166,28.64,86.7,0.0,Vegetative,Yes,Poor,9970.59,-13.38,Very Wet
2022-10-08 22:06:24,FARM_01,165,28.63,91.0,0.0,Vegetative,Yes,Poor,9970.61,-13.38,Very Wet
2022-10-08 22:06:24,FARM_01,166,28.61,82.8,0.0,Vegetative,Yes,Poor,9970.44,-13.39,Very Wet
2022-10-08 22:06:24,FARM_01,166,28.71,80.0,0.0,Vegetative,Yes,Poor,9970.91,-13.35,Very Wet
2022-10-08 22:06:24,FARM_01,165,28.6,77.7,0.0,Vegetative,Yes,Poor,9970.27,-13.41,Very Wet
2022-10-08 22:06:24,FARM_01,167,28.59,90.0,17.37,Vegetative,No,Good,9970.13,-13.42,Very Wet
2022-10-08 22:06:24,FARM_01,166,28.58,82.2,7.35,Vegetative,No,Good,9970.3,-13.4,Very Wet
2022-10-08 22:06:24,FARM_01,166,28.57,87.2,0.61,Vegetative,No,Good,9970.32,-13.4,Very Wet
2022-10-08 22:06:24,FARM_01,329,29.76,86.0,0.0,Vegetative,No,Poor,9969.89,-13.44,Dry
2022-10-08 22:06:24,FARM_01,164,28.53,75.6,0.0,Vegetative,Yes,Poor,9970.66,-13.37,Very Wet
2022-10-08 22:06:24,FARM_01,332,30.55,79.9,7.08,Vegetative,No,Poor,9970.47,-13.39,Very Dry
2022-10-08 22:06:24,FARM_01,166,28.4,85.2,0.0,Vegetative,Yes,Poor,9970.87,-13.36,Very Wet
2022-10-08 22:06:24,FARM_01,166,28.47,88.7,0.32,Vegetative,No,Good,9970.19,-13.41,Very Wet
2022-10-08 22:06:24,FARM_01,166,28.52,89.3,6.39,Vegetative,No,Good,9970.66,-13.37,Very Wet
2022-10-08 22:06:24,FARM_01,165,28.52,92.5,0.0,Vegetative,Yes,Poor,9970.48,-13.39,Very Wet
2022-10-08 22:06:24,FARM_01,166,28.51,88.2,5.39,Vegetative,No,Good,9970.34,-13.4,Very Wet
2022-10-08 22:06:24,FARM_01,167,28.5,85.7,3.81,Vegetative,No,Good,9970.5,-13.39,Very Wet
2022-10-08 22:06:24,FARM_01,167,28.39,86.8,8.79,Vegetative,No,Good,9970.91,-13.35,Very Wet
2022-10-08 22:06:24,FARM_01,166,28.49,79.0,0.0,Vegetative,Yes,Poor,9970.33,-13.4,Very Wet
2022-10-08 22:06:24,FARM_01,166,28.46,83.6,0.0,Vegetative,Yes,Poor,9970.19,-13.41,Very Wet
2022-10-08 22:06:24,FARM_01,166,28.45,76.8,0.0,Vegetative,Yes,Poor,9970.2,-13.41,Very Wet
2022-10-08 22:06:24,FARM_01,166,28.44,83.1,0.0,Vegetative,Yes,Poor,9970.18,-13.41,Very Wet
2022-10-08 22:06:24,FARM_01,165,28.43,86.0,0.0,Vegetative,Yes,Poor,9970.17,-13.41,Very Wet
2022-10-08 22:06:24,FARM_01,167,28.48,87.2,2.61,Vegetative,No,Good,9970.33,-13.4,Very Wet
2022-10-08 22:06:24,FARM_01,167,28.38,91.1,3.0,Vegetative,No,Good,9970.73,-13.37,Very Wet
2022-10-08 22:06:24,FARM_01,331,28.32,78.2,0.0,Vegetative,No,Poor,9969.03,-13.51,Very Dry
2022-10-08 22:06:24,FARM_01,344,28.27,83.2,0.0,Vegetative,No,Poor,9969.05,-13.51,Very Dry
2022-10-08 22:06:24,FARM_01,167,28.54,95.8,0.0,Vegetative,Yes,Poor,9970.66,-13.37,Very Wet
2022-10-08 22:06:24,FARM_01,165,28.37,80.7,1.24,Vegetative,No,Good,9970.22,-13.41,Very Wet
2022-10-08 22:06:24,FARM_01,165,28.36,87.5,0.0,Vegetative,Yes,Poor,9970.38,-13.4,Very Wet
2022-10-08 22:06:24,FARM_01,166,28.35,78.5,3.69,Vegetative,No,Good,9970.23,-13.41,Very Wet
2022-10-08 22:06:24,FARM_01,165,28.34,83.5,21.18,Vegetative,No,Good,9969.89,-13.44,Very Wet
2022-10-08 22:06:24,FARM_01,167,28.34,87.0,0.0,Vegetative,Yes,Poor,9969.72,-13.45,Very Wet
2022-10-08 22:06:24,FARM_01,167,28.33,87.6,0.0,Vegetative,Yes,Poor,9969.86,-13.44,Very Wet
2022-10-08 22:06:24,FARM_01,165,28.32,89.5,0.0,Vegetative,Yes,Poor,9969.38,-13.48,Very Wet
2022-10-08 22:06:24,FARM_01,166,28.31,82.8,3.8,Vegetative,No,Good,9969.38,-13.48,Very Wet
2022-10-08 22:06:24,FARM_01,166,28.3,81.9,0.0,Vegetative,Yes,Poor,9969.55,-13.47,Very Wet
2022-10-08 22:06:24,FARM_01,206,28.29,91.1,0.0,Vegetative,No,Good,9969.56,-13.47,Wet
2022-10-08 22:06:24,FARM_01,426,28.29,86.8,0.0,Vegetative,No,Poor,9969.56,-13.47,Very Dry
2022-10-08 22:06:24,FARM_01,419,28.28,81.1,0.0,Vegetative,No,Poor,9969.22,-13.49,Very Dry
2022-10-08 22:06:24,FARM_01,167,28.42,94.2,0.0,Vegetative,Yes,Poor,9970.2,-13.41,Very Wet
2022-10-08 22:06:24,FARM_01,203,31.63,88.1,0.0,Vegetative,No,Good,9971.31,-13.32,Wet
2022-10-08 22:06:24,FARM_01,166,28.41,84.6,4.58,Vegetative,No,Good,9970.55,-13.38,Very Wet
2022-10-08 22:06:24,FARM_01,330,28.91,87.5,0.0,Vegetative,No,Poor,9969.77,-13.45,Very Dry
2022-10-08 22:06:24,FARM_01,330,30.66,87.8,2.14,Vegetative,No,Poor,9970.34,-13.4,Very Dry
2022-10-08 22:06:24,FARM_01,331,29.83,91.5,0.0,Vegetative,No,Poor,9971.05,-13.34,Very Dry
2022-10-08 22:06:24,FARM_01,332,30.11,89.4,1.17,Vegetative,No,Poor,9970.87,-13.36,Very Dry
2022-10-08 22:06:24,FARM_01,331,30.31,82.4,10.48,Vegetative,No,Poor,9971.33,-13.32,Very Dry
2022-10-08 22:06:24,FARM_01,331,30.46,74.8,0.0,Vegetative,No,Poor,9971.13,-13.33,Very Dry
2022-10-08 22:06:24,FARM_01,332,30.56,80.3,7.7,Vegetative,No,Poor,9970.98,-13.35,Very Dry
2022-10-08 22:06:24,FARM_01,331,29.65,86.7,0.0,Vegetative,No,Poor,9970.86,-13.36,Very Dry
2022-10-08 22:06:24,FARM_01,330,30.62,87.2,0.0,Vegetative,No,Poor,9970.91,-13.35,Very Dry
2022-10-08 22:06:24,FARM_01,331,30.51,88.6,0.0,Vegetative,No,Poor,9970.37,-13.4,Very Dry
2022-10-08 22:06:24,FARM_01,332,30.67,85.0,0.0,Vegetative,No,Poor,9970.65,-13.37,Very Dry
2022-10-08 22:06:24,FARM_01,333,30.66,83.5,0.0,Vegetative,No,Poor,9970.83,-13.36,Very Dry
2022-10-08 22:06:24,FARM_01,333,30.64,73.3,0.0,Vegetative,No,Poor,9970.7,-13.37,Very Dry
2022-10-08 22:06:24,FARM_01,333,30.63,87.0,0.0,Vegetative,No,Poor,9970.91,-13.35,Very Dry
2022-10-08 22:06:24,FARM_01,332,30.59,84.0,0.0,Vegetative,No,Poor,9970.79,-13.36,Very Dry
2022-10-08 22:06:24,FARM_01,332,30.47,86.2,0.0,Vegetative,No,Poor,9970.75,-13.37,Very Dry
2022-10-08 22:06:24,FARM_01,332,30.37,81.6,0.0,Vegetative,No,Poor,9970.92,-13.35,Very Dry
2022-10-08 22:06:24,FARM_01,170,31.01,83.5,0.0,Vegetative,Yes,Poor,9970.66,-13.37,Very Wet
2022-10-08 22:06:24,FARM_01,330,29.28,84.2,2.69,Vegetative,No,Poor,9970.36,-13.4,Very Dry
2022-10-08 22:06:24,FARM_01,173,30.57,83.9,0.0,Vegetative,Yes,Poor,9971.14,-13.33,Very Wet
2022-10-08 22:06:24,FARM_01,296,30.33,76.9,0.0,Vegetative,No,Poor,9971.12,-13.33,Dry
2022-10-08 22:06:24,FARM_01,256,30.28,80.2,0.0,Vegetative,No,Good,9970.85,-13.36,Wet
2022-10-08 22:06:24,FARM_01,235,30.23,89.4,2.0,Vegetative,No,Good,9970.91,-13.35,Wet
2022-10-08 22:06:24,FARM_01,207,30.19,85.5,0.0,Vegetative,No,Good,9970.78,-13.36,Wet
2022-10-08 22:06:24,FARM_01,182,30.2,77.3,0.0,Vegetative,No,Good,9970.78,-13.36,Very Wet
2022-10-08 22:06:24,FARM_01,174,30.35,80.7,0.0,Vegetative,Yes,Poor,9970.94,-13.35,Very Wet
2022-10-08 22:06:24,FARM_01,175,30.75,87.2,0.0,Vegetative,No,Good,9971.05,-13.34,Very Wet
2022-10-08 22:06:24,FARM_01,332,30.42,77.3,0.0,Vegetative,No,Poor,9970.49,-13.39,Very Dry
2022-10-08 22:06:24,FARM_01,186,30.88,90.9,0.0,Vegetative,No,Good,9971.05,-13.34,Very Wet
2022-10-08 22:06:24,FARM_01,170,30.96,82.6,0.0,Vegetative,Yes,Poor,9971.1,-13.34,Very Wet
2022-10-08 22:06:24,FARM_01,170,31.0,92.3,0.31,Vegetative,No,Good,9971.18,-13.33,Very Wet
2022-10-08 22:06:24,FARM_01,172,31.03,79.5,0.0,Vegetative,Yes,Poor,9971.13,-13.33,Very Wet
2022-10-08 22:06:24,FARM_01,331,28.57,89.6,3.72,Vegetative,No,Poor,9969.3,-13.49,Very Dry
2022-10-08 22:06:24,FARM_01,171,30.98,73.4,0.0,Vegetative,Yes,Poor,9970.88,-13.35,Very Wet
2022-10-08 22:06:24,FARM_01,170,30.94,81.6,13.03,Vegetative,No,Good,9970.63,-13.38,Very Wet
2022-10-08 22:06:24,FARM_01,170,30.92,86.7,0.0,Vegetative,Yes,Poor,9970.64,-13.37,Very Wet
2022-10-08 22:06:24,FARM_01,171,30.46,87.4,0.0,Vegetative,Yes,Poor,9970.93,-13.35,Very Wet
2022-10-08 22:06:24,FARM_01,170,30.76,77.6,2.54,Vegetative,No,Good,9970.53,-13.38,Very Wet
2022-10-08 22:06:24,FARM_01,174,30.7,85.2,0.0,Vegetative,Yes,Poor,9970.63,-13.38,Very Wet
2022-10-08 22:06:24,FARM_01,170,29.91,89.9,0.52,Vegetative,No,Good,9969.23,-13.49,Very Wet
2022-10-08 22:06:24,FARM_01,170,30.59,83.9,1.07,Vegetative,No,Good,9970.63,-13.38,Very Wet
2022-10-08 22:06:24,FARM_01,171,30.4,80.7,9.15,Vegetative,No,Good,9970.87,-13.36,Very Wet
2022-10-08 22:06:24,FARM_01,170,30.02,76.6,0.0,Vegetative,Yes,Poor,9969.97,-13.43,Very Wet
2022-10-08 22:06:24,FARM_01,171,30.34,87.5,0.0,Vegetative,Yes,Poor,9971.11,-13.33,Very Wet
2022-10-08 22:06:24,FARM_01,170,30.28,89.2,0.0,Vegetative,Yes,Poor,9970.85,-13.36,Very Wet
2022-10-08 22:06:24,FARM_01,170,30.19,81.6,3.94,Vegetative,No,Good,9970.95,-13.35,Very Wet
2022-10-08 22:06:24,FARM_01,171,30.52,83.1,0.0,Vegetative,Yes,Poor,9970.69,-13.37,Very Wet
2022-10-08 22:06:24,FARM_01,170,30.14,88.0,1.95,Vegetative,No,Good,9970.7,-13.37,Very Wet
2022-10-08 22:06:24,FARM_01,170,29.33,84.3,0.0,Vegetative,Yes,Poor,9967.72,-13.62,Very Wet
2022-10-08 22:06:24,FARM_01,240,28.65,85.3,0.0,Vegetative,No,Good,9969.05,-13.51,Wet
2022-10-08 22:06:24,FARM_01,171,29.81,81.9,3.22,Vegetative,No,Good,9968.65,-13.54,Very Wet
2022-10-08 22:06:24,FARM_01,171,29.71,84.7,0.0,Vegetative,Yes,Poor,9968.24,-13.58,Very Wet
2022-10-08 22:06:24,FARM_01,170,29.67,84.7,0.53,Vegetative,No,Good,9968.09,-13.59,Very Wet
2022-10-08 22:06:24,FARM_01,170,29.63,88.0,2.27,Vegetative,No,Good,9967.81,-13.61,Very Wet
2022-10-08 22:06:24,FARM_01,171,29.53,79.2,14.23,Vegetative,No,Good,9967.89,-13.61,Very Wet
2022-10-08 22:06:24,FARM_01,170,29.43,85.7,3.78,Vegetative,No,Good,9967.99,-13.6,Very Wet
2022-10-08 22:06:24,FARM_01,170,29.39,86.8,0.0,Vegetative,Yes,Poor,9967.86,-13.61,Very Wet
2022-10-08 22:06:24,FARM_01,170,29.36,76.3,0.0,Vegetative,Yes,Poor,9967.89,-13.61,Very Wet
2022-10-08 22:06:24,FARM_01,171,29.24,93.5,0.0,Vegetative,Yes,Poor,9969.19,-13.5,Very Wet
2022-10-08 22:06:24,FARM_01,170,29.02,80.9,0.0,Vegetative,Yes,Poor,9970.54,-13.38,Very Wet
2022-10-08 22:06:24,FARM_01,176,29.17,85.6,0.0,Vegetative,No,Good,9969.59,-13.46,Very Wet
2022-10-08 22:06:24,FARM_01,170,29.14,81.1,2.84,Vegetative,No,Good,9969.77,-13.45,Very Wet
2022-10-08 22:06:24,FARM_01,171,29.12,87.3,0.0,Vegetative,Yes,Poor,9969.94,-13.43,Very Wet
2022-10-08 22:06:24,FARM_01,170,29.07,81.6,0.0,Vegetative,Yes,Poor,9970.51,-13.39,Very Wet
2022-10-08 22:06:24,FARM_01,171,29.05,78.3,12.74,Vegetative,No,Good,9970.34,-13.4,Very Wet
2022-10-08 22:06:24,FARM_01,392,28.87,89.8,0.0,Vegetative,No,Poor,9971.13,-13.33,Very Dry
2022-10-08 22:06:24,FARM_01,170,28.96,89.7,6.53,Vegetative,No,Good,9970.56,-13.38,Very Wet
2022-10-08 22:06:24,FARM_01,170,28.95,86.0,0.0,Vegetative,Yes,Poor,9970.59,-13.38,Very Wet
2022-10-08 22:06:24,FARM_01,171,28.91,89.9,7.1,Vegetative,No,Good,9971.13,-13.33,Very Wet
2022-10-08 22:06:24,FARM_01,172,29.0,75.5,0.0,Vegetative,Yes,Poor,9970.71,-13.37,Very Wet
2022-10-08 22:06:24,FARM_01,362,28.85,77.7,3.15,Vegetative,No,Poor,9970.98,-13.35,Very Dry
2022-10-08 22:06:24,FARM_01,259,28.82,80.2,0.0,Vegetative,No,Good,9970.5,-13.39,Wet
2022-10-08 22:06:24,FARM_01,323,28.73,81.3,0.0,Vegetative,No,Poor,9970.2,-13.41,Dry
2022-10-08 22:06:24,FARM_01,246,28.8,90.5,0.0,Vegetative,No,Good,9970.19,-13.41,Wet
2022-10-08 22:06:24,FARM_01,310,28.79,84.3,0.93,Vegetative,No,Poor,9970.52,-13.38,Dry
2022-10-08 22:06:24,FARM_01,423,28.77,97.6,0.0,Vegetative,No,Poor,9970.35,-13.4,Very Dry
2022-10-08 22:06:24,FARM_01,424,28.77,85.4,0.0,Vegetative,No,Poor,9970.52,-13.39,Very Dry
2022-10-08 22:06:24,FARM_01,349,28.75,81.9,0.0,Vegetative,No,Poor,9970.52,-13.39,Very Dry
2022-10-08 22:06:24,FARM_01,340,28.74,88.3,8.51,Vegetative,No,Poor,9970.37,-13.4,Very Dry
2022-10-08 22:06:24,FARM_01,276,28.72,80.5,0.0,Vegetative,No,Poor,9969.89,-13.44,Dry
2022-10-08 22:06:24,FARM_01,302,28.83,85.7,0.0,Vegetative,No,Poor,9970.84,-13.36,Dry
2022-10-08 22:06:24,FARM_01,243,28.7,87.3,0.0,Vegetative,No,Good,9969.55,-13.47,Wet
2022-10-08 22:06:24,FARM_01,213,28.69,98.0,0.0,Vegetative,No,Good,9969.05,-13.51,Wet
2022-10-08 22:06:24,FARM_01,241,28.68,80.1,0.0,Vegetative,No,Good,9969.23,-13.49,Wet
2022-10-08 22:06:24,FARM_01,241,28.67,90.1,0.0,Vegetative,No,Good,9968.88,-13.52,Wet
2022-10-08 22:06:24,FARM_01,242,28.67,79.9,0.0,Vegetative,No,Good,9968.86,-13.52,Wet
2022-10-08 22:06:24,FARM_01,239,28.64,82.5,0.0,Vegetative,No,Good,9969.05,-13.51,Wet
2022-10-08 22:06:24,FARM_01,204,28.89,76.2,2.8,Vegetative,No,Good,9970.96,-13.35,Wet
2022-10-08 22:06:24,FARM_01,240,28.64,82.6,0.0,Vegetative,No,Good,9969.22,-13.49,Wet
2022-10-08 22:06:24,FARM_01,223,29.76,85.6,0.0,Vegetative,No,Good,9967.15,-13.67,Wet
2022-10-08 22:06:24,FARM_01,239,28.56,87.2,2.58,Vegetative,No,Good,9968.44,-13.56,Wet
2022-10-08 22:06:24,FARM_01,239,28.62,80.7,0.0,Vegetative,No,Good,9968.91,-13.52,Wet
2022-10-08 22:06:24,FARM_01,240,28.6,82.0,4.3,Vegetative,No,Good,9968.56,-13.55,Wet
2022-10-08 22:06:24,FARM_01,237,28.59,90.8,2.46,Vegetative,No,Good,9968.23,-13.58,Wet
2022-10-08 22:06:24,FARM_01,238,28.57,82.1,8.83,Vegetative,No,Good,9968.27,-13.57,Wet
2022-10-08 22:06:24,FARM_01,238,28.5,82.2,0.0,Vegetative,No,Good,9967.59,-13.63,Wet
2022-10-08 22:06:24,FARM_01,238,28.55,81.7,0.0,Vegetative,No,Good,9968.23,-13.58,Wet
2022-10-08 22:06:24,FARM_01,238,28.54,97.1,0.0,Vegetative,No,Good,9968.41,-13.56,Wet
2022-10-08 22:06:24,FARM_01,239,28.53,86.3,0.0,Vegetative,No,Good,9967.92,-13.6,Wet
2022-10-08 22:06:24,FARM_01,240,28.52,87.3,0.0,Vegetative,No,Good,9967.91,-13.6,Wet
2022-10-08 22:06:24,FARM_01,238,28.52,85.7,0.0,Vegetative,No,Good,9967.91,-13.6,Wet
2022-10-08 22:06:24,FARM_01,239,28.55,81.7,0.0,Vegetative,No,Good,9968.23,-13.58,Wet
2022-10-08 22:06:24,FARM_01,239,28.51,86.8,1.21,Vegetative,No,Good,9967.77,-13.62,Wet
2022-10-08 22:06:24,FARM_01,239,28.48,88.0,0.0,Vegetative,No,Good,9967.45,-13.64,Wet
2022-10-08 22:06:24,FARM_01,239,28.34,77.3,3.29,Vegetative,No,Good,9965.95,-13.77,Wet
2022-10-08 22:06:24,FARM_01,239,28.45,93.8,2.08,Vegetative,No,Good,9966.76,-13.7,Wet
2022-10-08 22:06:24,FARM_01,240,28.45,84.7,0.0,Vegetative,No,Good,9967.12,-13.67,Wet
2022-10-08 22:06:24,FARM_01,238,28.44,81.2,0.0,Vegetative,No,Good,9966.92,-13.69,Wet
2022-10-08 22:06:24,FARM_01,240,28.43,78.0,1.84,Vegetative,No,Good,9966.58,-13.72,Wet
2022-10-08 22:06:24,FARM_01,239,28.42,80.9,36.58,Vegetative,No,Good,9966.75,-13.7,Wet
2022-10-08 22:06:24,FARM_01,238,28.41,84.0,0.0,Vegetative,No,Good,9966.6,-13.71,Wet
2022-10-08 22:06:24,FARM_01,238,28.46,85.9,7.16,Vegetative,No,Good,9966.93,-13.69,Wet
2022-10-08 22:06:24,FARM_01,237,28.4,94.9,2.54,Vegetative,No,Good,9966.6,-13.71,Wet
2022-10-08 22:06:24,FARM_01,239,28.39,86.6,0.0,Vegetative,No,Good,9966.45,-13.73,Wet
2022-10-08 22:06:24,FARM_01,239,28.38,86.3,0.0,Vegetative,No,Good,9966.45,-13.73,Wet
2022-10-08 22:06:24,FARM_01,240,28.37,83.0,0.0,Vegetative,No,Good,9966.11,-13.76,Wet
2022-10-08 22:06:24,FARM_01,237,28.36,81.8,0.0,Vegetative,No,Good,9966.11,-13.76,Wet
2022-10-08 22:06:24,FARM_01,239,28.35,93.9,0.0,Vegetative,No,Good,9965.95,-13.77,Wet
2022-10-08 22:06:24,FARM_01,237,28.34,92.6,14.09,Vegetative,No,Good,9965.78,-13.78,Wet
2022-10-08 22:06:24,FARM_01,238,28.39,88.2,0.27,Vegetative,No,Good,9966.43,-13.73,Wet
2022-10-08 22:06:24,FARM_01,238,28.33,79.3,0.0,Vegetative,No,Good,9965.61,-13.8,Wet
2022-10-08 22:06:24,FARM_01,239,28.31,88.3,0.0,Vegetative,No,Good,9965.78,-13.78,Wet
2022-10-08 22:06:24,FARM_01,219,29.64,84.3,0.0,Vegetative,No,Good,9963.83,-13.95,Wet
2022-10-08 22:06:24,FARM_01,239,28.25,82.3,0.09,Vegetative,No,Good,9965.47,-13.81,Wet
2022-10-08 22:06:24,FARM_01,239,28.3,90.2,2.68,Vegetative,No,Good,9965.63,-13.8,Wet
2022-10-08 22:06:24,FARM_01,240,28.29,85.3,0.0,Vegetative,No,Good,9965.45,-13.81,Wet
2022-10-08 22:06:24,FARM_01,238,28.28,89.4,0.0,Vegetative,No,Good,9964.94,-13.85,Wet
2022-10-08 22:06:24,FARM_01,239,28.27,86.3,0.0,Vegetative,No,Good,9965.11,-13.84,Wet
2022-10-08 22:06:24,FARM_01,180,30.1,91.5,9.89,Vegetative,No,Good,9968.14,-13.59,Very Wet
2022-10-08 22:06:24,FARM_01,200,29.96,91.7,1.76,Vegetative,No,Good,9967.97,-13.6,Wet
2022-10-08 22:06:24,FARM_01,237,28.44,83.9,11.03,Vegetative,No,Good,9965.39,-13.82,Wet
2022-10-08 22:06:24,FARM_01,238,28.77,80.3,0.0,Vegetative,No,Good,9966.23,-13.75,Wet
2022-10-08 22:06:24,FARM_01,238,29.13,91.0,0.0,Vegetative,No,Good,9966.7,-13.71,Wet
2022-10-08 22:06:24,FARM_01,240,29.5,82.2,3.54,Vegetative,No,Good,9966.9,-13.69,Wet
2022-10-08 22:06:24,FARM_01,168,30.25,82.6,4.86,Vegetative,No,Good,9968.16,-13.58,Very Wet
2022-10-08 22:06:24,FARM_01,167,29.84,82.3,0.0,Vegetative,Yes,Poor,9967.75,-13.62,Very Wet
2022-10-08 22:06:24,FARM_01,238,28.3,83.8,5.8,Vegetative,No,Good,9965.6,-13.8,Wet
2022-10-08 22:06:24,FARM_01,167,30.29,89.3,0.0,Vegetative,Yes,Poor,9968.45,-13.56,Very Wet
2022-10-08 22:06:24,FARM_01,166,30.3,79.4,0.0,Vegetative,Yes,Poor,9968.75,-13.53,Very Wet
2022-10-08 22:06:24,FARM_01,167,30.3,92.1,0.0,Vegetative,Yes,Poor,9968.41,-13.56,Very Wet
2022-10-08 22:06:24,FARM_01,166,30.27,84.2,0.0,Vegetative,Yes,Poor,9968.45,-13.56,Very Wet
2022-10-08 22:06:24,FARM_01,168,30.24,80.6,0.42,Vegetative,No,Good,9968.65,-13.54,Very Wet
2022-10-08 22:06:24,FARM_01,167,30.2,79.4,0.0,Vegetative,Yes,Poor,9968.55,-13.55,Very Wet
2022-10-08 22:06:24,FARM_01,168,30.16,79.8,0.0,Vegetative,Yes,Poor,9968.59,-13.55,Very Wet
2022-10-08 22:06:24,FARM_01,168,30.12,77.7,11.77,Vegetative,No,Good,9968.81,-13.53,Very Wet
2022-10-08 22:06:24,FARM_01,166,30.07,83.0,1.83,Vegetative,No,Good,9968.7,-13.54,Very Wet
2022-10-08 22:06:24,FARM_01,167,30.02,82.4,0.0,Vegetative,Yes,Poor,9968.42,-13.56,Very Wet
2022-10-08 22:06:24,FARM_01,167,29.97,81.9,0.53,Vegetative,No,Good,9968.13,-13.59,Very Wet
2022-10-08 22:06:24,FARM_01,167,29.92,92.4,0.0,Vegetative,Yes,Poor,9968.03,-13.59,Very Wet
2022-10-08 22:06:24,FARM_01,167,29.89,91.8,0.0,Vegetative,Yes,Poor,9968.02,-13.6,Very Wet
2022-10-08 22:06:24,FARM_01,239,28.63,83.3,0.0,Vegetative,No,Good,9968.91,-13.52,Wet
2022-10-08 22:06:24,FARM_01,167,29.79,86.6,7.33,Vegetative,No,Good,9967.62,-13.63,Very Wet
2022-10-08 22:06:24,FARM_01,167,29.74,79.6,0.0,Vegetative,Yes,Poor,9967.53,-13.64,Very Wet
2022-10-08 22:06:24,FARM_01,168,29.69,85.5,6.95,Vegetative,No,Good,9967.25,-13.66,Very Wet
2022-10-08 22:06:24,FARM_01,168,29.36,85.0,11.26,Vegetative,No,Good,9966.69,-13.71,Very Wet
2022-10-08 22:06:24,FARM_01,168,29.59,88.7,0.0,Vegetative,Yes,Poor,9966.98,-13.68,Very Wet
2022-10-08 22:06:24,FARM_01,168,29.55,76.3,0.0,Vegetative,Yes,Poor,9966.83,-13.7,Very Wet
2022-10-08 22:06:24,FARM_01,167,29.5,79.5,4.74,Vegetative,No,Good,9966.9,-13.69,Very Wet
2022-10-08 22:06:24,FARM_01,167,29.46,82.5,0.0,Vegetative,Yes,Poor,9966.94,-13.69,Very Wet
2022-10-08 22:06:24,FARM_01,167,29.42,83.8,1.59,Vegetative,No,Good,9966.97,-13.68,Very Wet
2022-10-08 22:06:24,FARM_01,172,29.07,78.3,0.0,Vegetative,Yes,Poor,9967.59,-13.63,Very Wet
2022-10-08 22:06:24,FARM_01,167,29.38,92.3,1.61,Vegetative,No,Good,9966.83,-13.7,Very Wet
2022-10-08 22:06:24,FARM_01,167,29.1,90.2,0.0,Vegetative,Yes,Poor,9967.57,-13.63,Very Wet
2022-10-08 22:06:24,FARM_01,167,29.29,84.9,0.0,Vegetative,Yes,Poor,9967.24,-13.66,Very Wet
2022-10-08 22:06:24,FARM_01,167,29.25,84.0,0.0,Vegetative,Yes,Poor,9967.3,-13.66,Very Wet
2022-10-08 22:06:24,FARM_01,167,29.22,79.7,0.0,Vegetative,Yes,Poor,9967.3,-13.66,Very Wet
2022-10-08 22:06:24,FARM_01,169,29.19,82.1,0.0,Vegetative,Yes,Poor,9967.16,-13.67,Very Wet
2022-10-08 22:06:24,FARM_01,167,29.16,92.7,11.37,Vegetative,No,Good,9967.2,-13.66,Very Wet
2022-10-08 22:06:24,FARM_01,167,29.33,76.2,0.0,Vegetative,Yes,Poor,9967.21,-13.66,Very Wet
2022-10-08 22:06:24,FARM_01,167,29.13,91.4,0.0,Vegetative,Yes,Poor,9967.22,-13.66,Very Wet
2022-10-08 22:06:24,FARM_01,167,29.04,78.2,0.0,Vegetative,Yes,Poor,9967.45,-13.64,Very Wet
2022-10-08 22:06:24,FARM_01,167,29.0,85.0,0.04,Vegetative,No,Good,9969.52,-13.61,Very Wet
2022-10-08 22:06:24,FARM_01,166,28.98,97.6,0.0,Vegetative,Yes,Poor,9968.0,-13.6,Very Wet
2022-10-08 22:06:24,FARM_01,168,28.95,79.2,0.0,Vegetative,Yes,Poor,9967.85,-13.61,Very Wet
2022-10-08 22:06:24,FARM_01,167,28.93,83.4,0.0,Vegetative,Yes,Poor,9968.05,-13.59,Very Wet
2022-10-08 22:06:24,FARM_01,167,28.91,90.4,7.16,Vegetative,No,Good,9967.54,-13.64,Very Wet
2022-10-08 22:06:24,FARM_01,167,28.89,94.0,0.0,Vegetative,Yes,Poor,9967.36,-13.65,Very Wet
2022-10-08 22:06:24,FARM_01,167,28.87,88.2,0.0,Vegetative,Yes,Poor,9967.39,-13.65,Very Wet
2022-10-08 22:06:24,FARM_01,167,28.83,84.5,1.78,Vegetative,No,Good,9967.42,-13.65,Very Wet
2022-10-08 22:06:24,FARM_01,167,28.81,71.3,0.0,Vegetative,Yes,Poor,9967.08,-13.67,Very Wet
2022-10-08 22:06:24,FARM_01,168,28.79,83.4,0.0,Vegetative,Yes,Poor,9966.76,-13.7,Very Wet
2022-10-08 22:06:24,FARM_01,167,28.77,83.6,0.0,Vegetative,Yes,Poor,9966.58,-13.72,Very Wet
2022-10-08 22:06:24,FARM_01,167,28.76,77.3,0.47,Vegetative,No,Good,9966.41,-13.73,Very Wet
2022-10-08 22:06:24,FARM_01,168,28.75,83.5,0.0,Vegetative,Yes,Poor,9966.23,-13.75,Very Wet
2022-10-08 22:06:24,FARM_01,167,28.84,83.6,1.65,Vegetative,No,Good,9967.22,-13.66,Very Wet
2022-10-08 22:06:24,FARM_01,167,28.72,94.2,4.03,Vegetative,No,Good,9965.78,-13.78,Very Wet
2022-10-08 22:06:24,FARM_01,167,28.7,87.2,9.56,Vegetative,No,Good,9965.6,-13.8,Very Wet
2022-10-08 22:06:24,FARM_01,167,28.69,80.9,2.24,Vegetative,No,Good,9965.63,-13.8,Very Wet
2022-10-08 22:06:24,FARM_01,167,28.64,86.7,0.0,Vegetative,Yes,Poor,9964.94,-13.85,Very Wet
2022-10-08 22:06:24,FARM_01,167,28.63,82.6,0.0,Vegetative,Yes,Poor,9964.8,-13.87,Very Wet
2022-10-08 22:06:24,FARM_01,167,28.61,79.9,0.0,Vegetative,Yes,Poor,9964.96,-13.85,Very Wet
2022-10-08 22:06:24,FARM_01,168,28.6,83.5,0.0,Vegetative,Yes,Poor,9964.98,-13.85,Very Wet
2022-10-08 22:06:24,FARM_01,167,28.58,82.3,12.34,Vegetative,No,Good,9965.16,-13.84,Very Wet
2022-10-08 22:06:24,FARM_01,166,28.8,90.0,7.24,Vegetative,No,Good,9965.05,-13.85,Very Wet
2022-10-08 22:06:24,FARM_01,166,29.12,87.1,0.0,Vegetative,Yes,Poor,9965.52,-13.81,Very Wet
2022-10-08 22:06:24,FARM_01,167,29.47,82.2,0.0,Vegetative,Yes,Poor,9966.07,-13.76,Very Wet
2022-10-08 22:06:24,FARM_01,404,29.74,84.9,0.0,Vegetative,No,Poor,9966.16,-13.75,Very Dry
2022-10-08 22:06:24,FARM_01,414,29.92,80.2,0.0,Vegetative,No,Poor,9966.12,-13.76,Very Dry
2022-10-08 22:06:24,FARM_01,352,30.06,88.6,0.0,Vegetative,No,Poor,9965.81,-13.78,Very Dry
2022-10-08 22:06:24,FARM_01,339,30.14,80.2,0.0,Vegetative,No,Poor,9965.55,-13.8,Very Dry
2022-10-08 22:06:24,FARM_01,337,30.2,86.1,2.57,Vegetative,No,Poor,9965.11,-13.84,Very Dry
2022-10-08 22:06:24,FARM_01,344,30.22,91.2,4.7,Vegetative,No,Poor,9964.73,-13.87,Very Dry
2022-10-08 22:06:24,FARM_01,343,30.23,86.5,0.0,Vegetative,No,Poor,9964.73,-13.87,Very Dry
2022-10-08 22:06:24,FARM_01,344,29.97,85.6,0.0,Vegetative,No,Poor,9964.36,-13.9,Very Dry
2022-10-08 22:06:24,FARM_01,340,30.21,86.8,0.0,Vegetative,No,Poor,9964.73,-13.87,Very Dry
2022-10-08 22:06:24,FARM_01,339,30.19,88.0,7.42,Vegetative,No,Poor,9964.78,-13.87,Very Dry
2022-10-08 22:06:24,FARM_01,339,30.15,85.0,0.0,Vegetative,No,Poor,9964.68,-13.88,Very Dry
2022-10-08 22:06:24,FARM_01,339,30.11,85.1,0.0,Vegetative,No,Poor,9964.7,-13.87,Very Dry
2022-10-08 22:06:24,FARM_01,342,30.07,96.7,0.0,Vegetative,No,Poor,9964.58,-13.89,Very Dry
2022-10-08 22:06:24,FARM_01,338,30.02,78.8,10.37,Vegetative,No,Poor,9964.66,-13.88,Very Dry
2022-10-08 22:06:24,FARM_01,342,29.92,85.9,0.0,Vegetative,No,Poor,9964.09,-13.93,Very Dry
2022-10-08 22:06:24,FARM_01,342,30.23,84.1,0.0,Vegetative,No,Poor,9964.73,-13.87,Very Dry
2022-10-08 22:06:24,FARM_01,340,29.86,87.8,3.1,Vegetative,No,Poor,9963.8,-13.95,Very Dry
2022-10-08 22:06:24,FARM_01,339,29.81,92.0,0.0,Vegetative,No,Poor,9963.5,-13.98,Very Dry
2022-10-08 22:06:24,FARM_01,336,29.78,75.6,3.77,Vegetative,No,Poor,9963.17,-14.0,Very Dry
2022-10-08 22:06:24,FARM_01,339,29.73,78.3,0.0,Vegetative,No,Poor,9962.9,-14.03,Very Dry
2022-10-08 22:06:24,FARM_01,339,29.68,80.7,0.0,Vegetative,No,Poor,9962.77,-14.04,Very Dry
2022-10-08 22:06:24,FARM_01,339,29.63,93.9,4.94,Vegetative,No,Poor,9962.5,-14.06,Very Dry
2022-10-08 22:06:24,FARM_01,340,29.58,84.6,10.59,Vegetative,No,Poor,9962.39,-14.07,Very Dry
2022-10-08 22:06:24,FARM_01,168,29.64,84.4,1.11,Vegetative,No,Good,9967.09,-13.67,Very Wet
2022-10-08 22:06:24,FARM_01,340,29.53,85.6,0.0,Vegetative,No,Poor,9962.41,-14.07,Very Dry
2022-10-08 22:06:24,FARM_01,340,29.43,83.9,0.0,Vegetative,No,Poor,9961.97,-14.1,Very Dry
2022-10-08 22:06:24,FARM_01,342,29.17,85.7,9.8,Vegetative,No,Poor,9962.23,-14.08,Very Dry
2022-10-08 22:06:24,FARM_01,344,29.39,93.1,0.0,Vegetative,No,Poor,9961.69,-14.13,Very Dry
2022-10-08 22:06:24,FARM_01,346,29.34,74.2,0.0,Vegetative,No,Poor,9961.52,-14.14,Very Dry
2022-10-08 22:06:24,FARM_01,340,29.32,93.4,0.0,Vegetative,No,Poor,9961.73,-14.13,Very Dry
2022-10-08 22:06:24,FARM_01,341,29.28,78.3,0.0,Vegetative,No,Poor,9961.95,-14.11,Very Dry
2022-10-08 22:06:24,FARM_01,342,29.24,87.7,0.0,Vegetative,No,Poor,9962.16,-14.09,Very Dry
2022-10-08 22:06:24,FARM_01,340,28.91,84.3,0.0,Vegetative,No,Poor,9962.05,-14.1,Very Dry
2022-10-08 22:06:24,FARM_01,341,29.2,76.9,10.88,Vegetative,No,Poor,9962.0,-14.1,Very Dry
2022-10-08 22:06:24,FARM_01,341,28.94,81.2,0.0,Vegetative,No,Poor,9962.03,-14.1,Very Dry
2022-10-08 22:06:24,FARM_01,342,29.1,89.9,0.0,Vegetative,No,Poor,9962.26,-14.08,Very Dry
2022-10-08 22:06:24,FARM_01,342,29.07,82.1,0.0,Vegetative,No,Poor,9962.12,-14.09,Very Dry
2022-10-08 22:06:24,FARM_01,345,29.04,83.8,0.0,Vegetative,No,Poor,9962.14,-14.09,Very Dry
2022-10-08 22:06:24,FARM_01,341,29.01,89.3,2.92,Vegetative,No,Poor,9962.34,-14.07,Very Dry
2022-10-08 22:06:24,FARM_01,340,28.98,78.5,0.0,Vegetative,No,Poor,9962.0,-14.1,Very Dry
2022-10-08 22:06:24,FARM_01,342,29.13,77.6,0.0,Vegetative,No,Poor,9962.25,-14.08,Very Dry
2022-10-08 22:06:24,FARM_01,340,28.88,82.0,2.54,Vegetative,No,Poor,9961.88,-14.11,Very Dry
2022-10-08 22:06:24,FARM_01,339,28.86,86.8,0.93,Vegetative,No,Poor,9962.25,-14.08,Very Dry
2022-10-08 22:06:24,FARM_01,342,28.56,84.7,2.41,Vegetative,No,Poor,9960.9,-14.19,Very Dry
2022-10-08 22:06:24,FARM_01,341,29.48,80.7,12.76,Vegetative,No,Poor,9961.95,-14.11,Very Dry
2022-10-08 22:06:24,FARM_01,340,28.83,82.1,0.59,Vegetative,No,Poor,9962.11,-14.09,Very Dry
2022-10-08 22:06:24,FARM_01,340,28.81,86.5,0.0,Vegetative,No,Poor,9962.11,-14.09,Very Dry
2022-10-08 22:06:24,FARM_01,340,28.79,84.9,8.03,Vegetative,No,Poor,9961.95,-14.11,Very Dry
2022-10-08 22:06:24,FARM_01,342,28.76,83.9,0.0,Vegetative,No,Poor,9961.95,-14.11,Very Dry
2022-10-08 22:06:24,FARM_01,343,28.74,85.6,0.0,Vegetative,No,Poor,9961.98,-14.1,Very Dry
2022-10-08 22:06:24,FARM_01,339,28.73,88.5,0.0,Vegetative,No,Poor,9961.81,-14.12,Very Dry
2022-10-08 22:06:24,FARM_01,341,28.71,78.1,2.49,Vegetative,No,Poor,9961.67,-14.13,Very Dry
2022-10-08 22:06:24,FARM_01,341,28.69,76.3,0.0,Vegetative,No,Poor,9961.66,-14.13,Very Dry
2022-10-08 22:06:24,FARM_01,341,28.67,86.4,0.0,Vegetative,No,Poor,9961.69,-14.13,Very Dry
2022-10-08 22:06:24,FARM_01,344,28.65,84.5,0.78,Vegetative,No,Poor,9961.52,-14.14,Very Dry
2022-10-08 22:06:24,FARM_01,344,28.63,83.0,14.62,Vegetative,No,Poor,9961.17,-14.17,Very Dry
2022-10-08 22:06:24,FARM_01,342,28.62,85.6,15.14,Vegetative,No,Poor,9961.38,-14.15,Very Dry
2022-10-08 22:06:24,FARM_01,344,28.6,85.4,2.26,Vegetative,No,Poor,9961.22,-14.17,Very Dry
2022-10-08 22:06:24,FARM_01,343,28.58,90.4,0.0,Vegetative,No,Poor,9960.88,-14.2,Very Dry
2022-10-08 22:06:24,FARM_01,341,28.97,86.4,0.0,Vegetative,No,Poor,9962.34,-14.07,Very Dry
2022-10-08 22:06:24,FARM_01,239,28.32,82.3,3.92,Vegetative,No,Good,9965.61,-13.8,Wet
2022-10-08 22:06:24,FARM_01,342,28.54,83.3,0.24,Vegetative,No,Poor,9961.05,-14.18,Very Dry
2022-10-08 22:06:24,FARM_01,341,28.52,87.9,0.0,Vegetative,No,Poor,9960.73,-14.21,Very Dry
2022-10-08 22:06:24,FARM_01,340,28.49,83.0,1.1,Vegetative,No,Poor,9960.75,-14.21,Very Dry
2022-10-08 22:06:24,FARM_01,340,28.48,83.2,2.84,Vegetative,No,Poor,9960.77,-14.21,Very Dry
2022-10-08 22:06:24,FARM_01,340,28.46,74.5,0.0,Vegetative,No,Poor,9960.59,-14.22,Very Dry
2022-10-08 22:06:24,FARM_01,339,28.56,91.1,0.0,Vegetative,No,Poor,9961.07,-14.18,Very Dry
2022-10-08 22:06:24,FARM_01,339,28.87,90.2,0.71,Vegetative,No,Poor,9962.59,-14.05,Very Dry
2022-10-08 22:06:24,FARM_01,340,29.24,71.4,0.0,Vegetative,No,Poor,9963.36,-13.99,Very Dry
2022-10-08 22:06:24,FARM_01,341,29.58,77.5,3.98,Vegetative,No,Poor,9963.73,-13.96,Very Dry
2022-10-08 22:06:24,FARM_01,352,29.71,92.1,0.0,Vegetative,No,Poor,9963.78,-13.95,Very Dry
2022-10-08 22:06:24,FARM_01,339,29.92,85.0,6.56,Vegetative,No,Poor,9963.72,-13.96,Very Dry
2022-10-08 22:06:24,FARM_01,288,30.07,80.9,0.0,Vegetative,No,Poor,9963.37,-13.99,Dry
2022-10-08 22:06:24,FARM_01,265,30.18,81.7,0.0,Vegetative,No,Good,9962.75,-14.04,Wet
2022-10-08 22:06:24,FARM_01,217,30.25,84.2,0.0,Vegetative,No,Good,9962.83,-14.03,Wet
2022-10-08 22:06:24,FARM_01,194,30.29,81.7,0.0,Vegetative,No,Good,9962.78,-14.04,Very Wet
2022-10-08 22:06:24,FARM_01,214,30.31,81.5,0.0,Vegetative,No,Good,9963.08,-14.01,Wet
2022-10-08 22:06:24,FARM_01,221,30.32,83.1,0.22,Vegetative,No,Good,9963.25,-14.0,Wet
2022-10-08 22:06:24,FARM_01,341,28.5,81.0,0.0,Vegetative,No,Poor,9960.92,-14.19,Very Dry
2022-10-08 22:06:24,FARM_01,222,30.31,78.8,0.12,Vegetative,No,Good,9963.59,-13.97,Wet
2022-10-08 22:06:24,FARM_01,221,30.26,93.2,0.0,Vegetative,No,Good,9963.69,-13.96,Wet
2022-10-08 22:06:24,FARM_01,222,29.98,79.1,0.0,Vegetative,No,Good,9964.35,-13.9,Wet
2022-10-08 22:06:24,FARM_01,220,30.22,90.2,14.7,Vegetative,No,Good,9963.7,-13.96,Wet
2022-10-08 22:06:24,FARM_01,221,30.2,82.6,0.0,Vegetative,No,Good,9964.08,-13.93,Wet
2022-10-08 22:06:24,FARM_01,220,30.16,86.6,0.0,Vegetative,No,Good,9964.13,-13.92,Wet
2022-10-08 22:06:24,FARM_01,220,30.11,88.0,0.0,Vegetative,No,Good,9964.19,-13.92,Wet
2022-10-08 22:06:24,FARM_01,222,30.07,82.6,0.0,Vegetative,No,Good,9964.23,-13.91,Wet
2022-10-08 22:06:24,FARM_01,220,30.02,83.3,0.0,Vegetative,No,Good,9964.3,-13.91,Wet
2022-10-08 22:06:24,FARM_01,217,29.93,88.0,15.14,Vegetative,No,Good,9964.41,-13.9,Wet
2022-10-08 22:06:24,FARM_01,221,30.29,78.3,0.0,Vegetative,No,Good,9963.3,-13.99,Wet
2022-10-08 22:06:24,FARM_01,220,29.89,86.9,0.0,Vegetative,No,Good,9964.45,-13.9,Wet
2022-10-08 22:06:24,FARM_01,222,29.84,81.9,0.0,Vegetative,No,Good,9964.66,-13.88,Wet
2022-10-08 22:06:24,FARM_01,221,29.8,78.9,0.0,Vegetative,No,Good,9964.39,-13.9,Wet
2022-10-08 22:06:24,FARM_01,220,29.75,88.1,6.16,Vegetative,No,Good,9964.23,-13.91,Wet
2022-10-08 22:06:24,FARM_01,220,29.71,90.9,0.0,Vegetative,No,Good,9964.13,-13.92,Wet
2022-10-08 22:06:24,FARM_01,220,29.69,89.2,0.0,Vegetative,No,Good,9964.0,-13.93,Wet
2022-10-08 22:06:24,FARM_01,343,28.53,87.8,0.0,Vegetative,No,Poor,9960.73,-14.21,Very Dry
2022-10-08 22:06:24,FARM_01,168,29.87,85.6,0.0,Vegetative,Yes,Poor,9956.39,-14.57,Very Wet
2022-10-08 22:06:24,FARM_01,220,29.51,90.5,0.0,Vegetative,No,Good,9963.46,-13.98,Wet
2022-10-08 22:06:24,FARM_01,219,29.01,82.6,5.05,Vegetative,No,Good,9965.41,-13.82,Wet
2022-10-08 22:06:24,FARM_01,219,29.25,76.9,0.8,Vegetative,No,Good,9964.56,-13.89,Wet
2022-10-08 22:06:24,FARM_01,220,29.47,82.1,0.0,Vegetative,No,Good,9963.67,-13.96,Wet
2022-10-08 22:06:24,FARM_01,220,29.43,89.6,0.0,Vegetative,No,Good,9963.68,-13.96,Wet
2022-10-08 22:06:24,FARM_01,221,29.39,78.2,3.42,Vegetative,No,Good,9963.4,-13.98,Wet
2022-10-08 22:06:24,FARM_01,220,29.36,85.0,0.71,Vegetative,No,Good,9963.78,-13.95,Wet
2022-10-08 22:06:24,FARM_01,220,29.32,87.0,0.0,Vegetative,No,Good,9963.95,-13.94,Wet
2022-10-08 22:06:24,FARM_01,219,29.23,86.4,13.1,Vegetative,No,Good,9964.37,-13.9,Wet
2022-10-08 22:06:24,FARM_01,220,29.03,82.4,3.12,Vegetative,No,Good,9965.4,-13.82,Wet
2022-10-08 22:06:24,FARM_01,222,29.2,90.5,2.04,Vegetative,No,Good,9964.39,-13.9,Wet
2022-10-08 22:06:24,FARM_01,220,29.17,78.2,0.0,Vegetative,No,Good,9964.42,-13.9,Wet
2022-10-08 22:06:24,FARM_01,220,29.14,79.1,0.0,Vegetative,No,Good,9964.97,-13.85,Wet
2022-10-08 22:06:24,FARM_01,220,29.11,82.9,0.0,Vegetative,No,Good,9964.8,-13.87,Wet
2022-10-08 22:06:24,FARM_01,222,29.28,84.4,11.58,Vegetative,No,Good,9964.19,-13.92,Wet
2022-10-08 22:06:24,FARM_01,218,29.08,76.0,0.0,Vegetative,No,Good,9965.17,-13.84,Wet
2022-10-08 22:06:24,FARM_01,220,28.96,89.0,0.0,Vegetative,No,Good,9965.63,-13.8,Wet
2022-10-08 22:06:24,FARM_01,220,28.71,83.1,0.0,Vegetative,No,Good,9964.75,-13.87,Wet
2022-10-08 22:06:24,FARM_01,165,31.24,83.7,0.0,Vegetative,Yes,Poor,9963.55,-13.97,Very Wet
2022-10-08 22:06:24,FARM_01,221,28.93,88.4,0.0,Vegetative,No,Good,9965.28,-13.83,Wet
2022-10-08 22:06:24,FARM_01,221,28.92,85.0,0.0,Vegetative,No,Good,9965.66,-13.79,Wet
2022-10-08 22:06:24,FARM_01,219,28.9,88.4,0.0,Vegetative,No,Good,9965.66,-13.79,Wet
2022-10-08 22:06:24,FARM_01,218,28.88,84.6,1.87,Vegetative,No,Good,9965.83,-13.78,Wet
2022-10-08 22:06:24,FARM_01,219,28.86,84.4,0.0,Vegetative,No,Good,9966.02,-13.76,Wet
2022-10-08 22:06:24,FARM_01,220,28.69,83.1,0.0,Vegetative,No,Good,9964.77,-13.87,Wet
2022-10-08 22:06:24,FARM_01,220,28.84,83.8,5.94,Vegetative,No,Good,9965.68,-13.79,Wet
2022-10-08 22:06:24,FARM_01,219,28.81,86.0,0.0,Vegetative,No,Good,9965.56,-13.8,Wet
2022-10-08 22:06:24,FARM_01,221,28.79,89.9,1.15,Vegetative,No,Good,9965.73,-13.79,Wet
2022-10-08 22:06:24,FARM_01,220,28.77,86.9,0.0,Vegetative,No,Good,9965.39,-13.82,Wet
2022-10-08 22:06:24,FARM_01,220,28.75,86.7,0.0,Vegetative,No,Good,9965.05,-13.85,Wet
2022-10-08 22:06:24,FARM_01,219,28.73,95.2,0.0,Vegetative,No,Good,9964.9,-13.86,Wet
2022-10-08 22:06:24,FARM_01,221,28.71,83.2,0.0,Vegetative,No,Good,9964.58,-13.89,Wet
2022-10-08 22:06:24,FARM_01,220,28.82,83.5,0.0,Vegetative,No,Good,9965.53,-13.8,Wet
2022-10-08 22:06:24,FARM_01,221,29.06,90.5,0.0,Vegetative,No,Good,9965.2,-13.83,Wet
2022-10-08 22:06:24,FARM_01,220,28.67,70.6,0.0,Vegetative,No,Good,9964.59,-13.88,Wet
2022-10-08 22:06:24,FARM_01,220,28.65,88.7,1.99,Vegetative,No,Good,9964.09,-13.93,Wet
2022-10-08 22:06:24,FARM_01,219,28.61,90.1,8.95,Vegetative,No,Good,9963.77,-13.95,Wet
2022-10-08 22:06:24,FARM_01,220,28.57,78.7,0.0,Vegetative,No,Good,9963.3,-13.99,Wet
2022-10-08 22:06:24,FARM_01,221,28.55,92.7,0.0,Vegetative,No,Good,9962.92,-14.02,Wet
2022-10-08 22:06:24,FARM_01,219,28.62,82.5,0.0,Vegetative,No,Good,9963.94,-13.94,Wet
2022-10-08 22:06:24,FARM_01,219,28.54,82.4,0.0,Vegetative,No,Good,9962.78,-14.04,Wet
2022-10-08 22:06:24,FARM_01,220,28.94,86.7,9.77,Vegetative,No,Good,9962.2,-14.09,Wet
2022-10-08 22:06:24,FARM_01,220,28.51,76.5,0.0,Vegetative,No,Good,9962.63,-14.05,Wet
2022-10-08 22:06:24,FARM_01,221,28.5,83.6,2.32,Vegetative,No,Good,9962.45,-14.06,Wet
2022-10-08 22:06:24,FARM_01,220,28.48,87.9,0.0,Vegetative,No,Good,9962.45,-14.06,Wet
2022-10-08 22:06:24,FARM_01,220,28.49,85.5,0.0,Vegetative,No,Good,9961.94,-14.11,Wet
2022-10-08 22:06:24,FARM_01,220,29.26,90.1,0.0,Vegetative,No,Good,9962.64,-14.05,Wet
2022-10-08 22:06:24,FARM_01,219,29.92,84.3,0.0,Vegetative,No,Good,9963.2,-14.0,Wet
2022-10-08 22:06:24,FARM_01,164,31.32,83.2,0.0,Vegetative,Yes,Poor,9963.45,-13.98,Very Wet
2022-10-08 22:06:24,FARM_01,220,28.64,83.0,0.0,Vegetative,No,Good,9963.91,-13.94,Wet
2022-10-08 22:06:24,FARM_01,168,31.43,86.8,0.3,Vegetative,No,Good,9964.8,-13.87,Very Wet
2022-10-08 22:06:24,FARM_01,219,30.09,90.3,0.0,Vegetative,No,Good,9963.37,-13.99,Wet
2022-10-08 22:06:24,FARM_01,219,30.4,84.2,0.0,Vegetative,No,Good,9964.01,-13.93,Wet
2022-10-08 22:06:24,FARM_01,218,30.7,80.9,0.0,Vegetative,No,Good,9964.45,-13.9,Wet
2022-10-08 22:06:24,FARM_01,226,30.98,81.4,0.0,Vegetative,No,Good,9965.04,-13.85,Wet
2022-10-08 22:06:24,FARM_01,197,31.19,85.4,1.35,Vegetative,No,Good,9965.03,-13.85,Very Wet
2022-10-08 22:06:24,FARM_01,184,31.34,86.6,0.9,Vegetative,No,Good,9965.13,-13.84,Very Wet
2022-10-08 22:06:24,FARM_01,166,31.48,86.0,1.23,Vegetative,No,Good,9964.35,-13.9,Very Wet
2022-10-08 22:06:24,FARM_01,222,29.59,81.4,0.0,Vegetative,No,Good,9962.87,-14.03,Wet
2022-10-08 22:06:24,FARM_01,164,31.5,91.0,4.8,Vegetative,No,Good,9964.33,-13.91,Very Wet
2022-10-08 22:06:24,FARM_01,164,31.49,91.4,1.85,Vegetative,No,Good,9964.17,-13.92,Very Wet
2022-10-08 22:06:24,FARM_01,164,31.46,76.2,0.0,Vegetative,Yes,Poor,9963.89,-13.94,Very Wet
2022-10-08 22:06:24,FARM_01,162,31.41,87.3,0.0,Vegetative,Yes,Poor,9963.79,-13.95,Very Wet
2022-10-08 22:06:24,FARM_01,164,31.38,88.5,11.8,Vegetative,No,Good,9963.51,-13.98,Very Wet
2022-10-08 22:06:24,FARM_01,164,31.17,84.5,4.21,Vegetative,No,Good,9963.53,-13.97,Very Wet
2022-10-08 22:06:24,FARM_01,219,28.67,85.0,0.0,Vegetative,No,Good,9962.01,-14.1,Wet
2022-10-08 22:06:24,FARM_01,164,31.08,74.2,0.0,Vegetative,Yes,Poor,9963.32,-13.99,Very Wet
2022-10-08 22:06:24,FARM_01,163,28.88,86.5,0.0,Vegetative,Yes,Poor,9963.08,-14.01,Very Wet
2022-10-08 22:06:24,FARM_01,164,30.48,79.4,9.76,Vegetative,No,Good,9963.73,-13.96,Very Wet
2022-10-08 22:06:24,FARM_01,165,30.92,80.0,3.94,Vegetative,No,Good,9963.42,-13.98,Very Wet
2022-10-08 22:06:24,FARM_01,164,30.85,92.2,0.68,Vegetative,No,Good,9963.2,-14.0,Very Wet
2022-10-08 22:06:24,FARM_01,164,30.77,77.1,0.0,Vegetative,Yes,Poor,9962.97,-14.02,Very Wet
2022-10-08 22:06:24,FARM_01,164,30.69,78.8,0.0,Vegetative,Yes,Poor,9963.42,-13.98,Very Wet
2022-10-08 22:06:24,FARM_01,164,30.62,84.4,1.25,Vegetative,No,Good,9963.02,-14.02,Very Wet
2022-10-08 22:06:24,FARM_01,164,29.94,73.7,0.0,Vegetative,Yes,Poor,9963.37,-13.99,Very Wet
2022-10-08 22:06:24,FARM_01,164,30.55,83.4,0.0,Vegetative,Yes,Poor,9963.27,-14.0,Very Wet
2022-10-08 22:06:24,FARM_01,164,29.99,83.7,0.0,Vegetative,Yes,Poor,9963.29,-13.99,Very Wet
2022-10-08 22:06:24,FARM_01,164,30.38,91.2,0.0,Vegetative,Yes,Poor,9963.87,-13.94,Very Wet
2022-10-08 22:06:24,FARM_01,163,30.31,82.9,0.05,Vegetative,No,Good,9963.94,-13.94,Very Wet
2022-10-08 22:06:24,FARM_01,164,30.24,87.9,0.0,Vegetative,Yes,Poor,9964.03,-13.93,Very Wet
2022-10-08 22:06:24,FARM_01,164,30.18,87.4,0.0,Vegetative,Yes,Poor,9963.75,-13.95,Very Wet
2022-10-08 22:06:24,FARM_01,164,30.12,78.3,0.0,Vegetative,Yes,Poor,9963.84,-13.95,Very Wet
2022-10-08 22:06:24,FARM_01,169,30.44,85.0,0.0,Vegetative,Yes,Poor,9963.58,-13.97,Very Wet
2022-10-08 22:06:24,FARM_01,164,30.06,90.4,0.0,Vegetative,Yes,Poor,9963.75,-13.95,Very Wet
2022-10-08 22:06:24,FARM_01,164,29.88,81.3,0.0,Vegetative,Yes,Poor,9962.91,-14.03,Very Wet
2022-10-08 22:06:24,FARM_01,163,29.26,92.9,0.0,Vegetative,Yes,Poor,9960.59,-14.22,Very Wet
2022-10-08 22:06:24,FARM_01,164,29.77,87.5,0.0,Vegetative,Yes,Poor,9962.52,-14.06,Very Wet
2022-10-08 22:06:24,FARM_01,164,29.75,87.3,10.28,Vegetative,No,Good,9962.03,-14.1,Very Wet
2022-10-08 22:06:24,FARM_01,164,29.7,91.5,3.18,Vegetative,No,Good,9962.08,-14.1,Very Wet
2022-10-08 22:06:24,FARM_01,164,29.65,96.8,1.01,Vegetative,No,Good,9961.95,-14.11,Very Wet
2022-10-08 22:06:24,FARM_01,165,29.61,89.7,24.14,Vegetative,No,Good,9961.98,-14.1,Very Wet
2022-10-08 22:06:24,FARM_01,164,29.57,76.3,0.0,Vegetative,Yes,Poor,9961.68,-14.13,Very Wet
2022-10-08 22:06:24,FARM_01,164,29.83,77.9,4.12,Vegetative,No,Good,9962.47,-14.06,Very Wet
2022-10-08 22:06:24,FARM_01,164,29.52,77.6,0.0,Vegetative,Yes,Poor,9961.2,-14.17,Very Wet
2022-10-08 22:06:24,FARM_01,164,29.45,72.1,2.81,Vegetative,No,Good,9961.45,-14.15,Very Wet
2022-10-08 22:06:24,FARM_01,165,29.42,83.0,0.0,Vegetative,Yes,Poor,9961.48,-14.15,Very Wet
2022-10-08 22:06:24,FARM_01,164,29.38,89.5,10.21,Vegetative,No,Good,9961.34,-14.16,Very Wet
2022-10-08 22:06:24,FARM_01,164,29.35,95.9,10.23,Vegetative,No,Good,9961.2,-14.17,Very Wet
2022-10-08 22:06:24,FARM_01,164,29.31,81.2,0.0,Vegetative,Yes,Poor,9960.9,-14.19,Very Wet
2022-10-08 22:06:24,FARM_01,164,29.3,89.7,0.0,Vegetative,Yes,Poor,9960.9,-14.19,Very Wet
2022-10-08 22:06:24,FARM_01,164,29.49,96.1,5.13,Vegetative,No,Good,9961.24,-14.17,Very Wet
2022-10-08 22:06:24,FARM_01,164,29.23,89.5,1.43,Vegetative,No,Good,9960.63,-14.22,Very Wet
2022-10-08 22:06:24,FARM_01,164,29.18,83.5,0.0,Vegetative,Yes,Poor,9961.68,-14.13,Very Wet
2022-10-08 22:06:24,FARM_01,220,29.56,86.8,0.59,Vegetative,No,Good,9963.74,-13.96,Wet
2022-10-08 22:06:24,FARM_01,164,29.01,87.2,0.0,Vegetative,Yes,Poor,9963.37,-13.99,Very Wet
2022-10-08 22:06:24,FARM_01,164,29.14,89.0,0.0,Vegetative,Yes,Poor,9962.59,-14.05,Very Wet
2022-10-08 22:06:24,FARM_01,164,29.11,85.8,0.0,Vegetative,Yes,Poor,9962.57,-14.05,Very Wet
2022-10-08 22:06:24,FARM_01,164,29.09,83.7,0.0,Vegetative,Yes,Poor,9962.94,-14.02,Very Wet
2022-10-08 22:06:24,FARM_01,164,29.07,94.3,0.0,Vegetative,Yes,Poor,9963.31,-13.99,Very Wet
2022-10-08 22:06:24,FARM_01,164,28.84,85.5,0.0,Vegetative,Yes,Poor,9962.94,-14.02,Very Wet
2022-10-08 22:06:24,FARM_01,165,29.02,79.5,6.16,Vegetative,No,Good,9963.34,-13.99,Very Wet
2022-10-08 22:06:24,FARM_01,164,28.86,79.6,0.0,Vegetative,Yes,Poor,9963.11,-14.01,Very Wet
2022-10-08 22:06:24,FARM_01,164,28.97,90.3,0.0,Vegetative,Yes,Poor,9963.55,-13.97,Very Wet
2022-10-08 22:06:24,FARM_01,164,28.95,84.0,1.17,Vegetative,No,Good,9963.23,-14.0,Very Wet
2022-10-08 22:06:24,FARM_01,164,28.94,95.2,0.0,Vegetative,Yes,Poor,9963.23,-14.0,Very Wet
2022-10-08 22:06:24,FARM_01,164,28.92,70.3,0.0,Vegetative,Yes,Poor,9963.42,-13.98,Very Wet
2022-10-08 22:06:24,FARM_01,164,28.9,89.7,0.0,Vegetative,Yes,Poor,9963.11,-14.01,Very Wet
2022-10-08 22:06:24,FARM_01,164,28.99,87.8,0.0,Vegetative,Yes,Poor,9963.52,-13.97,Very Wet
2022-10-08 22:06:24,FARM_01,164,28.83,86.6,20.98,Vegetative,No,Good,9962.63,-14.05,Very Wet
2022-10-08 22:06:24,FARM_01,164,28.82,96.8,0.0,Vegetative,Yes,Poor,9962.63,-14.05,Very Wet
2022-10-08 22:06:24,FARM_01,164,28.63,84.5,0.9,Vegetative,No,Good,9960.52,-14.23,Very Wet
2022-10-08 22:06:24,FARM_01,164,29.16,92.8,0.0,Vegetative,Yes,Poor,9961.88,-14.11,Very Wet
2022-10-08 22:06:24,FARM_01,164,28.8,86.9,0.0,Vegetative,Yes,Poor,9962.48,-14.06,Very Wet
2022-10-08 22:06:24,FARM_01,163,28.79,86.4,0.0,Vegetative,Yes,Poor,9962.48,-14.06,Very Wet
2022-10-08 22:06:24,FARM_01,164,28.78,86.4,9.14,Vegetative,No,Good,9961.95,-14.11,Very Wet
2022-10-08 22:06:24,FARM_01,163,28.76,84.5,8.31,Vegetative,No,Good,9962.13,-14.09,Very Wet
2022-10-08 22:06:24,FARM_01,164,28.75,81.0,0.0,Vegetative,Yes,Poor,9961.95,-14.11,Very Wet
2022-10-08 22:06:24,FARM_01,164,28.74,86.3,2.55,Vegetative,No,Good,9961.98,-14.1,Very Wet
2022-10-08 22:06:24,FARM_01,163,28.73,79.1,0.0,Vegetative,Yes,Poor,9961.98,-14.1,Very Wet
2022-10-08 22:06:24,FARM_01,163,28.71,93.0,6.67,Vegetative,No,Good,9962.02,-14.1,Very Wet
2022-10-08 22:06:24,FARM_01,164,28.7,79.1,0.0,Vegetative,Yes,Poor,9961.66,-14.13,Very Wet
2022-10-08 22:06:24,FARM_01,163,28.69,88.0,0.0,Vegetative,Yes,Poor,9961.52,-14.14,Very Wet
2022-10-08 22:06:24,FARM_01,163,28.67,90.7,0.0,Vegetative,Yes,Poor,9961.17,-14.17,Very Wet
2022-10-08 22:06:24,FARM_01,159,28.67,90.3,0.0,Vegetative,Yes,Poor,9960.8,-14.2,Very Wet
2022-10-08 22:06:24,FARM_01,164,28.65,90.1,0.0,Vegetative,Yes,Poor,9960.83,-14.2,Very Wet
2022-10-08 22:06:24,FARM_01,164,28.64,85.8,0.0,Vegetative,Yes,Poor,9960.83,-14.2,Very Wet
2022-10-08 22:06:24,FARM_01,166,31.0,88.8,0.0,Vegetative,Yes,Poor,9963.27,-13.99,Very Wet
2022-10-08 22:06:24,FARM_01,164,28.62,87.0,0.96,Vegetative,No,Good,9960.69,-14.21,Very Wet
2022-10-08 22:06:24,FARM_01,164,28.6,93.5,0.38,Vegetative,No,Good,9960.68,-14.21,Very Wet
2022-10-08 22:06:24,FARM_01,164,28.59,95.5,0.0,Vegetative,Yes,Poor,9960.19,-14.25,Very Wet
2022-10-08 22:06:24,FARM_01,165,28.5,82.1,0.0,Vegetative,Yes,Poor,9959.55,-14.31,Very Wet
2022-10-08 22:06:24,FARM_01,164,28.57,84.5,0.0,Vegetative,Yes,Poor,9960.05,-14.27,Very Wet
2022-10-08 22:06:24,FARM_01,163,28.55,92.7,0.0,Vegetative,Yes,Poor,9959.84,-14.28,Very Wet
2022-10-08 22:06:24,FARM_01,163,28.54,86.7,4.16,Vegetative,No,Good,9959.67,-14.3,Very Wet
2022-10-08 22:06:24,FARM_01,162,28.52,77.2,5.68,Vegetative,No,Good,9959.36,-14.32,Very Wet
2022-10-08 22:06:24,FARM_01,164,28.38,94.3,9.44,Vegetative,No,Good,9958.92,-14.36,Very Wet
2022-10-08 22:06:24,FARM_01,165,28.51,90.8,0.0,Vegetative,Yes,Poor,9959.21,-14.34,Very Wet
2022-10-08 22:06:24,FARM_01,164,28.39,85.6,0.0,Vegetative,Yes,Poor,9958.55,-14.39,Very Wet
2022-10-08 22:06:24,FARM_01,164,28.47,79.7,0.0,Vegetative,Yes,Poor,9959.23,-14.33,Very Wet
2022-10-08 22:06:24,FARM_01,164,28.46,90.2,3.97,Vegetative,No,Good,9959.05,-14.35,Very Wet
2022-10-08 22:06:24,FARM_01,164,28.44,85.8,0.0,Vegetative,Yes,Poor,9958.88,-14.37,Very Wet
2022-10-08 22:06:24,FARM_01,164,28.43,82.6,0.0,Vegetative,Yes,Poor,9959.05,-14.35,Very Wet
2022-10-08 22:06:24,FARM_01,164,28.42,85.8,2.76,Vegetative,No,Good,9959.07,-14.35,Very Wet
2022-10-08 22:06:24,FARM_01,164,28.49,81.4,6.44,Vegetative,No,Good,9959.38,-14.32,Very Wet
2022-10-08 22:06:24,FARM_01,164,28.4,87.9,0.0,Vegetative,Yes,Poor,9958.55,-14.39,Very Wet
2022-10-08 22:06:24,FARM_01,167,28.37,77.7,0.0,Vegetative,Yes,Poor,9958.75,-14.38,Very Wet
2022-10-08 22:06:24,FARM_01,164,28.23,87.1,0.0,Vegetative,Yes,Poor,9957.45,-14.48,Very Wet
2022-10-08 22:06:24,FARM_01,164,28.34,81.4,0.0,Vegetative,Yes,Poor,9958.77,-14.37,Very Wet
2022-10-08 22:06:24,FARM_01,163,28.33,77.3,7.6,Vegetative,No,Good,9958.25,-14.42,Very Wet
2022-10-08 22:06:24,FARM_01,164,28.32,79.6,0.0,Vegetative,Yes,Poor,9958.25,-14.42,Very Wet
2022-10-08 22:06:24,FARM_01,164,28.31,94.1,0.0,Vegetative,Yes,Poor,9957.91,-14.45,Very Wet
2022-10-08 22:06:24,FARM_01,164,28.3,84.4,0.0,Vegetative,Yes,Poor,9957.59,-14.47,Very Wet
2022-10-08 22:06:24,FARM_01,166,28.36,73.9,0.0,Vegetative,Yes,Poor,9958.92,-14.36,Very Wet
2022-10-08 22:06:24,FARM_01,164,28.29,88.2,1.62,Vegetative,No,Good,9957.92,-14.45,Very Wet
2022-10-08 22:06:24,FARM_01,163,28.27,78.5,0.0,Vegetative,Yes,Poor,9957.58,-14.47,Very Wet
2022-10-08 22:06:24,FARM_01,164,28.26,82.1,3.42,Vegetative,No,Good,9957.61,-14.47,Very Wet
2022-10-08 22:06:24,FARM_01,163,28.25,88.5,1.53,Vegetative,No,Good,9957.77,-14.46,Very Wet
2022-10-08 22:06:24,FARM_01,165,28.24,79.8,8.26,Vegetative,No,Good,9957.42,-14.49,Very Wet
2022-10-08 22:06:24,FARM_01,164,28.24,82.4,0.0,Vegetative,Yes,Poor,9957.59,-14.47,Very Wet
2022-10-08 22:06:24,FARM_01,164,28.28,89.3,7.02,Vegetative,No,Good,9957.41,-14.49,Very Wet
2022-10-08 22:06:24,FARM_01,165,28.22,86.3,3.28,Vegetative,No,Good,9957.28,-14.5,Very Wet
2022-10-08 22:06:24,FARM_01,164,28.22,84.5,8.31,Vegetative,No,Good,9957.42,-14.49,Very Wet
2022-10-08 22:06:24,FARM_01,164,28.21,92.8,0.0,Vegetative,Yes,Poor,9957.08,-14.52,Very Wet
2022-10-08 22:06:24,FARM_01,164,28.2,90.8,0.0,Vegetative,Yes,Poor,9957.27,-14.5,Very Wet
2022-10-08 22:06:24,FARM_01,164,28.19,90.3,0.0,Vegetative,Yes,Poor,9956.92,-14.53,Very Wet
2022-10-08 22:06:24,FARM_01,163,28.19,89.0,0.0,Vegetative,Yes,Poor,9956.92,-14.53,Very Wet
2022-10-08 22:06:24,FARM_01,166,28.18,90.5,0.0,Vegetative,Yes,Poor,9956.92,-14.53,Very Wet
2022-10-08 22:06:24,FARM_01,162,28.17,87.9,0.0,Vegetative,Yes,Poor,9956.78,-14.54,Very Wet
2022-10-08 22:06:24,FARM_01,164,28.17,91.9,0.0,Vegetative,Yes,Poor,9956.61,-14.56,Very Wet
2022-10-08 22:06:24,FARM_01,163,28.16,83.2,4.94,Vegetative,No,Good,9956.6,-14.56,Very Wet
2022-10-08 22:06:24,FARM_01,163,28.15,88.4,9.65,Vegetative,No,Good,9956.26,-14.59,Very Wet
2022-10-08 22:06:24,FARM_01,164,28.15,90.2,0.0,Vegetative,Yes,Poor,9956.59,-14.56,Very Wet
2022-10-08 22:06:24,FARM_01,164,28.14,82.5,0.0,Vegetative,Yes,Poor,9956.45,-14.57,Very Wet
2022-10-08 22:06:24,FARM_01,162,28.13,82.3,0.0,Vegetative,Yes,Poor,9956.11,-14.6,Very Wet
2022-10-08 22:06:24,FARM_01,164,28.13,97.6,0.0,Vegetative,Yes,Poor,9956.28,-14.58,Very Wet
2022-10-08 22:06:24,FARM_01,163,28.13,87.9,6.74,Vegetative,No,Good,9956.27,-14.58,Very Wet
2022-10-08 22:06:24,FARM_01,162,28.12,84.1,0.0,Vegetative,Yes,Poor,9956.1,-14.6,Very Wet
2022-10-08 22:06:24,FARM_01,408,28.11,85.7,0.0,Vegetative,No,Poor,9955.78,-14.63,Very Dry
2022-10-08 22:06:24,FARM_01,234,29.6,85.8,0.0,Vegetative,No,Good,9957.39,-14.49,Wet
2022-10-08 22:06:24,FARM_01,332,28.1,86.1,0.0,Vegetative,No,Poor,9955.59,-14.64,Very Dry
2022-10-08 22:06:24,FARM_01,286,28.1,83.4,4.51,Vegetative,No,Poor,9955.24,-14.67,Dry
2022-10-08 22:06:24,FARM_01,250,28.23,95.7,3.53,Vegetative,No,Good,9955.39,-14.66,Wet
2022-10-08 22:06:24,FARM_01,216,28.53,88.1,0.0,Vegetative,No,Good,9955.76,-14.63,Wet
2022-10-08 22:06:24,FARM_01,234,28.9,88.5,0.0,Vegetative,No,Good,9956.6,-14.56,Wet
2022-10-08 22:06:24,FARM_01,234,29.27,77.9,0.0,Vegetative,No,Good,9956.81,-14.54,Wet
2022-10-08 22:06:24,FARM_01,235,29.83,84.7,0.67,Vegetative,No,Good,9957.83,-14.45,Wet
2022-10-08 22:06:24,FARM_01,259,28.11,85.9,0.0,Vegetative,No,Good,9956.13,-14.6,Wet
2022-10-08 22:06:24,FARM_01,234,29.93,90.9,0.44,Vegetative,No,Good,9958.05,-14.43,Wet
2022-10-08 22:06:24,FARM_01,234,30.07,84.6,17.77,Vegetative,No,Good,9958.39,-14.41,Wet
2022-10-08 22:06:24,FARM_01,235,30.17,82.4,5.86,Vegetative,No,Good,9958.29,-14.41,Wet
2022-10-08 22:06:24,FARM_01,235,30.24,86.2,0.0,Vegetative,No,Good,9958.34,-14.41,Wet
2022-10-08 22:06:24,FARM_01,239,30.28,80.3,0.0,Vegetative,No,Good,9958.66,-14.38,Wet
2022-10-08 22:06:24,FARM_01,234,30.29,90.4,0.59,Vegetative,No,Good,9958.66,-14.38,Wet
2022-10-08 22:06:24,FARM_01,235,30.29,85.6,0.0,Vegetative,No,Good,9958.66,-14.38,Wet
2022-10-08 22:06:24,FARM_01,163,28.58,83.6,0.0,Vegetative,Yes,Poor,9960.02,-14.27,Very Wet
2022-10-08 22:06:24,FARM_01,234,30.28,86.1,0.0,Vegetative,No,Good,9958.84,-14.37,Wet
2022-10-08 22:06:24,FARM_01,235,29.88,81.3,12.08,Vegetative,No,Good,9958.78,-14.37,Wet
2022-10-08 22:06:24,FARM_01,236,30.17,84.7,0.0,Vegetative,No,Good,9959.16,-14.34,Wet
2022-10-08 22:06:24,FARM_01,235,30.12,89.1,0.0,Vegetative,No,Good,9959.2,-14.34,Wet
2022-10-08 22:06:24,FARM_01,235,30.1,91.4,0.0,Vegetative,No,Good,9959.39,-14.32,Wet
2022-10-08 22:06:24,FARM_01,235,30.05,87.3,3.32,Vegetative,No,Good,9959.3,-14.33,Wet
2022-10-08 22:06:24,FARM_01,237,29.44,88.1,0.0,Vegetative,No,Good,9957.51,-14.48,Wet
2022-10-08 22:06:24,FARM_01,235,29.94,87.7,0.0,Vegetative,No,Good,9959.25,-14.33,Wet
2022-10-08 22:06:24,FARM_01,234,29.49,83.2,0.0,Vegetative,No,Good,9957.64,-14.47,Wet
2022-10-08 22:06:24,FARM_01,234,29.67,83.3,0.0,Vegetative,No,Good,9958.14,-14.43,Wet
2022-10-08 22:06:24,FARM_01,235,29.61,74.4,0.0,Vegetative,No,Good,9958.04,-14.44,Wet
2022-10-08 22:06:24,FARM_01,234,29.56,85.6,12.49,Vegetative,No,Good,9957.73,-14.46,Wet
2022-10-08 22:06:24,FARM_01,238,29.83,93.5,0.61,Vegetative,No,Good,9958.69,-14.38,Wet
2022-10-08 22:06:24,FARM_01,236,29.4,86.6,0.0,Vegetative,No,Good,9957.38,-14.49,Wet
2022-10-08 22:06:24,FARM_01,238,29.36,89.1,1.93,Vegetative,No,Good,9957.27,-14.5,Wet
2022-10-08 22:06:24,FARM_01,234,29.69,87.7,2.4,Vegetative,No,Good,9958.48,-14.4,Wet
2022-10-08 22:06:24,FARM_01,234,30.24,84.3,0.0,Vegetative,No,Good,9958.88,-14.36,Wet
2022-10-08 22:06:24,FARM_01,238,29.31,81.8,0.0,Vegetative,No,Good,9957.13,-14.51,Wet
2022-10-08 22:06:24,FARM_01,237,29.27,87.3,0.0,Vegetative,No,Good,9957.5,-14.48,Wet
2022-10-08 22:06:24,FARM_01,236,29.23,86.8,0.0,Vegetative,No,Good,9957.51,-14.48,Wet
2022-10-08 22:06:24,FARM_01,237,29.2,83.1,0.0,Vegetative,No,Good,9957.71,-14.46,Wet
2022-10-08 22:06:24,FARM_01,237,29.16,82.3,0.0,Vegetative,No,Good,9958.11,-14.43,Wet
2022-10-08 22:06:24,FARM_01,237,29.13,81.4,0.0,Vegetative,No,Good,9958.14,-14.43,Wet
2022-10-08 22:06:24,FARM_01,237,29.09,85.7,0.0,Vegetative,No,Good,9958.31,-14.41,Wet
2022-10-08 22:06:24,FARM_01,236,29.06,93.4,0.0,Vegetative,No,Good,9958.52,-14.4,Wet
2022-10-08 22:06:24,FARM_01,237,29.05,81.3,8.61,Vegetative,No,Good,9958.69,-14.38,Wet
2022-10-08 22:06:24,FARM_01,236,29.02,95.1,0.0,Vegetative,No,Good,9958.55,-14.39,Wet
2022-10-08 22:06:24,FARM_01,237,28.99,85.7,0.0,Vegetative,No,Good,9958.41,-14.4,Wet
2022-10-08 22:06:24,FARM_01,234,29.14,82.0,4.89,Vegetative,No,Good,9958.14,-14.43,Wet
2022-10-08 22:06:24,FARM_01,235,29.4,89.9,0.0,Vegetative,No,Good,9958.77,-14.37,Wet
2022-10-08 22:06:24,FARM_01,234,29.51,84.7,0.0,Vegetative,No,Good,9958.15,-14.43,Wet
2022-10-08 22:06:24,FARM_01,221,29.6,84.5,0.0,Vegetative,No,Good,9963.91,-13.94,Wet
2022-10-08 22:06:24,FARM_01,234,30.0,83.4,0.0,Vegetative,No,Good,9959.17,-14.34,Wet
2022-10-08 22:06:24,FARM_01,234,30.61,91.8,0.0,Vegetative,No,Good,9959.06,-14.35,Wet
2022-10-08 22:06:24,FARM_01,232,31.11,80.8,10.31,Vegetative,No,Good,9959.31,-14.33,Wet
2022-10-08 22:06:24,FARM_01,204,31.26,91.3,1.74,Vegetative,No,Good,9959.43,-14.32,Wet
2022-10-08 22:06:24,FARM_01,182,31.32,83.7,2.05,Vegetative,No,Good,9959.33,-14.33,Very Wet
2022-10-08 22:06:24,FARM_01,172,31.39,87.6,0.0,Vegetative,Yes,Poor,9958.84,-14.37,Very Wet
2022-10-08 22:06:24,FARM_01,171,31.44,85.1,3.2,Vegetative,No,Good,9958.75,-14.38,Very Wet
2022-10-08 22:06:24,FARM_01,171,31.46,90.7,5.68,Vegetative,No,Good,9958.55,-14.39,Very Wet
2022-10-08 22:06:24,FARM_01,170,31.45,93.1,0.0,Vegetative,Yes,Poor,9957.88,-14.45,Very Wet
2022-10-08 22:06:24,FARM_01,170,31.43,87.3,7.67,Vegetative,No,Good,9957.58,-14.47,Very Wet
2022-10-08 22:06:24,FARM_01,170,31.4,86.9,2.67,Vegetative,No,Good,9957.12,-14.51,Very Wet
2022-10-08 22:06:24,FARM_01,169,31.36,86.4,5.45,Vegetative,No,Good,9956.82,-14.54,Very Wet
2022-10-08 22:06:24,FARM_01,167,31.31,85.8,0.0,Vegetative,Yes,Poor,9956.58,-14.56,Very Wet
2022-10-08 22:06:24,FARM_01,167,31.26,89.7,0.0,Vegetative,Yes,Poor,9956.34,-14.58,Very Wet
2022-10-08 22:06:24,FARM_01,167,31.2,83.7,0.0,Vegetative,Yes,Poor,9956.09,-14.6,Very Wet
2022-10-08 22:06:24,FARM_01,166,31.13,91.4,0.0,Vegetative,Yes,Poor,9956.52,-14.56,Very Wet
2022-10-08 22:06:24,FARM_01,167,31.1,86.4,0.0,Vegetative,Yes,Poor,9956.43,-14.57,Very Wet
2022-10-08 22:06:24,FARM_01,235,30.9,84.0,0.0,Vegetative,No,Good,9959.31,-14.33,Wet
2022-10-08 22:06:24,FARM_01,167,31.03,77.0,0.0,Vegetative,Yes,Poor,9956.19,-14.59,Very Wet
2022-10-08 22:06:24,FARM_01,167,30.88,84.9,0.0,Vegetative,Yes,Poor,9956.1,-14.6,Very Wet
2022-10-08 22:06:24,FARM_01,167,30.37,78.6,17.5,Vegetative,No,Good,9956.67,-14.55,Very Wet
2022-10-08 22:06:24,FARM_01,167,30.8,84.2,0.0,Vegetative,Yes,Poor,9956.19,-14.59,Very Wet
2022-10-08 22:06:24,FARM_01,168,30.73,84.0,0.0,Vegetative,Yes,Poor,9956.33,-14.58,Very Wet
2022-10-08 22:06:24,FARM_01,167,30.65,79.5,11.69,Vegetative,No,Good,9956.27,-14.58,Very Wet
2022-10-08 22:06:24,FARM_01,170,30.51,88.3,0.0,Vegetative,Yes,Poor,9956.47,-14.57,Very Wet
2022-10-08 22:06:24,FARM_01,167,30.44,88.1,0.0,Vegetative,Yes,Poor,9956.55,-14.56,Very Wet
2022-10-08 22:06:24,FARM_01,167,30.95,72.1,0.0,Vegetative,Yes,Poor,9956.33,-14.58,Very Wet
2022-10-08 22:06:24,FARM_01,166,30.24,82.1,0.0,Vegetative,Yes,Poor,9956.45,-14.57,Very Wet
2022-10-08 22:06:24,FARM_01,166,30.21,75.0,0.0,Vegetative,Yes,Poor,9956.5,-14.57,Very Wet
2022-10-08 22:06:24,FARM_01,166,30.15,82.2,14.97,Vegetative,No,Good,9956.45,-14.57,Very Wet
2022-10-08 22:06:24,FARM_01,166,30.09,81.2,9.05,Vegetative,No,Good,9956.84,-14.54,Very Wet
2022-10-08 22:06:24,FARM_01,167,30.03,88.7,2.43,Vegetative,No,Good,9956.23,-14.59,Very Wet
2022-10-08 22:06:24,FARM_01,166,29.97,81.1,0.0,Vegetative,Yes,Poor,9956.13,-14.6,Very Wet
2022-10-08 22:06:24,FARM_01,234,30.31,88.8,0.0,Vegetative,No,Good,9959.14,-14.34,Wet
2022-10-08 22:06:24,FARM_01,164,29.21,88.9,0.0,Vegetative,Yes,Poor,9961.14,-14.17,Very Wet
2022-10-08 22:06:24,FARM_01,166,29.82,85.8,0.0,Vegetative,Yes,Poor,9956.47,-14.57,Very Wet
2022-10-08 22:06:24,FARM_01,342,29.67,95.9,6.2,Vegetative,No,Poor,9942.7,-15.73,Very Dry
2022-10-08 22:06:24,FARM_01,166,29.26,84.9,0.0,Vegetative,Yes,Poor,9955.62,-14.64,Very Wet
2022-10-08 22:06:24,FARM_01,167,29.52,85.4,0.0,Vegetative,Yes,Poor,9955.72,-14.63,Very Wet
2022-10-08 22:06:24,FARM_01,167,29.73,80.1,0.0,Vegetative,Yes,Poor,9956.2,-14.59,Very Wet
2022-10-08 22:06:24,FARM_01,167,29.69,86.5,0.69,Vegetative,No,Good,9956.11,-14.6,Very Wet
2022-10-08 22:06:24,FARM_01,167,29.65,85.4,15.47,Vegetative,No,Good,9956.28,-14.58,Very Wet
2022-10-08 22:06:24,FARM_01,167,29.63,78.3,0.28,Vegetative,No,Good,9956.15,-14.59,Very Wet
2022-10-08 22:06:24,FARM_01,167,29.23,79.0,0.0,Vegetative,Yes,Poor,9955.11,-14.68,Very Wet
2022-10-08 22:06:24,FARM_01,166,29.59,85.6,0.0,Vegetative,Yes,Poor,9956.36,-14.58,Very Wet
2022-10-08 22:06:24,FARM_01,166,29.48,82.4,0.0,Vegetative,Yes,Poor,9955.95,-14.61,Very Wet
2022-10-08 22:06:24,FARM_01,166,29.27,77.1,6.02,Vegetative,No,Good,9955.45,-14.65,Very Wet
2022-10-08 22:06:24,FARM_01,167,29.45,80.4,11.02,Vegetative,No,Good,9955.79,-14.63,Very Wet
2022-10-08 22:06:24,FARM_01,166,29.42,84.3,4.31,Vegetative,No,Good,9956.16,-14.59,Very Wet
2022-10-08 22:06:24,FARM_01,167,29.39,87.0,0.0,Vegetative,Yes,Poor,9956.2,-14.59,Very Wet
2022-10-08 22:06:24,FARM_01,166,29.36,88.2,0.0,Vegetative,Yes,Poor,9956.06,-14.6,Very Wet
2022-10-08 22:06:24,FARM_01,167,29.55,88.9,0.0,Vegetative,Yes,Poor,9956.03,-14.6,Very Wet
2022-10-08 22:06:24,FARM_01,165,29.2,86.5,0.0,Vegetative,Yes,Poor,9955.48,-14.65,Very Wet
2022-10-08 22:06:24,FARM_01,166,28.88,90.2,1.3,Vegetative,No,Good,9955.72,-14.63,Very Wet
2022-10-08 22:06:24,FARM_01,166,28.37,81.0,0.0,Vegetative,Yes,Poor,9950.19,-15.1,Very Wet
2022-10-08 22:06:24,FARM_01,166,29.17,88.5,1.72,Vegetative,No,Good,9955.69,-14.63,Very Wet
2022-10-08 22:06:24,FARM_01,167,29.15,83.1,10.15,Vegetative,No,Good,9955.88,-14.62,Very Wet
2022-10-08 22:06:24,FARM_01,167,29.12,88.0,3.19,Vegetative,No,Good,9956.09,-14.6,Very Wet
2022-10-08 22:06:24,FARM_01,167,29.07,90.4,0.0,Vegetative,Yes,Poor,9956.12,-14.6,Very Wet
2022-10-08 22:06:24,FARM_01,167,28.86,87.6,0.0,Vegetative,Yes,Poor,9955.58,-14.64,Very Wet
2022-10-08 22:06:24,FARM_01,165,29.04,87.6,0.0,Vegetative,Yes,Poor,9956.32,-14.58,Very Wet
2022-10-08 22:06:24,FARM_01,167,28.98,87.3,0.0,Vegetative,Yes,Poor,9956.17,-14.59,Very Wet
2022-10-08 22:06:24,FARM_01,167,28.97,87.3,0.0,Vegetative,Yes,Poor,9956.34,-14.58,Very Wet
2022-10-08 22:06:24,FARM_01,167,28.94,80.1,1.47,Vegetative,No,Good,9956.2,-14.59,Very Wet
2022-10-08 22:06:24,FARM_01,167,28.92,77.9,0.0,Vegetative,Yes,Poor,9956.06,-14.6,Very Wet
2022-10-08 22:06:24,FARM_01,167,28.9,90.0,0.0,Vegetative,Yes,Poor,9955.74,-14.63,Very Wet
2022-10-08 22:06:24,FARM_01,167,29.02,100.0,0.0,Vegetative,Yes,Poor,9956.48,-14.57,Very Wet
2022-10-08 22:06:24,FARM_01,168,29.3,87.1,0.0,Vegetative,Yes,Poor,9955.75,-14.63,Very Wet
2022-10-08 22:06:24,FARM_01,166,28.84,79.4,5.17,Vegetative,No,Good,9955.43,-14.66,Very Wet
2022-10-08 22:06:24,FARM_01,167,28.82,80.5,4.53,Vegetative,No,Good,9955.25,-14.67,Very Wet
2022-10-08 22:06:24,FARM_01,167,28.75,88.1,0.0,Vegetative,Yes,Poor,9955.31,-14.67,Very Wet
2022-10-08 22:06:24,FARM_01,168,28.7,94.1,6.41,Vegetative,No,Good,9954.98,-14.69,Very Wet
2022-10-08 22:06:24,FARM_01,166,28.78,90.6,7.72,Vegetative,No,Good,9955.28,-14.67,Very Wet
2022-10-08 22:06:24,FARM_01,165,28.59,86.3,6.91,Vegetative,No,Good,9953.86,-14.79,Very Wet
2022-10-08 22:06:24,FARM_01,167,28.8,87.9,7.49,Vegetative,No,Good,9955.28,-14.67,Very Wet
2022-10-08 22:06:24,FARM_01,168,28.5,83.5,1.72,Vegetative,No,Good,9953.38,-14.83,Very Wet
2022-10-08 22:06:24,FARM_01,167,28.49,92.1,0.0,Vegetative,Yes,Poor,9953.05,-14.86,Very Wet
2022-10-08 22:06:24,FARM_01,167,28.47,89.0,0.0,Vegetative,Yes,Poor,9952.72,-14.88,Very Wet
2022-10-08 22:06:24,FARM_01,167,28.46,86.3,0.35,Vegetative,No,Good,9952.89,-14.87,Very Wet
2022-10-08 22:06:24,FARM_01,167,28.43,84.5,0.0,Vegetative,Yes,Poor,9952.03,-14.97,Very Wet
2022-10-08 22:06:24,FARM_01,169,28.53,80.8,0.0,Vegetative,Yes,Poor,9953.36,-14.83,Very Wet
2022-10-08 22:06:24,FARM_01,164,28.41,83.7,2.63,Vegetative,No,Good,9951.2,-15.01,Very Wet
2022-10-08 22:06:24,FARM_01,167,28.4,94.4,2.08,Vegetative,No,Good,9951.2,-15.01,Very Wet
2022-10-08 22:06:24,FARM_01,168,28.39,89.0,0.0,Vegetative,Yes,Poor,9950.7,-15.05,Very Wet
2022-10-08 22:06:24,FARM_01,167,28.36,82.5,4.43,Vegetative,No,Good,9950.53,-15.07,Very Wet
2022-10-08 22:06:24,FARM_01,374,28.31,77.7,1.87,Vegetative,No,Poor,9950.55,-15.07,Very Dry
2022-10-08 22:06:24,FARM_01,166,28.34,85.6,1.22,Vegetative,No,Good,9950.38,-15.08,Very Wet
2022-10-08 22:06:24,FARM_01,199,28.32,93.1,4.74,Vegetative,No,Good,9950.72,-15.05,Very Wet
2022-10-08 22:06:24,FARM_01,336,29.45,90.4,0.0,Vegetative,No,Poor,9953.56,-14.81,Very Dry
2022-10-08 22:06:24,FARM_01,402,28.31,78.7,0.0,Vegetative,No,Poor,9950.38,-15.08,Very Dry
2022-10-08 22:06:24,FARM_01,337,29.27,79.5,0.0,Vegetative,No,Poor,9953.73,-14.8,Very Dry
2022-10-08 22:06:24,FARM_01,327,28.29,68.7,0.0,Vegetative,No,Poor,9950.23,-15.09,Dry
2022-10-08 22:06:24,FARM_01,328,28.29,80.3,0.0,Vegetative,No,Poor,9949.71,-15.14,Dry
2022-10-08 22:06:24,FARM_01,330,28.51,88.7,1.67,Vegetative,No,Poor,9952.02,-14.94,Very Dry
2022-10-08 22:06:24,FARM_01,329,28.67,87.0,0.29,Vegetative,No,Poor,9953.47,-14.82,Dry
2022-10-08 22:06:24,FARM_01,327,28.3,83.6,8.99,Vegetative,No,Poor,9950.38,-15.08,Dry
2022-10-08 22:06:24,FARM_01,335,29.01,81.2,0.0,Vegetative,No,Poor,9953.61,-14.81,Very Dry
2022-10-08 22:06:24,FARM_01,336,29.58,84.6,0.0,Vegetative,No,Poor,9953.62,-14.81,Very Dry
2022-10-08 22:06:24,FARM_01,339,29.45,86.9,0.0,Vegetative,No,Poor,9951.84,-14.96,Very Dry
2022-10-08 22:06:24,FARM_01,336,29.77,85.9,0.0,Vegetative,No,Poor,9953.25,-14.84,Very Dry
2022-10-08 22:06:24,FARM_01,335,29.78,87.5,0.0,Vegetative,No,Poor,9953.05,-14.86,Very Dry
2022-10-08 22:06:24,FARM_01,327,29.77,74.8,0.0,Vegetative,No,Poor,9952.73,-14.88,Dry
2022-10-08 22:06:24,FARM_01,335,29.76,95.2,1.13,Vegetative,No,Poor,9952.73,-14.88,Very Dry
2022-10-08 22:06:24,FARM_01,335,29.67,79.6,0.0,Vegetative,No,Poor,9953.17,-14.85,Very Dry
2022-10-08 22:06:24,FARM_01,337,29.74,78.3,0.0,Vegetative,No,Poor,9952.44,-14.91,Very Dry
2022-10-08 22:06:24,FARM_01,338,29.68,87.9,0.0,Vegetative,No,Poor,9952.13,-14.93,Very Dry
2022-10-08 22:06:24,FARM_01,338,29.64,85.1,0.0,Vegetative,No,Poor,9951.83,-14.96,Very Dry
2022-10-08 22:06:24,FARM_01,336,29.6,82.6,2.68,Vegetative,No,Poor,9952.07,-14.94,Very Dry
2022-10-08 22:06:24,FARM_01,340,29.56,84.9,0.0,Vegetative,No,Poor,9951.73,-14.97,Very Dry
2022-10-08 22:06:24,FARM_01,339,29.52,81.6,0.0,Vegetative,No,Poor,9951.95,-14.95,Very Dry
2022-10-08 22:06:24,FARM_01,339,29.49,85.6,4.69,Vegetative,No,Poor,9951.98,-14.95,Very Dry
2022-10-08 22:06:24,FARM_01,336,29.71,92.5,0.03,Vegetative,No,Poor,9952.3,-14.92,Very Dry
2022-10-08 22:06:24,FARM_01,339,29.41,91.0,3.6,Vegetative,No,Poor,9952.05,-14.94,Very Dry
2022-10-08 22:06:24,FARM_01,342,29.35,82.2,4.58,Vegetative,No,Poor,9951.78,-14.96,Very Dry
2022-10-08 22:06:24,FARM_01,238,29.53,77.0,0.0,Vegetative,No,Good,9949.03,-15.19,Wet
2022-10-08 22:06:24,FARM_01,342,29.05,95.4,0.0,Vegetative,No,Poor,9952.0,-14.94,Very Dry
2022-10-08 22:06:24,FARM_01,342,29.27,81.4,0.0,Vegetative,No,Poor,9951.67,-14.97,Very Dry
2022-10-08 22:06:24,FARM_01,347,29.23,84.9,14.93,Vegetative,No,Poor,9951.51,-14.99,Very Dry
2022-10-08 22:06:24,FARM_01,345,29.19,85.8,0.0,Vegetative,No,Poor,9951.55,-14.98,Very Dry
2022-10-08 22:06:24,FARM_01,342,29.16,81.0,8.41,Vegetative,No,Poor,9951.77,-14.96,Very Dry
2022-10-08 22:06:24,FARM_01,341,29.12,88.1,0.72,Vegetative,No,Poor,9951.8,-14.96,Very Dry
2022-10-08 22:06:24,FARM_01,339,28.81,87.9,0.0,Vegetative,No,Poor,9951.83,-14.96,Very Dry
2022-10-08 22:06:24,FARM_01,343,29.09,81.1,6.17,Vegetative,No,Poor,9952.14,-14.93,Very Dry
2022-10-08 22:06:24,FARM_01,338,28.84,85.1,0.0,Vegetative,No,Poor,9952.34,-14.91,Very Dry
2022-10-08 22:06:24,FARM_01,345,28.98,82.4,4.92,Vegetative,No,Poor,9952.23,-14.92,Very Dry
2022-10-08 22:06:24,FARM_01,343,28.95,76.7,0.0,Vegetative,No,Poor,9952.27,-14.92,Very Dry
2022-10-08 22:06:24,FARM_01,343,28.92,88.2,3.48,Vegetative,No,Poor,9952.46,-14.91,Very Dry
2022-10-08 22:06:24,FARM_01,344,28.89,75.4,0.28,Vegetative,No,Poor,9952.3,-14.92,Very Dry
2022-10-08 22:06:24,FARM_01,342,29.04,79.3,0.0,Vegetative,No,Poor,9952.2,-14.93,Very Dry
2022-10-08 22:06:24,FARM_01,338,28.79,74.7,0.0,Vegetative,No,Poor,9951.86,-14.96,Very Dry
2022-10-08 22:06:24,FARM_01,338,28.77,85.7,17.45,Vegetative,No,Poor,9951.52,-14.98,Very Dry
2022-10-08 22:06:24,FARM_01,338,28.56,81.5,0.2,Vegetative,No,Poor,9950.29,-15.09,Very Dry
2022-10-08 22:06:24,FARM_01,340,29.31,89.8,0.0,Vegetative,No,Poor,9951.47,-14.99,Very Dry
2022-10-08 22:06:24,FARM_01,339,28.76,95.4,0.0,Vegetative,No,Poor,9951.34,-15.0,Very Dry
2022-10-08 22:06:24,FARM_01,337,28.74,89.4,0.0,Vegetative,No,Poor,9951.2,-15.01,Very Dry
2022-10-08 22:06:24,FARM_01,338,28.72,78.5,0.0,Vegetative,No,Poor,9950.69,-15.05,Very Dry
2022-10-08 22:06:24,FARM_01,338,28.7,86.8,3.92,Vegetative,No,Poor,9950.7,-15.05,Very Dry
2022-10-08 22:06:24,FARM_01,338,28.69,93.6,2.99,Vegetative,No,Poor,9950.91,-15.04,Very Dry
2022-10-08 22:06:24,FARM_01,339,28.67,81.5,1.81,Vegetative,No,Poor,9950.73,-15.05,Very Dry
2022-10-08 22:06:24,FARM_01,336,28.66,82.4,0.0,Vegetative,No,Poor,9950.73,-15.05,Very Dry
2022-10-08 22:06:24,FARM_01,348,28.64,83.1,0.0,Vegetative,No,Poor,9950.73,-15.05,Very Dry
2022-10-08 22:06:24,FARM_01,337,28.63,78.8,4.4,Vegetative,No,Poor,9950.75,-15.05,Very Dry
2022-10-08 22:06:24,FARM_01,337,28.62,89.2,0.0,Vegetative,No,Poor,9950.75,-15.05,Very Dry
2022-10-08 22:06:24,FARM_01,336,28.61,87.4,0.34,Vegetative,No,Poor,9950.41,-15.08,Very Dry
2022-10-08 22:06:24,FARM_01,336,28.6,84.3,2.3,Vegetative,No,Poor,9950.61,-15.06,Very Dry
2022-10-08 22:06:24,FARM_01,337,28.58,80.9,0.0,Vegetative,No,Poor,9950.44,-15.08,Very Dry
2022-10-08 22:06:24,FARM_01,336,28.57,89.1,7.0,Vegetative,No,Poor,9950.44,-15.08,Very Dry
2022-10-08 22:06:24,FARM_01,335,28.55,78.7,0.0,Vegetative,No,Poor,9950.6,-15.06,Very Dry
2022-10-08 22:06:24,FARM_01,336,28.54,88.8,0.0,Vegetative,No,Poor,9950.59,-15.06,Very Dry
2022-10-08 22:06:24,FARM_01,336,28.53,86.2,2.84,Vegetative,No,Poor,9950.45,-15.07,Very Dry
2022-10-08 22:06:24,FARM_01,339,28.46,82.9,0.0,Vegetative,No,Poor,9949.64,-15.14,Very Dry
2022-10-08 22:06:24,FARM_01,334,28.51,86.5,1.04,Vegetative,No,Poor,9950.11,-15.1,Very Dry
2022-10-08 22:06:24,FARM_01,335,28.51,76.0,0.0,Vegetative,No,Poor,9950.13,-15.1,Very Dry
2022-10-08 22:06:24,FARM_01,335,28.5,86.6,0.0,Vegetative,No,Poor,9950.65,-15.06,Very Dry
2022-10-08 22:06:24,FARM_01,337,28.49,90.1,0.0,Vegetative,No,Poor,9950.3,-15.09,Very Dry
2022-10-08 22:06:24,FARM_01,338,28.48,82.6,0.0,Vegetative,No,Poor,9949.98,-15.11,Very Dry
2022-10-08 22:06:24,FARM_01,339,28.38,81.5,0.0,Vegetative,No,Poor,9948.14,-15.27,Very Dry
2022-10-08 22:06:24,FARM_01,337,28.47,81.3,1.0,Vegetative,No,Poor,9949.98,-15.11,Very Dry
2022-10-08 22:06:24,FARM_01,338,28.44,84.3,0.0,Vegetative,No,Poor,9949.3,-15.17,Very Dry
2022-10-08 22:06:24,FARM_01,339,28.43,85.7,0.52,Vegetative,No,Poor,9948.78,-15.21,Very Dry
2022-10-08 22:06:24,FARM_01,339,28.42,88.6,0.0,Vegetative,No,Poor,9948.46,-15.24,Very Dry
2022-10-08 22:06:24,FARM_01,339,28.41,85.9,0.0,Vegetative,No,Poor,9948.45,-15.24,Very Dry
2022-10-08 22:06:24,FARM_01,341,28.4,78.2,0.0,Vegetative,No,Poor,9948.29,-15.26,Very Dry
2022-10-08 22:06:24,FARM_01,339,28.45,77.5,1.14,Vegetative,No,Poor,9949.32,-15.17,Very Dry
2022-10-08 22:06:24,FARM_01,338,28.39,75.1,0.75,Vegetative,No,Poor,9948.11,-15.27,Very Dry
2022-10-08 22:06:24,FARM_01,339,28.37,88.0,0.0,Vegetative,No,Poor,9948.31,-15.25,Very Dry
2022-10-08 22:06:24,FARM_01,339,28.27,89.6,0.0,Vegetative,No,Poor,9946.8,-15.38,Very Dry
2022-10-08 22:06:24,FARM_01,342,28.35,81.7,3.25,Vegetative,No,Poor,9947.81,-15.3,Very Dry
2022-10-08 22:06:24,FARM_01,342,28.34,86.7,0.0,Vegetative,No,Poor,9947.98,-15.28,Very Dry
2022-10-08 22:06:24,FARM_01,343,28.33,84.5,0.0,Vegetative,No,Poor,9947.27,-15.34,Very Dry
2022-10-08 22:06:24,FARM_01,341,28.33,91.7,0.0,Vegetative,No,Poor,9947.3,-15.34,Very Dry
2022-10-08 22:06:24,FARM_01,342,28.32,89.0,15.52,Vegetative,No,Poor,9947.47,-15.33,Very Dry
2022-10-08 22:06:24,FARM_01,340,28.36,90.1,1.42,Vegetative,No,Poor,9947.98,-15.28,Very Dry
2022-10-08 22:06:24,FARM_01,342,28.31,78.9,0.0,Vegetative,No,Poor,9947.3,-15.34,Very Dry
2022-10-08 22:06:24,FARM_01,340,28.3,84.0,1.39,Vegetative,No,Poor,9947.3,-15.34,Very Dry
2022-10-08 22:06:24,FARM_01,339,28.3,82.5,0.0,Vegetative,No,Poor,9947.48,-15.32,Very Dry
2022-10-08 22:06:24,FARM_01,339,28.29,89.8,0.37,Vegetative,No,Poor,9947.31,-15.34,Very Dry
2022-10-08 22:06:24,FARM_01,339,28.28,83.4,0.0,Vegetative,No,Poor,9947.31,-15.34,Very Dry
2022-10-08 22:06:24,FARM_01,340,28.28,80.7,0.0,Vegetative,No,Poor,9947.14,-15.35,Very Dry
2022-10-08 22:06:24,FARM_01,337,28.26,78.8,0.0,Vegetative,No,Poor,9946.48,-15.41,Very Dry
2022-10-08 22:06:24,FARM_01,339,28.26,89.0,10.69,Vegetative,No,Poor,9946.31,-15.42,Very Dry
2022-10-08 22:06:24,FARM_01,339,28.25,76.3,3.22,Vegetative,No,Poor,9946.14,-15.44,Very Dry
2022-10-08 22:06:24,FARM_01,339,28.24,75.4,0.0,Vegetative,No,Poor,9946.13,-15.44,Very Dry
2022-10-08 22:06:24,FARM_01,342,28.23,82.6,1.54,Vegetative,No,Poor,9946.5,-15.41,Very Dry
2022-10-08 22:06:24,FARM_01,343,28.23,82.6,6.95,Vegetative,No,Poor,9946.67,-15.39,Very Dry
2022-10-08 22:06:24,FARM_01,341,28.23,87.6,0.0,Vegetative,No,Poor,9946.67,-15.39,Very Dry
2022-10-08 22:06:24,FARM_01,340,28.22,82.1,0.0,Vegetative,No,Poor,9946.5,-15.41,Very Dry
2022-10-08 22:06:24,FARM_01,339,28.22,82.6,0.0,Vegetative,No,Poor,9946.5,-15.41,Very Dry
2022-10-08 22:06:24,FARM_01,337,28.22,92.8,2.26,Vegetative,No,Poor,9946.64,-15.39,Very Dry
2022-10-08 22:06:24,FARM_01,338,28.22,83.8,2.3,Vegetative,No,Poor,9946.47,-15.41,Very Dry
2022-10-08 22:06:24,FARM_01,338,28.21,83.8,0.0,Vegetative,No,Poor,9946.64,-15.39,Very Dry
2022-10-08 22:06:24,FARM_01,336,28.21,92.6,0.0,Vegetative,No,Poor,9946.64,-15.39,Very Dry
2022-10-08 22:06:24,FARM_01,335,28.21,88.2,4.05,Vegetative,No,Poor,9946.64,-15.39,Very Dry
2022-10-08 22:06:24,FARM_01,336,28.2,88.8,16.02,Vegetative,No,Poor,9947.34,-15.34,Very Dry
2022-10-08 22:06:24,FARM_01,338,28.2,86.5,0.0,Vegetative,No,Poor,9947.34,-15.34,Very Dry
2022-10-08 22:06:24,FARM_01,335,28.2,80.4,0.0,Vegetative,No,Poor,9947.0,-15.36,Very Dry
2022-10-08 22:06:24,FARM_01,298,28.18,79.7,0.0,Vegetative,No,Poor,9946.69,-15.39,Dry
2022-10-08 22:06:24,FARM_01,336,28.19,84.9,0.0,Vegetative,No,Poor,9947.0,-15.36,Very Dry
2022-10-08 22:06:24,FARM_01,334,28.19,94.2,4.16,Vegetative,No,Poor,9946.83,-15.38,Very Dry
2022-10-08 22:06:24,FARM_01,336,28.18,83.5,0.0,Vegetative,No,Poor,9947.0,-15.36,Very Dry
2022-10-08 22:06:24,FARM_01,337,28.18,86.8,13.63,Vegetative,No,Poor,9946.83,-15.38,Very Dry
2022-10-08 22:06:24,FARM_01,254,28.18,79.2,0.0,Vegetative,No,Good,9946.69,-15.39,Wet
2022-10-08 22:06:24,FARM_01,217,28.35,82.2,0.0,Vegetative,No,Good,9947.64,-15.31,Wet
2022-10-08 22:06:24,FARM_01,194,28.51,77.7,0.0,Vegetative,No,Good,9947.91,-15.29,Very Wet
2022-10-08 22:06:24,FARM_01,159,29.71,91.9,0.0,Vegetative,Yes,Poor,9951.78,-14.96,Very Wet
2022-10-08 22:06:24,FARM_01,162,30.08,77.4,0.0,Vegetative,Yes,Poor,9951.87,-14.96,Very Wet
2022-10-08 22:06:24,FARM_01,198,30.36,86.2,0.0,Vegetative,No,Good,9952.21,-14.93,Very Wet
2022-10-08 22:06:24,FARM_01,335,28.52,92.5,0.0,Vegetative,No,Poor,9950.45,-15.07,Very Dry
2022-10-08 22:06:24,FARM_01,200,30.57,84.1,0.0,Vegetative,No,Good,9952.43,-14.91,Wet
2022-10-08 22:06:24,FARM_01,411,30.8,92.1,0.0,Vegetative,No,Poor,9952.09,-14.94,Very Dry
2022-10-08 22:06:24,FARM_01,346,30.78,87.2,4.08,Vegetative,No,Poor,9950.91,-15.04,Very Dry
2022-10-08 22:06:24,FARM_01,342,30.85,77.2,0.0,Vegetative,No,Poor,9952.02,-14.94,Very Dry
2022-10-08 22:06:24,FARM_01,335,30.88,91.2,0.0,Vegetative,No,Poor,9951.8,-14.96,Very Dry
2022-10-08 22:06:24,FARM_01,334,30.88,79.7,0.08,Vegetative,No,Poor,9951.28,-15.0,Very Dry
2022-10-08 22:06:24,FARM_01,333,30.88,88.2,0.0,Vegetative,No,Poor,9951.29,-15.0,Very Dry
2022-10-08 22:06:24,FARM_01,332,30.86,88.0,0.0,Vegetative,No,Poor,9951.13,-15.02,Very Dry
2022-10-08 22:06:24,FARM_01,169,30.26,95.3,0.0,Vegetative,Yes,Poor,9951.32,-15.0,Very Wet
2022-10-08 22:06:24,FARM_01,333,30.82,90.0,0.0,Vegetative,No,Poor,9951.22,-15.01,Very Dry
2022-10-08 22:06:24,FARM_01,174,30.32,84.2,0.0,Vegetative,Yes,Poor,9951.03,-15.03,Very Wet
2022-10-08 22:06:24,FARM_01,350,30.67,85.8,0.0,Vegetative,No,Poor,9950.56,-15.06,Very Dry
2022-10-08 22:06:24,FARM_01,313,30.61,83.3,0.0,Vegetative,No,Poor,9950.66,-15.06,Dry
2022-10-08 22:06:24,FARM_01,268,30.54,96.6,0.0,Vegetative,No,Good,9950.58,-15.06,Wet
2022-10-08 22:06:24,FARM_01,241,30.48,84.6,0.0,Vegetative,No,Good,9950.69,-15.05,Wet
2022-10-08 22:06:24,FARM_01,212,30.41,84.2,0.0,Vegetative,No,Good,9950.92,-15.03,Wet
2022-10-08 22:06:24,FARM_01,350,30.73,78.4,0.0,Vegetative,No,Poor,9950.66,-15.06,Very Dry
2022-10-08 22:06:24,FARM_01,168,30.2,79.5,0.0,Vegetative,Yes,Poor,9951.21,-15.01,Very Wet
2022-10-08 22:06:24,FARM_01,168,30.14,81.6,5.2,Vegetative,No,Good,9951.3,-15.0,Very Wet
2022-10-08 22:06:24,FARM_01,391,30.71,85.2,5.99,Vegetative,No,Poor,9952.24,-14.92,Very Dry
2022-10-08 22:06:24,FARM_01,169,30.09,76.4,0.0,Vegetative,Yes,Poor,9951.35,-15.0,Very Wet
2022-10-08 22:06:24,FARM_01,169,30.03,91.0,0.0,Vegetative,Yes,Poor,9951.09,-15.02,Very Wet
2022-10-08 22:06:24,FARM_01,169,29.97,85.6,0.0,Vegetative,Yes,Poor,9950.97,-15.03,Very Wet
2022-10-08 22:06:24,FARM_01,169,29.92,78.3,0.0,Vegetative,Yes,Poor,9950.88,-15.04,Very Wet
2022-10-08 22:06:24,FARM_01,168,29.86,88.6,0.0,Vegetative,Yes,Poor,9950.75,-15.05,Very Wet
2022-10-08 22:06:24,FARM_01,170,29.81,82.9,0.0,Vegetative,Yes,Poor,9950.63,-15.06,Very Wet
2022-10-08 22:06:24,FARM_01,167,29.76,80.6,7.93,Vegetative,No,Good,9950.5,-15.07,Very Wet
2022-10-08 22:06:24,FARM_01,168,29.72,92.3,1.29,Vegetative,No,Good,9950.41,-15.08,Very Wet
2022-10-08 22:06:24,FARM_01,170,29.69,79.9,6.1,Vegetative,No,Good,9950.59,-15.06,Very Wet
2022-10-08 22:06:24,FARM_01,167,29.6,79.3,0.25,Vegetative,No,Good,9950.01,-15.11,Very Wet
2022-10-08 22:06:24,FARM_01,168,29.56,84.9,6.19,Vegetative,No,Good,9949.85,-15.12,Very Wet
2022-10-08 22:06:24,FARM_01,168,29.52,76.8,0.0,Vegetative,Yes,Poor,9949.72,-15.14,Very Wet
2022-10-08 22:06:24,FARM_01,190,30.35,74.8,0.0,Vegetative,No,Good,9951.16,-15.02,Very Wet
2022-10-08 22:06:24,FARM_01,341,29.39,83.6,0.0,Vegetative,No,Poor,9952.09,-14.94,Very Dry
2022-10-08 22:06:24,FARM_01,168,29.4,84.2,0.0,Vegetative,Yes,Poor,9950.17,-15.1,Very Wet
2022-10-08 22:06:24,FARM_01,167,29.51,85.5,0.0,Vegetative,Yes,Poor,9950.09,-15.1,Very Wet
2022-10-08 22:06:24,FARM_01,160,30.16,89.0,0.0,Vegetative,Yes,Poor,9950.23,-15.09,Very Wet
2022-10-08 22:06:24,FARM_01,207,30.34,81.9,7.18,Vegetative,No,Good,9950.68,-15.06,Wet
2022-10-08 22:06:24,FARM_01,187,30.45,80.3,14.08,Vegetative,No,Good,9950.7,-15.05,Very Wet
2022-10-08 22:06:24,FARM_01,199,30.53,81.7,1.69,Vegetative,No,Good,9950.59,-15.06,Very Wet
2022-10-08 22:06:24,FARM_01,241,30.57,91.7,0.0,Vegetative,No,Good,9950.19,-15.1,Wet
2022-10-08 22:06:24,FARM_01,218,30.6,81.7,0.0,Vegetative,No,Good,9949.83,-15.13,Wet
2022-10-08 22:06:24,FARM_01,309,30.6,86.1,0.0,Vegetative,No,Poor,9950.14,-15.1,Dry
2022-10-08 22:06:24,FARM_01,262,30.6,74.4,0.0,Vegetative,No,Good,9949.83,-15.13,Wet
2022-10-08 22:06:24,FARM_01,313,30.58,84.8,0.0,Vegetative,No,Poor,9949.98,-15.11,Dry
2022-10-08 22:06:24,FARM_01,409,30.55,82.8,0.0,Vegetative,No,Poor,9950.38,-15.08,Very Dry
2022-10-08 22:06:24,FARM_01,330,30.52,84.8,0.51,Vegetative,No,Poor,9950.63,-15.06,Very Dry
2022-10-08 22:06:24,FARM_01,282,30.47,88.4,0.0,Vegetative,No,Poor,9950.34,-15.08,Dry
2022-10-08 22:06:24,FARM_01,243,30.45,71.2,0.0,Vegetative,No,Good,9950.36,-15.08,Wet
2022-10-08 22:06:24,FARM_01,208,30.4,83.3,0.0,Vegetative,No,Good,9950.79,-15.05,Wet
2022-10-08 22:06:24,FARM_01,167,29.77,87.1,1.09,Vegetative,No,Good,9949.98,-15.11,Very Wet
2022-10-08 22:06:24,FARM_01,236,30.35,84.9,0.0,Vegetative,No,Good,9951.19,-15.01,Wet
2022-10-08 22:06:24,FARM_01,238,30.23,89.2,0.0,Vegetative,No,Good,9951.51,-14.99,Wet
2022-10-08 22:06:24,FARM_01,237,29.85,93.9,2.26,Vegetative,No,Good,9950.08,-15.11,Wet
2022-10-08 22:06:24,FARM_01,238,30.17,86.4,0.0,Vegetative,No,Good,9951.25,-15.01,Wet
2022-10-08 22:06:24,FARM_01,238,30.06,80.4,9.57,Vegetative,No,Good,9951.05,-15.02,Wet
2022-10-08 22:06:24,FARM_01,237,30.0,82.7,0.0,Vegetative,No,Good,9950.76,-15.05,Wet
2022-10-08 22:06:24,FARM_01,236,29.9,77.4,0.0,Vegetative,No,Good,9950.52,-15.07,Wet
2022-10-08 22:06:24,FARM_01,237,29.83,83.3,0.0,Vegetative,No,Good,9950.11,-15.1,Wet
2022-10-08 22:06:24,FARM_01,238,30.29,84.4,2.33,Vegetative,No,Good,9951.45,-14.99,Wet
2022-10-08 22:06:24,FARM_01,238,29.78,85.8,0.0,Vegetative,No,Good,9949.96,-15.12,Wet
2022-10-08 22:06:24,FARM_01,237,29.73,86.0,0.0,Vegetative,No,Good,9949.69,-15.14,Wet
2022-10-08 22:06:24,FARM_01,237,29.69,77.2,10.94,Vegetative,No,Good,9949.75,-15.13,Wet
2022-10-08 22:06:24,FARM_01,237,29.65,82.6,0.0,Vegetative,No,Good,9949.59,-15.15,Wet
2022-10-08 22:06:24,FARM_01,237,29.61,82.9,1.31,Vegetative,No,Good,9949.3,-15.17,Wet
2022-10-08 22:06:24,FARM_01,237,29.57,81.1,0.0,Vegetative,No,Good,9949.19,-15.18,Wet
2022-10-08 22:06:24,FARM_01,170,29.37,85.9,0.0,Vegetative,Yes,Poor,9950.38,-15.08,Very Wet
2022-10-08 22:06:24,FARM_01,322,29.35,85.5,5.41,Vegetative,No,Poor,9935.33,-16.35,Dry
2022-10-08 22:06:24,FARM_01,236,29.42,88.9,4.52,Vegetative,No,Good,9948.8,-15.21,Wet
2022-10-08 22:06:24,FARM_01,237,28.98,92.1,0.0,Vegetative,No,Good,9948.98,-15.2,Wet
2022-10-08 22:06:24,FARM_01,238,29.21,84.6,0.0,Vegetative,No,Good,9948.11,-15.27,Wet
2022-10-08 22:06:24,FARM_01,237,29.39,89.0,0.0,Vegetative,No,Good,9949.0,-15.2,Wet
2022-10-08 22:06:24,FARM_01,237,29.37,93.1,13.17,Vegetative,No,Good,9948.83,-15.21,Wet
2022-10-08 22:06:24,FARM_01,238,29.34,79.2,0.0,Vegetative,No,Good,9948.35,-15.25,Wet
2022-10-08 22:06:24,FARM_01,237,29.3,81.4,0.0,Vegetative,No,Good,9948.39,-15.25,Wet
2022-10-08 22:06:24,FARM_01,235,28.96,85.1,0.0,Vegetative,No,Good,9949.02,-15.2,Wet
2022-10-08 22:06:24,FARM_01,232,29.27,77.5,2.84,Vegetative,No,Good,9948.08,-15.27,Wet
2022-10-08 22:06:24,FARM_01,237,29.18,85.7,1.18,Vegetative,No,Good,9947.97,-15.28,Wet
2022-10-08 22:06:24,FARM_01,238,29.01,76.7,5.13,Vegetative,No,Good,9948.61,-15.23,Wet
2022-10-08 22:06:24,FARM_01,237,29.1,90.3,0.0,Vegetative,No,Good,9948.55,-15.23,Wet
2022-10-08 22:06:24,FARM_01,237,29.07,100.0,0.0,Vegetative,No,Good,9948.75,-15.22,Wet
2022-10-08 22:06:24,FARM_01,238,29.24,80.9,0.0,Vegetative,No,Good,9948.11,-15.27,Wet
2022-10-08 22:06:24,FARM_01,236,29.05,86.3,0.0,Vegetative,No,Good,9949.09,-15.19,Wet
2022-10-08 22:06:24,FARM_01,237,28.93,80.4,0.0,Vegetative,No,Good,9948.67,-15.22,Wet
2022-10-08 22:06:24,FARM_01,161,30.96,86.9,0.0,Vegetative,Yes,Poor,9948.93,-15.2,Very Wet
2022-10-08 22:06:24,FARM_01,339,29.12,80.5,0.0,Vegetative,No,Poor,9944.61,-15.57,Very Dry
2022-10-08 22:06:24,FARM_01,237,28.91,85.0,1.85,Vegetative,No,Good,9948.69,-15.22,Wet
2022-10-08 22:06:24,FARM_01,237,29.46,82.2,0.0,Vegetative,No,Good,9949.95,-15.12,Wet
2022-10-08 22:06:24,FARM_01,237,29.82,81.3,0.0,Vegetative,No,Good,9950.8,-15.04,Wet
2022-10-08 22:06:24,FARM_01,163,30.93,91.8,0.0,Vegetative,Yes,Poor,9948.46,-15.24,Very Wet
2022-10-08 22:06:24,FARM_01,237,30.18,87.2,1.7,Vegetative,No,Good,9950.88,-15.04,Wet
2022-10-08 22:06:24,FARM_01,216,30.57,93.9,9.53,Vegetative,No,Good,9950.54,-15.07,Wet
2022-10-08 22:06:24,FARM_01,191,30.73,88.9,2.97,Vegetative,No,Good,9950.31,-15.09,Very Wet
2022-10-08 22:06:24,FARM_01,173,30.85,77.3,0.0,Vegetative,Yes,Poor,9950.3,-15.09,Very Wet
2022-10-08 22:06:24,FARM_01,164,30.92,79.8,9.03,Vegetative,No,Good,9950.02,-15.11,Very Wet
2022-10-08 22:06:24,FARM_01,162,30.95,83.3,6.41,Vegetative,No,Good,9949.97,-15.11,Very Wet
2022-10-08 22:06:24,FARM_01,161,30.97,79.0,0.0,Vegetative,Yes,Poor,9949.41,-15.16,Very Wet
2022-10-08 22:06:24,FARM_01,238,30.46,77.3,0.0,Vegetative,No,Good,9950.84,-15.04,Wet
2022-10-08 22:06:24,FARM_01,237,29.03,87.6,0.0,Vegetative,No,Good,9949.13,-15.19,Wet
2022-10-08 22:06:24,FARM_01,162,30.9,83.0,0.0,Vegetative,Yes,Poor,9948.67,-15.22,Very Wet
2022-10-08 22:06:24,FARM_01,161,30.85,92.5,7.28,Vegetative,No,Good,9948.59,-15.23,Very Wet
2022-10-08 22:06:24,FARM_01,162,30.28,81.7,0.0,Vegetative,Yes,Poor,9948.2,-15.26,Very Wet
2022-10-08 22:06:24,FARM_01,162,30.69,86.8,0.0,Vegetative,Yes,Poor,9948.65,-15.23,Very Wet
2022-10-08 22:06:24,FARM_01,161,30.63,79.4,0.0,Vegetative,Yes,Poor,9948.41,-15.25,Very Wet
2022-10-08 22:06:24,FARM_01,174,30.56,89.1,0.0,Vegetative,Yes,Poor,9948.31,-15.25,Very Wet
2022-10-08 22:06:24,FARM_01,162,30.49,84.0,0.7,Vegetative,No,Good,9948.27,-15.26,Very Wet
2022-10-08 22:06:24,FARM_01,162,30.42,79.1,0.0,Vegetative,Yes,Poor,9948.34,-15.25,Very Wet
2022-10-08 22:06:24,FARM_01,162,30.73,80.3,4.81,Vegetative,No,Good,9948.77,-15.22,Very Wet
2022-10-08 22:06:24,FARM_01,162,30.35,81.8,2.62,Vegetative,No,Good,9948.27,-15.26,Very Wet
2022-10-08 22:06:24,FARM_01,162,29.8,86.3,0.0,Vegetative,Yes,Poor,9946.72,-15.39,Very Wet
2022-10-08 22:06:24,FARM_01,161,30.14,87.8,0.0,Vegetative,Yes,Poor,9947.86,-15.29,Very Wet
2022-10-08 22:06:24,FARM_01,161,30.01,84.0,12.13,Vegetative,No,Good,9947.47,-15.33,Very Wet
2022-10-08 22:06:24,FARM_01,162,29.95,74.1,1.56,Vegetative,No,Good,9947.06,-15.36,Very Wet
2022-10-08 22:06:24,FARM_01,162,29.92,84.3,0.0,Vegetative,Yes,Poor,9947.25,-15.34,Very Wet
2022-10-08 22:06:24,FARM_01,162,30.21,79.7,0.0,Vegetative,Yes,Poor,9948.29,-15.26,Very Wet
2022-10-08 22:06:24,FARM_01,161,29.75,84.0,0.0,Vegetative,Yes,Poor,9946.59,-15.4,Very Wet
2022-10-08 22:06:24,FARM_01,161,29.65,79.4,2.49,Vegetative,No,Good,9946.34,-15.42,Very Wet
2022-10-08 22:06:24,FARM_01,408,29.15,81.9,0.0,Vegetative,No,Poor,9944.92,-15.54,Very Dry
2022-10-08 22:06:24,FARM_01,160,30.79,91.1,0.0,Vegetative,Yes,Poor,9948.66,-15.22,Very Wet
2022-10-08 22:06:24,FARM_01,162,29.37,77.1,0.0,Vegetative,Yes,Poor,9945.43,-15.5,Very Wet
2022-10-08 22:06:24,FARM_01,163,29.6,73.1,0.0,Vegetative,Yes,Poor,9946.06,-15.44,Very Wet
2022-10-08 22:06:24,FARM_01,161,29.55,83.2,6.57,Vegetative,No,Good,9945.91,-15.46,Very Wet
2022-10-08 22:06:24,FARM_01,162,29.5,81.7,0.0,Vegetative,Yes,Poor,9945.46,-15.49,Very Wet
2022-10-08 22:06:24,FARM_01,161,29.46,82.0,0.0,Vegetative,Yes,Poor,9945.84,-15.46,Very Wet
2022-10-08 22:06:24,FARM_01,161,29.42,88.4,1.89,Vegetative,No,Good,9945.7,-15.47,Very Wet
2022-10-08 22:06:24,FARM_01,162,29.38,87.7,3.18,Vegetative,No,Good,9945.23,-15.51,Very Wet
2022-10-08 22:06:24,FARM_01,162,29.33,83.5,0.0,Vegetative,Yes,Poor,9944.92,-15.54,Very Wet
2022-10-08 22:06:24,FARM_01,160,29.7,84.0,0.2,Vegetative,No,Good,9946.47,-15.41,Very Wet
2022-10-08 22:06:24,FARM_01,161,29.29,85.7,0.0,Vegetative,Yes,Poor,9945.13,-15.52,Very Wet
2022-10-08 22:06:24,FARM_01,161,29.26,81.2,15.27,Vegetative,No,Good,9944.82,-15.55,Very Wet
2022-10-08 22:06:24,FARM_01,161,29.23,84.8,0.0,Vegetative,Yes,Poor,9944.83,-15.55,Very Wet
2022-10-08 22:06:24,FARM_01,353,29.17,78.7,0.0,Vegetative,No,Poor,9944.72,-15.56,Very Dry
2022-10-08 22:06:24,FARM_01,337,29.1,86.1,0.0,Vegetative,No,Poor,9944.61,-15.57,Very Dry
2022-10-08 22:06:24,FARM_01,161,29.86,86.4,0.0,Vegetative,Yes,Poor,9946.98,-15.37,Very Wet
2022-10-08 22:06:24,FARM_01,338,29.24,84.4,0.0,Vegetative,No,Poor,9945.37,-15.5,Very Dry
2022-10-08 22:06:24,FARM_01,343,29.13,80.2,14.23,Vegetative,No,Poor,9942.89,-15.71,Very Dry
2022-10-08 22:06:24,FARM_01,341,30.86,90.2,1.16,Vegetative,No,Poor,9945.63,-15.48,Very Dry
2022-10-08 22:06:24,FARM_01,336,29.99,88.8,0.0,Vegetative,No,Poor,9946.81,-15.38,Very Dry
2022-10-08 22:06:24,FARM_01,336,30.31,94.8,5.11,Vegetative,No,Poor,9946.09,-15.44,Very Dry
2022-10-08 22:06:24,FARM_01,337,30.53,85.8,1.67,Vegetative,No,Poor,9946.47,-15.41,Very Dry
2022-10-08 22:06:24,FARM_01,339,30.69,82.2,0.0,Vegetative,No,Poor,9946.05,-15.45,Very Dry
2022-10-08 22:06:24,FARM_01,341,30.68,82.2,0.0,Vegetative,No,Poor,9944.36,-15.59,Very Dry
2022-10-08 22:06:24,FARM_01,339,30.8,86.2,0.48,Vegetative,No,Poor,9946.08,-15.44,Very Dry
2022-10-08 22:06:24,FARM_01,341,30.74,81.8,0.0,Vegetative,No,Poor,9944.46,-15.58,Very Dry
2022-10-08 22:06:24,FARM_01,339,30.92,82.2,4.38,Vegetative,No,Poor,9945.19,-15.52,Very Dry
2022-10-08 22:06:24,FARM_01,341,30.91,85.9,0.0,Vegetative,No,Poor,9945.02,-15.53,Very Dry
2022-10-08 22:06:24,FARM_01,342,30.9,85.5,11.79,Vegetative,No,Poor,9944.7,-15.56,Very Dry
2022-10-08 22:06:24,FARM_01,342,30.88,90.1,0.0,Vegetative,No,Poor,9944.59,-15.57,Very Dry
2022-10-08 22:06:24,FARM_01,343,30.84,83.5,0.16,Vegetative,No,Poor,9944.48,-15.58,Very Dry
2022-10-08 22:06:24,FARM_01,339,30.9,82.1,23.12,Vegetative,No,Poor,9945.74,-15.47,Very Dry
2022-10-08 22:06:24,FARM_01,343,30.79,84.7,0.0,Vegetative,No,Poor,9944.38,-15.59,Very Dry
2022-10-08 22:06:24,FARM_01,344,30.63,74.1,0.0,Vegetative,No,Poor,9944.28,-15.59,Very Dry
2022-10-08 22:06:24,FARM_01,341,29.76,75.2,0.0,Vegetative,No,Poor,9943.14,-15.69,Very Dry
2022-10-08 22:06:24,FARM_01,344,30.5,87.5,0.0,Vegetative,No,Poor,9944.11,-15.61,Very Dry
2022-10-08 22:06:24,FARM_01,343,30.44,82.3,2.42,Vegetative,No,Poor,9944.02,-15.62,Very Dry
2022-10-08 22:06:24,FARM_01,343,30.38,86.1,0.13,Vegetative,No,Poor,9944.3,-15.59,Very Dry
2022-10-08 22:06:24,FARM_01,341,30.35,90.1,1.3,Vegetative,No,Poor,9944.5,-15.58,Very Dry
2022-10-08 22:06:24,FARM_01,335,30.29,77.0,0.0,Vegetative,No,Poor,9944.58,-15.57,Very Dry
2022-10-08 22:06:24,FARM_01,341,30.23,88.3,0.0,Vegetative,No,Poor,9944.48,-15.58,Very Dry
2022-10-08 22:06:24,FARM_01,343,30.57,79.3,0.0,Vegetative,No,Poor,9944.36,-15.59,Very Dry
2022-10-08 22:06:24,FARM_01,339,30.16,85.6,0.0,Vegetative,No,Poor,9944.39,-15.58,Very Dry
2022-10-08 22:06:24,FARM_01,340,30.05,88.6,0.0,Vegetative,No,Poor,9944.19,-15.6,Very Dry
2022-10-08 22:06:24,FARM_01,341,29.99,83.4,0.0,Vegetative,No,Poor,9943.91,-15.63,Very Dry
2022-10-08 22:06:24,FARM_01,341,29.93,86.1,0.0,Vegetative,No,Poor,9943.64,-15.65,Very Dry
2022-10-08 22:06:24,FARM_01,341,29.88,92.9,0.0,Vegetative,No,Poor,9943.86,-15.63,Very Dry
2022-10-08 22:06:24,FARM_01,341,29.83,84.6,3.35,Vegetative,No,Poor,9943.42,-15.67,Very Dry
2022-10-08 22:06:24,FARM_01,341,29.78,82.8,0.0,Vegetative,No,Poor,9943.27,-15.68,Very Dry
2022-10-08 22:06:24,FARM_01,341,30.1,73.4,0.0,Vegetative,No,Poor,9944.28,-15.59,Very Dry
2022-10-08 22:06:24,FARM_01,338,29.71,81.5,0.0,Vegetative,No,Poor,9942.86,-15.71,Very Dry
2022-10-08 22:06:24,FARM_01,342,29.62,86.4,0.0,Vegetative,No,Poor,9942.77,-15.72,Very Dry
2022-10-08 22:06:24,FARM_01,341,29.35,84.9,1.85,Vegetative,No,Poor,9942.87,-15.71,Very Dry
2022-10-08 22:06:24,FARM_01,341,29.54,76.4,0.0,Vegetative,No,Poor,9942.68,-15.73,Very Dry
2022-10-08 22:06:24,FARM_01,340,29.5,75.6,2.69,Vegetative,No,Poor,9942.89,-15.71,Very Dry
2022-10-08 22:06:24,FARM_01,343,29.47,80.8,0.0,Vegetative,No,Poor,9942.92,-15.71,Very Dry
2022-10-08 22:06:24,FARM_01,342,29.43,87.5,4.7,Vegetative,No,Poor,9943.11,-15.69,Very Dry
2022-10-08 22:06:24,FARM_01,344,29.4,81.3,0.0,Vegetative,No,Poor,9942.83,-15.72,Very Dry
2022-10-08 22:06:24,FARM_01,342,29.08,86.0,0.0,Vegetative,No,Poor,9943.23,-15.68,Very Dry
2022-10-08 22:06:24,FARM_01,341,29.38,87.3,0.0,Vegetative,No,Poor,9942.83,-15.72,Very Dry
2022-10-08 22:06:24,FARM_01,344,29.11,88.5,2.13,Vegetative,No,Poor,9942.87,-15.71,Very Dry
2022-10-08 22:06:24,FARM_01,342,29.28,85.1,3.17,Vegetative,No,Poor,9942.25,-15.77,Very Dry
2022-10-08 22:06:24,FARM_01,342,29.25,79.8,0.0,Vegetative,No,Poor,9942.63,-15.73,Very Dry
2022-10-08 22:06:24,FARM_01,340,29.22,87.2,0.0,Vegetative,No,Poor,9942.63,-15.73,Very Dry
2022-10-08 22:06:24,FARM_01,342,29.19,88.5,7.38,Vegetative,No,Poor,9943.0,-15.7,Very Dry
2022-10-08 22:06:24,FARM_01,341,29.16,81.8,0.0,Vegetative,No,Poor,9943.03,-15.7,Very Dry
2022-10-08 22:06:24,FARM_01,342,29.31,76.3,9.92,Vegetative,No,Poor,9942.38,-15.75,Very Dry
2022-10-08 22:06:24,FARM_01,345,29.07,80.2,0.0,Vegetative,No,Poor,9943.61,-15.65,Very Dry
2022-10-08 22:06:24,FARM_01,343,29.05,87.9,0.0,Vegetative,No,Poor,9943.61,-15.65,Very Dry
2022-10-08 22:06:24,FARM_01,345,28.77,76.5,0.0,Vegetative,No,Poor,9943.13,-15.69,Very Dry
2022-10-08 22:06:24,FARM_01,342,29.58,87.5,0.0,Vegetative,No,Poor,9942.64,-15.73,Very Dry
2022-10-08 22:06:24,FARM_01,345,29.02,80.7,0.0,Vegetative,No,Poor,9943.81,-15.63,Very Dry
2022-10-08 22:06:24,FARM_01,345,29.0,72.4,0.0,Vegetative,No,Poor,9943.98,-15.62,Very Dry
2022-10-08 22:06:24,FARM_01,345,28.96,87.4,0.0,Vegetative,No,Poor,9944.19,-15.6,Very Dry
2022-10-08 22:06:24,FARM_01,345,28.94,79.1,0.0,Vegetative,No,Poor,9944.21,-15.6,Very Dry
2022-10-08 22:06:24,FARM_01,345,28.9,81.9,1.17,Vegetative,No,Poor,9944.24,-15.6,Very Dry
2022-10-08 22:06:24,FARM_01,345,28.88,89.8,0.0,Vegetative,No,Poor,9944.06,-15.61,Very Dry
2022-10-08 22:06:24,FARM_01,344,28.87,82.8,3.82,Vegetative,No,Poor,9944.06,-15.61,Very Dry
2022-10-08 22:06:24,FARM_01,344,28.85,80.5,0.0,Vegetative,No,Poor,9944.09,-15.61,Very Dry
2022-10-08 22:06:24,FARM_01,342,28.83,85.0,0.0,Vegetative,No,Poor,9944.3,-15.59,Very Dry
2022-10-08 22:06:24,FARM_01,345,28.81,81.5,0.0,Vegetative,No,Poor,9943.78,-15.64,Very Dry
2022-10-08 22:06:24,FARM_01,344,28.8,78.7,0.0,Vegetative,No,Poor,9943.98,-15.62,Very Dry
2022-10-08 22:06:24,FARM_01,344,28.78,84.5,0.0,Vegetative,No,Poor,9943.27,-15.68,Very Dry
2022-10-08 22:06:24,FARM_01,336,29.51,83.4,0.0,Vegetative,No,Poor,9945.97,-15.45,Very Dry
2022-10-08 22:06:24,FARM_01,344,28.75,84.5,0.0,Vegetative,No,Poor,9942.95,-15.71,Very Dry
2022-10-08 22:06:24,FARM_01,347,28.72,77.9,0.0,Vegetative,No,Poor,9942.8,-15.72,Very Dry
2022-10-08 22:06:24,FARM_01,343,28.62,82.5,1.42,Vegetative,No,Poor,9942.19,-15.77,Very Dry
2022-10-08 22:06:24,FARM_01,345,28.7,82.3,0.0,Vegetative,No,Poor,9942.83,-15.72,Very Dry
2022-10-08 22:06:24,FARM_01,346,28.69,86.0,0.0,Vegetative,No,Poor,9943.03,-15.7,Very Dry
2022-10-08 22:06:24,FARM_01,345,28.68,86.0,0.0,Vegetative,No,Poor,9943.02,-15.7,Very Dry
2022-10-08 22:06:24,FARM_01,345,28.66,80.7,0.0,Vegetative,No,Poor,9942.83,-15.72,Very Dry
2022-10-08 22:06:24,FARM_01,346,28.65,82.0,4.3,Vegetative,No,Poor,9942.68,-15.73,Very Dry
2022-10-08 22:06:24,FARM_01,345,28.53,86.0,0.0,Vegetative,No,Poor,9941.21,-15.85,Very Dry
2022-10-08 22:06:24,FARM_01,345,28.64,86.9,0.0,Vegetative,No,Poor,9942.68,-15.73,Very Dry
2022-10-08 22:06:24,FARM_01,344,28.54,80.7,11.1,Vegetative,No,Poor,9941.21,-15.85,Very Dry
2022-10-08 22:06:24,FARM_01,346,28.6,84.1,0.0,Vegetative,No,Poor,9942.22,-15.77,Very Dry
2022-10-08 22:06:24,FARM_01,346,28.59,89.7,0.0,Vegetative,No,Poor,9941.7,-15.81,Very Dry
2022-10-08 22:06:24,FARM_01,345,28.58,81.5,0.0,Vegetative,No,Poor,9941.7,-15.81,Very Dry
2022-10-08 22:06:24,FARM_01,346,28.57,85.2,1.89,Vegetative,No,Poor,9941.7,-15.81,Very Dry
2022-10-08 22:06:24,FARM_01,345,28.56,80.4,0.0,Vegetative,No,Poor,9941.55,-15.82,Very Dry
2022-10-08 22:06:24,FARM_01,346,28.61,83.2,0.0,Vegetative,No,Poor,9942.19,-15.77,Very Dry
2022-10-08 22:06:24,FARM_01,344,28.55,84.8,0.0,Vegetative,No,Poor,9941.53,-15.83,Very Dry
2022-10-08 22:06:24,FARM_01,346,28.51,77.6,0.0,Vegetative,No,Poor,9940.86,-15.88,Very Dry
2022-10-08 22:06:24,FARM_01,347,28.38,81.3,0.0,Vegetative,No,Poor,9938.72,-16.06,Very Dry
2022-10-08 22:06:24,FARM_01,349,28.49,84.3,0.0,Vegetative,No,Poor,9940.37,-15.92,Very Dry
2022-10-08 22:06:24,FARM_01,351,28.48,92.5,0.0,Vegetative,No,Poor,9940.4,-15.92,Very Dry
2022-10-08 22:06:24,FARM_01,353,28.47,87.5,0.0,Vegetative,No,Poor,9940.4,-15.92,Very Dry
2022-10-08 22:06:24,FARM_01,353,28.46,80.7,0.22,Vegetative,No,Poor,9940.23,-15.93,Very Dry
2022-10-08 22:06:24,FARM_01,351,28.45,86.5,0.0,Vegetative,No,Poor,9940.05,-15.95,Very Dry
2022-10-08 22:06:24,FARM_01,350,28.45,83.4,1.2,Vegetative,No,Poor,9940.25,-15.93,Very Dry
2022-10-08 22:06:24,FARM_01,348,28.5,77.8,0.0,Vegetative,No,Poor,9940.55,-15.91,Very Dry
2022-10-08 22:06:24,FARM_01,346,28.44,84.8,0.0,Vegetative,No,Poor,9940.22,-15.94,Very Dry
2022-10-08 22:06:24,FARM_01,345,28.42,84.8,0.0,Vegetative,No,Poor,9940.39,-15.92,Very Dry
2022-10-08 22:06:24,FARM_01,344,28.41,84.1,4.48,Vegetative,No,Poor,9939.91,-15.96,Very Dry
2022-10-08 22:06:24,FARM_01,345,28.41,89.2,0.0,Vegetative,No,Poor,9939.73,-15.98,Very Dry
2022-10-08 22:06:24,FARM_01,343,28.4,92.3,0.0,Vegetative,No,Poor,9939.39,-16.01,Very Dry
2022-10-08 22:06:24,FARM_01,345,28.39,86.4,3.06,Vegetative,No,Poor,9939.04,-16.04,Very Dry
2022-10-08 22:06:24,FARM_01,344,28.39,83.8,0.0,Vegetative,No,Poor,9939.07,-16.03,Very Dry
2022-10-08 22:06:24,FARM_01,347,28.43,79.9,0.0,Vegetative,No,Poor,9940.39,-15.92,Very Dry
2022-10-08 22:06:24,FARM_01,345,28.37,88.0,0.0,Vegetative,No,Poor,9938.72,-16.06,Very Dry
2022-10-08 22:06:24,FARM_01,344,28.36,88.0,2.58,Vegetative,No,Poor,9938.55,-16.08,Very Dry
2022-10-08 22:06:24,FARM_01,345,28.35,88.9,9.79,Vegetative,No,Poor,9938.23,-16.1,Very Dry
2022-10-08 22:06:24,FARM_01,346,28.34,81.9,0.0,Vegetative,No,Poor,9938.06,-16.12,Very Dry
2022-10-08 22:06:24,FARM_01,344,28.34,91.3,2.84,Vegetative,No,Poor,9937.55,-16.16,Very Dry
2022-10-08 22:06:24,FARM_01,344,28.33,85.5,0.0,Vegetative,No,Poor,9937.55,-16.16,Very Dry
2022-10-08 22:06:24,FARM_01,342,28.33,84.8,0.0,Vegetative,No,Poor,9937.54,-16.16,Very Dry
2022-10-08 22:06:24,FARM_01,336,28.32,88.0,0.0,Vegetative,No,Poor,9937.72,-16.15,Very Dry
2022-10-08 22:06:24,FARM_01,339,28.32,88.6,0.0,Vegetative,No,Poor,9937.2,-16.19,Very Dry
2022-10-08 22:06:24,FARM_01,341,28.31,82.1,10.32,Vegetative,No,Poor,9937.37,-16.18,Very Dry
2022-10-08 22:06:24,FARM_01,309,28.3,88.1,0.0,Vegetative,No,Poor,9937.02,-16.2,Dry
2022-10-08 22:06:24,FARM_01,267,28.3,89.0,0.0,Vegetative,No,Good,9937.02,-16.2,Wet
2022-10-08 22:06:24,FARM_01,234,28.3,86.4,0.0,Vegetative,No,Good,9936.88,-16.22,Wet
2022-10-08 22:06:24,FARM_01,207,28.29,89.4,0.0,Vegetative,No,Good,9936.88,-16.22,Wet
2022-10-08 22:06:24,FARM_01,185,28.29,81.5,0.0,Vegetative,No,Good,9936.88,-16.22,Very Wet
2022-10-08 22:06:24,FARM_01,169,28.29,86.7,0.0,Vegetative,Yes,Poor,9936.88,-16.22,Very Wet
2022-10-08 22:06:24,FARM_01,174,28.29,80.8,0.0,Vegetative,Yes,Poor,9936.88,-16.22,Very Wet
2022-10-08 22:06:24,FARM_01,344,28.35,83.9,1.1,Vegetative,No,Poor,9938.23,-16.1,Very Dry
2022-10-08 22:06:24,FARM_01,162,28.28,83.8,0.0,Vegetative,Yes,Poor,9936.53,-16.25,Very Wet
2022-10-08 22:06:24,FARM_01,163,28.28,90.4,0.1,Vegetative,No,Good,9936.7,-16.23,Very Wet
2022-10-08 22:06:24,FARM_01,162,28.27,95.4,0.0,Vegetative,Yes,Poor,9936.88,-16.22,Very Wet
2022-10-08 22:06:24,FARM_01,162,28.26,80.8,0.94,Vegetative,No,Good,9936.89,-16.22,Very Wet
2022-10-08 22:06:24,FARM_01,162,28.25,84.3,13.23,Vegetative,No,Good,9936.89,-16.22,Very Wet
2022-10-08 22:06:24,FARM_01,162,28.24,83.4,0.0,Vegetative,Yes,Poor,9937.41,-16.17,Very Wet
2022-10-08 22:06:24,FARM_01,161,28.24,88.3,0.0,Vegetative,Yes,Poor,9937.41,-16.17,Very Wet
2022-10-08 22:06:24,FARM_01,163,28.24,85.0,0.0,Vegetative,Yes,Poor,9937.44,-16.17,Very Wet
2022-10-08 22:06:24,FARM_01,163,28.23,91.5,0.0,Vegetative,Yes,Poor,9937.77,-16.14,Very Wet
2022-10-08 22:06:24,FARM_01,162,28.23,89.0,5.42,Vegetative,No,Good,9937.77,-16.14,Very Wet
2022-10-08 22:06:24,FARM_01,162,28.22,89.1,4.87,Vegetative,No,Good,9937.77,-16.14,Very Wet
2022-10-08 22:06:24,FARM_01,163,28.22,86.9,0.0,Vegetative,Yes,Poor,9937.91,-16.13,Very Wet
2022-10-08 22:06:24,FARM_01,346,28.71,88.3,0.0,Vegetative,No,Poor,9942.66,-15.73,Very Dry
2022-10-08 22:06:24,FARM_01,162,28.21,82.9,0.0,Vegetative,Yes,Poor,9937.74,-16.14,Very Wet
2022-10-08 22:06:24,FARM_01,163,28.21,86.1,0.0,Vegetative,Yes,Poor,9937.59,-16.16,Very Wet
2022-10-08 22:06:24,FARM_01,162,28.18,85.5,0.0,Vegetative,Yes,Poor,9937.59,-16.16,Very Wet
2022-10-08 22:06:24,FARM_01,162,28.2,92.7,0.0,Vegetative,Yes,Poor,9937.59,-16.16,Very Wet
2022-10-08 22:06:24,FARM_01,159,28.13,90.9,0.0,Vegetative,Yes,Poor,9937.97,-16.13,Very Wet
2022-10-08 22:06:24,FARM_01,163,28.18,79.3,0.0,Vegetative,Yes,Poor,9937.77,-16.14,Very Wet
2022-10-08 22:06:24,FARM_01,162,28.14,87.5,0.0,Vegetative,Yes,Poor,9937.8,-16.14,Very Wet
2022-10-08 22:06:24,FARM_01,163,28.17,85.5,0.0,Vegetative,Yes,Poor,9937.61,-16.16,Very Wet
2022-10-08 22:06:24,FARM_01,162,28.16,84.2,0.0,Vegetative,Yes,Poor,9937.61,-16.16,Very Wet
2022-10-08 22:06:24,FARM_01,162,28.15,88.1,6.52,Vegetative,No,Good,9937.61,-16.16,Very Wet
2022-10-08 22:06:24,FARM_01,165,28.12,85.3,0.0,Vegetative,Yes,Poor,9937.8,-16.14,Very Wet
2022-10-08 22:06:24,FARM_01,166,28.12,95.3,2.61,Vegetative,No,Good,9938.14,-16.11,Very Wet
2022-10-08 22:06:24,FARM_01,165,28.06,93.8,0.0,Vegetative,Yes,Poor,9935.41,-16.34,Very Wet
2022-10-08 22:06:24,FARM_01,166,28.11,92.5,9.88,Vegetative,No,Good,9938.34,-16.09,Very Wet
2022-10-08 22:06:24,FARM_01,165,28.11,88.6,0.0,Vegetative,Yes,Poor,9937.98,-16.12,Very Wet
2022-10-08 22:06:24,FARM_01,165,28.1,83.6,0.0,Vegetative,Yes,Poor,9937.45,-16.17,Very Wet
2022-10-08 22:06:24,FARM_01,164,28.1,74.8,0.0,Vegetative,Yes,Poor,9936.94,-16.21,Very Wet
2022-10-08 22:06:24,FARM_01,166,28.09,79.1,0.0,Vegetative,Yes,Poor,9936.77,-16.23,Very Wet
2022-10-08 22:06:24,FARM_01,164,28.09,76.2,0.0,Vegetative,Yes,Poor,9936.42,-16.26,Very Wet
2022-10-08 22:06:24,FARM_01,165,28.08,90.3,0.0,Vegetative,Yes,Poor,9936.27,-16.27,Very Wet
2022-10-08 22:06:24,FARM_01,165,28.07,91.8,0.0,Vegetative,Yes,Poor,9935.59,-16.33,Very Wet
2022-10-08 22:06:24,FARM_01,164,28.07,89.8,0.0,Vegetative,Yes,Poor,9935.41,-16.34,Very Wet
2022-10-08 22:06:24,FARM_01,163,28.14,85.2,0.0,Vegetative,Yes,Poor,9937.97,-16.13,Very Wet
2022-10-08 22:06:24,FARM_01,238,29.5,81.6,0.0,Vegetative,No,Good,9949.06,-15.19,Wet
2022-10-08 22:06:24,FARM_01,164,28.06,85.0,0.0,Vegetative,Yes,Poor,9935.58,-16.33,Very Wet
2022-10-08 22:06:24,FARM_01,164,28.05,80.8,0.0,Vegetative,Yes,Poor,9935.61,-16.32,Very Wet
2022-10-08 22:06:24,FARM_01,165,28.05,80.9,10.47,Vegetative,No,Good,9935.44,-16.34,Very Wet
2022-10-08 22:06:24,FARM_01,164,28.04,85.9,0.0,Vegetative,Yes,Poor,9935.26,-16.35,Very Wet
2022-10-08 22:06:24,FARM_01,164,28.03,82.0,0.0,Vegetative,Yes,Poor,9935.43,-16.34,Very Wet
2022-10-08 22:06:24,FARM_01,161,28.03,95.7,4.47,Vegetative,No,Good,9935.59,-16.32,Very Wet
2022-10-08 22:06:24,FARM_01,170,28.03,92.2,0.0,Vegetative,Yes,Poor,9935.59,-16.32,Very Wet
2022-10-08 22:06:24,FARM_01,164,28.02,87.5,0.0,Vegetative,Yes,Poor,9935.59,-16.32,Very Wet
2022-10-08 22:06:24,FARM_01,164,28.69,89.6,0.74,Vegetative,No,Good,9936.33,-16.26,Very Wet
2022-10-08 22:06:24,FARM_01,202,28.98,82.1,0.0,Vegetative,No,Good,9936.81,-16.22,Wet
2022-10-08 22:06:24,FARM_01,419,29.34,80.8,16.13,Vegetative,No,Poor,9937.38,-16.17,Very Dry
2022-10-08 22:06:24,FARM_01,321,29.61,90.8,3.17,Vegetative,No,Poor,9937.29,-16.18,Dry
2022-10-08 22:06:24,FARM_01,342,29.44,84.0,0.0,Vegetative,No,Poor,9937.27,-16.18,Very Dry
2022-10-08 22:06:24,FARM_01,324,29.52,91.4,4.18,Vegetative,No,Poor,9937.2,-16.19,Dry
2022-10-08 22:06:24,FARM_01,327,29.57,76.0,3.08,Vegetative,No,Poor,9937.53,-16.16,Dry
2022-10-08 22:06:24,FARM_01,328,29.6,82.2,0.0,Vegetative,No,Poor,9937.66,-16.15,Dry
2022-10-08 22:06:24,FARM_01,322,29.61,90.5,11.87,Vegetative,No,Poor,9937.29,-16.18,Dry
2022-10-08 22:06:24,FARM_01,319,29.61,93.7,0.0,Vegetative,No,Poor,9937.29,-16.18,Dry
2022-10-08 22:06:24,FARM_01,322,29.59,78.0,0.0,Vegetative,No,Poor,9937.15,-16.19,Dry
2022-10-08 22:06:24,FARM_01,400,29.19,87.1,0.0,Vegetative,No,Poor,9937.0,-16.21,Very Dry
2022-10-08 22:06:24,FARM_01,321,29.57,80.1,2.54,Vegetative,No,Poor,9936.84,-16.22,Dry
2022-10-08 22:06:24,FARM_01,322,29.54,81.7,13.39,Vegetative,No,Poor,9936.85,-16.22,Dry
2022-10-08 22:06:24,FARM_01,322,29.51,89.3,0.0,Vegetative,No,Poor,9936.89,-16.22,Dry
2022-10-08 22:06:24,FARM_01,322,29.47,94.0,0.0,Vegetative,No,Poor,9936.41,-16.26,Dry
2022-10-08 22:06:24,FARM_01,322,29.43,86.3,0.0,Vegetative,No,Poor,9935.91,-16.3,Dry
2022-10-08 22:06:24,FARM_01,323,29.39,85.4,1.46,Vegetative,No,Poor,9935.8,-16.31,Dry
2022-10-08 22:06:24,FARM_01,171,30.87,88.0,0.0,Vegetative,Yes,Poor,9970.7,-13.37,Very Wet
2022-10-08 22:06:24,FARM_01,322,29.31,86.1,0.0,Vegetative,No,Poor,9935.02,-16.37,Dry
2022-10-08 22:06:24,FARM_01,321,29.24,85.2,0.0,Vegetative,No,Poor,9934.56,-16.41,Dry
2022-10-08 22:06:24,FARM_01,331,28.73,100.0,0.0,Vegetative,No,Poor,9934.24,-16.44,Very Dry
2022-10-08 22:06:24,FARM_01,328,28.75,74.1,0.0,Vegetative,No,Poor,9934.22,-16.44,Dry
2022-10-08 22:06:24,FARM_01,320,29.2,81.7,0.0,Vegetative,No,Poor,9934.41,-16.43,Dry
2022-10-08 22:06:24,FARM_01,322,29.16,81.4,0.0,Vegetative,No,Poor,9934.3,-16.43,Dry
2022-10-08 22:06:24,FARM_01,325,29.13,80.2,0.0,Vegetative,No,Poor,9934.49,-16.42,Dry
2022-10-08 22:06:24,FARM_01,336,28.71,90.1,1.17,Vegetative,No,Poor,9934.78,-16.39,Very Dry
2022-10-08 22:06:24,FARM_01,324,29.09,91.0,0.0,Vegetative,No,Poor,9934.84,-16.39,Dry
2022-10-08 22:06:24,FARM_01,327,29.01,84.5,0.0,Vegetative,No,Poor,9935.27,-16.35,Dry
2022-10-08 22:06:24,FARM_01,325,28.95,90.4,0.18,Vegetative,No,Poor,9935.13,-16.36,Dry
2022-10-08 22:06:24,FARM_01,330,28.77,84.6,0.0,Vegetative,No,Poor,9934.39,-16.43,Very Dry
2022-10-08 22:06:24,FARM_01,327,28.92,86.6,4.51,Vegetative,No,Poor,9934.98,-16.38,Dry
2022-10-08 22:06:24,FARM_01,327,28.9,82.9,0.0,Vegetative,No,Poor,9934.64,-16.41,Dry
2022-10-08 22:06:24,FARM_01,326,28.88,87.9,0.58,Vegetative,No,Poor,9934.65,-16.4,Dry
2022-10-08 22:06:24,FARM_01,325,29.05,75.8,2.45,Vegetative,No,Poor,9935.05,-16.37,Dry
2022-10-08 22:06:24,FARM_01,326,28.85,83.1,0.0,Vegetative,No,Poor,9934.5,-16.42,Dry
2022-10-08 22:06:24,FARM_01,327,28.49,86.0,0.0,Vegetative,No,Poor,9934.05,-16.46,Dry
2022-10-08 22:06:24,FARM_01,328,28.52,86.3,6.31,Vegetative,No,Poor,9934.02,-16.46,Dry
2022-10-08 22:06:24,FARM_01,324,28.21,83.0,2.46,Vegetative,No,Poor,9931.92,-16.65,Dry
2022-10-08 22:06:24,FARM_01,324,28.22,84.8,3.18,Vegetative,No,Poor,9931.92,-16.63,Dry
2022-10-08 22:06:24,FARM_01,329,28.69,85.8,3.23,Vegetative,No,Poor,9934.63,-16.41,Dry
2022-10-08 22:06:24,FARM_01,327,28.68,88.1,0.0,Vegetative,No,Poor,9934.81,-16.39,Dry
2022-10-08 22:06:24,FARM_01,325,28.66,70.1,0.0,Vegetative,No,Poor,9934.78,-16.39,Dry
2022-10-08 22:06:24,FARM_01,327,28.64,87.8,0.0,Vegetative,No,Poor,9934.8,-16.39,Dry
2022-10-08 22:06:24,FARM_01,327,28.5,84.6,0.0,Vegetative,No,Poor,9934.21,-16.44,Dry
2022-10-08 22:06:24,FARM_01,327,28.63,90.5,0.0,Vegetative,No,Poor,9935.0,-16.38,Dry
2022-10-08 22:06:24,FARM_01,326,28.59,84.1,0.0,Vegetative,No,Poor,9935.02,-16.37,Dry
2022-10-08 22:06:24,FARM_01,326,28.58,83.9,0.39,Vegetative,No,Poor,9934.85,-16.39,Dry
2022-10-08 22:06:24,FARM_01,328,28.56,85.3,0.0,Vegetative,No,Poor,9934.53,-16.41,Dry
2022-10-08 22:06:24,FARM_01,326,28.55,87.6,2.45,Vegetative,No,Poor,9934.17,-16.44,Dry
2022-10-08 22:06:24,FARM_01,327,28.54,88.1,0.0,Vegetative,No,Poor,9934.19,-16.44,Dry
2022-10-08 22:06:24,FARM_01,326,28.53,87.5,10.66,Vegetative,No,Poor,9934.02,-16.46,Dry
2022-10-08 22:06:24,FARM_01,326,28.61,83.9,0.0,Vegetative,No,Poor,9935.0,-16.38,Dry
2022-10-08 22:06:24,FARM_01,327,28.82,86.1,0.0,Vegetative,No,Poor,9934.36,-16.43,Dry
2022-10-08 22:06:24,FARM_01,330,28.8,82.8,0.0,Vegetative,No,Poor,9934.22,-16.44,Very Dry
2022-10-08 22:06:24,FARM_01,327,28.48,86.4,4.36,Vegetative,No,Poor,9933.72,-16.48,Dry
2022-10-08 22:06:24,FARM_01,326,28.45,75.0,0.0,Vegetative,No,Poor,9933.23,-16.52,Dry
2022-10-08 22:06:24,FARM_01,326,28.39,82.5,5.7,Vegetative,No,Poor,9932.22,-16.61,Dry
2022-10-08 22:06:24,FARM_01,328,28.44,84.0,4.65,Vegetative,No,Poor,9933.03,-16.54,Dry
2022-10-08 22:06:24,FARM_01,325,28.43,81.8,0.53,Vegetative,No,Poor,9933.2,-16.53,Dry
2022-10-08 22:06:24,FARM_01,328,28.42,80.9,0.0,Vegetative,No,Poor,9933.06,-16.54,Dry
2022-10-08 22:06:24,FARM_01,326,28.41,82.2,0.0,Vegetative,No,Poor,9933.05,-16.54,Dry
2022-10-08 22:06:24,FARM_01,323,28.32,88.6,9.87,Vegetative,No,Poor,9931.55,-16.67,Dry
2022-10-08 22:06:24,FARM_01,326,28.4,75.9,0.0,Vegetative,No,Poor,9932.71,-16.57,Dry
2022-10-08 22:06:24,FARM_01,325,28.38,88.1,0.0,Vegetative,No,Poor,9931.87,-16.64,Dry
2022-10-08 22:06:24,FARM_01,324,28.36,93.6,1.47,Vegetative,No,Poor,9931.7,-16.65,Dry
2022-10-08 22:06:24,FARM_01,325,28.36,85.6,6.39,Vegetative,No,Poor,9931.91,-16.64,Dry
2022-10-08 22:06:24,FARM_01,324,28.35,78.9,5.42,Vegetative,No,Poor,9931.73,-16.65,Dry
2022-10-08 22:06:24,FARM_01,326,28.34,79.3,0.0,Vegetative,No,Poor,9931.73,-16.65,Dry
2022-10-08 22:06:24,FARM_01,325,28.4,87.4,2.78,Vegetative,No,Poor,9932.71,-16.57,Dry
2022-10-08 22:06:24,FARM_01,322,28.3,79.5,3.33,Vegetative,No,Poor,9931.03,-16.71,Dry
2022-10-08 22:06:24,FARM_01,326,28.22,86.1,0.0,Vegetative,No,Poor,9931.95,-16.63,Dry
2022-10-08 22:06:24,FARM_01,325,28.23,95.3,1.71,Vegetative,No,Poor,9931.95,-16.63,Dry
2022-10-08 22:06:24,FARM_01,326,28.47,85.4,0.31,Vegetative,No,Poor,9933.89,-16.47,Dry
2022-10-08 22:06:24,FARM_01,332,28.46,90.3,0.0,Vegetative,No,Poor,9933.37,-16.51,Very Dry
2022-10-08 22:06:24,FARM_01,325,28.26,87.3,0.0,Vegetative,No,Poor,9931.42,-16.68,Dry
2022-10-08 22:06:24,FARM_01,323,28.3,86.2,0.0,Vegetative,No,Poor,9931.41,-16.68,Dry
2022-10-08 22:06:24,FARM_01,326,28.29,77.4,0.0,Vegetative,No,Poor,9931.23,-16.69,Dry
2022-10-08 22:06:24,FARM_01,326,28.28,98.1,0.0,Vegetative,No,Poor,9931.23,-16.69,Dry
2022-10-08 22:06:24,FARM_01,325,28.28,84.4,0.0,Vegetative,No,Poor,9931.4,-16.68,Dry
2022-10-08 22:06:24,FARM_01,326,28.27,82.6,0.0,Vegetative,No,Poor,9931.05,-16.71,Dry
2022-10-08 22:06:24,FARM_01,325,28.27,87.4,4.41,Vegetative,No,Poor,9931.25,-16.69,Dry
2022-10-08 22:06:24,FARM_01,326,28.25,78.8,0.0,Vegetative,No,Poor,9931.25,-16.69,Dry
2022-10-08 22:06:24,FARM_01,324,28.31,94.7,5.07,Vegetative,No,Poor,9931.38,-16.68,Dry
2022-10-08 22:06:24,FARM_01,326,28.24,83.5,3.79,Vegetative,No,Poor,9931.77,-16.65,Dry
2022-10-08 22:06:24,FARM_01,324,28.23,80.3,0.0,Vegetative,No,Poor,9931.78,-16.65,Dry
2022-10-08 22:06:24,FARM_01,325,28.21,90.6,0.0,Vegetative,No,Poor,9931.75,-16.65,Dry
2022-10-08 22:06:24,FARM_01,325,28.33,77.1,0.0,Vegetative,No,Poor,9931.55,-16.67,Dry
2022-10-08 22:06:24,FARM_01,324,28.2,89.7,3.0,Vegetative,No,Poor,9931.78,-16.65,Dry
2022-10-08 22:06:24,FARM_01,328,28.05,87.0,0.0,Vegetative,No,Poor,9930.13,-16.79,Dry
2022-10-08 22:06:24,FARM_01,322,28.13,89.0,0.0,Vegetative,No,Poor,9930.27,-16.77,Dry
2022-10-08 22:06:24,FARM_01,326,28.17,82.5,0.0,Vegetative,No,Poor,9931.8,-16.64,Dry
2022-10-08 22:06:24,FARM_01,323,28.2,86.0,0.0,Vegetative,No,Poor,9932.12,-16.62,Dry
2022-10-08 22:06:24,FARM_01,321,28.19,93.9,1.72,Vegetative,No,Poor,9932.11,-16.62,Dry
2022-10-08 22:06:24,FARM_01,324,28.19,85.9,3.04,Vegetative,No,Poor,9932.45,-16.59,Dry
2022-10-08 22:06:24,FARM_01,324,28.13,80.1,0.0,Vegetative,No,Poor,9929.93,-16.8,Dry
2022-10-08 22:06:24,FARM_01,324,28.18,69.8,0.0,Vegetative,No,Poor,9931.94,-16.63,Dry
2022-10-08 22:06:24,FARM_01,322,28.17,91.8,2.51,Vegetative,No,Poor,9931.97,-16.63,Dry
2022-10-08 22:06:24,FARM_01,325,28.14,86.3,12.45,Vegetative,No,Poor,9930.61,-16.74,Dry
2022-10-08 22:06:24,FARM_01,321,28.17,85.2,0.0,Vegetative,No,Poor,9931.8,-16.64,Dry
2022-10-08 22:06:24,FARM_01,321,28.16,78.8,1.14,Vegetative,No,Poor,9931.45,-16.67,Dry
2022-10-08 22:06:24,FARM_01,321,28.15,74.9,0.0,Vegetative,No,Poor,9930.94,-16.72,Dry
2022-10-08 22:06:24,FARM_01,321,28.18,78.4,0.0,Vegetative,No,Poor,9931.94,-16.63,Dry
2022-10-08 22:06:24,FARM_01,319,28.15,83.6,0.0,Vegetative,No,Poor,9930.95,-16.72,Dry
2022-10-08 22:06:24,FARM_01,330,28.09,90.3,0.0,Vegetative,No,Poor,9930.6,-16.75,Very Dry
2022-10-08 22:06:24,FARM_01,328,28.08,83.3,0.0,Vegetative,No,Poor,9929.94,-16.8,Dry
2022-10-08 22:06:24,FARM_01,323,28.12,84.9,0.0,Vegetative,No,Poor,9930.09,-16.79,Dry
2022-10-08 22:06:24,FARM_01,324,28.12,85.0,0.0,Vegetative,No,Poor,9929.76,-16.82,Dry
2022-10-08 22:06:24,FARM_01,322,28.12,90.6,0.0,Vegetative,No,Poor,9930.09,-16.79,Dry
2022-10-08 22:06:24,FARM_01,323,28.11,80.9,0.0,Vegetative,No,Poor,9930.13,-16.79,Dry
2022-10-08 22:06:24,FARM_01,320,28.11,85.7,0.5,Vegetative,No,Poor,9930.13,-16.79,Dry
2022-10-08 22:06:24,FARM_01,326,28.09,87.5,0.0,Vegetative,No,Poor,9930.27,-16.77,Dry
2022-10-08 22:06:24,FARM_01,326,28.1,82.3,0.0,Vegetative,No,Poor,9929.75,-16.82,Dry
2022-10-08 22:06:24,FARM_01,323,28.1,81.5,1.94,Vegetative,No,Poor,9929.75,-16.82,Dry
2022-10-08 22:06:24,FARM_01,329,28.1,76.1,0.0,Vegetative,No,Poor,9929.92,-16.8,Dry
2022-10-08 22:06:24,FARM_01,327,28.1,84.8,0.0,Vegetative,No,Poor,9929.92,-16.8,Dry
2022-10-08 22:06:24,FARM_01,338,28.09,86.9,0.0,Vegetative,No,Poor,9930.09,-16.79,Very Dry
2022-10-08 22:06:24,FARM_01,328,28.09,98.8,5.32,Vegetative,No,Poor,9930.44,-16.76,Dry
2022-10-08 22:06:24,FARM_01,321,28.1,82.9,0.54,Vegetative,No,Poor,9929.92,-16.8,Dry
2022-10-08 22:06:24,FARM_01,323,28.14,84.0,0.0,Vegetative,No,Poor,9930.61,-16.74,Dry
2022-10-08 22:06:24,FARM_01,327,28.08,89.1,0.0,Vegetative,No,Poor,9930.11,-16.79,Dry
2022-10-08 22:06:24,FARM_01,326,28.08,80.3,5.67,Vegetative,No,Poor,9930.11,-16.79,Dry
2022-10-08 22:06:24,FARM_01,327,28.04,88.5,9.82,Vegetative,No,Poor,9929.95,-16.8,Dry
2022-10-08 22:06:24,FARM_01,327,28.06,90.9,0.0,Vegetative,No,Poor,9930.11,-16.79,Dry
2022-10-08 22:06:24,FARM_01,327,28.07,89.0,0.0,Vegetative,No,Poor,9930.63,-16.74,Dry
2022-10-08 22:06:24,FARM_01,329,28.07,87.1,0.73,Vegetative,No,Poor,9930.8,-16.73,Dry
2022-10-08 22:06:24,FARM_01,326,28.07,81.8,0.0,Vegetative,No,Poor,9930.8,-16.73,Dry
2022-10-08 22:06:24,FARM_01,328,28.06,87.5,1.63,Vegetative,No,Poor,9930.11,-16.79,Dry
2022-10-08 22:06:24,FARM_01,326,28.05,78.1,0.0,Vegetative,No,Poor,9930.13,-16.79,Dry
2022-10-08 22:06:24,FARM_01,329,28.05,80.1,0.0,Vegetative,No,Poor,9929.79,-16.81,Dry
2022-10-08 22:06:24,FARM_01,325,28.02,84.9,0.0,Vegetative,No,Poor,9928.61,-16.91,Dry
2022-10-08 22:06:24,FARM_01,324,28.02,80.6,0.0,Vegetative,No,Poor,9928.61,-16.91,Dry
2022-10-08 22:06:24,FARM_01,326,28.04,76.9,0.0,Vegetative,No,Poor,9929.61,-16.83,Dry
2022-10-08 22:06:24,FARM_01,330,28.03,89.7,8.32,Vegetative,No,Poor,9929.44,-16.84,Very Dry
2022-10-08 22:06:24,FARM_01,327,28.03,88.3,0.0,Vegetative,No,Poor,9929.09,-16.87,Dry
2022-10-08 22:06:24,FARM_01,326,28.03,80.9,0.0,Vegetative,No,Poor,9929.09,-16.87,Dry
2022-10-08 22:06:24,FARM_01,328,28.03,86.1,3.86,Vegetative,No,Poor,9928.76,-16.9,Dry
2022-10-08 22:06:24,FARM_01,327,28.02,83.4,0.15,Vegetative,No,Poor,9928.07,-16.96,Dry
2022-10-08 22:06:24,FARM_01,328,28.02,81.0,0.0,Vegetative,No,Poor,9928.41,-16.93,Dry
2022-10-08 22:06:24,FARM_01,326,28.02,84.3,0.0,Vegetative,No,Poor,9928.06,-16.96,Dry
2022-10-08 22:06:24,FARM_01,327,28.05,81.1,4.63,Vegetative,No,Poor,9929.95,-16.8,Dry
2022-10-08 22:06:24,FARM_01,322,28.33,87.1,0.0,Vegetative,No,Poor,9931.72,-16.65,Dry
2022-10-08 22:06:24,FARM_01,323,28.02,84.5,0.0,Vegetative,No,Poor,9928.78,-16.9,Dry
2022-10-08 22:06:24,FARM_01,327,27.98,82.6,1.0,Vegetative,No,Poor,9927.4,-17.01,Dry
2022-10-08 22:06:24,FARM_01,326,28.0,89.5,0.0,Vegetative,No,Poor,9927.92,-16.97,Dry
2022-10-08 22:06:24,FARM_01,325,28.01,77.1,3.3,Vegetative,No,Poor,9928.78,-16.9,Dry
2022-10-08 22:06:24,FARM_01,323,28.01,87.5,0.0,Vegetative,No,Poor,9928.6,-16.91,Dry
2022-10-08 22:06:24,FARM_01,327,28.0,76.0,0.0,Vegetative,No,Poor,9928.27,-16.94,Dry
2022-10-08 22:06:24,FARM_01,327,27.99,85.1,4.5,Vegetative,No,Poor,9927.72,-16.99,Dry
2022-10-08 22:06:24,FARM_01,326,27.99,90.4,0.0,Vegetative,No,Poor,9927.72,-16.99,Dry
2022-10-08 22:06:24,FARM_01,324,27.99,81.0,8.93,Vegetative,No,Poor,9927.57,-17.0,Dry
2022-10-08 22:06:24,FARM_01,329,28.0,77.4,0.25,Vegetative,No,Poor,9927.92,-16.97,Dry
2022-10-08 22:06:24,FARM_01,331,27.99,83.4,0.0,Vegetative,No,Poor,9927.4,-17.01,Very Dry
2022-10-08 22:06:24,FARM_01,262,29.87,83.2,12.22,Vegetative,No,Good,9932.03,-16.62,Wet
2022-10-08 22:06:24,FARM_01,242,29.14,84.2,1.28,Vegetative,No,Good,9930.52,-16.75,Wet
2022-10-08 22:06:24,FARM_01,332,27.98,92.1,0.0,Vegetative,No,Poor,9927.4,-17.01,Very Dry
2022-10-08 22:06:24,FARM_01,276,27.97,79.5,1.79,Vegetative,No,Poor,9926.88,-17.06,Dry
2022-10-08 22:06:24,FARM_01,276,27.98,87.2,0.0,Vegetative,No,Poor,9927.4,-17.01,Dry
2022-10-08 22:06:24,FARM_01,217,27.98,85.8,0.0,Vegetative,No,Good,9927.4,-17.01,Wet
2022-10-08 22:06:24,FARM_01,317,27.98,81.7,0.0,Vegetative,No,Poor,9927.4,-17.01,Dry
2022-10-08 22:06:24,FARM_01,263,30.06,88.9,0.0,Vegetative,No,Good,9932.34,-16.6,Wet
2022-10-08 22:06:24,FARM_01,370,27.99,83.9,0.0,Vegetative,No,Poor,9927.74,-16.99,Very Dry
2022-10-08 22:06:24,FARM_01,269,28.0,84.3,0.0,Vegetative,No,Good,9928.09,-16.96,Wet
2022-10-08 22:06:24,FARM_01,228,28.23,80.0,31.91,Vegetative,No,Good,9929.05,-16.88,Wet
2022-10-08 22:06:24,FARM_01,263,28.41,83.8,0.0,Vegetative,No,Good,9929.63,-16.83,Wet
2022-10-08 22:06:24,FARM_01,263,28.8,81.2,0.0,Vegetative,No,Good,9930.62,-16.74,Wet
2022-10-08 22:06:24,FARM_01,263,29.22,73.9,0.0,Vegetative,No,Good,9931.31,-16.69,Wet
2022-10-08 22:06:24,FARM_01,263,29.59,80.1,0.0,Vegetative,No,Good,9932.18,-16.61,Wet
2022-10-08 22:06:24,FARM_01,316,27.99,85.4,1.84,Vegetative,No,Poor,9928.23,-16.94,Dry
2022-10-08 22:06:24,FARM_01,262,30.2,85.5,0.82,Vegetative,No,Good,9932.5,-16.59,Wet
2022-10-08 22:06:24,FARM_01,260,30.3,87.7,0.0,Vegetative,No,Good,9932.02,-16.63,Wet
2022-10-08 22:06:24,FARM_01,246,30.25,85.4,0.0,Vegetative,No,Good,9932.45,-16.59,Wet
2022-10-08 22:06:24,FARM_01,246,30.4,81.2,6.81,Vegetative,No,Good,9932.08,-16.62,Wet
2022-10-08 22:06:24,FARM_01,246,30.39,92.8,0.0,Vegetative,No,Good,9932.42,-16.59,Wet
2022-10-08 22:06:24,FARM_01,245,30.38,84.6,3.83,Vegetative,No,Good,9932.08,-16.62,Wet
2022-10-08 22:06:24,FARM_01,246,30.36,87.1,0.0,Vegetative,No,Good,9932.64,-16.57,Wet
2022-10-08 22:06:24,FARM_01,245,30.33,85.0,0.0,Vegetative,No,Good,9932.48,-16.59,Wet
2022-10-08 22:06:24,FARM_01,248,30.39,80.6,2.65,Vegetative,No,Good,9931.73,-16.65,Wet
2022-10-08 22:06:24,FARM_01,245,30.29,83.5,0.0,Vegetative,No,Good,9932.91,-16.55,Wet
2022-10-08 22:06:24,FARM_01,243,29.85,80.3,10.25,Vegetative,No,Good,9932.58,-16.58,Wet
2022-10-08 22:06:24,FARM_01,243,30.16,83.2,5.45,Vegetative,No,Good,9932.37,-16.6,Wet
2022-10-08 22:06:24,FARM_01,244,30.11,76.4,0.0,Vegetative,No,Good,9932.61,-16.58,Wet
2022-10-08 22:06:24,FARM_01,243,30.06,84.8,0.0,Vegetative,No,Good,9932.34,-16.6,Wet
2022-10-08 22:06:24,FARM_01,244,30.01,88.2,0.0,Vegetative,No,Good,9932.2,-16.61,Wet
2022-10-08 22:06:24,FARM_01,244,29.96,92.7,0.0,Vegetative,No,Good,9932.28,-16.6,Wet
2022-10-08 22:06:24,FARM_01,244,30.21,95.3,0.0,Vegetative,No,Good,9932.33,-16.6,Wet
2022-10-08 22:06:24,FARM_01,243,29.83,77.9,0.0,Vegetative,No,Good,9932.44,-16.59,Wet
2022-10-08 22:06:24,FARM_01,244,29.73,81.5,33.22,Vegetative,No,Good,9932.03,-16.62,Wet
2022-10-08 22:06:24,FARM_01,241,29.18,84.5,0.0,Vegetative,No,Good,9930.48,-16.76,Wet
2022-10-08 22:06:24,FARM_01,255,30.36,83.6,19.06,Vegetative,No,Good,9931.93,-16.63,Wet
2022-10-08 22:06:24,FARM_01,243,29.42,85.2,2.28,Vegetative,No,Good,9930.8,-16.73,Wet
2022-10-08 22:06:24,FARM_01,243,29.68,75.2,0.0,Vegetative,No,Good,9931.39,-16.68,Wet
2022-10-08 22:06:24,FARM_01,242,29.63,91.3,0.0,Vegetative,No,Good,9931.45,-16.67,Wet
2022-10-08 22:06:24,FARM_01,-243,178.7,46.6,0.0,Vegetative,Yes,Poor,99931.1,116.7,Wet
2022-10-08 22:06:24,FARM_01,243,29.54,80.8,0.0,Vegetative,No,Good,9931.02,-16.71,Wet
2022-10-08 22:06:24,FARM_01,243,29.5,83.0,0.77,Vegetative,No,Good,9931.06,-16.71,Wet
2022-10-08 22:06:24,FARM_01,242,29.46,77.3,17.89,Vegetative,No,Good,9930.93,-16.72,Wet
2022-10-08 22:06:24,FARM_01,241,29.38,85.0,0.0,Vegetative,No,Good,9930.83,-16.73,Wet
2022-10-08 22:06:24,FARM_01,243,29.77,88.3,0.0,Vegetative,No,Good,9932.16,-16.61,Wet
2022-10-08 22:06:24,FARM_01,243,29.34,77.1,5.32,Vegetative,No,Good,9930.53,-16.75,Wet
2022-10-08 22:06:24,FARM_01,241,29.32,84.2,0.0,Vegetative,No,Good,9930.53,-16.75,Wet
2022-10-08 22:06:24,FARM_01,242,29.28,77.6,0.0,Vegetative,No,Good,9930.42,-16.76,Wet
2022-10-08 22:06:24,FARM_01,243,29.25,81.2,0.0,Vegetative,No,Good,9930.45,-16.76,Wet
2022-10-08 22:06:24,FARM_01,242,29.21,82.5,0.0,Vegetative,No,Good,9930.45,-16.76,Wet
2022-10-08 22:06:24,FARM_01,240,29.11,88.2,0.0,Vegetative,No,Good,9930.36,-16.77,Wet
2022-10-08 22:06:24,FARM_01,241,29.05,85.9,0.0,Vegetative,No,Good,9930.42,-16.76,Wet
2022-10-08 22:06:24,FARM_01,167,29.54,89.3,0.95,Vegetative,No,Good,9931.54,-16.67,Very Wet
2022-10-08 22:06:24,FARM_01,228,30.19,81.4,0.0,Vegetative,No,Good,9931.82,-16.64,Wet
2022-10-08 22:06:24,FARM_01,240,28.88,78.6,0.0,Vegetative,No,Good,9930.88,-16.72,Wet
2022-10-08 22:06:24,FARM_01,240,29.02,92.8,0.0,Vegetative,No,Good,9930.28,-16.77,Wet
2022-10-08 22:06:24,FARM_01,239,28.99,89.6,0.0,Vegetative,No,Good,9930.48,-16.76,Wet
2022-10-08 22:06:24,FARM_01,242,28.96,80.7,0.0,Vegetative,No,Good,9930.66,-16.74,Wet
2022-10-08 22:06:24,FARM_01,241,28.95,76.3,0.0,Vegetative,No,Good,9930.51,-16.75,Wet
2022-10-08 22:06:24,FARM_01,200,30.41,84.2,0.0,Vegetative,No,Good,9931.52,-16.67,Wet
2022-10-08 22:06:24,FARM_01,240,28.92,83.7,0.0,Vegetative,No,Good,9930.7,-16.74,Wet
2022-10-08 22:06:24,FARM_01,240,30.05,91.0,1.03,Vegetative,No,Good,9931.48,-16.67,Wet
2022-10-08 22:06:24,FARM_01,240,28.83,88.7,0.0,Vegetative,No,Good,9931.11,-16.7,Wet
2022-10-08 22:06:24,FARM_01,240,28.81,83.2,8.22,Vegetative,No,Good,9931.28,-16.69,Wet
2022-10-08 22:06:24,FARM_01,241,28.84,83.7,9.17,Vegetative,No,Good,9931.42,-16.68,Wet
2022-10-08 22:06:24,FARM_01,240,28.9,81.9,2.36,Vegetative,No,Good,9931.05,-16.71,Wet
2022-10-08 22:06:24,FARM_01,179,30.58,85.7,0.0,Vegetative,No,Good,9931.44,-16.67,Very Wet
2022-10-08 22:06:24,FARM_01,167,30.43,80.3,0.0,Vegetative,Yes,Poor,9930.48,-16.76,Very Wet
2022-10-08 22:06:24,FARM_01,167,30.48,86.5,2.83,Vegetative,No,Good,9930.07,-16.79,Very Wet
2022-10-08 22:06:24,FARM_01,241,29.08,83.0,0.0,Vegetative,No,Good,9930.22,-16.78,Wet
2022-10-08 22:06:24,FARM_01,170,30.69,87.8,0.0,Vegetative,Yes,Poor,9931.28,-16.69,Very Wet
2022-10-08 22:06:24,FARM_01,170,30.81,87.1,0.0,Vegetative,Yes,Poor,9931.64,-16.66,Very Wet
2022-10-08 22:06:24,FARM_01,170,30.84,82.9,0.0,Vegetative,Yes,Poor,9931.24,-16.69,Very Wet
2022-10-08 22:06:24,FARM_01,167,30.72,82.1,0.28,Vegetative,No,Good,9930.91,-16.72,Very Wet
2022-10-08 22:06:24,FARM_01,167,30.6,84.2,21.47,Vegetative,No,Good,9930.42,-16.76,Very Wet
2022-10-08 22:06:24,FARM_01,167,30.55,81.9,0.0,Vegetative,Yes,Poor,9930.31,-16.77,Very Wet
2022-10-08 22:06:24,FARM_01,240,29.37,82.6,3.91,Vegetative,No,Good,9931.01,-16.71,Wet
2022-10-08 22:06:24,FARM_01,239,29.71,79.1,5.33,Vegetative,No,Good,9931.2,-16.7,Wet
2022-10-08 22:06:24,FARM_01,168,29.83,90.8,5.72,Vegetative,No,Good,9931.23,-16.69,Very Wet
2022-10-08 22:06:24,FARM_01,167,30.12,79.3,0.0,Vegetative,Yes,Poor,9931.23,-16.69,Very Wet
2022-10-08 22:06:24,FARM_01,167,30.06,85.2,0.0,Vegetative,Yes,Poor,9931.31,-16.69,Very Wet
2022-10-08 22:06:24,FARM_01,167,30.01,84.9,5.7,Vegetative,No,Good,9931.17,-16.7,Very Wet
2022-10-08 22:06:24,FARM_01,172,29.98,81.7,0.0,Vegetative,Yes,Poor,9931.38,-16.68,Very Wet
2022-10-08 22:06:24,FARM_01,167,29.93,75.1,4.65,Vegetative,No,Good,9931.45,-16.67,Very Wet
2022-10-08 22:06:24,FARM_01,167,30.18,80.1,0.0,Vegetative,Yes,Poor,9931.48,-16.67,Very Wet
2022-10-08 22:06:24,FARM_01,167,29.61,81.5,23.08,Vegetative,No,Good,9931.29,-16.69,Very Wet
2022-10-08 22:06:24,FARM_01,167,29.58,86.0,7.18,Vegetative,No,Good,9931.5,-16.67,Very Wet
2022-10-08 22:06:24,FARM_01,168,29.78,83.5,0.0,Vegetative,Yes,Poor,9931.44,-16.67,Very Wet
2022-10-08 22:06:24,FARM_01,167,29.49,89.4,1.2,Vegetative,No,Good,9931.58,-16.66,Very Wet
2022-10-08 22:06:24,FARM_01,167,29.43,86.7,0.0,Vegetative,Yes,Poor,9931.3,-16.69,Very Wet
2022-10-08 22:06:24,FARM_01,167,29.4,75.9,1.16,Vegetative,No,Good,9931.0,-16.71,Very Wet
2022-10-08 22:06:24,FARM_01,167,29.37,88.6,0.0,Vegetative,Yes,Poor,9930.83,-16.73,Very Wet
2022-10-08 22:06:24,FARM_01,167,29.35,88.7,7.87,Vegetative,No,Good,9930.7,-16.74,Very Wet
2022-10-08 22:06:24,FARM_01,167,29.32,84.0,1.28,Vegetative,No,Good,9930.53,-16.75,Very Wet
2022-10-08 22:06:24,FARM_01,167,29.3,85.9,0.33,Vegetative,No,Good,9930.73,-16.73,Very Wet
2022-10-08 22:06:24,FARM_01,167,29.27,86.1,2.5,Vegetative,No,Good,9930.25,-16.77,Very Wet
2022-10-08 22:06:24,FARM_01,169,29.21,81.3,0.33,Vegetative,No,Good,9929.78,-16.81,Very Wet
2022-10-08 22:06:24,FARM_01,167,29.2,89.7,0.0,Vegetative,Yes,Poor,9929.78,-16.81,Very Wet
2022-10-08 22:06:24,FARM_01,167,29.18,89.3,0.0,Vegetative,Yes,Poor,9929.8,-16.81,Very Wet
2022-10-08 22:06:24,FARM_01,168,29.16,78.7,0.0,Vegetative,Yes,Poor,9930.01,-16.8,Very Wet
2022-10-08 22:06:24,FARM_01,168,29.14,93.6,0.46,Vegetative,No,Good,9930.35,-16.77,Very Wet
2022-10-08 22:06:24,FARM_01,166,30.36,90.0,0.0,Vegetative,Yes,Poor,9930.41,-16.76,Very Wet
2022-10-08 22:06:24,FARM_01,243,29.9,91.1,3.0,Vegetative,No,Good,9932.16,-16.61,Wet
2022-10-08 22:06:24,FARM_01,166,29.08,88.8,0.0,Vegetative,Yes,Poor,9930.22,-16.78,Very Wet
2022-10-08 22:06:24,FARM_01,238,28.72,81.5,6.52,Vegetative,No,Good,9926.39,-17.1,Wet
2022-10-08 22:06:24,FARM_01,167,28.95,83.8,0.0,Vegetative,Yes,Poor,9928.45,-16.93,Very Wet
2022-10-08 22:06:24,FARM_01,167,29.03,78.1,0.0,Vegetative,Yes,Poor,9929.59,-16.83,Very Wet
2022-10-08 22:06:24,FARM_01,168,29.01,80.2,15.89,Vegetative,No,Good,9929.45,-16.84,Very Wet
2022-10-08 22:06:24,FARM_01,167,28.79,92.3,0.0,Vegetative,Yes,Poor,9930.28,-16.77,Very Wet
2022-10-08 22:06:24,FARM_01,167,28.96,94.6,6.24,Vegetative,No,Good,9928.42,-16.93,Very Wet
2022-10-08 22:06:24,FARM_01,166,28.93,87.7,5.47,Vegetative,No,Good,9928.45,-16.93,Very Wet
2022-10-08 22:06:24,FARM_01,170,28.92,88.2,0.98,Vegetative,No,Good,9928.48,-16.92,Very Wet
2022-10-08 22:06:24,FARM_01,163,28.9,82.7,2.08,Vegetative,No,Good,9928.66,-16.91,Very Wet
2022-10-08 22:06:24,FARM_01,250,29.89,82.0,3.4,Vegetative,No,Good,9928.77,-16.9,Wet
2022-10-08 22:06:24,FARM_01,249,29.93,86.1,0.57,Vegetative,No,Good,9929.06,-16.87,Wet
2022-10-08 22:06:24,FARM_01,167,28.78,75.9,2.35,Vegetative,No,Good,9930.59,-16.75,Very Wet
2022-10-08 22:06:24,FARM_01,167,28.71,87.0,15.36,Vegetative,No,Good,9929.98,-16.8,Very Wet
2022-10-08 22:06:24,FARM_01,167,28.67,82.7,0.44,Vegetative,No,Good,9930.19,-16.78,Very Wet
2022-10-08 22:06:24,FARM_01,168,28.66,89.3,0.0,Vegetative,Yes,Poor,9929.98,-16.8,Very Wet
2022-10-08 22:06:24,FARM_01,167,28.6,89.3,16.07,Vegetative,No,Good,9930.03,-16.79,Very Wet
2022-10-08 22:06:24,FARM_01,167,28.57,82.6,0.0,Vegetative,Yes,Poor,9930.06,-16.79,Very Wet
2022-10-08 22:06:24,FARM_01,220,28.63,89.2,9.62,Vegetative,No,Good,9929.34,-16.85,Wet
2022-10-08 22:06:24,FARM_01,459,28.55,78.6,0.0,Vegetative,No,Poor,9930.4,-16.76,Very Dry
2022-10-08 22:06:24,FARM_01,470,28.55,84.8,2.56,Vegetative,No,Poor,9930.57,-16.75,Very Dry
2022-10-08 22:06:24,FARM_01,367,28.54,83.3,12.56,Vegetative,No,Poor,9930.4,-16.76,Very Dry
2022-10-08 22:06:24,FARM_01,249,30.34,82.0,0.0,Vegetative,No,Good,9928.7,-16.91,Wet
2022-10-08 22:06:24,FARM_01,304,28.53,86.6,0.0,Vegetative,No,Poor,9930.25,-16.77,Dry
2022-10-08 22:06:24,FARM_01,248,28.9,87.1,2.7,Vegetative,No,Good,9929.34,-16.85,Wet
2022-10-08 22:06:24,FARM_01,249,30.32,79.6,0.0,Vegetative,No,Good,9929.09,-16.87,Wet
2022-10-08 22:06:24,FARM_01,248,29.24,78.2,0.0,Vegetative,No,Good,9929.77,-16.82,Wet
2022-10-08 22:06:24,FARM_01,250,29.57,88.2,0.0,Vegetative,No,Good,9929.81,-16.81,Wet
2022-10-08 22:06:24,FARM_01,249,29.83,83.6,0.0,Vegetative,No,Good,9929.88,-16.81,Wet
2022-10-08 22:06:24,FARM_01,250,30.01,93.5,2.35,Vegetative,No,Good,9929.97,-16.8,Wet
2022-10-08 22:06:24,FARM_01,259,28.52,92.3,1.79,Vegetative,No,Good,9929.91,-16.8,Wet
2022-10-08 22:06:24,FARM_01,249,30.39,85.7,0.81,Vegetative,No,Good,9928.65,-16.91,Wet
2022-10-08 22:06:24,FARM_01,249,29.97,82.3,0.0,Vegetative,No,Good,9929.35,-16.85,Wet
2022-10-08 22:06:24,FARM_01,248,30.01,84.1,0.0,Vegetative,No,Good,9929.62,-16.83,Wet
2022-10-08 22:06:24,FARM_01,251,30.23,81.0,0.0,Vegetative,No,Good,9929.37,-16.85,Wet
2022-10-08 22:06:24,FARM_01,250,30.39,89.4,4.9,Vegetative,No,Good,9928.65,-16.91,Wet
2022-10-08 22:06:24,FARM_01,250,30.38,75.0,0.0,Vegetative,No,Good,9928.68,-16.91,Wet
2022-10-08 22:06:24,FARM_01,250,30.36,81.4,0.0,Vegetative,No,Good,9929.03,-16.88,Wet
2022-10-08 22:06:24,FARM_01,250,30.33,91.5,2.03,Vegetative,No,Good,9929.05,-16.88,Wet
2022-10-08 22:06:24,FARM_01,249,30.3,91.0,0.0,Vegetative,No,Good,9929.27,-16.86,Wet
2022-10-08 22:06:24,FARM_01,249,30.27,81.1,0.0,Vegetative,No,Good,9929.48,-16.84,Wet
2022-10-08 22:06:24,FARM_01,250,30.19,83.5,0.0,Vegetative,No,Good,9929.25,-16.86,Wet
2022-10-08 22:06:24,FARM_01,250,30.37,88.1,0.0,Vegetative,No,Good,9928.69,-16.91,Wet
2022-10-08 22:06:24,FARM_01,250,30.16,81.2,3.64,Vegetative,No,Good,9929.64,-16.83,Wet
2022-10-08 22:06:24,FARM_01,249,30.14,82.6,0.0,Vegetative,No,Good,9929.84,-16.81,Wet
2022-10-08 22:06:24,FARM_01,250,30.1,83.2,0.0,Vegetative,No,Good,9929.7,-16.82,Wet
2022-10-08 22:06:24,FARM_01,252,30.06,94.9,0.0,Vegetative,No,Good,9929.77,-16.82,Wet
2022-10-08 22:06:24,FARM_01,248,29.85,84.1,10.36,Vegetative,No,Good,9928.8,-16.9,Wet
2022-10-08 22:06:24,FARM_01,248,30.15,86.9,0.12,Vegetative,No,Good,9930.02,-16.79,Wet
2022-10-08 22:06:24,FARM_01,249,29.81,86.3,10.91,Vegetative,No,Good,9928.33,-16.94,Wet
2022-10-08 22:06:24,FARM_01,167,30.69,80.9,10.87,Vegetative,No,Good,9925.44,-17.18,Very Wet
2022-10-08 22:06:24,FARM_01,249,29.3,93.0,9.47,Vegetative,No,Good,9927.64,-16.99,Wet
2022-10-08 22:06:24,FARM_01,249,29.57,86.9,0.0,Vegetative,No,Good,9928.27,-16.94,Wet
2022-10-08 22:06:24,FARM_01,249,29.77,88.4,0.45,Vegetative,No,Good,9928.2,-16.95,Wet
2022-10-08 22:06:24,FARM_01,250,29.73,86.7,10.79,Vegetative,No,Good,9928.25,-16.94,Wet
2022-10-08 22:06:24,FARM_01,250,29.7,79.0,0.0,Vegetative,No,Good,9928.12,-16.95,Wet
2022-10-08 22:06:24,FARM_01,249,29.66,81.8,0.0,Vegetative,No,Good,9927.98,-16.97,Wet
2022-10-08 22:06:24,FARM_01,251,29.29,84.6,0.0,Vegetative,No,Good,9927.65,-16.99,Wet
2022-10-08 22:06:24,FARM_01,249,29.64,81.5,0.0,Vegetative,No,Good,9928.16,-16.95,Wet
2022-10-08 22:06:24,FARM_01,249,29.54,86.7,0.0,Vegetative,No,Good,9928.28,-16.94,Wet
2022-10-08 22:06:24,FARM_01,249,29.5,87.1,0.0,Vegetative,No,Good,9928.31,-16.94,Wet
2022-10-08 22:06:24,FARM_01,250,29.47,85.8,1.66,Vegetative,No,Good,9928.35,-16.94,Wet
2022-10-08 22:06:24,FARM_01,249,29.44,93.6,0.0,Vegetative,No,Good,9928.36,-16.93,Wet
2022-10-08 22:06:24,FARM_01,250,29.42,83.0,0.0,Vegetative,No,Good,9928.39,-16.93,Wet
2022-10-08 22:06:24,FARM_01,249,29.61,88.8,1.54,Vegetative,No,Good,9928.41,-16.93,Wet
2022-10-08 22:06:24,FARM_01,251,29.39,89.1,0.0,Vegetative,No,Good,9928.43,-16.93,Wet
2022-10-08 22:06:24,FARM_01,250,29.27,88.0,1.73,Vegetative,No,Good,9927.68,-16.99,Wet
2022-10-08 22:06:24,FARM_01,250,30.04,82.5,0.0,Vegetative,No,Good,9928.23,-16.94,Wet
2022-10-08 22:06:24,FARM_01,208,30.78,86.4,0.0,Vegetative,No,Good,9928.91,-16.89,Wet
2022-10-08 22:06:24,FARM_01,251,29.24,88.2,4.9,Vegetative,No,Good,9927.38,-17.02,Wet
2022-10-08 22:06:24,FARM_01,250,29.22,81.4,6.56,Vegetative,No,Good,9927.38,-17.02,Wet
2022-10-08 22:06:24,FARM_01,250,29.19,84.7,0.0,Vegetative,No,Good,9926.87,-17.06,Wet
2022-10-08 22:06:24,FARM_01,254,29.17,84.9,0.0,Vegetative,No,Good,9926.55,-17.09,Wet
2022-10-08 22:06:24,FARM_01,250,29.15,87.2,0.0,Vegetative,No,Good,9926.75,-17.07,Wet
2022-10-08 22:06:24,FARM_01,250,29.13,87.6,0.0,Vegetative,No,Good,9926.95,-17.05,Wet
2022-10-08 22:06:24,FARM_01,250,29.09,82.9,0.0,Vegetative,No,Good,9927.13,-17.04,Wet
2022-10-08 22:06:24,FARM_01,250,29.07,77.1,0.02,Vegetative,No,Good,9927.33,-17.02,Wet
2022-10-08 22:06:24,FARM_01,249,29.15,83.2,2.1,Vegetative,No,Good,9927.09,-17.04,Wet
2022-10-08 22:06:24,FARM_01,249,29.41,88.9,0.0,Vegetative,No,Good,9927.2,-17.03,Wet
2022-10-08 22:06:24,FARM_01,250,29.72,88.0,0.0,Vegetative,No,Good,9927.59,-17.0,Wet
2022-10-08 22:06:24,FARM_01,249,29.11,89.1,0.0,Vegetative,No,Good,9926.93,-17.05,Wet
2022-10-08 22:06:24,FARM_01,250,29.36,87.3,0.0,Vegetative,No,Good,9928.3,-16.94,Wet
2022-10-08 22:06:24,FARM_01,257,30.61,83.4,0.0,Vegetative,No,Good,9928.67,-16.91,Wet
2022-10-08 22:06:24,FARM_01,167,30.54,88.2,0.0,Vegetative,Yes,Poor,9926.03,-17.13,Very Wet
2022-10-08 22:06:24,FARM_01,166,30.97,86.5,0.0,Vegetative,Yes,Poor,9926.38,-17.1,Very Wet
2022-10-08 22:06:24,FARM_01,168,31.03,81.9,27.79,Vegetative,No,Good,9928.52,-16.92,Very Wet
2022-10-08 22:06:24,FARM_01,168,31.05,79.3,0.0,Vegetative,Yes,Poor,9928.14,-16.95,Very Wet
2022-10-08 22:06:24,FARM_01,168,31.04,80.8,11.04,Vegetative,No,Good,9927.31,-17.02,Very Wet
2022-10-08 22:06:24,FARM_01,161,30.51,83.1,3.46,Vegetative,No,Good,9926.25,-17.11,Very Wet
2022-10-08 22:06:24,FARM_01,167,30.93,87.5,4.27,Vegetative,No,Good,9925.95,-17.14,Very Wet
2022-10-08 22:06:24,FARM_01,166,30.59,78.6,4.53,Vegetative,No,Good,9925.8,-17.15,Very Wet
2022-10-08 22:06:24,FARM_01,167,30.89,87.6,0.0,Vegetative,Yes,Poor,9925.48,-17.18,Very Wet
2022-10-08 22:06:24,FARM_01,168,30.79,78.8,0.0,Vegetative,Yes,Poor,9925.3,-17.19,Very Wet
2022-10-08 22:06:24,FARM_01,166,30.74,84.4,0.0,Vegetative,Yes,Poor,9925.56,-17.17,Very Wet
2022-10-08 22:06:24,FARM_01,168,31.0,86.5,0.0,Vegetative,Yes,Poor,9926.66,-17.08,Very Wet
2022-10-08 22:06:24,FARM_01,164,30.46,81.4,0.0,Vegetative,Yes,Poor,9925.97,-17.14,Very Wet
2022-10-08 22:06:24,FARM_01,167,29.82,91.6,0.0,Vegetative,Yes,Poor,9926.61,-17.08,Very Wet
2022-10-08 22:06:24,FARM_01,167,29.86,93.2,0.29,Vegetative,No,Good,9926.91,-17.06,Very Wet
2022-10-08 22:06:24,FARM_01,168,29.06,100.0,0.0,Vegetative,Yes,Poor,9929.91,-16.8,Very Wet
2022-10-08 22:06:24,FARM_01,170,30.98,94.2,3.81,Vegetative,No,Good,9928.61,-16.91,Very Wet
2022-10-08 22:06:24,FARM_01,167,30.35,82.4,3.01,Vegetative,No,Good,9925.92,-17.14,Very Wet
2022-10-08 22:06:24,FARM_01,167,30.25,89.7,0.0,Vegetative,Yes,Poor,9926.61,-17.08,Very Wet
2022-10-08 22:06:24,FARM_01,167,30.16,87.7,0.0,Vegetative,Yes,Poor,9927.41,-17.01,Very Wet
2022-10-08 22:06:24,FARM_01,167,30.07,86.5,0.0,Vegetative,Yes,Poor,9927.51,-17.01,Very Wet
2022-10-08 22:06:24,FARM_01,167,29.99,80.3,2.78,Vegetative,No,Good,9927.59,-17.0,Very Wet
2022-10-08 22:06:24,FARM_01,168,29.97,80.4,0.0,Vegetative,Yes,Poor,9927.3,-17.02,Very Wet
2022-10-08 22:06:24,FARM_01,167,30.64,81.9,0.0,Vegetative,Yes,Poor,9925.7,-17.16,Very Wet
2022-10-08 22:06:24,FARM_01,249,30.25,81.2,0.0,Vegetative,No,Good,9929.36,-16.85,Wet
2022-10-08 22:06:24,FARM_01,167,29.75,86.7,0.0,Vegetative,Yes,Poor,9926.5,-17.09,Very Wet
2022-10-08 22:06:24,FARM_01,167,29.28,90.3,0.0,Vegetative,Yes,Poor,9925.28,-17.19,Very Wet
2022-10-08 22:06:24,FARM_01,167,29.66,80.0,1.83,Vegetative,No,Good,9925.93,-17.14,Very Wet
2022-10-08 22:06:24,FARM_01,330,29.27,78.7,0.0,Vegetative,No,Poor,9925.45,-17.18,Very Dry
2022-10-08 22:06:24,FARM_01,166,29.44,78.9,0.44,Vegetative,No,Good,9925.45,-17.18,Very Wet
2022-10-08 22:06:24,FARM_01,441,29.25,92.9,0.95,Vegetative,No,Poor,9925.48,-17.18,Very Dry
2022-10-08 22:06:24,FARM_01,243,29.0,87.9,3.16,Vegetative,No,Good,9923.42,-17.35,Wet
2022-10-08 22:06:24,FARM_01,238,28.53,88.8,2.33,Vegetative,No,Good,9927.17,-17.03,Wet
2022-10-08 22:06:24,FARM_01,369,29.22,96.7,0.0,Vegetative,No,Poor,9924.61,-17.25,Very Dry
2022-10-08 22:06:24,FARM_01,302,29.2,83.7,0.0,Vegetative,No,Poor,9924.47,-17.26,Dry
2022-10-08 22:06:24,FARM_01,263,29.18,71.9,0.0,Vegetative,No,Good,9924.32,-17.27,Wet
2022-10-08 22:06:24,FARM_01,216,29.16,79.7,1.43,Vegetative,No,Good,9924.18,-17.29,Wet
2022-10-08 22:06:24,FARM_01,243,29.15,83.5,11.26,Vegetative,No,Good,9924.36,-17.27,Wet
2022-10-08 22:06:24,FARM_01,243,28.98,80.2,0.0,Vegetative,No,Good,9923.63,-17.33,Wet
2022-10-08 22:06:24,FARM_01,244,29.13,82.1,0.0,Vegetative,No,Good,9924.22,-17.28,Wet
2022-10-08 22:06:24,FARM_01,243,29.09,79.7,0.0,Vegetative,No,Good,9924.05,-17.3,Wet
2022-10-08 22:06:24,FARM_01,243,29.07,83.9,6.89,Vegetative,No,Good,9923.91,-17.31,Wet
2022-10-08 22:06:24,FARM_01,244,29.05,82.0,12.83,Vegetative,No,Good,9923.91,-17.31,Wet
2022-10-08 22:06:24,FARM_01,243,29.01,83.1,0.0,Vegetative,No,Good,9923.8,-17.32,Wet
2022-10-08 22:06:24,FARM_01,243,29.11,88.4,0.0,Vegetative,No,Good,9924.02,-17.3,Wet
2022-10-08 22:06:24,FARM_01,168,29.33,82.4,0.0,Vegetative,Yes,Poor,9925.55,-17.17,Very Wet
2022-10-08 22:06:24,FARM_01,243,28.97,84.0,0.6,Vegetative,No,Good,9923.45,-17.35,Wet
2022-10-08 22:06:24,FARM_01,243,28.95,82.2,0.0,Vegetative,No,Good,9923.48,-17.34,Wet
2022-10-08 22:06:24,FARM_01,238,28.82,72.6,0.0,Vegetative,No,Good,9925.97,-17.14,Wet
2022-10-08 22:06:24,FARM_01,240,28.91,81.8,0.0,Vegetative,No,Good,9923.69,-17.33,Wet
2022-10-08 22:06:24,FARM_01,238,28.89,86.1,0.0,Vegetative,No,Good,9923.86,-17.31,Wet
2022-10-08 22:06:24,FARM_01,238,28.87,86.7,4.48,Vegetative,No,Good,9924.56,-17.25,Wet
2022-10-08 22:06:24,FARM_01,239,28.85,84.1,0.0,Vegetative,No,Good,9925.08,-17.21,Wet
2022-10-08 22:06:24,FARM_01,239,28.92,84.1,4.77,Vegetative,No,Good,9923.68,-17.33,Wet
2022-10-08 22:06:24,FARM_01,238,28.84,89.0,0.0,Vegetative,No,Good,9925.45,-17.18,Wet
2022-10-08 22:06:24,FARM_01,239,28.71,86.1,0.0,Vegetative,No,Good,9926.73,-17.07,Wet
2022-10-08 22:06:24,FARM_01,238,28.79,89.2,0.0,Vegetative,No,Good,9926.16,-17.12,Wet
2022-10-08 22:06:24,FARM_01,238,28.76,80.7,1.18,Vegetative,No,Good,9926.34,-17.1,Wet
2022-10-08 22:06:24,FARM_01,237,28.74,78.1,2.53,Vegetative,No,Good,9926.37,-17.1,Wet
2022-10-08 22:06:24,FARM_01,237,28.73,83.3,6.89,Vegetative,No,Good,9926.53,-17.09,Wet
2022-10-08 22:06:24,FARM_01,239,28.8,85.7,0.95,Vegetative,No,Good,9926.0,-17.13,Wet
2022-10-08 22:06:24,FARM_01,241,28.7,91.9,0.0,Vegetative,No,Good,9926.56,-17.09,Wet
2022-10-08 22:06:24,FARM_01,238,28.67,89.4,9.04,Vegetative,No,Good,9926.93,-17.05,Wet
2022-10-08 22:06:24,FARM_01,242,28.94,78.6,0.0,Vegetative,No,Good,9923.66,-17.33,Wet
2022-10-08 22:06:24,FARM_01,237,28.6,82.1,5.42,Vegetative,No,Good,9927.83,-16.98,Wet
2022-10-08 22:06:24,FARM_01,238,28.66,73.3,0.0,Vegetative,No,Good,9926.73,-17.07,Wet
2022-10-08 22:06:24,FARM_01,238,28.65,77.6,0.0,Vegetative,No,Good,9927.44,-17.01,Wet
2022-10-08 22:06:24,FARM_01,237,28.63,84.8,0.0,Vegetative,No,Good,9927.64,-16.99,Wet
2022-10-08 22:06:24,FARM_01,238,28.62,82.6,0.0,Vegetative,No,Good,9927.64,-16.99,Wet
2022-10-08 22:06:24,FARM_01,239,28.61,84.1,0.0,Vegetative,No,Good,9927.64,-16.99,Wet
2022-10-08 22:06:24,FARM_01,238,28.59,90.9,0.0,Vegetative,No,Good,9927.83,-16.98,Wet
2022-10-08 22:06:24,FARM_01,239,28.68,87.9,0.0,Vegetative,No,Good,9926.59,-17.08,Wet
2022-10-08 22:06:24,FARM_01,240,28.58,83.3,0.0,Vegetative,No,Good,9927.83,-16.98,Wet
2022-10-08 22:06:24,FARM_01,238,28.56,85.8,1.5,Vegetative,No,Good,9927.34,-17.02,Wet
2022-10-08 22:06:24,FARM_01,237,28.55,85.3,0.0,Vegetative,No,Good,9926.98,-17.05,Wet
2022-10-08 22:06:24,FARM_01,237,28.52,83.5,0.74,Vegetative,No,Good,9927.0,-17.05,Wet
2022-10-08 22:06:24,FARM_01,238,28.09,87.7,0.28,Vegetative,No,Good,9921.36,-17.52,Wet
2022-10-08 22:06:24,FARM_01,239,28.36,76.9,0.0,Vegetative,No,Good,9924.37,-17.27,Wet
2022-10-08 22:06:24,FARM_01,231,28.44,95.3,0.27,Vegetative,No,Good,9925.5,-17.18,Wet
2022-10-08 22:06:24,FARM_01,237,28.49,80.7,0.0,Vegetative,No,Good,9926.68,-17.08,Wet
2022-10-08 22:06:24,FARM_01,238,28.48,85.6,0.0,Vegetative,No,Good,9926.36,-17.1,Wet
2022-10-08 22:06:24,FARM_01,238,28.47,83.3,0.0,Vegetative,No,Good,9926.19,-17.12,Wet
2022-10-08 22:06:24,FARM_01,237,28.47,84.5,2.85,Vegetative,No,Good,9926.19,-17.12,Wet
2022-10-08 22:06:24,FARM_01,238,28.35,85.8,8.71,Vegetative,No,Good,9924.37,-17.27,Wet
2022-10-08 22:06:24,FARM_01,237,28.46,89.8,0.0,Vegetative,No,Good,9925.67,-17.16,Wet
2022-10-08 22:06:24,FARM_01,238,28.43,83.7,0.0,Vegetative,No,Good,9924.98,-17.22,Wet
2022-10-08 22:06:24,FARM_01,238,28.36,78.6,0.0,Vegetative,No,Good,9924.17,-17.29,Wet
2022-10-08 22:06:24,FARM_01,237,28.42,80.8,2.67,Vegetative,No,Good,9924.5,-17.26,Wet
2022-10-08 22:06:24,FARM_01,237,28.41,79.8,0.0,Vegetative,No,Good,9924.67,-17.24,Wet
2022-10-08 22:06:24,FARM_01,238,28.4,92.8,0.0,Vegetative,No,Good,9924.5,-17.26,Wet
2022-10-08 22:06:24,FARM_01,238,28.45,87.2,0.0,Vegetative,No,Good,9925.53,-17.17,Wet
2022-10-08 22:06:24,FARM_01,238,28.22,85.0,0.0,Vegetative,No,Good,9923.38,-17.35,Wet
2022-10-08 22:06:24,FARM_01,239,28.22,84.0,3.28,Vegetative,No,Good,9923.23,-17.37,Wet
2022-10-08 22:06:24,FARM_01,167,29.72,81.2,4.72,Vegetative,No,Good,9926.2,-17.12,Very Wet
2022-10-08 22:06:24,FARM_01,238,28.51,85.8,0.0,Vegetative,No,Good,9927.02,-17.05,Wet
2022-10-08 22:06:24,FARM_01,238,28.32,95.0,0.0,Vegetative,No,Good,9923.85,-17.31,Wet
2022-10-08 22:06:24,FARM_01,238,28.31,87.2,0.0,Vegetative,No,Good,9923.51,-17.34,Wet
2022-10-08 22:06:24,FARM_01,238,28.29,87.9,16.28,Vegetative,No,Good,9923.02,-17.38,Wet
2022-10-08 22:06:24,FARM_01,235,28.27,77.8,0.01,Vegetative,No,Good,9923.02,-17.38,Wet
2022-10-08 22:06:24,FARM_01,237,28.25,91.8,0.0,Vegetative,No,Good,9922.86,-17.4,Wet
2022-10-08 22:06:24,FARM_01,238,28.24,84.0,1.69,Vegetative,No,Good,9923.03,-17.38,Wet
2022-10-08 22:06:24,FARM_01,238,28.23,83.1,0.0,Vegetative,No,Good,9923.05,-17.38,Wet
2022-10-08 22:06:24,FARM_01,237,28.38,87.4,0.0,Vegetative,No,Good,9924.52,-17.26,Wet
2022-10-08 22:06:24,FARM_01,167,29.05,80.4,1.41,Vegetative,No,Good,9930.08,-16.79,Very Wet
2022-10-08 22:06:24,FARM_01,238,28.37,86.1,0.0,Vegetative,No,Good,9924.34,-17.27,Wet
2022-10-08 22:06:24,FARM_01,237,28.2,87.7,0.0,Vegetative,No,Good,9923.56,-17.34,Wet
2022-10-08 22:06:24,FARM_01,237,28.18,78.7,0.0,Vegetative,No,Good,9923.22,-17.37,Wet
2022-10-08 22:06:24,FARM_01,237,28.17,92.7,0.0,Vegetative,No,Good,9923.06,-17.38,Wet
2022-10-08 22:06:24,FARM_01,238,28.17,85.5,0.0,Vegetative,No,Good,9922.89,-17.39,Wet
2022-10-08 22:06:24,FARM_01,244,28.16,82.1,4.75,Vegetative,No,Good,9922.38,-17.44,Wet
2022-10-08 22:06:24,FARM_01,238,28.15,83.2,0.0,Vegetative,No,Good,9922.38,-17.44,Wet
2022-10-08 22:06:24,FARM_01,237,28.19,85.8,1.78,Vegetative,No,Good,9923.39,-17.35,Wet
2022-10-08 22:06:24,FARM_01,237,28.14,87.9,0.0,Vegetative,No,Good,9922.41,-17.44,Wet
2022-10-08 22:06:24,FARM_01,238,28.08,85.1,0.0,Vegetative,No,Good,9921.22,-17.54,Wet
2022-10-08 22:06:24,FARM_01,237,28.11,88.6,0.0,Vegetative,No,Good,9921.91,-17.48,Wet
2022-10-08 22:06:24,FARM_01,238,28.1,90.5,9.07,Vegetative,No,Good,9921.53,-17.51,Wet
2022-10-08 22:06:24,FARM_01,237,28.09,79.1,0.0,Vegetative,No,Good,9921.36,-17.52,Wet
2022-10-08 22:06:24,FARM_01,237,28.13,88.3,0.0,Vegetative,No,Good,9921.89,-17.48,Wet
2022-10-08 22:06:24,FARM_01,237,28.08,85.2,2.22,Vegetative,No,Good,9921.22,-17.54,Wet
2022-10-08 22:06:24,FARM_01,237,28.06,85.8,6.32,Vegetative,No,Good,9921.04,-17.55,Wet
2022-10-08 22:06:24,FARM_01,166,29.06,85.9,4.72,Vegetative,No,Good,9922.2,-17.45,Very Wet
2022-10-08 22:06:24,FARM_01,236,28.19,91.3,0.0,Vegetative,No,Good,9923.39,-17.35,Wet
2022-10-08 22:06:24,FARM_01,237,28.02,83.4,8.02,Vegetative,No,Good,9920.38,-17.61,Wet
2022-10-08 22:06:24,FARM_01,238,28.05,81.9,0.0,Vegetative,No,Good,9920.55,-17.59,Wet
2022-10-08 22:06:24,FARM_01,237,28.04,86.1,0.0,Vegetative,No,Good,9920.55,-17.59,Wet
2022-10-08 22:06:24,FARM_01,238,28.04,85.1,0.0,Vegetative,No,Good,9920.55,-17.59,Wet
2022-10-08 22:06:24,FARM_01,238,28.03,93.3,0.0,Vegetative,No,Good,9920.55,-17.59,Wet
2022-10-08 22:06:24,FARM_01,231,28.02,84.1,0.0,Vegetative,No,Good,9920.72,-17.58,Wet
2022-10-08 22:06:24,FARM_01,237,28.07,76.8,0.0,Vegetative,No,Good,9920.88,-17.56,Wet
2022-10-08 22:06:24,FARM_01,193,28.02,84.5,0.98,Vegetative,No,Good,9920.73,-17.58,Very Wet
2022-10-08 22:06:24,FARM_01,174,28.01,80.8,0.0,Vegetative,Yes,Poor,9920.39,-17.61,Very Wet
2022-10-08 22:06:24,FARM_01,167,28.06,77.0,0.0,Vegetative,Yes,Poor,9920.36,-17.61,Very Wet
2022-10-08 22:06:24,FARM_01,166,28.33,92.4,0.0,Vegetative,Yes,Poor,9920.95,-17.56,Very Wet
2022-10-08 22:06:24,FARM_01,166,28.68,83.7,0.0,Vegetative,Yes,Poor,9921.45,-17.52,Very Wet
2022-10-08 22:06:24,FARM_01,237,28.21,79.4,0.0,Vegetative,No,Good,9923.54,-17.34,Wet
2022-10-08 22:06:24,FARM_01,167,30.14,89.2,0.0,Vegetative,Yes,Poor,9923.32,-17.36,Very Wet
2022-10-08 22:06:24,FARM_01,321,29.29,84.0,0.0,Vegetative,No,Poor,9934.84,-16.39,Dry
2022-10-08 22:06:24,FARM_01,245,30.43,83.5,0.0,Vegetative,No,Good,9922.23,-17.45,Wet
2022-10-08 22:06:24,FARM_01,404,30.79,79.8,1.84,Vegetative,No,Poor,9922.38,-17.44,Very Dry
2022-10-08 22:06:24,FARM_01,388,30.53,82.1,0.0,Vegetative,No,Poor,9923.28,-17.36,Very Dry
2022-10-08 22:06:24,FARM_01,318,30.6,79.6,0.02,Vegetative,No,Poor,9923.21,-17.37,Dry
2022-10-08 22:06:24,FARM_01,272,30.69,84.1,0.0,Vegetative,No,Poor,9922.86,-17.4,Dry
2022-10-08 22:06:24,FARM_01,246,30.75,83.5,0.0,Vegetative,No,Good,9922.78,-17.4,Wet
2022-10-08 22:06:24,FARM_01,244,30.38,92.9,0.0,Vegetative,No,Good,9922.16,-17.46,Wet
2022-10-08 22:06:24,FARM_01,306,30.78,90.2,16.1,Vegetative,No,Poor,9922.22,-17.45,Dry
2022-10-08 22:06:24,FARM_01,329,30.77,84.9,0.53,Vegetative,No,Poor,9921.91,-17.48,Dry
2022-10-08 22:06:24,FARM_01,256,30.48,87.2,0.0,Vegetative,No,Good,9922.0,-17.47,Wet
2022-10-08 22:06:24,FARM_01,279,30.74,84.2,7.45,Vegetative,No,Poor,9921.62,-17.5,Dry
2022-10-08 22:06:24,FARM_01,240,30.7,85.2,0.0,Vegetative,No,Good,9921.5,-17.51,Wet
2022-10-08 22:06:24,FARM_01,204,30.66,76.9,0.0,Vegetative,No,Good,9921.39,-17.52,Wet
2022-10-08 22:06:24,FARM_01,243,30.61,86.3,0.0,Vegetative,No,Good,9921.62,-17.5,Wet
2022-10-08 22:06:24,FARM_01,403,30.79,79.4,0.0,Vegetative,No,Poor,9922.38,-17.44,Very Dry
2022-10-08 22:06:24,FARM_01,244,30.59,81.6,2.49,Vegetative,No,Good,9921.84,-17.48,Wet
2022-10-08 22:06:24,FARM_01,244,30.32,77.5,5.31,Vegetative,No,Good,9922.02,-17.47,Wet
2022-10-08 22:06:24,FARM_01,239,29.68,91.9,1.39,Vegetative,No,Good,9923.49,-17.34,Wet
2022-10-08 22:06:24,FARM_01,244,30.27,92.2,0.0,Vegetative,No,Good,9922.45,-17.43,Wet
2022-10-08 22:06:24,FARM_01,245,30.22,90.9,1.18,Vegetative,No,Good,9922.16,-17.46,Wet
2022-10-08 22:06:24,FARM_01,243,30.12,88.1,10.85,Vegetative,No,Good,9922.65,-17.42,Wet
2022-10-08 22:06:24,FARM_01,241,30.07,81.4,0.0,Vegetative,No,Good,9923.22,-17.37,Wet
2022-10-08 22:06:24,FARM_01,240,29.64,76.5,0.0,Vegetative,No,Good,9923.19,-17.37,Wet
2022-10-08 22:06:24,FARM_01,241,30.02,95.2,0.0,Vegetative,No,Good,9923.47,-17.35,Wet
2022-10-08 22:06:24,FARM_01,238,29.95,87.9,2.98,Vegetative,No,Good,9923.22,-17.37,Wet
2022-10-08 22:06:24,FARM_01,241,29.9,93.6,0.0,Vegetative,No,Good,9923.58,-17.34,Wet
2022-10-08 22:06:24,FARM_01,240,29.85,81.5,0.0,Vegetative,No,Good,9923.48,-17.34,Wet
2022-10-08 22:06:24,FARM_01,240,29.81,89.7,0.0,Vegetative,No,Good,9923.36,-17.36,Wet
2022-10-08 22:06:24,FARM_01,239,29.76,81.2,3.76,Vegetative,No,Good,9923.41,-17.35,Wet
2022-10-08 22:06:24,FARM_01,239,29.72,83.5,0.0,Vegetative,No,Good,9923.28,-17.36,Wet
2022-10-08 22:06:24,FARM_01,240,29.99,82.0,0.0,Vegetative,No,Good,9923.31,-17.36,Wet
2022-10-08 22:06:24,FARM_01,244,30.54,71.4,0.0,Vegetative,No,Good,9922.08,-17.46,Wet
2022-10-08 22:06:24,FARM_01,240,29.6,81.7,3.8,Vegetative,No,Good,9923.6,-17.33,Wet
2022-10-08 22:06:24,FARM_01,240,29.56,88.4,0.0,Vegetative,No,Good,9923.27,-17.36,Wet
2022-10-08 22:06:24,FARM_01,209,29.28,92.1,9.39,Vegetative,No,Good,9923.73,-17.32,Wet
2022-10-08 22:06:24,FARM_01,240,29.47,83.5,0.0,Vegetative,No,Good,9923.21,-17.37,Wet
2022-10-08 22:06:24,FARM_01,238,29.44,90.7,0.0,Vegetative,No,Good,9923.39,-17.35,Wet
2022-10-08 22:06:24,FARM_01,239,29.41,92.3,3.58,Vegetative,No,Good,9923.59,-17.34,Wet
2022-10-08 22:06:24,FARM_01,237,29.34,78.6,0.0,Vegetative,No,Good,9923.47,-17.35,Wet
2022-10-08 22:06:24,FARM_01,240,29.51,85.3,0.0,Vegetative,No,Good,9923.17,-17.37,Wet
2022-10-08 22:06:24,FARM_01,237,29.31,83.9,0.0,Vegetative,No,Good,9923.53,-17.34,Wet
2022-10-08 22:06:24,FARM_01,166,29.09,74.8,0.0,Vegetative,Yes,Poor,9923.19,-17.37,Very Wet
2022-10-08 22:06:24,FARM_01,167,29.17,84.3,0.0,Vegetative,Yes,Poor,9923.64,-17.33,Very Wet
2022-10-08 22:06:24,FARM_01,167,29.14,85.0,3.98,Vegetative,No,Good,9923.18,-17.37,Very Wet
2022-10-08 22:06:24,FARM_01,186,29.25,80.0,8.93,Vegetative,No,Good,9923.94,-17.31,Very Wet
2022-10-08 22:06:24,FARM_01,240,29.53,87.3,0.76,Vegetative,No,Good,9923.48,-17.34,Wet
2022-10-08 22:06:24,FARM_01,166,28.91,75.7,1.61,Vegetative,No,Good,9923.69,-17.33,Very Wet
2022-10-08 22:06:24,FARM_01,167,29.01,78.9,0.0,Vegetative,Yes,Poor,9923.45,-17.35,Very Wet
2022-10-08 22:06:24,FARM_01,168,28.99,83.6,0.0,Vegetative,Yes,Poor,9923.28,-17.36,Very Wet
2022-10-08 22:06:24,FARM_01,166,28.89,89.5,2.45,Vegetative,No,Good,9924.2,-17.28,Very Wet
2022-10-08 22:06:24,FARM_01,166,29.05,90.7,0.0,Vegetative,Yes,Poor,9923.22,-17.37,Very Wet
2022-10-08 22:06:24,FARM_01,166,28.85,84.8,6.97,Vegetative,No,Good,9924.4,-17.27,Very Wet
2022-10-08 22:06:24,FARM_01,166,28.83,85.6,0.0,Vegetative,Yes,Poor,9924.25,-17.28,Very Wet
2022-10-08 22:06:24,FARM_01,167,29.11,83.8,0.0,Vegetative,Yes,Poor,9923.16,-17.37,Very Wet
2022-10-08 22:06:24,FARM_01,179,28.74,87.1,0.96,Vegetative,No,Good,9924.82,-17.23,Very Wet
2022-10-08 22:06:24,FARM_01,176,28.21,95.0,0.0,Vegetative,No,Good,9922.52,-17.43,Very Wet
2022-10-08 22:06:24,FARM_01,166,28.69,88.1,0.0,Vegetative,Yes,Poor,9925.39,-17.18,Very Wet
2022-10-08 22:06:24,FARM_01,167,28.66,87.3,0.0,Vegetative,Yes,Poor,9925.36,-17.19,Very Wet
2022-10-08 22:06:24,FARM_01,166,28.53,86.8,0.0,Vegetative,Yes,Poor,9924.43,-17.27,Very Wet
2022-10-08 22:06:24,FARM_01,168,28.58,89.1,15.21,Vegetative,No,Good,9924.92,-17.22,Very Wet
2022-10-08 22:06:24,FARM_01,164,28.58,88.9,0.0,Vegetative,Yes,Poor,9924.92,-17.22,Very Wet
2022-10-08 22:06:24,FARM_01,167,28.62,83.6,0.0,Vegetative,Yes,Poor,9925.06,-17.21,Very Wet
2022-10-08 22:06:24,FARM_01,167,28.51,81.6,15.83,Vegetative,No,Good,9924.09,-17.29,Very Wet
2022-10-08 22:06:24,FARM_01,168,28.34,87.8,0.0,Vegetative,Yes,Poor,9922.66,-17.41,Very Wet
2022-10-08 22:06:24,FARM_01,167,28.45,91.3,0.0,Vegetative,Yes,Poor,9923.63,-17.33,Very Wet
2022-10-08 22:06:24,FARM_01,167,28.44,86.8,0.0,Vegetative,Yes,Poor,9923.27,-17.36,Very Wet
2022-10-08 22:06:24,FARM_01,166,28.32,79.4,0.0,Vegetative,Yes,Poor,9922.48,-17.43,Very Wet
2022-10-08 22:06:24,FARM_01,204,28.25,77.8,0.0,Vegetative,No,Good,9922.69,-17.41,Wet
2022-10-08 22:06:24,FARM_01,165,28.3,81.1,3.93,Vegetative,No,Good,9922.48,-17.43,Very Wet
2022-10-08 22:06:24,FARM_01,165,28.29,89.9,0.0,Vegetative,Yes,Poor,9922.5,-17.43,Very Wet
2022-10-08 22:06:24,FARM_01,2,178.7,48.6,0.0,Vegetative,Yes,Poor,-2120.4,-13.47,Very Wet
2022-10-08 22:06:24,FARM_01,185,28.27,90.8,0.0,Vegetative,No,Good,9922.67,-17.41,Very Wet
2022-10-08 22:06:24,FARM_01,185,28.26,87.6,0.0,Vegetative,No,Good,9922.7,-17.41,Very Wet
2022-10-08 22:06:24,FARM_01,174,28.27,92.4,0.0,Vegetative,Yes,Poor,9922.33,-17.44,Very Wet
2022-10-08 22:06:24,FARM_01,189,28.24,80.1,0.31,Vegetative,No,Good,9922.38,-17.44,Very Wet
2022-10-08 22:06:24,FARM_01,177,28.23,78.2,2.89,Vegetative,No,Good,9922.38,-17.44,Very Wet
2022-10-08 22:06:24,FARM_01,176,28.23,85.9,18.3,Vegetative,No,Good,9922.38,-17.44,Very Wet
2022-10-08 22:06:24,FARM_01,176,28.22,83.1,0.0,Vegetative,No,Good,9922.38,-17.44,Very Wet
2022-10-08 22:06:24,FARM_01,188,28.24,81.6,0.0,Vegetative,No,Good,9922.34,-17.44,Very Wet
2022-10-08 22:06:24,FARM_01,5,178.7,43.4,0.0,Vegetative,Yes,Poor,-2120.4,-13.47,Very Wet
2022-10-08 22:06:24,FARM_01,241,30.06,91.1,4.07,Vegetative,No,Good,9925.3,-17.19,Wet
2022-10-08 22:06:24,FARM_01,165,28.31,75.1,0.0,Vegetative,Yes,Poor,9922.65,-17.42,Very Wet
2022-10-08 22:06:24,FARM_01,175,29.17,79.5,0.0,Vegetative,No,Good,9923.3,-17.36,Very Wet
2022-10-08 22:06:24,FARM_01,176,29.47,80.4,0.0,Vegetative,No,Good,9923.55,-17.34,Very Wet
2022-10-08 22:06:24,FARM_01,175,29.69,82.7,0.0,Vegetative,No,Good,9923.52,-17.34,Very Wet
2022-10-08 22:06:24,FARM_01,239,29.85,89.9,0.0,Vegetative,No,Good,9923.66,-17.33,Wet
2022-10-08 22:06:24,FARM_01,239,29.91,87.2,0.0,Vegetative,No,Good,9923.6,-17.33,Wet
2022-10-08 22:06:24,FARM_01,240,30.08,92.1,2.52,Vegetative,No,Good,9923.38,-17.35,Wet
2022-10-08 22:06:24,FARM_01,240,30.12,85.8,0.0,Vegetative,No,Good,9923.3,-17.36,Wet
2022-10-08 22:06:24,FARM_01,240,30.15,84.7,0.0,Vegetative,No,Good,9924.0,-17.3,Wet
2022-10-08 22:06:24,FARM_01,240,30.16,89.1,0.0,Vegetative,No,Good,9924.31,-17.28,Wet
2022-10-08 22:06:24,FARM_01,243,30.15,81.2,9.3,Vegetative,No,Good,9924.31,-17.28,Wet
2022-10-08 22:06:24,FARM_01,241,30.14,95.2,0.0,Vegetative,No,Good,9924.52,-17.26,Wet
2022-10-08 22:06:24,FARM_01,241,30.12,86.7,0.0,Vegetative,No,Good,9924.7,-17.24,Wet
2022-10-08 22:06:24,FARM_01,241,30.1,87.2,1.16,Vegetative,No,Good,9925.06,-17.21,Wet
2022-10-08 22:06:24,FARM_01,242,30.03,81.4,0.0,Vegetative,No,Good,9925.87,-17.14,Wet
2022-10-08 22:06:24,FARM_01,242,29.99,82.9,8.75,Vegetative,No,Good,9926.05,-17.13,Wet
2022-10-08 22:06:24,FARM_01,242,29.97,79.1,12.93,Vegetative,No,Good,9926.09,-17.13,Wet
2022-10-08 22:06:24,FARM_01,243,29.64,86.6,0.0,Vegetative,No,Good,9925.94,-17.14,Wet
2022-10-08 22:06:24,FARM_01,243,29.89,87.7,0.0,Vegetative,No,Good,9926.36,-17.1,Wet
2022-10-08 22:06:24,FARM_01,242,29.85,86.1,0.0,Vegetative,No,Good,9926.41,-17.1,Wet
2022-10-08 22:06:24,FARM_01,241,29.8,78.6,0.0,Vegetative,No,Good,9926.13,-17.12,Wet
2022-10-08 22:06:24,FARM_01,243,29.76,95.3,0.0,Vegetative,No,Good,9926.32,-17.11,Wet
2022-10-08 22:06:24,FARM_01,244,29.72,80.4,11.67,Vegetative,No,Good,9926.02,-17.13,Wet
2022-10-08 22:06:24,FARM_01,425,29.34,83.7,0.0,Vegetative,No,Poor,9925.73,-17.16,Very Dry
2022-10-08 22:06:24,FARM_01,279,29.37,90.9,0.0,Vegetative,No,Poor,9925.86,-17.14,Dry
2022-10-08 22:06:24,FARM_01,206,29.56,83.1,10.89,Vegetative,No,Good,9925.84,-17.15,Wet
2022-10-08 22:06:24,FARM_01,185,29.52,89.1,0.0,Vegetative,No,Good,9925.55,-17.17,Very Wet
2022-10-08 22:06:24,FARM_01,177,29.5,81.0,0.0,Vegetative,No,Good,9925.75,-17.15,Very Wet
2022-10-08 22:06:24,FARM_01,177,29.47,81.1,0.95,Vegetative,No,Good,9925.95,-17.14,Very Wet
2022-10-08 22:06:24,FARM_01,176,29.43,78.4,0.0,Vegetative,No,Good,9925.63,-17.16,Very Wet
2022-10-08 22:06:24,FARM_01,252,29.6,81.2,0.0,Vegetative,No,Good,9925.83,-17.15,Wet
2022-10-08 22:06:24,FARM_01,256,29.4,93.4,0.0,Vegetative,No,Good,9925.48,-17.18,Wet
2022-10-08 22:06:24,FARM_01,434,29.3,84.0,7.09,Vegetative,No,Poor,9925.77,-17.15,Very Dry
2022-10-08 22:06:24,FARM_01,343,28.94,84.0,0.0,Vegetative,No,Poor,9921.6,-17.5,Very Dry
2022-10-08 22:06:24,FARM_01,330,29.24,83.6,0.0,Vegetative,No,Poor,9924.8,-17.23,Very Dry
2022-10-08 22:06:24,FARM_01,334,29.21,82.8,4.95,Vegetative,No,Poor,9924.29,-17.28,Very Dry
2022-10-08 22:06:24,FARM_01,330,29.18,92.8,0.0,Vegetative,No,Poor,9923.8,-17.32,Very Dry
2022-10-08 22:06:24,FARM_01,376,29.17,87.5,0.42,Vegetative,No,Poor,9923.64,-17.33,Very Dry
2022-10-08 22:06:24,FARM_01,336,29.12,93.1,0.0,Vegetative,No,Poor,9923.36,-17.36,Very Dry
2022-10-08 22:06:24,FARM_01,349,29.27,84.9,0.0,Vegetative,No,Poor,9925.63,-17.16,Very Dry
2022-10-08 22:06:24,FARM_01,336,29.1,92.9,0.0,Vegetative,No,Poor,9922.84,-17.4,Very Dry
2022-10-08 22:06:24,FARM_01,336,29.05,97.6,0.0,Vegetative,No,Poor,9922.02,-17.47,Very Dry
2022-10-08 22:06:24,FARM_01,333,29.03,84.3,0.0,Vegetative,No,Poor,9921.53,-17.51,Very Dry
2022-10-08 22:06:24,FARM_01,334,29.01,77.9,0.0,Vegetative,No,Poor,9921.39,-17.52,Very Dry
2022-10-08 22:06:24,FARM_01,338,28.97,95.8,2.21,Vegetative,No,Poor,9921.23,-17.53,Very Dry
2022-10-08 22:06:24,FARM_01,339,28.96,89.6,3.8,Vegetative,No,Poor,9921.42,-17.52,Very Dry
2022-10-08 22:06:24,FARM_01,336,29.08,80.7,8.28,Vegetative,No,Poor,9922.36,-17.44,Very Dry
2022-10-08 22:06:24,FARM_01,339,28.92,77.7,0.0,Vegetative,No,Poor,9921.8,-17.49,Very Dry
2022-10-08 22:06:24,FARM_01,337,28.9,81.4,0.53,Vegetative,No,Poor,9922.0,-17.47,Very Dry
2022-10-08 22:06:24,FARM_01,342,28.88,81.2,0.0,Vegetative,No,Poor,9922.14,-17.46,Very Dry
2022-10-08 22:06:24,FARM_01,339,28.84,79.9,1.38,Vegetative,No,Poor,9922.86,-17.4,Very Dry
2022-10-08 22:06:24,FARM_01,339,28.82,89.5,0.0,Vegetative,No,Poor,9922.72,-17.41,Very Dry
2022-10-08 22:06:24,FARM_01,337,28.79,76.9,0.0,Vegetative,No,Poor,9923.09,-17.38,Very Dry
2022-10-08 22:06:24,FARM_01,339,28.77,89.4,0.0,Vegetative,No,Poor,9923.09,-17.38,Very Dry
2022-10-08 22:06:24,FARM_01,340,28.75,83.7,3.62,Vegetative,No,Poor,9922.91,-17.39,Very Dry
2022-10-08 22:06:24,FARM_01,339,28.74,85.7,0.0,Vegetative,No,Poor,9922.94,-17.39,Very Dry
2022-10-08 22:06:24,FARM_01,342,28.72,79.9,0.0,Vegetative,No,Poor,9922.94,-17.39,Very Dry
2022-10-08 22:06:24,FARM_01,347,28.71,84.3,0.61,Vegetative,No,Poor,9922.97,-17.39,Very Dry
2022-10-08 22:06:24,FARM_01,347,28.69,76.3,0.0,Vegetative,No,Poor,9922.97,-17.39,Very Dry
2022-10-08 22:06:24,FARM_01,340,28.67,81.0,0.0,Vegetative,No,Poor,9922.97,-17.39,Very Dry
2022-10-08 22:06:24,FARM_01,340,28.65,84.5,2.26,Vegetative,No,Poor,9923.16,-17.37,Very Dry
2022-10-08 22:06:24,FARM_01,339,28.64,79.3,0.0,Vegetative,No,Poor,9923.16,-17.37,Very Dry
2022-10-08 22:06:24,FARM_01,336,28.86,87.5,4.22,Vegetative,No,Poor,9922.52,-17.43,Very Dry
2022-10-08 22:06:24,FARM_01,342,28.63,80.0,0.0,Vegetative,No,Poor,9923.19,-17.37,Very Dry
2022-10-08 22:06:24,FARM_01,342,28.6,85.4,7.07,Vegetative,No,Poor,9923.55,-17.34,Very Dry
2022-10-08 22:06:24,FARM_01,342,28.51,85.1,0.0,Vegetative,No,Poor,9923.6,-17.33,Very Dry
2022-10-08 22:06:24,FARM_01,341,28.59,85.1,0.0,Vegetative,No,Poor,9923.89,-17.31,Very Dry
2022-10-08 22:06:24,FARM_01,343,28.57,87.6,8.08,Vegetative,No,Poor,9923.55,-17.34,Very Dry
2022-10-08 22:06:24,FARM_01,344,28.56,85.5,0.0,Vegetative,No,Poor,9923.75,-17.32,Very Dry
2022-10-08 22:06:24,FARM_01,343,28.54,82.7,0.22,Vegetative,No,Poor,9923.55,-17.34,Very Dry
2022-10-08 22:06:24,FARM_01,342,28.52,91.7,13.74,Vegetative,No,Poor,9923.41,-17.35,Very Dry
2022-10-08 22:06:24,FARM_01,345,28.48,87.1,0.0,Vegetative,No,Poor,9923.8,-17.32,Very Dry
2022-10-08 22:06:24,FARM_01,344,28.47,76.9,0.0,Vegetative,No,Poor,9923.97,-17.3,Very Dry
2022-10-08 22:06:24,FARM_01,342,28.44,81.9,0.0,Vegetative,No,Poor,9924.13,-17.29,Very Dry
2022-10-08 22:06:24,FARM_01,344,28.43,78.2,0.0,Vegetative,No,Poor,9924.3,-17.28,Very Dry
2022-10-08 22:06:24,FARM_01,344,28.42,82.0,0.0,Vegetative,No,Poor,9924.47,-17.26,Very Dry
2022-10-08 22:06:24,FARM_01,242,29.93,79.4,0.0,Vegetative,No,Good,9926.14,-17.12,Wet
2022-10-08 22:06:24,FARM_01,343,28.39,78.8,0.0,Vegetative,No,Poor,9924.32,-17.27,Very Dry
2022-10-08 22:06:24,FARM_01,343,28.34,89.5,0.0,Vegetative,No,Poor,9924.71,-17.24,Very Dry
2022-10-08 22:06:24,FARM_01,344,28.38,85.3,0.52,Vegetative,No,Poor,9924.52,-17.26,Very Dry
2022-10-08 22:06:24,FARM_01,344,28.37,89.1,0.0,Vegetative,No,Poor,9924.69,-17.24,Very Dry
2022-10-08 22:06:24,FARM_01,342,28.29,83.5,0.0,Vegetative,No,Poor,9923.7,-17.33,Very Dry
2022-10-08 22:06:24,FARM_01,346,28.35,86.8,1.4,Vegetative,No,Poor,9924.88,-17.23,Very Dry
2022-10-08 22:06:24,FARM_01,343,28.29,79.4,0.0,Vegetative,No,Poor,9923.7,-17.33,Very Dry
2022-10-08 22:06:24,FARM_01,345,28.33,87.4,22.63,Vegetative,No,Poor,9924.68,-17.24,Very Dry
2022-10-08 22:06:24,FARM_01,344,28.32,75.7,0.0,Vegetative,No,Poor,9924.53,-17.26,Very Dry
2022-10-08 22:06:24,FARM_01,345,28.32,78.3,0.0,Vegetative,No,Poor,9924.53,-17.26,Very Dry
2022-10-08 22:06:24,FARM_01,343,28.31,81.0,0.0,Vegetative,No,Poor,9924.02,-17.3,Very Dry
2022-10-08 22:06:24,FARM_01,344,28.3,89.7,4.62,Vegetative,No,Poor,9923.84,-17.31,Very Dry
2022-10-08 22:06:24,FARM_01,342,28.28,86.3,0.0,Vegetative,No,Poor,9923.36,-17.36,Very Dry
2022-10-08 22:06:24,FARM_01,343,28.27,86.5,0.0,Vegetative,No,Poor,9923.52,-17.34,Very Dry
2022-10-08 22:06:24,FARM_01,345,29.75,81.2,0.0,Vegetative,No,Poor,9925.13,-17.21,Very Dry
2022-10-08 22:06:24,FARM_01,345,28.4,78.3,0.0,Vegetative,No,Poor,9924.5,-17.26,Very Dry
2022-10-08 22:06:24,FARM_01,342,28.27,85.0,1.37,Vegetative,No,Poor,9923.21,-17.37,Very Dry
2022-10-08 22:06:24,FARM_01,340,28.26,87.7,0.0,Vegetative,No,Poor,9922.86,-17.4,Very Dry
2022-10-08 22:06:24,FARM_01,342,28.26,91.9,0.48,Vegetative,No,Poor,9922.86,-17.4,Very Dry
2022-10-08 22:06:24,FARM_01,342,28.25,89.0,0.0,Vegetative,No,Poor,9922.69,-17.41,Very Dry
2022-10-08 22:06:24,FARM_01,342,28.24,84.8,0.0,Vegetative,No,Poor,9922.52,-17.43,Very Dry
2022-10-08 22:06:24,FARM_01,343,28.24,87.3,0.0,Vegetative,No,Poor,9922.2,-17.45,Very Dry
2022-10-08 22:06:24,FARM_01,341,28.22,84.9,0.0,Vegetative,No,Poor,9921.52,-17.51,Very Dry
2022-10-08 22:06:24,FARM_01,344,28.22,85.1,0.0,Vegetative,No,Poor,9921.48,-17.51,Very Dry
2022-10-08 22:06:24,FARM_01,344,28.21,80.4,0.89,Vegetative,No,Poor,9922.0,-17.47,Very Dry
2022-10-08 22:06:24,FARM_01,342,28.4,87.6,0.4,Vegetative,No,Poor,9922.27,-17.45,Very Dry
2022-10-08 22:06:24,FARM_01,345,29.35,89.6,0.0,Vegetative,No,Poor,9924.35,-17.27,Very Dry
2022-10-08 22:06:24,FARM_01,344,30.14,83.7,0.06,Vegetative,No,Poor,9925.72,-17.16,Very Dry
2022-10-08 22:06:24,FARM_01,344,30.85,82.7,0.0,Vegetative,No,Poor,9927.11,-17.04,Very Dry
2022-10-08 22:06:24,FARM_01,344,31.47,83.8,0.0,Vegetative,No,Poor,9928.25,-16.94,Very Dry
2022-10-08 22:06:24,FARM_01,342,31.74,80.5,0.0,Vegetative,No,Poor,9928.77,-16.9,Very Dry
2022-10-08 22:06:24,FARM_01,341,31.98,86.0,0.0,Vegetative,No,Poor,9928.78,-16.9,Very Dry
2022-10-08 22:06:24,FARM_01,350,32.16,92.3,6.33,Vegetative,No,Poor,9929.12,-16.87,Very Dry
2022-10-08 22:06:24,FARM_01,368,32.22,77.8,0.0,Vegetative,No,Poor,9928.62,-16.91,Very Dry
2022-10-08 22:06:24,FARM_01,397,32.31,90.0,0.0,Vegetative,No,Poor,9928.59,-16.91,Very Dry
2022-10-08 22:06:24,FARM_01,283,32.36,86.6,0.0,Vegetative,No,Poor,9928.13,-16.95,Dry
2022-10-08 22:06:24,FARM_01,286,32.38,85.7,1.22,Vegetative,No,Poor,9927.73,-16.99,Dry
2022-10-08 22:06:24,FARM_01,248,32.37,88.0,0.0,Vegetative,No,Good,9927.59,-17.0,Wet
2022-10-08 22:06:24,FARM_01,197,32.35,85.5,0.0,Vegetative,No,Good,9927.28,-17.03,Very Wet
2022-10-08 22:06:24,FARM_01,240,32.32,76.1,0.0,Vegetative,No,Good,9927.56,-17.0,Wet
2022-10-08 22:06:24,FARM_01,240,32.27,85.0,0.0,Vegetative,No,Good,9927.48,-17.01,Wet
2022-10-08 22:06:24,FARM_01,240,32.21,80.0,0.0,Vegetative,No,Good,9927.27,-17.03,Wet
2022-10-08 22:06:24,FARM_01,240,32.15,84.1,0.0,Vegetative,No,Good,9927.22,-17.03,Wet
2022-10-08 22:06:24,FARM_01,240,32.08,73.9,0.0,Vegetative,No,Good,9926.7,-17.07,Wet
2022-10-08 22:06:24,FARM_01,344,31.17,84.5,2.54,Vegetative,No,Poor,9927.59,-17.0,Very Dry
2022-10-08 22:06:24,FARM_01,239,32.0,86.6,0.0,Vegetative,No,Good,9926.32,-17.11,Wet
2022-10-08 22:06:24,FARM_01,225,31.89,79.4,0.29,Vegetative,No,Good,9926.58,-17.08,Wet
2022-10-08 22:06:24,FARM_01,176,31.37,85.1,0.0,Vegetative,No,Good,9926.2,-17.12,Very Wet
2022-10-08 22:06:24,FARM_01,210,31.82,85.9,0.0,Vegetative,No,Good,9926.19,-17.12,Wet
2022-10-08 22:06:24,FARM_01,191,31.74,95.6,0.0,Vegetative,No,Good,9926.19,-17.12,Very Wet
2022-10-08 22:06:24,FARM_01,179,31.66,84.7,0.0,Vegetative,No,Good,9926.34,-17.1,Very Wet
2022-10-08 22:06:24,FARM_01,174,31.59,90.1,5.72,Vegetative,No,Good,9926.48,-17.09,Very Wet
2022-10-08 22:06:24,FARM_01,176,31.51,82.5,0.0,Vegetative,No,Good,9925.95,-17.14,Very Wet
2022-10-08 22:06:24,FARM_01,177,31.44,78.6,0.34,Vegetative,No,Good,9926.41,-17.1,Very Wet
2022-10-08 22:06:24,FARM_01,177,31.3,87.2,0.65,Vegetative,No,Good,9926.36,-17.1,Very Wet
2022-10-08 22:06:24,FARM_01,224,31.97,89.4,0.0,Vegetative,No,Good,9926.42,-17.1,Wet
2022-10-08 22:06:24,FARM_01,177,31.24,90.3,0.0,Vegetative,No,Good,9926.63,-17.08,Very Wet
2022-10-08 22:06:24,FARM_01,182,31.3,80.4,0.0,Vegetative,No,Good,9927.05,-17.04,Very Wet
2022-10-08 22:06:24,FARM_01,178,31.45,79.6,0.0,Vegetative,No,Good,9927.78,-16.98,Very Wet
2022-10-08 22:06:24,FARM_01,179,31.54,83.5,2.05,Vegetative,No,Good,9927.97,-16.97,Very Wet
2022-10-08 22:06:24,FARM_01,182,31.66,77.0,3.46,Vegetative,No,Good,9927.89,-16.97,Very Wet
2022-10-08 22:06:24,FARM_01,176,31.73,84.8,0.0,Vegetative,No,Good,9928.12,-16.95,Very Wet
2022-10-08 22:06:24,FARM_01,343,30.51,85.0,0.0,Vegetative,No,Poor,9926.42,-17.1,Very Dry
2022-10-08 22:06:24,FARM_01,224,30.37,80.1,0.0,Vegetative,No,Good,9923.36,-17.36,Wet
2022-10-08 22:06:24,FARM_01,179,31.79,81.1,0.0,Vegetative,No,Good,9927.8,-16.98,Very Wet
2022-10-08 22:06:24,FARM_01,179,31.77,86.9,9.45,Vegetative,No,Good,9926.99,-17.05,Very Wet
2022-10-08 22:06:24,FARM_01,344,30.94,81.2,0.0,Vegetative,No,Poor,9926.64,-17.08,Very Dry
2022-10-08 22:06:24,FARM_01,177,31.46,73.5,0.0,Vegetative,No,Good,9926.88,-17.06,Very Wet
2022-10-08 22:06:24,FARM_01,214,31.74,83.4,0.06,Vegetative,No,Good,9926.88,-17.06,Wet
2022-10-08 22:06:24,FARM_01,187,31.7,90.6,0.0,Vegetative,No,Good,9926.62,-17.08,Very Wet
2022-10-08 22:06:24,FARM_01,183,31.65,89.7,1.73,Vegetative,No,Good,9927.2,-17.03,Very Wet
2022-10-08 22:06:24,FARM_01,181,31.6,79.0,0.0,Vegetative,No,Good,9926.98,-17.05,Very Wet
2022-10-08 22:06:24,FARM_01,288,30.88,90.7,22.28,Vegetative,No,Poor,9926.71,-17.07,Dry
2022-10-08 22:06:24,FARM_01,178,31.55,90.6,7.24,Vegetative,No,Good,9927.06,-17.04,Very Wet
2022-10-08 22:06:24,FARM_01,177,31.4,82.6,0.0,Vegetative,No,Good,9927.02,-17.05,Very Wet
2022-10-08 22:06:24,FARM_01,414,30.99,85.9,1.2,Vegetative,No,Poor,9926.67,-17.08,Very Dry
2022-10-08 22:06:24,FARM_01,177,31.29,85.1,0.0,Vegetative,No,Good,9926.89,-17.06,Very Wet
2022-10-08 22:06:24,FARM_01,176,31.23,85.8,0.0,Vegetative,No,Good,9926.98,-17.05,Very Wet
2022-10-08 22:06:24,FARM_01,176,31.17,87.0,5.57,Vegetative,No,Good,9926.91,-17.06,Very Wet
2022-10-08 22:06:24,FARM_01,177,31.52,84.9,1.73,Vegetative,No,Good,9926.78,-17.07,Very Wet
2022-10-08 22:06:24,FARM_01,176,31.11,97.1,4.6,Vegetative,No,Good,9926.83,-17.06,Very Wet
2022-10-08 22:06:24,FARM_01,245,30.85,84.1,0.0,Vegetative,No,Good,9926.42,-17.1,Wet
2022-10-08 22:06:24,FARM_01,266,30.24,81.9,0.0,Vegetative,No,Good,9928.33,-16.94,Wet
2022-10-08 22:06:24,FARM_01,252,29.27,84.5,0.0,Vegetative,No,Good,9929.22,-16.86,Wet
2022-10-08 22:06:24,FARM_01,211,30.8,86.3,0.0,Vegetative,No,Good,9926.5,-17.09,Wet
2022-10-08 22:06:24,FARM_01,265,30.74,82.1,0.0,Vegetative,No,Good,9926.42,-17.1,Wet
2022-10-08 22:06:24,FARM_01,264,30.69,89.3,0.0,Vegetative,No,Good,9926.64,-17.08,Wet
2022-10-08 22:06:24,FARM_01,264,30.64,91.9,0.0,Vegetative,No,Good,9927.07,-17.04,Wet
2022-10-08 22:06:24,FARM_01,266,30.6,90.4,12.06,Vegetative,No,Good,9927.33,-17.02,Wet
2022-10-08 22:06:24,FARM_01,265,30.2,79.4,1.48,Vegetative,No,Good,9928.55,-16.92,Wet
2022-10-08 22:06:24,FARM_01,266,30.55,82.7,0.0,Vegetative,No,Good,9927.7,-16.99,Wet
2022-10-08 22:06:24,FARM_01,266,30.46,79.7,0.0,Vegetative,No,Good,9928.34,-16.94,Wet
2022-10-08 22:06:24,FARM_01,266,30.42,82.4,0.0,Vegetative,No,Good,9928.26,-16.94,Wet
2022-10-08 22:06:24,FARM_01,264,30.38,82.5,2.41,Vegetative,No,Good,9928.51,-16.92,Wet
2022-10-08 22:06:24,FARM_01,265,30.33,83.2,0.5,Vegetative,No,Good,9928.02,-16.96,Wet
2022-10-08 22:06:24,FARM_01,264,30.31,87.1,4.57,Vegetative,No,Good,9928.06,-16.96,Wet
2022-10-08 22:06:24,FARM_01,264,30.28,88.6,3.38,Vegetative,No,Good,9928.28,-16.94,Wet
2022-10-08 22:06:24,FARM_01,264,30.5,92.4,2.11,Vegetative,No,Good,9927.97,-16.97,Wet
2022-10-08 22:06:24,FARM_01,164,31.05,90.1,0.0,Vegetative,Yes,Poor,9926.77,-17.07,Very Wet
2022-10-08 22:06:24,FARM_01,264,30.16,89.3,0.0,Vegetative,No,Good,9928.59,-16.91,Wet
2022-10-08 22:06:24,FARM_01,264,30.13,83.5,0.0,Vegetative,No,Good,9928.97,-16.88,Wet
2022-10-08 22:06:24,FARM_01,256,29.83,82.3,0.0,Vegetative,No,Good,9929.53,-16.84,Wet
2022-10-08 22:06:24,FARM_01,263,30.02,89.9,0.0,Vegetative,No,Good,9929.98,-16.8,Wet
2022-10-08 22:06:24,FARM_01,253,29.98,93.8,0.0,Vegetative,No,Good,9930.01,-16.8,Wet
2022-10-08 22:06:24,FARM_01,264,29.95,81.1,0.0,Vegetative,No,Good,9930.22,-16.78,Wet
2022-10-08 22:06:24,FARM_01,265,29.92,89.1,5.51,Vegetative,No,Good,9930.12,-16.79,Wet
2022-10-08 22:06:24,FARM_01,263,29.88,77.3,0.0,Vegetative,No,Good,9929.8,-16.81,Wet
2022-10-08 22:06:24,FARM_01,265,30.06,90.9,4.53,Vegetative,No,Good,9929.77,-16.82,Wet
2022-10-08 22:06:24,FARM_01,256,29.86,85.1,0.0,Vegetative,No,Good,9929.83,-16.81,Wet
2022-10-08 22:06:24,FARM_01,253,29.61,82.4,0.0,Vegetative,No,Good,9928.92,-16.89,Wet
2022-10-08 22:06:24,FARM_01,253,29.76,80.8,0.0,Vegetative,No,Good,9929.41,-16.85,Wet
2022-10-08 22:06:24,FARM_01,253,29.74,86.0,0.47,Vegetative,No,Good,9929.62,-16.83,Wet
2022-10-08 22:06:24,FARM_01,252,29.71,100.0,0.0,Vegetative,No,Good,9929.66,-16.82,Wet
2022-10-08 22:06:24,FARM_01,246,29.68,83.6,0.0,Vegetative,No,Good,9929.67,-16.82,Wet
2022-10-08 22:06:24,FARM_01,254,29.66,84.2,0.0,Vegetative,No,Good,9929.53,-16.84,Wet
2022-10-08 22:06:24,FARM_01,250,29.8,90.3,0.0,Vegetative,No,Good,9929.91,-16.8,Wet
2022-10-08 22:06:24,FARM_01,252,29.58,84.9,0.0,Vegetative,No,Good,9929.09,-16.87,Wet
2022-10-08 22:06:24,FARM_01,253,29.55,88.8,4.12,Vegetative,No,Good,9928.94,-16.89,Wet
2022-10-08 22:06:24,FARM_01,252,29.28,87.1,0.0,Vegetative,No,Good,9929.19,-16.86,Wet
2022-10-08 22:06:24,FARM_01,265,30.09,86.6,0.0,Vegetative,No,Good,9929.05,-16.88,Wet
2022-10-08 22:06:24,FARM_01,253,29.4,79.3,0.0,Vegetative,No,Good,9928.57,-16.92,Wet
2022-10-08 22:06:24,FARM_01,252,29.53,86.8,0.4,Vegetative,No,Good,9928.45,-16.93,Wet
2022-10-08 22:06:24,FARM_01,252,29.51,84.2,12.89,Vegetative,No,Good,9928.83,-16.89,Wet
2022-10-08 22:06:24,FARM_01,252,29.48,91.7,0.0,Vegetative,No,Good,9928.52,-16.92,Wet
2022-10-08 22:06:24,FARM_01,254,29.44,79.3,0.0,Vegetative,No,Good,9928.53,-16.92,Wet
2022-10-08 22:06:24,FARM_01,252,29.42,94.9,0.0,Vegetative,No,Good,9928.73,-16.9,Wet
2022-10-08 22:06:24,FARM_01,253,29.39,86.7,0.0,Vegetative,No,Good,9928.94,-16.89,Wet
2022-10-08 22:06:24,FARM_01,253,29.56,79.8,0.0,Vegetative,No,Good,9928.77,-16.9,Wet
2022-10-08 22:06:24,FARM_01,252,29.37,82.6,0.53,Vegetative,No,Good,9928.63,-16.91,Wet
2022-10-08 22:06:24,FARM_01,253,29.35,83.0,7.21,Vegetative,No,Good,9928.81,-16.9,Wet
2022-10-08 22:06:24,FARM_01,252,29.33,89.8,0.0,Vegetative,No,Good,9929.16,-16.87,Wet
2022-10-08 22:06:24,FARM_01,252,29.32,81.4,20.01,Vegetative,No,Good,9928.98,-16.88,Wet
2022-10-08 22:06:24,FARM_01,252,29.3,80.4,0.0,Vegetative,No,Good,9929.02,-16.88,Wet
2022-10-08 22:06:24,FARM_01,252,29.25,80.1,4.77,Vegetative,No,Good,9929.42,-16.85,Wet
2022-10-08 22:06:24,FARM_01,254,29.23,86.3,0.0,Vegetative,No,Good,9929.26,-16.86,Wet
2022-10-08 22:06:24,FARM_01,252,29.22,78.8,0.0,Vegetative,No,Good,9928.92,-16.89,Wet
2022-10-08 22:06:24,FARM_01,244,28.57,90.8,0.0,Vegetative,No,Good,9929.4,-16.85,Wet
2022-10-08 22:06:24,FARM_01,253,29.11,79.4,0.0,Vegetative,No,Good,9928.3,-16.94,Wet
2022-10-08 22:06:24,FARM_01,252,29.2,76.6,0.0,Vegetative,No,Good,9928.92,-16.89,Wet
2022-10-08 22:06:24,FARM_01,252,29.18,88.7,0.0,Vegetative,No,Good,9929.12,-16.87,Wet
2022-10-08 22:06:24,FARM_01,252,29.17,83.2,0.0,Vegetative,No,Good,9929.12,-16.87,Wet
2022-10-08 22:06:24,FARM_01,252,29.15,84.6,0.0,Vegetative,No,Good,9928.81,-16.9,Wet
2022-10-08 22:06:24,FARM_01,252,29.14,82.9,0.0,Vegetative,No,Good,9928.84,-16.89,Wet
2022-10-08 22:06:24,FARM_01,248,28.98,79.4,0.0,Vegetative,No,Good,9928.42,-16.93,Wet
2022-10-08 22:06:24,FARM_01,252,29.13,83.6,0.0,Vegetative,No,Good,9928.67,-16.91,Wet
2022-10-08 22:06:24,FARM_01,249,29.0,86.6,0.0,Vegetative,No,Good,9928.39,-16.93,Wet
2022-10-08 22:06:24,FARM_01,254,29.08,88.7,0.0,Vegetative,No,Good,9928.5,-16.92,Wet
2022-10-08 22:06:24,FARM_01,252,29.07,82.0,0.0,Vegetative,No,Good,9928.7,-16.91,Wet
2022-10-08 22:06:24,FARM_01,252,29.06,90.1,1.98,Vegetative,No,Good,9928.36,-16.93,Wet
2022-10-08 22:06:24,FARM_01,251,29.04,80.0,0.0,Vegetative,No,Good,9928.73,-16.9,Wet
2022-10-08 22:06:24,FARM_01,249,29.03,87.8,0.0,Vegetative,No,Good,9928.39,-16.93,Wet
2022-10-08 22:06:24,FARM_01,253,29.1,93.9,7.43,Vegetative,No,Good,9928.5,-16.92,Wet
2022-10-08 22:06:24,FARM_01,249,28.97,89.5,8.88,Vegetative,No,Good,9928.08,-16.96,Wet
2022-10-08 22:06:24,FARM_01,250,28.96,93.3,2.2,Vegetative,No,Good,9928.08,-16.96,Wet
2022-10-08 22:06:24,FARM_01,245,28.76,84.3,0.0,Vegetative,No,Good,9929.08,-16.87,Wet
2022-10-08 22:06:24,FARM_01,245,28.74,91.7,0.0,Vegetative,No,Good,9929.62,-16.83,Wet
2022-10-08 22:06:24,FARM_01,249,28.95,87.3,0.0,Vegetative,No,Good,9927.94,-16.97,Wet
2022-10-08 22:06:24,FARM_01,250,28.93,75.6,0.0,Vegetative,No,Good,9928.11,-16.96,Wet
2022-10-08 22:06:24,FARM_01,249,28.92,81.5,1.88,Vegetative,No,Good,9928.14,-16.95,Wet
2022-10-08 22:06:24,FARM_01,250,28.9,88.1,0.0,Vegetative,No,Good,9928.31,-16.94,Wet
2022-10-08 22:06:24,FARM_01,250,28.89,71.2,0.0,Vegetative,No,Good,9928.83,-16.89,Wet
2022-10-08 22:06:24,FARM_01,246,28.87,89.8,0.0,Vegetative,No,Good,9928.68,-16.91,Wet
2022-10-08 22:06:24,FARM_01,243,28.85,85.7,0.33,Vegetative,No,Good,9928.85,-16.89,Wet
2022-10-08 22:06:24,FARM_01,244,28.83,87.3,6.95,Vegetative,No,Good,9928.53,-16.92,Wet
2022-10-08 22:06:24,FARM_01,243,28.82,89.7,0.0,Vegetative,No,Good,9928.88,-16.89,Wet
2022-10-08 22:06:24,FARM_01,245,28.81,86.0,0.0,Vegetative,No,Good,9929.05,-16.88,Wet
2022-10-08 22:06:24,FARM_01,245,28.8,80.1,2.31,Vegetative,No,Good,9929.08,-16.87,Wet
2022-10-08 22:06:24,FARM_01,244,28.79,90.6,0.0,Vegetative,No,Good,9928.73,-16.9,Wet
2022-10-08 22:06:24,FARM_01,245,28.78,85.1,0.0,Vegetative,No,Good,9928.56,-16.92,Wet
2022-10-08 22:06:24,FARM_01,244,28.77,83.9,0.0,Vegetative,No,Good,9928.91,-16.89,Wet
2022-10-08 22:06:24,FARM_01,248,29.01,88.4,0.0,Vegetative,No,Good,9928.25,-16.94,Wet
2022-10-08 22:06:24,FARM_01,252,29.63,89.0,0.0,Vegetative,No,Good,9929.39,-16.85,Wet
2022-10-08 22:06:24,FARM_01,245,28.75,83.5,0.0,Vegetative,No,Good,9929.45,-16.84,Wet
2022-10-08 22:06:24,FARM_01,244,28.65,85.7,0.6,Vegetative,No,Good,9929.67,-16.82,Wet
2022-10-08 22:06:24,FARM_01,245,28.71,87.4,7.66,Vegetative,No,Good,9929.98,-16.8,Wet
2022-10-08 22:06:24,FARM_01,245,28.68,79.8,1.12,Vegetative,No,Good,9930.02,-16.79,Wet
2022-10-08 22:06:24,FARM_01,244,28.67,94.5,4.43,Vegetative,No,Good,9930.02,-16.79,Wet
2022-10-08 22:06:24,FARM_01,244,28.55,86.6,0.0,Vegetative,No,Good,9928.86,-16.89,Wet
2022-10-08 22:06:24,FARM_01,245,28.66,78.1,0.0,Vegetative,No,Good,9929.98,-16.8,Wet
2022-10-08 22:06:24,FARM_01,245,28.62,87.8,0.0,Vegetative,No,Good,9929.86,-16.81,Wet
2022-10-08 22:06:24,FARM_01,245,28.61,83.5,0.0,Vegetative,No,Good,9930.03,-16.79,Wet
2022-10-08 22:06:24,FARM_01,245,28.6,86.2,0.0,Vegetative,No,Good,9930.03,-16.79,Wet
2022-10-08 22:06:24,FARM_01,243,28.59,85.8,0.0,Vegetative,No,Good,9929.72,-16.82,Wet
2022-10-08 22:06:24,FARM_01,244,28.58,82.5,0.0,Vegetative,No,Good,9929.55,-16.83,Wet
2022-10-08 22:06:24,FARM_01,244,28.64,89.2,2.83,Vegetative,No,Good,9930.02,-16.79,Wet
2022-10-08 22:06:24,FARM_01,247,28.54,87.3,1.08,Vegetative,No,Good,9928.69,-16.91,Wet
2022-10-08 22:06:24,FARM_01,243,28.53,88.0,0.0,Vegetative,No,Good,9928.71,-16.9,Wet
2022-10-08 22:06:24,FARM_01,243,28.4,90.4,21.21,Vegetative,No,Good,9927.58,-17.0,Wet
2022-10-08 22:06:24,FARM_01,245,28.52,85.8,0.0,Vegetative,No,Good,9928.54,-16.92,Wet
2022-10-08 22:06:24,FARM_01,244,28.51,86.5,0.0,Vegetative,No,Good,9928.37,-16.93,Wet
2022-10-08 22:06:24,FARM_01,244,28.5,84.4,0.0,Vegetative,No,Good,9928.56,-16.92,Wet
2022-10-08 22:06:24,FARM_01,244,28.49,82.2,0.0,Vegetative,No,Good,9928.56,-16.92,Wet
2022-10-08 22:06:24,FARM_01,245,28.48,89.1,0.0,Vegetative,No,Good,9928.39,-16.93,Wet
2022-10-08 22:06:24,FARM_01,244,28.48,74.0,0.0,Vegetative,No,Good,9928.59,-16.91,Wet
2022-10-08 22:06:24,FARM_01,244,28.47,84.3,0.81,Vegetative,No,Good,9928.59,-16.91,Wet
2022-10-08 22:06:24,FARM_01,244,28.46,90.4,7.88,Vegetative,No,Good,9928.41,-16.93,Wet
2022-10-08 22:06:24,FARM_01,233,28.45,80.0,0.0,Vegetative,No,Good,9928.44,-16.93,Wet
2022-10-08 22:06:24,FARM_01,244,28.44,84.2,1.04,Vegetative,No,Good,9928.24,-16.94,Wet
2022-10-08 22:06:24,FARM_01,244,28.43,94.4,0.56,Vegetative,No,Good,9928.06,-16.96,Wet
2022-10-08 22:06:24,FARM_01,245,28.42,88.2,0.0,Vegetative,No,Good,9927.89,-16.97,Wet
2022-10-08 22:06:24,FARM_01,244,28.41,83.7,0.0,Vegetative,No,Good,9927.92,-16.97,Wet
2022-10-08 22:06:24,FARM_01,244,28.4,86.9,10.7,Vegetative,No,Good,9927.75,-16.99,Wet
2022-10-08 22:06:24,FARM_01,245,28.73,87.4,0.33,Vegetative,No,Good,9929.79,-16.81,Wet
2022-10-08 22:06:24,FARM_01,173,29.66,80.6,0.0,Vegetative,Yes,Poor,9985.09,-12.16,Very Wet
2022-10-08 22:06:24,FARM_01,243,28.39,77.1,0.0,Vegetative,No,Good,9927.26,-17.03,Wet
2022-10-08 22:06:24,FARM_01,244,28.37,83.6,0.0,Vegetative,No,Good,9926.91,-17.06,Wet
2022-10-08 22:06:24,FARM_01,244,28.35,84.3,0.0,Vegetative,No,Good,9926.59,-17.08,Wet
2022-10-08 22:06:24,FARM_01,245,28.34,84.5,0.0,Vegetative,No,Good,9926.42,-17.1,Wet
2022-10-08 22:06:24,FARM_01,244,28.34,75.6,0.0,Vegetative,No,Good,9927.11,-17.1,Wet
2022-10-08 22:06:24,FARM_01,244,28.33,81.3,4.6,Vegetative,No,Good,9926.25,-17.11,Wet
2022-10-08 22:06:24,FARM_01,245,28.32,83.9,0.0,Vegetative,No,Good,9925.91,-17.14,Wet
2022-10-08 22:06:24,FARM_01,173,29.63,87.7,0.0,Vegetative,Yes,Poor,9927.68,-16.99,Very Wet
2022-10-08 22:06:24,FARM_01,174,29.62,85.0,0.0,Vegetative,Yes,Poor,9927.52,-17.01,Very Wet
2022-10-08 22:06:24,FARM_01,213,29.18,89.5,2.14,Vegetative,No,Good,9926.38,-17.1,Wet
2022-10-08 22:06:24,FARM_01,190,29.33,88.1,0.0,Vegetative,No,Good,9926.58,-17.08,Very Wet
2022-10-08 22:06:24,FARM_01,176,29.44,82.3,0.0,Vegetative,No,Good,9926.65,-17.08,Very Wet
2022-10-08 22:06:24,FARM_01,175,29.52,83.7,1.6,Vegetative,No,Good,9927.26,-17.03,Very Wet
2022-10-08 22:06:24,FARM_01,174,29.57,84.6,0.0,Vegetative,Yes,Poor,9927.06,-17.04,Very Wet
2022-10-08 22:06:24,FARM_01,228,28.98,92.1,4.68,Vegetative,No,Good,9926.54,-17.09,Wet
2022-10-08 22:06:24,FARM_01,173,29.6,80.5,4.75,Vegetative,No,Good,9927.2,-17.03,Very Wet
2022-10-08 22:06:24,FARM_01,172,29.23,90.8,0.0,Vegetative,Yes,Poor,9925.98,-17.13,Very Wet
2022-10-08 22:06:24,FARM_01,173,29.61,82.2,0.0,Vegetative,Yes,Poor,9927.69,-16.99,Very Wet
2022-10-08 22:06:24,FARM_01,173,29.59,83.8,0.0,Vegetative,Yes,Poor,9927.72,-16.99,Very Wet
2022-10-08 22:06:24,FARM_01,173,29.57,86.2,0.0,Vegetative,Yes,Poor,9927.73,-16.99,Very Wet
2022-10-08 22:06:24,FARM_01,173,29.51,85.3,0.0,Vegetative,Yes,Poor,9927.63,-17.0,Very Wet
2022-10-08 22:06:24,FARM_01,174,29.49,79.0,0.4,Vegetative,No,Good,9927.64,-16.99,Very Wet
2022-10-08 22:06:24,FARM_01,173,29.62,93.8,0.08,Vegetative,No,Good,9927.34,-17.02,Very Wet
2022-10-08 22:06:24,FARM_01,171,29.46,82.2,0.0,Vegetative,Yes,Poor,9927.16,-17.04,Very Wet
2022-10-08 22:06:24,FARM_01,172,29.4,94.0,0.0,Vegetative,Yes,Poor,9926.89,-17.06,Very Wet
2022-10-08 22:06:24,FARM_01,172,29.32,79.8,0.0,Vegetative,Yes,Poor,9926.59,-17.08,Very Wet
2022-10-08 22:06:24,FARM_01,173,29.29,83.5,0.0,Vegetative,Yes,Poor,9926.28,-17.11,Very Wet
2022-10-08 22:06:24,FARM_01,173,29.26,87.6,0.0,Vegetative,Yes,Poor,9925.97,-17.14,Very Wet
2022-10-08 22:06:24,FARM_01,172,29.43,92.3,0.0,Vegetative,Yes,Poor,9927.36,-17.02,Very Wet
2022-10-08 22:06:24,FARM_01,164,29.17,88.6,0.0,Vegetative,Yes,Poor,9926.04,-17.13,Very Wet
2022-10-08 22:06:24,FARM_01,172,29.08,82.5,0.0,Vegetative,Yes,Poor,9926.11,-17.12,Very Wet
2022-10-08 22:06:24,FARM_01,172,29.06,80.3,7.11,Vegetative,No,Good,9926.48,-17.09,Very Wet
2022-10-08 22:06:24,FARM_01,171,29.04,86.8,9.41,Vegetative,No,Good,9926.5,-17.09,Very Wet
2022-10-08 22:06:24,FARM_01,172,29.02,84.1,1.8,Vegetative,No,Good,9926.51,-17.09,Very Wet
2022-10-08 22:06:24,FARM_01,171,28.95,88.4,2.78,Vegetative,No,Good,9927.42,-17.01,Very Wet
2022-10-08 22:06:24,FARM_01,172,28.9,81.7,0.0,Vegetative,Yes,Poor,9927.8,-16.98,Very Wet
2022-10-08 22:06:24,FARM_01,172,28.88,90.7,0.0,Vegetative,Yes,Poor,9927.63,-17.0,Very Wet
2022-10-08 22:06:24,FARM_01,171,28.84,78.8,0.98,Vegetative,No,Good,9928.02,-16.96,Very Wet
2022-10-08 22:06:24,FARM_01,171,28.8,93.1,0.0,Vegetative,Yes,Poor,9928.22,-16.95,Very Wet
2022-10-08 22:06:24,FARM_01,171,28.79,84.1,2.61,Vegetative,No,Good,9928.22,-16.95,Very Wet
2022-10-08 22:06:24,FARM_01,172,29.11,82.8,0.0,Vegetative,Yes,Poor,9926.07,-17.13,Very Wet
2022-10-08 22:06:24,FARM_01,172,28.77,93.4,0.0,Vegetative,Yes,Poor,9928.05,-16.96,Very Wet
2022-10-08 22:06:24,FARM_01,172,28.73,82.8,0.0,Vegetative,Yes,Poor,9928.42,-16.93,Very Wet
2022-10-08 22:06:24,FARM_01,172,28.62,89.9,1.57,Vegetative,No,Good,9927.64,-16.99,Very Wet
2022-10-08 22:06:24,FARM_01,172,28.71,90.8,12.83,Vegetative,No,Good,9928.27,-16.94,Very Wet
2022-10-08 22:06:24,FARM_01,172,28.68,94.8,0.0,Vegetative,Yes,Poor,9928.12,-16.95,Very Wet
2022-10-08 22:06:24,FARM_01,172,28.65,85.7,3.02,Vegetative,No,Good,9927.61,-17.0,Very Wet
2022-10-08 22:06:24,FARM_01,171,28.6,97.6,0.0,Vegetative,Yes,Poor,9927.49,-17.01,Very Wet
2022-10-08 22:06:24,FARM_01,171,28.75,82.0,7.78,Vegetative,No,Good,9928.22,-16.95,Very Wet
2022-10-08 22:06:24,FARM_01,171,28.59,91.1,0.0,Vegetative,Yes,Poor,9927.49,-17.01,Very Wet
2022-10-08 22:06:24,FARM_01,172,28.57,76.0,0.4,Vegetative,No,Good,9927.86,-16.98,Very Wet
2022-10-08 22:06:24,FARM_01,172,28.55,77.8,27.14,Vegetative,No,Good,9927.83,-16.98,Very Wet
2022-10-08 22:06:24,FARM_01,172,28.53,86.0,0.0,Vegetative,Yes,Poor,9927.34,-17.02,Very Wet
2022-10-08 22:06:24,FARM_01,245,28.36,87.5,0.0,Vegetative,No,Good,9926.91,-17.06,Wet
2022-10-08 22:06:24,FARM_01,171,28.41,85.3,5.74,Vegetative,No,Good,9926.03,-17.13,Very Wet
2022-10-08 22:06:24,FARM_01,171,28.45,85.8,0.0,Vegetative,Yes,Poor,9927.05,-17.04,Very Wet
2022-10-08 22:06:24,FARM_01,172,28.43,87.0,0.0,Vegetative,Yes,Poor,9926.53,-17.09,Very Wet
2022-10-08 22:06:24,FARM_01,361,28.74,90.5,0.0,Vegetative,No,Poor,9930.98,-16.71,Very Dry
2022-10-08 22:06:24,FARM_01,171,28.38,85.9,0.0,Vegetative,Yes,Poor,9925.72,-17.16,Very Wet
2022-10-08 22:06:24,FARM_01,435,28.37,80.8,4.35,Vegetative,No,Poor,9925.72,-17.16,Very Dry
2022-10-08 22:06:24,FARM_01,466,28.36,81.2,0.0,Vegetative,No,Poor,9925.55,-17.17,Very Dry
2022-10-08 22:06:24,FARM_01,363,28.35,90.7,0.06,Vegetative,No,Poor,9924.88,-17.23,Very Dry
2022-10-08 22:06:24,FARM_01,360,28.36,76.8,0.35,Vegetative,No,Poor,9925.2,-17.2,Very Dry
2022-10-08 22:06:24,FARM_01,360,29.92,86.7,0.39,Vegetative,No,Poor,9936.47,-16.25,Very Dry
2022-10-08 22:06:24,FARM_01,345,30.72,88.8,0.0,Vegetative,No,Poor,9924.55,-17.25,Very Dry
2022-10-08 22:06:24,FARM_01,362,30.23,92.5,17.31,Vegetative,No,Poor,9935.03,-16.37,Very Dry
2022-10-08 22:06:24,FARM_01,362,30.46,85.0,0.0,Vegetative,No,Poor,9933.84,-16.47,Very Dry
2022-10-08 22:06:24,FARM_01,362,30.64,79.5,1.19,Vegetative,No,Poor,9932.57,-16.58,Very Dry
2022-10-08 22:06:24,FARM_01,359,30.77,81.8,0.59,Vegetative,No,Poor,9931.7,-16.65,Very Dry
2022-10-08 22:06:24,FARM_01,368,30.85,80.2,0.0,Vegetative,No,Poor,9930.55,-16.75,Very Dry
2022-10-08 22:06:24,FARM_01,355,30.91,81.0,0.0,Vegetative,No,Poor,9929.55,-16.83,Very Dry
2022-10-08 22:06:24,FARM_01,350,30.93,91.1,1.58,Vegetative,No,Poor,9929.05,-16.88,Very Dry
2022-10-08 22:06:24,FARM_01,347,30.95,83.3,4.0,Vegetative,No,Poor,9928.31,-16.94,Very Dry
2022-10-08 22:06:24,FARM_01,342,30.95,80.6,0.0,Vegetative,No,Poor,9927.63,-17.0,Very Dry
2022-10-08 22:06:24,FARM_01,343,30.93,84.3,0.0,Vegetative,No,Poor,9926.98,-17.05,Very Dry
2022-10-08 22:06:24,FARM_01,343,30.9,94.5,0.0,Vegetative,No,Poor,9925.98,-17.13,Very Dry
2022-10-08 22:06:24,FARM_01,342,30.86,87.3,0.0,Vegetative,No,Poor,9925.52,-17.17,Very Dry
2022-10-08 22:06:24,FARM_01,344,30.82,79.2,0.0,Vegetative,No,Poor,9925.1,-17.21,Very Dry
2022-10-08 22:06:24,FARM_01,344,30.77,72.4,0.0,Vegetative,No,Poor,9924.97,-17.22,Very Dry
2022-10-08 22:06:24,FARM_01,3,178.7,44.8,0.0,Vegetative,Yes,Poor,-2120.4,-13.47,Very Wet
2022-10-08 22:06:24,FARM_01,244,28.38,83.4,0.0,Vegetative,No,Good,9927.26,-17.03,Wet
2022-10-08 22:06:24,FARM_01,344,30.67,86.6,0.0,Vegetative,No,Poor,9924.45,-17.26,Very Dry
2022-10-08 22:06:24,FARM_01,337,30.58,85.8,1.9,Vegetative,No,Poor,9924.74,-17.24,Very Dry
2022-10-08 22:06:24,FARM_01,336,30.46,79.9,1.63,Vegetative,No,Poor,9924.39,-17.27,Very Dry
2022-10-08 22:06:24,FARM_01,331,30.41,83.3,0.0,Vegetative,No,Poor,9924.31,-17.28,Very Dry
2022-10-08 22:06:24,FARM_01,332,30.35,83.9,3.32,Vegetative,No,Poor,9924.03,-17.3,Very Dry
2022-10-08 22:06:24,FARM_01,331,30.3,90.5,0.0,Vegetative,No,Poor,9923.61,-17.33,Very Dry
2022-10-08 22:06:24,FARM_01,333,30.25,88.2,0.0,Vegetative,No,Poor,9923.35,-17.36,Very Dry
2022-10-08 22:06:24,FARM_01,332,30.2,85.9,0.0,Vegetative,No,Poor,9923.58,-17.34,Very Dry
2022-10-08 22:06:24,FARM_01,333,30.15,80.3,0.0,Vegetative,No,Poor,9923.66,-17.33,Very Dry
2022-10-08 22:06:24,FARM_01,334,30.1,79.4,0.0,Vegetative,No,Poor,9923.86,-17.31,Very Dry
2022-10-08 22:06:24,FARM_01,330,30.07,81.4,0.0,Vegetative,No,Poor,9923.73,-17.32,Very Dry
2022-10-08 22:06:24,FARM_01,326,30.03,82.2,0.0,Vegetative,No,Poor,9923.8,-17.32,Dry
2022-10-08 22:06:24,FARM_01,320,29.98,92.8,0.0,Vegetative,No,Poor,9923.66,-17.33,Dry
2022-10-08 22:06:24,FARM_01,323,29.94,93.3,2.25,Vegetative,No,Poor,9923.39,-17.35,Dry
2022-10-08 22:06:24,FARM_01,331,29.89,84.4,4.03,Vegetative,No,Poor,9922.9,-17.39,Very Dry
2022-10-08 22:06:24,FARM_01,330,29.85,70.1,0.0,Vegetative,No,Poor,9923.31,-17.36,Very Dry
2022-10-08 22:06:24,FARM_01,330,29.81,86.9,0.0,Vegetative,No,Poor,9923.19,-17.37,Very Dry
2022-10-08 22:06:24,FARM_01,338,30.52,83.2,0.0,Vegetative,No,Poor,9924.66,-17.25,Very Dry
2022-10-08 22:06:24,FARM_01,328,29.77,86.4,2.67,Vegetative,No,Poor,9922.72,-17.41,Dry
2022-10-08 22:06:24,FARM_01,329,29.69,89.1,0.38,Vegetative,No,Poor,9922.8,-17.4,Dry
2022-10-08 22:06:24,FARM_01,329,29.47,78.3,0.0,Vegetative,No,Poor,9922.35,-17.44,Dry
2022-10-08 22:06:24,FARM_01,330,29.66,88.5,0.0,Vegetative,No,Poor,9922.67,-17.41,Very Dry
2022-10-08 22:06:24,FARM_01,330,29.64,81.9,0.0,Vegetative,No,Poor,9922.51,-17.43,Very Dry
2022-10-08 22:06:24,FARM_01,329,29.6,76.8,0.0,Vegetative,No,Poor,9922.58,-17.42,Dry
2022-10-08 22:06:24,FARM_01,329,29.57,87.2,2.99,Vegetative,No,Poor,9922.07,-17.46,Dry
2022-10-08 22:06:24,FARM_01,329,29.54,84.9,0.0,Vegetative,No,Poor,9922.28,-17.45,Dry
2022-10-08 22:06:24,FARM_01,329,29.5,83.2,0.0,Vegetative,No,Poor,9922.14,-17.46,Dry
2022-10-08 22:06:24,FARM_01,328,29.44,88.3,0.0,Vegetative,No,Poor,9922.36,-17.44,Dry
2022-10-08 22:06:24,FARM_01,336,29.73,89.0,1.33,Vegetative,No,Poor,9922.76,-17.41,Very Dry
2022-10-08 22:06:24,FARM_01,329,29.41,72.5,0.0,Vegetative,No,Poor,9922.23,-17.45,Dry
2022-10-08 22:06:24,FARM_01,327,29.38,80.9,0.0,Vegetative,No,Poor,9921.58,-17.51,Dry
2022-10-08 22:06:24,FARM_01,328,29.36,84.5,0.0,Vegetative,No,Poor,9921.78,-17.49,Dry
2022-10-08 22:06:24,FARM_01,327,29.34,83.3,0.0,Vegetative,No,Poor,9921.75,-17.49,Dry
2022-10-08 22:06:24,FARM_01,328,29.31,92.1,6.07,Vegetative,No,Poor,9921.45,-17.52,Dry
2022-10-08 22:06:24,FARM_01,328,29.29,80.6,0.0,Vegetative,No,Poor,9921.48,-17.51,Dry
2022-10-08 22:06:24,FARM_01,338,30.64,77.5,7.86,Vegetative,No,Poor,9924.72,-17.24,Very Dry
2022-10-08 22:06:24,FARM_01,323,29.28,79.9,0.0,Vegetative,No,Poor,9922.2,-17.45,Dry
