Timestamp,Farm_ID,Soil_Moisture,temperature,Humidity,Rainfall,Crop_Stage,Irrigation_Status,Crop_Outcome,pressure,altitude,class,YearMonth,hour,dayofweek,month,is_daytime,SM_roll_3,SM_roll_12,SM_change,SM_trend,heat_index,rain_last_3,dry_score,moisture_deficit,crop_stage_enc,class_enc
2022-10-08 22:06:24,FARM_01,377,29.1,87.2,0.0,Vegetative,No,Poor,9984.53,-12.21,Very Dry,2022-10,22,5,10,0,377.0,377.0,0.0,0.0,28.03696,0.0,0.07698412698412699,103,0,1
2022-10-08 22:06:24,FARM_01,380,28.99,91.3,0.0,Vegetative,No,Poor,9984.27,-12.23,Very Dry,2022-10,22,5,10,0,378.5,378.5,3.0,3.0,28.2727285,0.0,0.07608923884514435,100,0,1
2022-10-08 22:06:24,FARM_01,379,29.08,75.2,1.07,Vegetative,No,Poor,9984.36,-12.22,Very Dry,2022-10,22,5,10,0,378.6666666666667,378.6666666666667,-1.0,1.0,27.023087999999998,1.07,0.07652631578947368,101,0,1
2022-10-08 22:06:24,FARM_01,376,29.06,88.4,0.0,Vegetative,No,Poor,9984.56,-12.2,Very Dry,2022-10,22,5,10,0,378.3333333333333,378.0,-3.0,-0.4,28.099172,1.07,0.07708222811671087,104,0,1
2022-10-08 22:06:24,FARM_01,377,29.05,84.0,0.0,Vegetative,No,Poor,9984.39,-12.22,Very Dry,2022-10,22,5,10,0,377.3333333333333,377.8,1.0,-0.4,27.7256,1.07,0.07685185185185185,103,0,1
2022-10-08 22:06:24,FARM_01,377,28.86,84.3,0.0,Vegetative,No,Poor,9983.66,-12.28,Very Dry,2022-10,22,5,10,0,376.6666666666667,377.6666666666667,0.0,-0.34285714285714286,27.576839,0.0,0.07634920634920635,103,0,1
2022-10-08 22:06:24,FARM_01,379,29.03,82.9,0.0,Vegetative,No,Poor,9984.42,-12.21,Very Dry,2022-10,22,5,10,0,377.6666666666667,377.85714285714283,2.0,-0.2857142857142857,27.6164285,0.0,0.07639473684210527,101,0,1
2022-10-08 22:06:24,FARM_01,380,29.0,81.7,0.0,Vegetative,No,Poor,9984.42,-12.21,Very Dry,2022-10,22,5,10,0,378.6666666666667,378.125,1.0,0.4,27.49025,0.0,0.07611548556430446,100,0,1
2022-10-08 22:06:24,FARM_01,380,28.97,82.3,0.0,Vegetative,No,Poor,9984.1,-12.24,Very Dry,2022-10,22,5,10,0,379.6666666666667,378.3333333333333,0.0,0.8857142857142857,27.5126705,0.0,0.07603674540682415,100,0,1
2022-10-08 22:06:24,FARM_01,379,28.89,93.0,5.67,Vegetative,No,Poor,9984.16,-12.24,Very Dry,2022-10,22,5,10,0,379.6666666666667,378.4,-1.0,0.5714285714285714,28.316735,5.67,0.07602631578947369,101,0,1
2022-10-08 22:06:24,FARM_01,379,28.96,90.0,24.68,Vegetative,No,Poor,9984.1,-12.24,Very Dry,2022-10,22,5,10,0,379.3333333333333,378.45454545454544,0.0,0.2857142857142857,28.1372,30.35,0.07621052631578948,101,0,1
2022-10-08 22:06:24,FARM_01,379,28.95,81.0,1.92,Vegetative,No,Poor,9984.3,-12.23,Very Dry,2022-10,22,5,10,0,379.0,378.5,0.0,-0.11428571428571428,27.387725,32.27,0.07618421052631578,101,0,1
2022-10-08 22:06:24,FARM_01,378,28.94,83.8,0.0,Vegetative,No,Poor,9984.13,-12.24,Very Dry,2022-10,22,5,10,0,378.6666666666667,378.5833333333333,-1.0,-0.37142857142857144,27.608846,26.6,0.07635883905013192,102,0,1
2022-10-08 22:06:24,FARM_01,376,29.02,87.2,0.0,Vegetative,No,Poor,9984.59,-12.2,Very Dry,2022-10,22,5,10,0,377.6666666666667,378.25,-2.0,-0.6571428571428571,27.962592,1.92,0.0769761273209549,104,0,1
2022-10-08 22:06:24,FARM_01,381,28.88,85.1,1.99,Vegetative,No,Poor,9983.98,-12.25,Very Dry,2022-10,22,5,10,0,378.3333333333333,378.4166666666667,5.0,0.0,27.660584,1.99,0.07560209424083769,99,0,1
2022-10-08 22:06:24,FARM_01,379,28.92,86.0,0.0,Vegetative,No,Poor,9983.98,-12.25,Very Dry,2022-10,22,5,10,0,378.6666666666667,378.6666666666667,-2.0,0.11428571428571428,27.771160000000002,1.99,0.07610526315789475,101,0,1
2022-10-08 22:06:24,FARM_01,380,28.75,92.3,0.0,Vegetative,No,Poor,9981.66,-12.45,Very Dry,2022-10,22,5,10,0,380.0,378.9166666666667,1.0,0.37142857142857144,28.1253375,1.99,0.07545931758530183,100,0,1
2022-10-08 22:06:24,FARM_01,176,29.75,81.0,0.0,Vegetative,No,Good,9983.3,-12.31,Very Wet,2022-10,22,5,10,0,311.6666666666667,362.1666666666667,-204.0,-28.571428571428573,28.104125,0.0,0.16807909604519775,304,0,2
2022-10-08 22:06:24,FARM_01,174,29.78,81.0,0.0,Vegetative,Yes,Poor,9983.75,-12.27,Very Wet,2022-10,22,5,10,0,243.33333333333334,345.0833333333333,-2.0,-46.4,28.13099,0.0,0.17017142857142858,306,0,2
2022-10-08 22:06:24,FARM_01,381,28.85,87.1,8.12,Vegetative,No,Poor,9984.01,-12.25,Very Dry,2022-10,22,5,10,0,243.66666666666666,345.1666666666667,207.0,-23.4,27.7963925,8.12,0.07552356020942409,99,0,1
2022-10-08 22:06:24,FARM_01,380,28.83,86.9,7.31,Vegetative,No,Poor,9983.69,-12.28,Very Dry,2022-10,22,5,10,0,311.6666666666667,345.1666666666667,-1.0,0.17142857142857143,27.7614985,15.43,0.07566929133858268,100,0,1
2022-10-08 22:06:24,FARM_01,381,28.82,81.8,0.0,Vegetative,No,Poor,9983.34,-12.31,Very Dry,2022-10,22,5,10,0,380.6666666666667,345.3333333333333,1.0,23.542857142857144,27.336517999999998,15.43,0.07544502617801047,99,0,1
2022-10-08 22:06:24,FARM_01,384,28.81,84.3,4.2,Vegetative,No,Poor,9982.83,-12.35,Very Dry,2022-10,22,5,10,0,381.6666666666667,345.75,3.0,47.42857142857143,27.531156499999998,11.51,0.07483116883116883,96,0,1
2022-10-08 22:06:24,FARM_01,383,28.74,76.1,0.0,Vegetative,No,Poor,9981.68,-12.45,Very Dry,2022-10,22,5,10,0,382.6666666666667,346.0833333333333,-1.0,30.142857142857142,26.802426999999998,4.2,0.07484375,97,0,1
2022-10-08 22:06:24,FARM_01,383,28.8,74.1,0.0,Vegetative,No,Poor,9982.52,-12.38,Very Dry,2022-10,22,5,10,0,383.3333333333333,346.5,0.0,0.6285714285714286,26.69174,4.2,0.075,97,0,1
2022-10-08 22:06:24,FARM_01,383,28.79,83.4,4.49,Vegetative,No,Poor,9982.17,-12.4,Very Dry,2022-10,22,5,10,0,383.0,347.0833333333333,0.0,0.5714285714285714,27.439673,4.49,0.07497395833333333,97,0,1
2022-10-08 22:06:24,FARM_01,382,28.78,87.2,0.0,Vegetative,No,Poor,9981.97,-12.42,Very Dry,2022-10,22,5,10,0,382.6666666666667,347.1666666666667,-1.0,0.05714285714285714,27.739488,4.49,0.07514360313315928,98,0,1
2022-10-08 22:06:24,FARM_01,383,28.77,79.7,0.0,Vegetative,No,Poor,9981.83,-12.43,Very Dry,2022-10,22,5,10,0,382.6666666666667,347.5,1.0,-0.22857142857142856,27.1209295,4.49,0.074921875,97,0,1
2022-10-08 22:06:24,FARM_01,176,30.12,80.8,0.0,Vegetative,No,Good,9984.78,-12.18,Very Wet,2022-10,22,5,10,0,313.6666666666667,330.5,-207.0,-29.6,28.417728,0.0,0.17016949152542374,304,0,2
2022-10-08 22:06:24,FARM_01,389,28.74,84.6,0.0,Vegetative,No,Poor,9982.02,-12.42,Very Dry,2022-10,22,5,10,0,316.0,348.25,213.0,-16.857142857142858,27.491522,0.0,0.07369230769230768,91,0,1
2022-10-08 22:06:24,FARM_01,376,28.87,82.7,8.58,Vegetative,No,Poor,9983.98,-12.25,Very Dry,2022-10,22,5,10,0,313.6666666666667,365.0833333333333,-13.0,-6.314285714285714,27.455119500000002,8.58,0.07657824933687003,104,0,1
2022-10-08 22:06:24,FARM_01,382,28.77,89.5,0.0,Vegetative,No,Poor,9982.0,-12.42,Very Dry,2022-10,22,5,10,0,382.3333333333333,365.1666666666667,6.0,5.485714285714286,27.9170325,8.58,0.07511749347258485,98,0,1
2022-10-08 22:06:24,FARM_01,381,28.76,87.0,0.0,Vegetative,No,Poor,9981.83,-12.43,Very Dry,2022-10,22,5,10,0,379.6666666666667,365.25,-1.0,17.0,27.70466,8.58,0.07528795811518325,99,0,1
2022-10-08 22:06:24,FARM_01,380,28.9,78.7,0.42,Vegetative,No,Poor,9983.98,-12.25,Very Dry,2022-10,22,5,10,0,381.0,365.1666666666667,-1.0,28.62857142857143,27.154465,0.42,0.0758530183727034,100,0,1
2022-10-08 22:06:24,FARM_01,320,28.73,83.3,1.59,Vegetative,No,Poor,9982.02,-12.42,Dry,2022-10,22,5,10,0,360.3333333333333,359.8333333333333,-60.0,-9.542857142857143,27.3770495,2.0100000000000002,0.08950155763239875,160,0,0
2022-10-08 22:06:24,FARM_01,205,29.08,84.2,0.0,Vegetative,No,Good,9982.14,-12.41,Wet,2022-10,22,5,10,0,301.6666666666667,345.0,-115.0,-29.771428571428572,27.769548,2.01,0.1411650485436893,275,0,3
2022-10-08 22:06:24,FARM_01,177,30.36,88.2,0.0,Vegetative,No,Good,9984.66,-12.2,Very Wet,2022-10,22,5,10,0,234.0,327.8333333333333,-28.0,-46.08571428571429,29.298236,1.59,0.170561797752809,303,0,2
2022-10-08 22:06:24,FARM_01,188,29.4,75.5,1.89,Vegetative,No,Good,9983.11,-12.33,Very Wet,2022-10,22,5,10,0,190.0,311.5833333333333,11.0,-48.25714285714286,27.324849999999998,1.89,0.15555555555555556,292,0,2
2022-10-08 22:06:24,FARM_01,183,29.7,85.3,0.0,Vegetative,No,Good,9983.69,-12.28,Very Wet,2022-10,22,5,10,0,182.66666666666666,295.0,-5.0,-40.25714285714286,28.430654999999998,1.89,0.16141304347826085,297,0,2
2022-10-08 22:06:24,FARM_01,181,29.92,74.7,0.0,Vegetative,No,Good,9983.96,-12.25,Very Wet,2022-10,22,5,10,0,184.0,278.1666666666667,-2.0,-21.428571428571427,27.704732,1.89,0.1643956043956044,299,0,2
2022-10-08 22:06:24,FARM_01,180,30.09,90.5,1.19,Vegetative,No,Good,9984.13,-12.24,Very Wet,2022-10,22,5,10,0,181.33333333333334,278.5,-1.0,-3.3714285714285714,29.2492975,1.19,0.16624309392265194,300,0,2
2022-10-08 22:06:24,FARM_01,176,30.34,86.5,0.0,Vegetative,No,Good,9984.84,-12.18,Very Wet,2022-10,22,5,10,0,179.0,260.75,-4.0,-0.8857142857142857,29.126755,1.19,0.17141242937853107,304,0,2
2022-10-08 22:06:24,FARM_01,180,30.21,84.1,0.0,Vegetative,No,Good,9984.14,-12.24,Very Wet,2022-10,22,5,10,0,178.66666666666666,244.41666666666666,4.0,-1.7714285714285714,28.7924355,1.19,0.1669060773480663,300,0,2
2022-10-08 22:06:24,FARM_01,178,30.4,83.4,0.0,Vegetative,No,Good,9984.95,-12.17,Very Wet,2022-10,22,5,10,0,178.0,227.41666666666666,-2.0,-0.9142857142857143,28.90268,0.0,0.16983240223463686,302,0,2
2022-10-08 22:06:24,FARM_01,177,30.37,78.8,0.82,Vegetative,No,Good,9984.83,-12.18,Very Wet,2022-10,22,5,10,0,178.33333333333334,210.41666666666666,-1.0,-0.6285714285714286,28.461258,0.82,0.17061797752808988,303,0,2
2022-10-08 22:06:24,FARM_01,385,28.79,89.0,7.11,Vegetative,No,Poor,9982.52,-12.38,Very Dry,2022-10,22,5,10,0,246.66666666666666,210.83333333333334,208.0,29.314285714285713,27.895205,7.930000000000001,0.07458549222797928,95,0,1
2022-10-08 22:06:24,FARM_01,177,30.42,74.5,0.0,Vegetative,No,Good,9984.91,-12.17,Very Wet,2022-10,22,5,10,0,246.33333333333334,198.91666666666666,-208.0,17.685714285714287,28.117095000000003,7.930000000000001,0.1708988764044944,303,0,2
2022-10-08 22:06:24,FARM_01,176,30.43,90.3,18.89,Vegetative,No,Good,9984.73,-12.19,Very Wet,2022-10,22,5,10,0,246.0,196.5,-1.0,5.285714285714285,29.5534595,26.0,0.17192090395480225,304,0,2
2022-10-08 22:06:24,FARM_01,178,30.43,83.1,0.0,Vegetative,No,Good,9984.4,-12.22,Very Wet,2022-10,22,5,10,0,177.0,196.58333333333334,2.0,-6.0285714285714285,28.902831499999998,18.89,0.17,302,0,2
2022-10-08 22:06:24,FARM_01,179,30.3,85.9,0.0,Vegetative,No,Good,9984.55,-12.2,Very Wet,2022-10,22,5,10,0,177.66666666666666,195.83333333333334,1.0,-17.485714285714284,29.035935000000002,18.89,0.16833333333333333,301,0,2
2022-10-08 22:06:24,FARM_01,176,30.28,80.1,0.0,Vegetative,No,Good,9984.77,-12.19,Very Wet,2022-10,22,5,10,0,177.66666666666666,195.25,-3.0,-29.62857142857143,28.498154,0.0,0.17107344632768362,304,0,2
2022-10-08 22:06:24,FARM_01,175,29.81,90.9,0.0,Vegetative,No,Good,9983.74,-12.27,Very Wet,2022-10,22,5,10,0,176.66666666666666,194.75,-1.0,-0.2571428571428571,29.0187095,0.0,0.169375,305,0,2
2022-10-08 22:06:24,FARM_01,175,29.84,89.7,14.71,Vegetative,No,Good,9983.88,-12.26,Very Wet,2022-10,22,5,10,0,175.33333333333334,194.33333333333334,0.0,-0.4857142857142857,28.942664,14.71,0.16954545454545455,305,0,2
2022-10-08 22:06:24,FARM_01,284,28.73,83.4,0.0,Vegetative,No,Poor,9982.02,-12.42,Dry,2022-10,22,5,10,0,211.33333333333334,203.33333333333334,109.0,14.771428571428572,27.385151,14.71,0.10080701754385965,196,0,0
2022-10-08 22:06:24,FARM_01,250,28.82,79.0,0.0,Vegetative,No,Good,9981.97,-12.42,Wet,2022-10,22,5,10,0,236.33333333333334,209.16666666666666,-34.0,19.4,27.10829,14.71,0.1148207171314741,230,0,3
2022-10-08 22:06:24,FARM_01,175,30.05,75.1,0.0,Vegetative,No,Good,9984.52,-12.21,Very Wet,2022-10,22,5,10,0,236.33333333333334,208.91666666666666,-75.0,9.4,27.8519525,0.0,0.17073863636363637,305,0,2
2022-10-08 22:06:24,FARM_01,176,30.24,86.7,0.0,Vegetative,No,Good,9984.61,-12.2,Very Wet,2022-10,22,5,10,0,200.33333333333334,208.83333333333334,1.0,-0.8285714285714286,29.052044,0.0,0.17084745762711864,304,0,2
2022-10-08 22:06:24,FARM_01,176,30.2,87.3,0.0,Vegetative,No,Good,9984.85,-12.18,Very Wet,2022-10,22,5,10,0,175.66666666666666,191.41666666666666,0.0,-11.257142857142858,29.06843,0.0,0.17062146892655367,304,0,2
2022-10-08 22:06:24,FARM_01,175,30.17,78.0,0.0,Vegetative,No,Good,9984.9,-12.17,Very Wet,2022-10,22,5,10,0,175.66666666666666,191.25,-1.0,-21.885714285714286,28.213430000000002,0.0,0.17142045454545454,305,0,2
2022-10-08 22:06:24,FARM_01,175,30.13,86.2,7.78,Vegetative,No,Good,9984.77,-12.19,Very Wet,2022-10,22,5,10,0,175.33333333333334,191.16666666666666,0.0,-10.714285714285714,28.905732999999998,7.78,0.1711931818181818,305,0,2
2022-10-08 22:06:24,FARM_01,177,30.43,85.0,0.0,Vegetative,No,Good,9984.56,-12.2,Very Wet,2022-10,22,5,10,0,175.66666666666666,191.08333333333334,2.0,0.17142857142857143,29.074525,7.78,0.17095505617977527,303,0,2
2022-10-08 22:06:24,FARM_01,382,28.75,85.0,0.0,Vegetative,No,Poor,9981.48,-12.46,Very Dry,2022-10,22,5,10,0,244.66666666666666,208.0,205.0,29.514285714285716,27.533125,7.78,0.07506527415143603,98,0,1
2022-10-08 22:06:24,FARM_01,174,30.08,89.8,1.91,Vegetative,No,Good,9984.65,-12.2,Very Wet,2022-10,22,5,10,0,244.33333333333334,207.83333333333334,-208.0,17.514285714285716,29.177912,1.91,0.17188571428571428,306,0,2
2022-10-08 22:06:24,FARM_01,382,28.91,86.7,0.0,Vegetative,No,Poor,9984.16,-12.24,Very Dry,2022-10,22,5,10,0,312.6666666666667,225.08333333333334,208.0,35.34285714285714,27.8193335,1.91,0.07548302872062664,98,0,1
2022-10-08 22:06:24,FARM_01,174,30.01,92.7,0.0,Vegetative,Yes,Poor,9984.36,-12.22,Very Wet,2022-10,22,5,10,0,243.33333333333334,225.0,-208.0,11.485714285714286,29.3671985,1.91,0.1714857142857143,306,0,2
2022-10-08 22:06:24,FARM_01,368,29.23,88.3,1.64,Vegetative,No,Poor,9982.88,-12.35,Very Dry,2022-10,22,5,10,0,308.0,232.0,194.0,15.4,28.2499495,1.64,0.07921409214092141,112,0,1
2022-10-08 22:06:24,FARM_01,175,29.94,87.4,8.24,Vegetative,No,Good,9984.13,-12.24,Very Wet,2022-10,22,5,10,0,239.0,225.75,-193.0,-18.885714285714286,28.835358000000003,9.88,0.17011363636363638,305,0,2
2022-10-08 22:06:24,FARM_01,174,29.91,83.8,0.0,Vegetative,Yes,Poor,9984.17,-12.24,Very Wet,2022-10,22,5,10,0,239.0,225.66666666666666,-1.0,-12.2,28.492418999999998,9.88,0.1709142857142857,306,0,2
2022-10-08 22:06:24,FARM_01,175,29.88,87.4,0.0,Vegetative,No,Good,9983.84,-12.26,Very Wet,2022-10,22,5,10,0,174.66666666666666,225.58333333333334,1.0,-35.08571428571429,28.779516,8.24,0.16977272727272727,305,0,2
2022-10-08 22:06:24,FARM_01,174,29.73,84.0,2.6,Vegetative,No,Good,9983.31,-12.31,Very Wet,2022-10,22,5,10,0,174.33333333333334,225.41666666666666,-1.0,-16.571428571428573,28.34576,2.6,0.16988571428571428,306,0,2
2022-10-08 22:06:24,FARM_01,176,30.41,85.5,4.1,Vegetative,No,Good,9984.23,-12.23,Very Wet,2022-10,22,5,10,0,175.0,225.5,2.0,-27.485714285714284,29.1013025,6.699999999999999,0.17180790960451978,304,0,2
2022-10-08 22:06:24,FARM_01,173,29.7,80.1,0.0,Vegetative,Yes,Poor,9983.34,-12.31,Very Wet,2022-10,22,5,10,0,174.33333333333334,225.33333333333334,-3.0,-0.14285714285714285,27.981634999999997,6.699999999999999,0.1706896551724138,307,0,2
2022-10-08 22:06:24,FARM_01,362,28.89,82.9,5.97,Vegetative,No,Poor,9982.44,-12.38,Very Dry,2022-10,22,5,10,0,237.0,240.75,189.0,26.742857142857144,27.4895955,10.07,0.07958677685950413,118,0,1
2022-10-08 22:06:24,FARM_01,172,29.33,85.8,0.0,Vegetative,Yes,Poor,9981.78,-12.44,Very Wet,2022-10,22,5,10,0,235.66666666666666,223.25,-190.0,15.6,28.132727,5.97,0.16953757225433524,308,0,2
2022-10-08 22:06:24,FARM_01,174,29.51,86.7,3.16,Vegetative,No,Good,9982.33,-12.39,Very Wet,2022-10,22,5,10,0,236.0,223.25,2.0,5.057142857142856,28.375443500000003,9.129999999999999,0.16862857142857143,306,0,2
2022-10-08 22:06:24,FARM_01,175,29.67,85.5,0.0,Vegetative,No,Good,9983.52,-12.29,Very Wet,2022-10,22,5,10,0,173.66666666666666,206.0,1.0,-5.485714285714286,28.420317500000003,3.16,0.16857954545454545,305,0,2
2022-10-08 22:06:24,FARM_01,174,29.64,86.7,0.0,Vegetative,Yes,Poor,9983.22,-12.32,Very Wet,2022-10,22,5,10,0,174.33333333333334,206.0,-1.0,-15.82857142857143,28.495934000000002,3.16,0.16937142857142856,306,0,2
2022-10-08 22:06:24,FARM_01,174,29.61,82.7,0.0,Vegetative,Yes,Poor,9982.91,-12.34,Very Wet,2022-10,22,5,10,0,174.33333333333334,189.83333333333334,0.0,-26.65714285714286,28.1247085,0.0,0.1692,306,0,2
2022-10-08 22:06:24,FARM_01,175,29.59,75.2,1.38,Vegetative,No,Good,9982.94,-12.34,Very Wet,2022-10,22,5,10,0,174.33333333333334,189.83333333333334,1.0,0.4,27.463524,1.38,0.168125,305,0,2
2022-10-08 22:06:24,FARM_01,176,29.98,80.9,1.04,Vegetative,No,Good,9984.26,-12.23,Very Wet,2022-10,22,5,10,0,175.0,190.0,1.0,0.2857142857142857,28.301301000000002,2.42,0.16937853107344633,304,0,2
2022-10-08 22:06:24,FARM_01,167,29.31,91.0,0.0,Vegetative,Yes,Poor,9982.12,-12.41,Very Wet,2022-10,22,5,10,0,172.66666666666666,189.33333333333334,-9.0,-0.9428571428571428,28.552155,2.42,0.1744642857142857,313,0,2
2022-10-08 22:06:24,FARM_01,173,29.48,76.9,0.0,Vegetative,Yes,Poor,9982.19,-12.4,Very Wet,2022-10,22,5,10,0,172.0,189.25,6.0,-0.7142857142857143,27.513266,1.04,0.16942528735632184,307,0,2
2022-10-08 22:06:24,FARM_01,182,29.35,81.5,1.42,Vegetative,No,Good,9981.6,-12.45,Very Wet,2022-10,22,5,10,0,174.0,189.75,9.0,0.7142857142857143,27.7881375,1.42,0.16038251366120218,298,0,2
2022-10-08 22:06:24,FARM_01,172,29.46,96.0,0.0,Vegetative,Yes,Poor,9982.02,-12.42,Very Wet,2022-10,22,5,10,0,175.66666666666666,189.66666666666666,-10.0,0.2571428571428571,29.119880000000002,1.42,0.17028901734104046,308,0,2
2022-10-08 22:06:24,FARM_01,164,29.43,88.2,0.0,Vegetative,Yes,Poor,9981.34,-12.47,Very Wet,2022-10,22,5,10,0,172.66666666666666,173.16666666666666,-8.0,-1.0285714285714285,28.428593,1.42,0.17836363636363636,316,0,2
2022-10-08 22:06:24,FARM_01,157,29.42,82.6,5.29,Vegetative,No,Good,9981.38,-12.47,Very Wet,2022-10,22,5,10,0,164.33333333333334,171.91666666666666,-7.0,-2.4857142857142858,27.944306,5.29,0.18620253164556963,323,0,2
2022-10-08 22:06:24,FARM_01,157,29.4,93.8,0.0,Vegetative,Yes,Poor,9981.38,-12.47,Very Wet,2022-10,22,5,10,0,159.33333333333334,170.5,0.0,-4.6571428571428575,28.874859999999998,5.29,0.1860759493670886,323,0,2
2022-10-08 22:06:24,FARM_01,176,29.53,75.2,0.0,Vegetative,No,Good,9982.64,-12.36,Very Wet,2022-10,22,5,10,0,163.33333333333334,170.58333333333334,19.0,-2.342857142857143,27.411708,5.29,0.1668361581920904,304,0,2
2022-10-08 22:06:24,FARM_01,172,29.38,89.1,0.0,Vegetative,Yes,Poor,9981.57,-12.46,Very Wet,2022-10,22,5,10,0,168.33333333333334,170.41666666666666,-4.0,1.0285714285714285,28.457969,0.0,0.16982658959537572,308,0,2
2022-10-08 22:06:24,FARM_01,456,29.3,79.9,0.0,Vegetative,No,Poor,9982.5,-12.38,Very Dry,2022-10,22,5,10,0,268.0,193.91666666666666,284.0,43.542857142857144,27.608585,0.0,0.06411378555798687,24,0,1
2022-10-08 22:06:24,FARM_01,362,29.12,80.8,0.0,Vegetative,No,Poor,9982.8,-12.35,Very Dry,2022-10,22,5,10,0,330.0,209.5,-94.0,54.8,27.523328,0.0,0.08022038567493113,118,0,1
2022-10-08 22:06:24,FARM_01,364,29.08,79.5,0.0,Vegetative,No,Poor,9982.3,-12.39,Very Dry,2022-10,22,5,10,0,394.0,225.16666666666666,2.0,53.628571428571426,27.37973,0.0,0.07967123287671232,116,0,1
2022-10-08 22:06:24,FARM_01,454,29.29,88.3,0.0,Vegetative,No,Poor,9982.67,-12.36,Very Dry,2022-10,22,5,10,0,393.3333333333333,249.08333333333334,90.0,53.48571428571429,28.306088499999998,0.0,0.06437362637362637,26,0,1
2022-10-08 22:06:24,FARM_01,376,29.27,81.0,0.0,Vegetative,No,Poor,9982.53,-12.37,Very Dry,2022-10,22,5,10,0,398.0,266.0,-78.0,29.02857142857143,27.674285,0.0,0.0776392572944297,104,0,1
2022-10-08 22:06:24,FARM_01,174,29.56,88.1,0.0,Vegetative,Yes,Poor,9982.6,-12.37,Very Wet,2022-10,22,5,10,0,334.6666666666667,265.3333333333333,-202.0,-36.51428571428571,28.541597999999997,0.0,0.1689142857142857,306,0,2
2022-10-08 22:06:24,FARM_01,369,29.26,82.0,0.0,Vegetative,No,Poor,9982.7,-12.36,Very Dry,2022-10,22,5,10,0,306.3333333333333,281.75,195.0,-17.514285714285716,27.74926,0.0,0.07908108108108108,111,0,1
2022-10-08 22:06:24,FARM_01,367,29.24,93.6,0.88,Vegetative,No,Poor,9982.73,-12.36,Very Dry,2022-10,22,5,10,0,303.3333333333333,298.6666666666667,-2.0,-12.628571428571426,28.703552,0.88,0.07945652173913043,113,0,1
2022-10-08 22:06:24,FARM_01,368,29.05,83.1,0.0,Vegetative,No,Poor,9982.67,-12.36,Very Dry,2022-10,22,5,10,0,368.0,316.25,1.0,-7.485714285714286,27.6511025,0.88,0.07872628726287263,112,0,1
2022-10-08 22:06:24,FARM_01,364,29.2,93.0,0.69,Vegetative,No,Poor,9982.56,-12.37,Very Dry,2022-10,22,5,10,0,366.3333333333333,333.5,-4.0,14.857142857142858,28.6148,1.5699999999999998,0.08,116,0,1
2022-10-08 22:06:24,FARM_01,363,29.18,78.8,0.0,Vegetative,No,Poor,9982.77,-12.35,Very Dry,2022-10,22,5,10,0,365.0,349.0833333333333,-1.0,26.6,27.410012,0.69,0.08016483516483516,117,0,1
2022-10-08 22:06:24,FARM_01,363,29.17,90.6,0.0,Vegetative,No,Poor,9982.94,-12.34,Very Dry,2022-10,22,5,10,0,363.3333333333333,365.0,0.0,-1.3142857142857143,28.385711,0.69,0.08013736263736264,117,0,1
2022-10-08 22:06:24,FARM_01,363,29.16,86.9,0.0,Vegetative,No,Poor,9982.79,-12.35,Very Dry,2022-10,22,5,10,0,363.0,357.25,0.0,-1.0285714285714285,28.067722,0.0,0.08010989010989011,117,0,1
2022-10-08 22:06:24,FARM_01,360,29.14,89.2,0.0,Vegetative,No,Poor,9983.13,-12.32,Very Dry,2022-10,22,5,10,0,362.0,357.0833333333333,-3.0,-1.2285714285714286,28.240684,0.0,0.0807202216066482,120,0,1
2022-10-08 22:06:24,FARM_01,363,29.13,88.8,0.0,Vegetative,No,Poor,9982.81,-12.35,Very Dry,2022-10,22,5,10,0,362.0,357.0,3.0,-0.4,28.197992,0.0,0.08002747252747253,117,0,1
2022-10-08 22:06:24,FARM_01,368,29.21,92.3,0.0,Vegetative,No,Poor,9982.73,-12.36,Very Dry,2022-10,22,5,10,0,363.6666666666667,349.8333333333333,5.0,0.6285714285714286,28.5658565,0.0,0.079159891598916,112,0,1
2022-10-08 22:06:24,FARM_01,164,29.36,89.1,0.0,Vegetative,Yes,Poor,9981.43,-12.47,Very Wet,2022-10,22,5,10,0,298.3333333333333,332.1666666666667,-204.0,-27.914285714285715,28.439168,0.0,0.17793939393939393,316,0,2
2022-10-08 22:06:24,FARM_01,365,29.1,78.7,0.0,Vegetative,No,Poor,9982.65,-12.36,Very Dry,2022-10,22,5,10,0,299.0,348.0833333333333,201.0,-16.37142857142857,27.331035,0.0,0.07950819672131149,115,0,1
2022-10-08 22:06:24,FARM_01,365,29.06,91.4,0.0,Vegetative,No,Poor,9982.16,-12.41,Very Dry,2022-10,22,5,10,0,298.0,347.75,0.0,-4.942857142857143,28.347662,0.0,0.07939890710382513,115,0,1
2022-10-08 22:06:24,FARM_01,267,28.85,76.0,7.18,Vegetative,No,Good,9982.12,-12.41,Wet,2022-10,22,5,10,0,332.3333333333333,339.4166666666667,-98.0,-8.228571428571428,26.8898,7.18,0.10764925373134329,213,0,3
2022-10-08 22:06:24,FARM_01,367,28.96,79.0,4.96,Vegetative,No,Poor,9982.59,-12.37,Very Dry,2022-10,22,5,10,0,333.0,339.3333333333333,100.0,8.685714285714285,27.232120000000002,12.14,0.07869565217391304,113,0,1
2022-10-08 22:06:24,FARM_01,362,29.04,81.2,0.0,Vegetative,No,Poor,9982.7,-12.36,Very Dry,2022-10,22,5,10,0,332.0,339.1666666666667,-5.0,25.65714285714286,27.484863999999998,12.14,0.08,118,0,1
2022-10-08 22:06:24,FARM_01,363,29.02,82.4,1.44,Vegetative,No,Poor,9982.7,-12.36,Very Dry,2022-10,22,5,10,0,364.0,339.1666666666667,1.0,2.3142857142857145,27.566064,6.4,0.07972527472527473,117,0,1
2022-10-08 22:06:24,FARM_01,363,29.0,87.0,0.0,Vegetative,No,Poor,9982.36,-12.39,Very Dry,2022-10,22,5,10,0,362.6666666666667,339.1666666666667,0.0,7.8,27.9275,1.44,0.07967032967032966,117,0,1
2022-10-08 22:06:24,FARM_01,362,28.99,81.7,0.0,Vegetative,No,Poor,9982.36,-12.39,Very Dry,2022-10,22,5,10,0,362.6666666666667,339.0833333333333,-1.0,13.257142857142858,27.4812565,1.44,0.07986225895316804,118,0,1
2022-10-08 22:06:24,FARM_01,224,28.85,82.8,10.46,Vegetative,No,Good,9983.32,-12.31,Wet,2022-10,22,5,10,0,316.3333333333333,327.75,-138.0,-20.428571428571427,27.44519,10.46,0.12822222222222224,256,0,3
2022-10-08 22:06:24,FARM_01,363,28.98,86.3,0.0,Vegetative,No,Poor,9982.56,-12.37,Very Dry,2022-10,22,5,10,0,316.3333333333333,327.75,139.0,-11.8,27.851257,10.46,0.07961538461538462,117,0,1
2022-10-08 22:06:24,FARM_01,364,28.94,85.3,1.26,Vegetative,No,Poor,9982.41,-12.38,Very Dry,2022-10,22,5,10,0,317.0,327.4166666666667,1.0,-3.8,27.732101,11.72,0.07928767123287672,116,0,1
2022-10-08 22:06:24,FARM_01,323,28.86,78.6,1.52,Vegetative,No,Poor,9981.95,-12.42,Dry,2022-10,22,5,10,0,350.0,340.6666666666667,-41.0,-1.5714285714285714,27.110978,2.7800000000000002,0.08907407407407407,157,0,0
2022-10-08 22:06:24,FARM_01,365,28.93,76.6,0.0,Vegetative,No,Poor,9982.41,-12.38,Very Dry,2022-10,22,5,10,0,350.6666666666667,340.6666666666667,42.0,8.942857142857143,27.008509,2.7800000000000002,0.07904371584699453,115,0,1
2022-10-08 22:06:24,FARM_01,368,28.92,79.6,0.0,Vegetative,No,Poor,9982.78,-12.35,Very Dry,2022-10,22,5,10,0,352.0,340.9166666666667,3.0,19.571428571428573,27.245976000000002,1.52,0.07837398373983741,112,0,1
2022-10-08 22:06:24,FARM_01,362,28.91,82.9,0.0,Vegetative,No,Poor,9982.61,-12.37,Very Dry,2022-10,22,5,10,0,365.0,348.8333333333333,-6.0,1.4,27.5077145,0.0,0.07964187327823692,118,0,1
2022-10-08 22:06:24,FARM_01,367,28.9,70.2,0.0,Vegetative,No,Poor,9982.64,-12.36,Very Dry,2022-10,22,5,10,0,365.6666666666667,348.8333333333333,5.0,3.857142857142857,26.45789,0.0,0.07853260869565216,113,0,1
2022-10-08 22:06:24,FARM_01,362,28.96,91.4,0.0,Vegetative,No,Poor,9982.22,-12.4,Very Dry,2022-10,22,5,10,0,363.6666666666667,348.8333333333333,-5.0,5.571428571428571,28.252392,0.0,0.07977961432506887,118,0,1
2022-10-08 22:06:24,FARM_01,204,28.94,85.5,0.0,Vegetative,No,Good,9987.21,-11.98,Wet,2022-10,22,5,10,0,311.0,335.5833333333333,-158.0,-23.37142857142857,27.748535,0.0,0.1411707317073171,276,0,3
2022-10-08 22:06:24,FARM_01,179,30.48,83.9,16.75,Vegetative,No,Good,9984.68,-12.19,Very Wet,2022-10,22,5,10,0,248.33333333333334,320.25,-25.0,-40.68571428571428,29.020696,16.75,0.16933333333333334,301,0,2
2022-10-08 22:06:24,FARM_01,179,30.51,82.2,0.0,Vegetative,No,Good,9984.3,-12.23,Very Wet,2022-10,22,5,10,0,187.33333333333334,305.0,0.0,-46.77142857142857,28.893671,16.75,0.1695,301,0,2
2022-10-08 22:06:24,FARM_01,364,29.1,81.3,0.0,Vegetative,No,Poor,9982.47,-12.38,Very Dry,2022-10,22,5,10,0,240.66666666666666,316.6666666666667,185.0,-16.82857142857143,27.546965,16.75,0.07972602739726027,116,0,1
2022-10-08 22:06:24,FARM_01,176,30.31,88.7,1.19,Vegetative,No,Good,9984.89,-12.18,Very Wet,2022-10,22,5,10,0,239.66666666666666,301.0833333333333,-188.0,-12.857142857142858,29.2963335,1.19,0.17124293785310735,304,0,2
2022-10-08 22:06:24,FARM_01,372,28.99,80.8,0.0,Vegetative,No,Poor,9973.8,-13.11,Very Dry,2022-10,22,5,10,0,304.0,301.75,196.0,29.02857142857143,27.407055999999997,1.19,0.07772117962466488,108,0,1
2022-10-08 22:06:24,FARM_01,188,29.28,79.1,0.0,Vegetative,No,Good,9994.16,-11.4,Very Wet,2022-10,22,5,10,0,245.33333333333334,290.5,-184.0,12.457142857142857,27.523564,1.19,0.15492063492063493,292,0,2
2022-10-08 22:06:24,FARM_01,370,29.82,76.9,0.0,Vegetative,No,Poor,9976.02,-12.92,Very Dry,2022-10,22,5,10,0,310.0,290.9166666666667,182.0,17.8,27.810069,0.0,0.08037735849056604,110,0,1
2022-10-08 22:06:24,FARM_01,182,30.28,89.3,0.0,Vegetative,No,Good,9988.36,-11.88,Very Wet,2022-10,22,5,10,0,246.66666666666666,275.4166666666667,-188.0,-14.628571428571428,29.321922,0.0,0.16546448087431695,298,0,2
2022-10-08 22:06:24,FARM_01,181,30.38,81.9,0.0,Vegetative,No,Good,9987.55,-11.95,Very Wet,2022-10,22,5,10,0,244.33333333333334,260.3333333333333,-1.0,-10.371428571428572,28.749371,0.0,0.16692307692307692,299,0,2
2022-10-08 22:06:24,FARM_01,179,30.46,77.0,0.0,Vegetative,No,Good,9987.09,-11.99,Very Wet,2022-10,22,5,10,0,180.66666666666666,244.66666666666666,-2.0,-33.542857142857144,28.37781,0.0,0.16922222222222222,301,0,2
2022-10-08 22:06:24,FARM_01,182,30.5,80.6,0.0,Vegetative,No,Good,9986.53,-12.04,Very Wet,2022-10,22,5,10,0,180.66666666666666,229.66666666666666,3.0,-17.257142857142856,28.739449999999998,0.0,0.16666666666666666,298,0,2
2022-10-08 22:06:24,FARM_01,181,30.53,79.3,16.89,Vegetative,No,Good,9985.8,-12.1,Very Wet,2022-10,22,5,10,0,180.66666666666666,227.75,-1.0,-27.057142857142857,28.6480595,16.89,0.16774725274725275,299,0,2
2022-10-08 22:06:24,FARM_01,181,30.55,88.2,0.0,Vegetative,No,Good,9985.59,-12.12,Very Wet,2022-10,22,5,10,0,181.33333333333334,227.91666666666666,0.0,-0.05714285714285714,29.475905,16.89,0.16785714285714287,299,0,2
2022-10-08 22:06:24,FARM_01,180,30.55,77.7,0.0,Vegetative,No,Good,9985.24,-12.15,Very Wet,2022-10,22,5,10,0,180.66666666666666,228.0,-1.0,0.0,28.520142500000002,16.89,0.16878453038674032,300,0,2
2022-10-08 22:06:24,FARM_01,180,30.54,87.4,0.0,Vegetative,No,Good,9984.94,-12.17,Very Wet,2022-10,22,5,10,0,180.33333333333334,212.66666666666666,0.0,-0.02857142857142857,29.393778,0.0,0.1687292817679558,300,0,2
2022-10-08 22:06:24,FARM_01,178,30.53,79.6,0.0,Vegetative,No,Good,9984.77,-12.19,Very Wet,2022-10,22,5,10,0,179.33333333333334,212.83333333333334,-2.0,-0.6857142857142857,28.675334,0.0,0.1705586592178771,302,0,2
2022-10-08 22:06:24,FARM_01,391,28.87,89.0,0.0,Vegetative,No,Poor,9982.09,-12.41,Very Dry,2022-10,22,5,10,0,249.66666666666666,214.41666666666666,213.0,29.742857142857144,27.970365,0.0,0.07364795918367348,89,0,1
2022-10-08 22:06:24,FARM_01,177,30.39,87.1,0.0,Vegetative,No,Good,9984.61,-12.2,Very Wet,2022-10,22,5,10,0,248.66666666666666,213.5,-214.0,17.457142857142856,29.2271295,0.0,0.17073033707865168,303,0,2
2022-10-08 22:06:24,FARM_01,178,30.44,88.2,3.22,Vegetative,No,Good,9984.7,-12.19,Very Wet,2022-10,22,5,10,0,248.66666666666666,197.5,1.0,5.542857142857143,29.373044,3.22,0.17005586592178773,302,0,2
2022-10-08 22:06:24,FARM_01,180,30.4,93.4,3.46,Vegetative,No,Good,9984.27,-12.23,Very Wet,2022-10,22,5,10,0,178.33333333333334,197.33333333333334,2.0,-6.114285714285714,29.804679999999998,6.68,0.16795580110497238,300,0,2
2022-10-08 22:06:24,FARM_01,182,30.14,87.0,0.0,Vegetative,No,Good,9989.06,-11.82,Very Wet,2022-10,22,5,10,0,180.0,197.41666666666666,2.0,-17.485714285714284,28.98599,6.68,0.16469945355191257,298,0,2
2022-10-08 22:06:24,FARM_01,178,29.7,88.2,0.0,Vegetative,No,Good,9980.77,-12.52,Very Wet,2022-10,22,5,10,0,180.0,197.33333333333334,-4.0,-29.942857142857143,28.68107,3.46,0.1659217877094972,302,0,2
2022-10-08 22:06:24,FARM_01,179,30.27,85.7,0.0,Vegetative,No,Good,9984.08,-12.24,Very Wet,2022-10,22,5,10,0,179.66666666666666,197.08333333333334,1.0,0.34285714285714286,28.9903645,0.0,0.16816666666666666,301,0,2
2022-10-08 22:06:24,FARM_01,181,30.22,85.4,0.0,Vegetative,No,Good,9983.95,-12.25,Very Wet,2022-10,22,5,10,0,179.33333333333334,197.08333333333334,2.0,0.22857142857142856,28.917534,0.0,0.16604395604395603,299,0,2
2022-10-08 22:06:24,FARM_01,179,30.18,87.1,0.0,Vegetative,No,Good,9983.66,-12.28,Very Wet,2022-10,22,5,10,0,179.66666666666666,196.91666666666666,-2.0,-0.2,29.032028999999998,0.0,0.16766666666666666,301,0,2
2022-10-08 22:06:24,FARM_01,179,30.14,80.2,0.0,Vegetative,No,Good,9983.73,-12.27,Very Wet,2022-10,22,5,10,0,179.66666666666666,196.83333333333334,0.0,-0.2857142857142857,28.382354,0.0,0.16744444444444445,301,0,2
2022-10-08 22:06:24,FARM_01,180,29.67,86.0,0.0,Vegetative,No,Good,9980.78,-12.52,Very Wet,2022-10,22,5,10,0,179.33333333333334,196.83333333333334,1.0,0.22857142857142856,28.463410000000003,0.0,0.16392265193370167,300,0,2
2022-10-08 22:06:24,FARM_01,179,30.09,90.8,0.0,Vegetative,No,Good,9983.41,-12.3,Very Wet,2022-10,22,5,10,0,179.33333333333334,196.91666666666666,-1.0,-0.08571428571428572,29.275845999999998,0.0,0.16716666666666666,301,0,2
2022-10-08 22:06:24,FARM_01,178,29.99,89.0,3.2,Vegetative,No,Good,9982.86,-12.35,Very Wet,2022-10,22,5,10,0,179.0,179.16666666666666,-1.0,-0.4,29.022605,3.2,0.16754189944134076,302,0,2
2022-10-08 22:06:24,FARM_01,179,29.73,94.5,1.11,Vegetative,No,Good,9980.73,-12.53,Very Wet,2022-10,22,5,10,0,178.66666666666666,179.33333333333334,1.0,-0.11428571428571428,29.2541675,4.3100000000000005,0.16516666666666666,301,0,2
2022-10-08 22:06:24,FARM_01,178,29.95,77.6,0.0,Vegetative,No,Good,9982.75,-12.36,Very Wet,2022-10,22,5,10,0,178.33333333333334,179.33333333333334,-1.0,-0.2571428571428571,27.984959999999997,4.3100000000000005,0.16731843575418995,302,0,2
2022-10-08 22:06:24,FARM_01,179,29.91,84.1,0.0,Vegetative,No,Good,9982.26,-12.4,Very Wet,2022-10,22,5,10,0,178.66666666666666,179.25,1.0,-0.2,28.5186705,1.11,0.16616666666666666,301,0,2
2022-10-08 22:06:24,FARM_01,178,29.87,74.9,0.0,Vegetative,No,Good,9981.95,-12.42,Very Wet,2022-10,22,5,10,0,178.33333333333334,178.91666666666666,-1.0,-0.08571428571428572,27.6791465,0.0,0.16687150837988826,302,0,2
2022-10-08 22:06:24,FARM_01,178,29.83,85.9,0.0,Vegetative,No,Good,9981.67,-12.45,Very Wet,2022-10,22,5,10,0,178.33333333333334,178.91666666666666,0.0,-0.05714285714285714,28.6023835,0.0,0.16664804469273742,302,0,2
2022-10-08 22:06:24,FARM_01,178,29.03,92.1,4.06,Vegetative,No,Good,9981.84,-12.43,Very Wet,2022-10,22,5,10,0,178.0,178.83333333333334,0.0,-0.17142857142857143,28.3769465,4.06,0.16217877094972066,302,0,2
2022-10-08 22:06:24,FARM_01,179,30.03,90.8,2.75,Vegetative,No,Good,9983.35,-12.31,Very Wet,2022-10,22,5,10,0,178.33333333333334,178.66666666666666,1.0,0.05714285714285714,29.218882,6.81,0.16683333333333333,301,0,2
2022-10-08 22:06:24,FARM_01,182,29.94,89.4,0.0,Vegetative,No,Good,9989.62,-11.78,Very Wet,2022-10,22,5,10,0,179.66666666666666,178.91666666666666,3.0,0.5142857142857142,29.010698,6.81,0.16360655737704918,298,0,2
2022-10-08 22:06:24,FARM_01,179,30.07,85.0,0.0,Vegetative,No,Good,9983.63,-12.28,Very Wet,2022-10,22,5,10,0,180.0,178.91666666666666,-3.0,0.5142857142857142,28.744225,2.75,0.16705555555555557,301,0,2
2022-10-08 22:06:24,FARM_01,178,29.8,75.4,0.0,Vegetative,No,Good,9981.38,-12.47,Very Wet,2022-10,22,5,10,0,179.66666666666666,178.75,-1.0,0.17142857142857143,27.66226,0.0,0.1664804469273743,302,0,2
2022-10-08 22:06:24,FARM_01,178,29.62,83.8,0.21,Vegetative,No,Good,9980.67,-12.53,Very Wet,2022-10,22,5,10,0,178.33333333333334,178.66666666666666,0.0,-0.17142857142857143,28.228258,0.21,0.16547486033519554,302,0,2
2022-10-08 22:06:24,FARM_01,176,29.59,86.2,0.0,Vegetative,No,Good,9980.37,-12.56,Very Wet,2022-10,22,5,10,0,177.33333333333334,178.5,-2.0,-0.8,28.406719,0.21,0.16717514124293786,304,0,2
2022-10-08 22:06:24,FARM_01,178,29.57,78.4,0.0,Vegetative,No,Good,9980.03,-12.58,Very Wet,2022-10,22,5,10,0,177.33333333333334,178.41666666666666,2.0,-0.8285714285714286,27.720284,0.21,0.16519553072625698,302,0,2
2022-10-08 22:06:24,FARM_01,177,29.54,85.9,3.03,Vegetative,No,Good,9979.89,-12.6,Very Wet,2022-10,22,5,10,0,177.0,178.33333333333334,-1.0,-0.34285714285714286,28.334873,3.03,0.16595505617977527,303,0,2
2022-10-08 22:06:24,FARM_01,177,29.51,85.0,0.0,Vegetative,No,Good,9979.58,-12.62,Very Wet,2022-10,22,5,10,0,177.33333333333334,178.16666666666666,0.0,-0.17142857142857143,28.230425,3.03,0.1657865168539326,303,0,2
2022-10-08 22:06:24,FARM_01,176,29.29,79.8,0.0,Vegetative,No,Good,9980.09,-12.58,Very Wet,2022-10,22,5,10,0,176.66666666666666,178.0,-1.0,-0.22857142857142856,27.591281,3.03,0.16548022598870055,304,0,2
2022-10-08 22:06:24,FARM_01,179,29.49,79.8,0.0,Vegetative,No,Good,9979.25,-12.65,Very Wet,2022-10,22,5,10,0,177.33333333333334,178.08333333333334,3.0,0.2571428571428571,27.769060999999997,0.0,0.16383333333333333,301,0,2
2022-10-08 22:06:24,FARM_01,179,29.44,85.0,3.3,Vegetative,No,Good,9979.28,-12.65,Very Wet,2022-10,22,5,10,0,178.0,178.16666666666666,0.0,0.2857142857142857,28.1662,3.3,0.16355555555555557,301,0,2
2022-10-08 22:06:24,FARM_01,178,29.42,87.6,0.17,Vegetative,No,Good,9979.48,-12.63,Very Wet,2022-10,22,5,10,0,178.66666666666666,178.08333333333334,-1.0,0.4,28.368356000000002,3.4699999999999998,0.16435754189944135,302,0,2
2022-10-08 22:06:24,FARM_01,177,29.39,92.2,0.0,Vegetative,No,Good,9979.17,-12.66,Very Wet,2022-10,22,5,10,0,178.0,177.66666666666666,-1.0,0.17142857142857143,28.729769,3.4699999999999998,0.1651123595505618,303,0,2
2022-10-08 22:06:24,FARM_01,178,29.37,96.7,0.0,Vegetative,No,Good,9979.2,-12.65,Very Wet,2022-10,22,5,10,0,177.66666666666666,177.58333333333334,1.0,0.08571428571428572,29.091034500000003,0.17,0.1640782122905028,302,0,2
2022-10-08 22:06:24,FARM_01,177,29.35,79.0,0.58,Vegetative,No,Good,9979.55,-12.63,Very Wet,2022-10,22,5,10,0,177.33333333333334,177.5,-1.0,-0.4,27.577075,0.58,0.1648876404494382,303,0,2
2022-10-08 22:06:24,FARM_01,177,29.31,84.0,0.0,Vegetative,No,Good,9979.58,-12.62,Very Wet,2022-10,22,5,10,0,177.33333333333334,177.41666666666666,0.0,-0.34285714285714286,27.962719999999997,0.58,0.1646629213483146,303,0,2
2022-10-08 22:06:24,FARM_01,178,29.34,85.1,6.87,Vegetative,No,Good,9979.55,-12.63,Very Wet,2022-10,22,5,10,0,177.33333333333334,177.58333333333334,1.0,-0.02857142857142857,28.082887,7.45,0.16391061452513966,302,0,2
2022-10-08 22:06:24,FARM_01,178,29.76,81.7,0.0,Vegetative,No,Good,9981.39,-12.47,Very Wet,2022-10,22,5,10,0,177.66666666666666,177.58333333333334,0.0,0.14285714285714285,28.173756,6.87,0.16625698324022348,302,0,2
2022-10-08 22:06:24,FARM_01,178,29.27,86.4,0.0,Vegetative,No,Good,9980.13,-12.58,Very Wet,2022-10,22,5,10,0,178.0,177.66666666666666,0.0,0.11428571428571428,28.127804,6.87,0.1635195530726257,302,0,2
2022-10-08 22:06:24,FARM_01,179,29.25,83.4,0.0,Vegetative,No,Good,9980.16,-12.57,Very Wet,2022-10,22,5,10,0,178.33333333333334,177.83333333333334,1.0,0.37142857142857144,27.857675,0.0,0.1625,301,0,2
2022-10-08 22:06:24,FARM_01,178,29.08,79.0,0.0,Vegetative,No,Good,9981.28,-12.48,Very Wet,2022-10,22,5,10,0,178.33333333333334,178.0,-1.0,0.22857142857142856,27.33826,0.0,0.1624581005586592,302,0,2
2022-10-08 22:06:24,FARM_01,193,29.18,86.3,0.0,Vegetative,No,Good,9980.19,-12.57,Very Wet,2022-10,22,5,10,0,183.33333333333334,179.16666666666666,15.0,2.1714285714285713,28.036186999999998,0.0,0.15041237113402062,287,0,2
2022-10-08 22:06:24,FARM_01,177,29.17,83.7,0.15,Vegetative,No,Good,9980.39,-12.55,Very Wet,2022-10,22,5,10,0,182.66666666666666,179.0,-16.0,1.1142857142857143,27.810009500000003,0.15,0.16387640449438204,303,0,2
2022-10-08 22:06:24,FARM_01,176,29.15,87.9,0.78,Vegetative,No,Good,9980.73,-12.53,Very Wet,2022-10,22,5,10,0,182.0,178.83333333333334,-1.0,-0.02857142857142857,28.1417675,0.93,0.16468926553672317,304,0,2
2022-10-08 22:06:24,FARM_01,179,29.13,82.4,0.0,Vegetative,No,Good,9980.59,-12.54,Very Wet,2022-10,22,5,10,0,177.33333333333334,179.0,3.0,-0.6285714285714286,27.665416,0.93,0.16183333333333333,301,0,2
2022-10-08 22:06:24,FARM_01,178,29.11,89.7,0.0,Vegetative,No,Good,9980.91,-12.51,Very Wet,2022-10,22,5,10,0,177.66666666666666,179.0,-1.0,-1.2285714285714286,28.2540185,0.78,0.16262569832402235,302,0,2
2022-10-08 22:06:24,FARM_01,177,29.2,85.1,0.0,Vegetative,No,Good,9980.16,-12.57,Very Wet,2022-10,22,5,10,0,178.0,179.0,-1.0,-2.1142857142857143,27.954359999999998,0.0,0.16404494382022472,303,0,2
2022-10-08 22:06:24,FARM_01,178,29.1,82.7,3.04,Vegetative,No,Good,9981.28,-12.48,Very Wet,2022-10,22,5,10,0,177.66666666666666,179.08333333333334,1.0,0.2,27.663235,3.04,0.16256983240223463,302,0,2
2022-10-08 22:06:24,FARM_01,176,28.96,83.6,2.8,Vegetative,No,Good,9981.91,-12.43,Very Wet,2022-10,22,5,10,0,177.0,178.91666666666666,-2.0,-0.11428571428571428,27.610608,5.84,0.16361581920903956,304,0,2
2022-10-08 22:06:24,FARM_01,178,29.05,81.7,2.59,Vegetative,No,Good,9981.48,-12.46,Very Wet,2022-10,22,5,10,0,177.33333333333334,178.91666666666666,2.0,-0.2857142857142857,27.5352175,8.43,0.1622905027932961,302,0,2
2022-10-08 22:06:24,FARM_01,178,29.46,83.5,0.0,Vegetative,No,Good,9979.45,-12.63,Very Wet,2022-10,22,5,10,0,177.33333333333334,178.91666666666666,0.0,0.02857142857142857,28.057005,5.39,0.1645810055865922,302,0,2
2022-10-08 22:06:24,FARM_01,168,29.65,76.3,1.97,Vegetative,No,Good,9980.64,-12.53,Very Wet,2022-10,22,5,10,0,174.66666666666666,178.0,-10.0,-1.2285714285714286,27.6100225,4.56,0.17544378698224852,312,0,2
2022-10-08 22:06:24,FARM_01,178,29.02,89.1,0.0,Vegetative,No,Good,9981.84,-12.43,Very Wet,2022-10,22,5,10,0,174.66666666666666,178.0,10.0,-0.6857142857142857,28.119550999999998,1.97,0.16212290502793295,302,0,2
2022-10-08 22:06:24,FARM_01,178,29.0,89.5,2.2,Vegetative,No,Good,9981.51,-12.46,Very Wet,2022-10,22,5,10,0,174.66666666666666,176.75,0.0,0.0,28.13375,4.17,0.16201117318435754,302,0,2
2022-10-08 22:06:24,FARM_01,178,28.99,80.3,0.0,Vegetative,No,Good,9981.7,-12.44,Very Wet,2022-10,22,5,10,0,178.0,176.83333333333334,0.0,0.2857142857142857,27.365833499999997,2.2,0.16195530726256982,302,0,2
2022-10-08 22:06:24,FARM_01,177,28.57,74.6,0.0,Vegetative,No,Good,9977.14,-12.83,Very Wet,2022-10,22,5,10,0,177.66666666666666,176.91666666666666,-1.0,0.7142857142857143,26.534571,2.2,0.1605056179775281,303,0,2
2022-10-08 22:06:24,FARM_01,178,28.94,69.8,0.0,Vegetative,No,Good,9981.91,-12.43,Very Wet,2022-10,22,5,10,0,177.66666666666666,176.83333333333334,1.0,1.3428571428571427,26.458466,0.0,0.1616759776536313,302,0,2
2022-10-08 22:06:24,FARM_01,176,28.92,83.8,1.89,Vegetative,No,Good,9981.58,-12.45,Very Wet,2022-10,22,5,10,0,177.0,176.66666666666666,-2.0,-0.3142857142857143,27.590628000000002,1.89,0.16338983050847458,304,0,2
2022-10-08 22:06:24,FARM_01,178,28.72,76.6,3.29,Vegetative,No,Good,9979.45,-12.63,Very Wet,2022-10,22,5,10,0,177.33333333333334,176.75,2.0,-0.14285714285714285,26.825536,5.18,0.16044692737430166,302,0,2
2022-10-08 22:06:24,FARM_01,178,29.22,90.8,0.0,Vegetative,No,Good,9979.96,-12.59,Very Wet,2022-10,22,5,10,0,177.33333333333334,176.75,0.0,0.02857142857142857,28.449868,5.18,0.16324022346368713,302,0,2
2022-10-08 22:06:24,FARM_01,178,28.81,79.5,0.0,Vegetative,No,Good,9980.61,-12.54,Very Wet,2022-10,22,5,10,0,178.0,176.91666666666666,0.0,0.2,27.1401725,3.29,0.16094972067039107,302,0,2
2022-10-08 22:06:24,FARM_01,178,28.9,82.1,0.0,Vegetative,No,Good,9981.76,-12.44,Very Wet,2022-10,22,5,10,0,178.0,176.91666666666666,0.0,0.17142857142857143,27.433094999999998,0.0,0.16145251396648044,302,0,2
2022-10-08 22:06:24,FARM_01,178,28.89,81.7,0.0,Vegetative,No,Good,9981.41,-12.47,Very Wet,2022-10,22,5,10,0,178.0,176.91666666666666,0.0,0.2857142857142857,27.3913215,0.0,0.16139664804469275,302,0,2
2022-10-08 22:06:24,FARM_01,176,28.87,80.6,0.0,Vegetative,No,Good,9981.24,-12.48,Very Wet,2022-10,22,5,10,0,177.33333333333334,177.58333333333334,-2.0,-0.2857142857142857,27.283371,0.0,0.16310734463276838,304,0,2
2022-10-08 22:06:24,FARM_01,179,28.85,79.2,0.0,Vegetative,No,Good,9980.75,-12.52,Very Wet,2022-10,22,5,10,0,177.66666666666666,177.66666666666666,3.0,-0.02857142857142857,27.15116,0.0,0.1602777777777778,301,0,2
2022-10-08 22:06:24,FARM_01,178,28.84,90.4,14.43,Vegetative,No,Good,9980.78,-12.52,Very Wet,2022-10,22,5,10,0,177.66666666666666,177.66666666666666,-1.0,0.02857142857142857,28.056448,14.43,0.1611173184357542,302,0,2
2022-10-08 22:06:24,FARM_01,176,28.82,83.6,0.0,Vegetative,No,Good,9980.95,-12.51,Very Wet,2022-10,22,5,10,0,177.66666666666666,177.5,-2.0,-0.2,27.483235999999998,14.43,0.16282485875706215,304,0,2
2022-10-08 22:06:24,FARM_01,178,28.79,89.4,1.75,Vegetative,No,Good,9980.28,-12.56,Very Wet,2022-10,22,5,10,0,177.33333333333334,177.58333333333334,2.0,-0.02857142857142857,27.927743,16.18,0.16083798882681563,302,0,2
2022-10-08 22:06:24,FARM_01,177,28.93,93.5,7.28,Vegetative,No,Good,9981.76,-12.44,Very Wet,2022-10,22,5,10,0,177.0,177.5,-1.0,0.0,28.3962525,9.030000000000001,0.16252808988764045,303,0,2
2022-10-08 22:06:24,FARM_01,176,28.78,80.0,1.14,Vegetative,No,Good,9980.09,-12.58,Very Wet,2022-10,22,5,10,0,177.0,177.5,-1.0,-0.45714285714285713,27.154200000000003,10.17,0.16259887005649717,304,0,2
2022-10-08 22:06:24,FARM_01,177,28.77,92.4,0.0,Vegetative,No,Good,9980.12,-12.58,Very Wet,2022-10,22,5,10,0,176.66666666666666,177.41666666666666,1.0,-0.17142857142857143,28.152614,8.42,0.16162921348314607,303,0,2
2022-10-08 22:06:24,FARM_01,177,28.75,87.1,0.0,Vegetative,No,Good,9979.6,-12.62,Very Wet,2022-10,22,5,10,0,176.66666666666666,177.33333333333334,0.0,0.02857142857142857,27.7034875,1.14,0.16151685393258428,303,0,2
2022-10-08 22:06:24,FARM_01,176,28.75,88.7,0.0,Vegetative,No,Good,9979.6,-12.62,Very Wet,2022-10,22,5,10,0,176.66666666666666,177.16666666666666,-1.0,-0.2571428571428571,27.8332875,0.0,0.16242937853107345,304,0,2
2022-10-08 22:06:24,FARM_01,177,28.74,90.8,17.31,Vegetative,No,Good,9979.63,-12.62,Very Wet,2022-10,22,5,10,0,176.66666666666666,177.08333333333334,1.0,0.0,27.994155999999997,17.31,0.16146067415730336,303,0,2
2022-10-08 22:06:24,FARM_01,179,30.32,80.1,0.0,Vegetative,No,Good,9984.37,-12.22,Very Wet,2022-10,22,5,10,0,177.33333333333334,177.16666666666666,2.0,0.4,28.533776,17.31,0.16844444444444445,301,0,2
2022-10-08 22:06:24,FARM_01,176,28.7,82.7,0.0,Vegetative,No,Good,9978.63,-12.7,Very Wet,2022-10,22,5,10,0,177.33333333333334,177.16666666666666,-3.0,0.05714285714285714,27.301295,17.31,0.16214689265536722,304,0,2
2022-10-08 22:06:24,FARM_01,177,28.68,94.3,0.0,Vegetative,No,Good,9978.47,-12.72,Very Wet,2022-10,22,5,10,0,177.33333333333334,177.0,1.0,0.05714285714285714,28.219782,0.0,0.16112359550561797,303,0,2
2022-10-08 22:06:24,FARM_01,373,29.43,87.4,0.77,Vegetative,No,Poor,9973.31,-13.15,Very Dry,2022-10,22,5,10,0,242.0,193.25,196.0,28.057142857142857,28.360701,0.77,0.07868983957219251,107,0,1
2022-10-08 22:06:24,FARM_01,176,28.49,80.6,0.0,Vegetative,No,Good,9976.66,-12.87,Very Wet,2022-10,22,5,10,0,242.0,193.25,-197.0,16.514285714285716,26.943917,0.77,0.1609604519774011,304,0,2
2022-10-08 22:06:24,FARM_01,177,28.6,93.5,9.28,Vegetative,No,Good,9977.83,-12.77,Very Wet,2022-10,22,5,10,0,242.0,193.16666666666666,1.0,5.314285714285713,28.07805,10.049999999999999,0.16067415730337078,303,0,2
2022-10-08 22:06:24,FARM_01,178,28.66,80.9,0.0,Vegetative,No,Good,9978.27,-12.73,Very Wet,2022-10,22,5,10,0,177.0,193.25,1.0,-5.3428571428571425,27.119967,9.28,0.1601117318435754,302,0,2
2022-10-08 22:06:24,FARM_01,178,28.65,83.4,14.17,Vegetative,No,Good,9978.13,-12.74,Very Wet,2022-10,22,5,10,0,177.66666666666666,193.41666666666666,0.0,-16.542857142857144,27.312455,23.45,0.1600558659217877,302,0,2
2022-10-08 22:06:24,FARM_01,176,28.64,81.3,1.89,Vegetative,No,Good,9977.78,-12.77,Very Wet,2022-10,22,5,10,0,177.33333333333334,193.33333333333334,-2.0,-27.942857142857143,27.134276,16.06,0.16180790960451977,304,0,2
2022-10-08 22:06:24,FARM_01,178,28.63,78.0,3.02,Vegetative,No,Good,9978.15,-12.74,Very Wet,2022-10,22,5,10,0,177.33333333333334,193.41666666666666,2.0,0.2,26.859769999999997,19.08,0.15994413407821229,302,0,2
2022-10-08 22:06:24,FARM_01,177,28.62,90.8,0.0,Vegetative,No,Good,9977.98,-12.76,Very Wet,2022-10,22,5,10,0,177.0,193.5,-1.0,-0.05714285714285714,27.880228,4.91,0.16078651685393258,303,0,2
2022-10-08 22:06:24,FARM_01,177,29.07,76.5,0.0,Vegetative,No,Good,9981.47,-12.46,Very Wet,2022-10,22,5,10,0,177.33333333333334,193.5,0.0,-0.17142857142857143,27.1222025,3.0200000000000005,0.16331460674157303,303,0,2
2022-10-08 22:06:24,FARM_01,368,29.25,76.4,0.0,Vegetative,No,Poor,9982.73,-12.36,Very Dry,2022-10,22,5,10,0,240.66666666666666,209.25,191.0,27.2,27.27055,0.0,0.07926829268292683,112,0,1
2022-10-08 22:06:24,FARM_01,176,28.48,82.1,7.79,Vegetative,No,Good,9976.49,-12.88,Very Wet,2022-10,22,5,10,0,240.33333333333334,209.25,-192.0,16.285714285714285,27.054444,7.79,0.16090395480225989,304,0,2
2022-10-08 22:06:24,FARM_01,183,29.66,87.2,0.0,Vegetative,No,Good,9990.39,-11.71,Very Wet,2022-10,22,5,10,0,242.33333333333334,209.75,7.0,6.085714285714286,28.557536,7.79,0.16119565217391305,297,0,2
2022-10-08 22:06:24,FARM_01,176,28.56,88.4,0.47,Vegetative,No,Good,9977.68,-12.78,Very Wet,2022-10,22,5,10,0,178.33333333333334,193.33333333333334,-7.0,-5.114285714285714,27.631072,8.26,0.1613559322033898,304,0,2
2022-10-08 22:06:24,FARM_01,176,28.55,86.0,0.0,Vegetative,No,Good,9977.48,-12.8,Very Wet,2022-10,22,5,10,0,178.33333333333334,193.33333333333334,0.0,-16.4,27.429650000000002,0.47,0.1612994350282486,304,0,2
2022-10-08 22:06:24,FARM_01,176,28.54,81.9,0.0,Vegetative,No,Good,9977.34,-12.81,Very Wet,2022-10,22,5,10,0,176.0,193.25,0.0,-27.62857142857143,27.092543,0.47,0.16124293785310734,304,0,2
2022-10-08 22:06:24,FARM_01,177,28.61,87.0,0.0,Vegetative,No,Good,9977.63,-12.79,Very Wet,2022-10,22,5,10,0,176.33333333333334,193.16666666666666,1.0,-0.45714285714285713,27.565385,0.0,0.16073033707865167,303,0,2
2022-10-08 22:06:24,FARM_01,180,28.51,85.9,0.0,Vegetative,No,Good,9978.7,-12.7,Very Wet,2022-10,22,5,10,0,177.66666666666666,193.33333333333334,3.0,-0.34285714285714286,27.3847495,0.0,0.15751381215469615,300,0,2
2022-10-08 22:06:24,FARM_01,369,30.02,78.4,4.26,Vegetative,No,Poor,9978.89,-12.68,Very Dry,2022-10,22,5,10,0,242.0,209.41666666666666,189.0,27.942857142857143,28.116824,4.26,0.08113513513513514,111,0,1
2022-10-08 22:06:24,FARM_01,371,30.04,82.5,0.0,Vegetative,No,Poor,9979.2,-12.65,Very Dry,2022-10,22,5,10,0,306.6666666666667,225.5,2.0,44.48571428571429,28.49615,4.26,0.08075268817204301,109,0,1
2022-10-08 22:06:24,FARM_01,179,30.36,80.7,6.77,Vegetative,No,Good,9984.15,-12.24,Very Wet,2022-10,22,5,10,0,306.3333333333333,225.66666666666666,-192.0,22.457142857142856,28.623386,11.03,0.16866666666666666,301,0,2
2022-10-08 22:06:24,FARM_01,176,28.69,93.0,6.22,Vegetative,No,Good,9978.47,-12.72,Very Wet,2022-10,22,5,10,0,242.0,225.58333333333334,-3.0,-0.17142857142857143,28.124435000000002,12.989999999999998,0.162090395480226,304,0,2
2022-10-08 22:06:24,FARM_01,176,28.62,85.8,14.59,Vegetative,No,Good,9982.26,-12.4,Very Wet,2022-10,22,5,10,0,177.0,209.58333333333334,0.0,-22.6,27.478178,27.58,0.1616949152542373,304,0,2
2022-10-08 22:06:24,FARM_01,175,28.94,93.3,0.0,Vegetative,No,Good,9989.78,-11.76,Very Wet,2022-10,22,5,10,0,175.66666666666666,209.5,-1.0,-44.51428571428571,28.389461,20.81,0.16443181818181818,305,0,2
2022-10-08 22:06:24,FARM_01,177,29.28,78.3,1.28,Vegetative,No,Good,9988.52,-11.87,Very Wet,2022-10,22,5,10,0,176.0,209.0,2.0,-28.057142857142857,27.456332,15.87,0.1644943820224719,303,0,2
2022-10-08 22:06:24,FARM_01,176,29.52,88.1,0.0,Vegetative,No,Good,9987.44,-11.96,Very Wet,2022-10,22,5,10,0,176.0,209.0,-1.0,-0.37142857142857144,28.504216,1.28,0.16677966101694916,304,0,2
2022-10-08 22:06:24,FARM_01,448,29.7,85.7,0.0,Vegetative,No,Poor,9986.43,-12.05,Very Dry,2022-10,22,5,10,0,267.0,231.66666666666666,272.0,38.91428571428571,28.465194999999998,1.28,0.06614699331848552,32,0,1
2022-10-08 22:06:24,FARM_01,464,29.84,84.6,0.0,Vegetative,No,Poor,9985.42,-12.13,Very Dry,2022-10,22,5,10,0,362.6666666666667,255.66666666666666,16.0,64.51428571428572,28.498352,0.0,0.06417204301075269,16,0,1
2022-10-08 22:06:24,FARM_01,378,29.93,93.3,4.99,Vegetative,No,Poor,9983.96,-12.25,Very Dry,2022-10,22,5,10,0,430.0,272.4166666666667,-86.0,61.371428571428574,29.3429795,4.99,0.07897097625329816,102,0,1
2022-10-08 22:06:24,FARM_01,367,29.99,86.1,0.92,Vegetative,No,Poor,9983.2,-12.32,Very Dry,2022-10,22,5,10,0,403.0,288.0,-11.0,44.91428571428571,28.7675645,5.91,0.0814945652173913,113,0,1
2022-10-08 22:06:24,FARM_01,368,30.03,76.9,0.0,Vegetative,No,Poor,9981.98,-12.42,Very Dry,2022-10,22,5,10,0,371.0,287.9166666666667,1.0,18.02857142857143,27.993388500000002,5.91,0.08138211382113822,112,0,1
2022-10-08 22:06:24,FARM_01,363,30.06,81.8,0.0,Vegetative,No,Poor,9981.08,-12.5,Very Dry,2022-10,22,5,10,0,366.0,287.25,-5.0,-20.685714285714287,28.452393999999998,0.92,0.08258241758241758,117,0,1
2022-10-08 22:06:24,FARM_01,368,30.07,84.0,0.0,Vegetative,No,Poor,9980.91,-12.51,Very Dry,2022-10,22,5,10,0,366.3333333333333,303.0,5.0,-14.971428571428572,28.65584,0.0,0.08149051490514905,112,0,1
2022-10-08 22:06:24,FARM_01,373,30.07,82.8,0.0,Vegetative,No,Poor,9980.56,-12.54,Very Dry,2022-10,22,5,10,0,368.0,319.4166666666667,5.0,-0.7714285714285715,28.549778,0.0,0.08040106951871658,107,0,1
2022-10-08 22:06:24,FARM_01,374,30.06,86.0,0.0,Vegetative,No,Poor,9979.88,-12.6,Very Dry,2022-10,22,5,10,0,371.6666666666667,335.9166666666667,1.0,1.5714285714285714,28.82338,0.0,0.08016,106,0,1
2022-10-08 22:06:24,FARM_01,176,28.52,85.6,0.0,Vegetative,No,Good,9976.98,-12.84,Very Wet,2022-10,22,5,10,0,307.6666666666667,336.0,-198.0,-26.34285714285714,27.370016,0.0,0.16112994350282486,304,0,2
2022-10-08 22:06:24,FARM_01,370,29.03,88.5,0.0,Vegetative,No,Poor,9971.39,-13.31,Very Dry,2022-10,22,5,10,0,306.6666666666667,352.0833333333333,194.0,-15.428571428571429,28.079352500000002,0.0,0.07824797843665769,110,0,1
2022-10-08 22:06:24,FARM_01,177,28.51,87.9,0.0,Vegetative,No,Good,9977.16,-12.83,Very Wet,2022-10,22,5,10,0,241.0,352.1666666666667,-193.0,-33.2,27.544359500000002,0.0,0.1601685393258427,303,0,2
2022-10-08 22:06:24,FARM_01,368,29.96,79.7,0.0,Vegetative,No,Poor,9977.91,-12.76,Very Dry,2022-10,22,5,10,0,305.0,345.5,191.0,-12.057142857142859,28.178066,0.0,0.08119241192411925,112,0,1
2022-10-08 22:06:24,FARM_01,369,29.66,82.3,0.0,Vegetative,No,Poor,9974.8,-13.02,Very Dry,2022-10,22,5,10,0,304.6666666666667,337.5833333333333,1.0,10.228571428571428,28.135499,0.0,0.08016216216216217,111,0,1
2022-10-08 22:06:24,FARM_01,372,29.86,70.3,0.0,Vegetative,No,Poor,9976.33,-12.9,Very Dry,2022-10,22,5,10,0,369.6666666666667,337.0833333333333,3.0,33.371428571428574,27.269268999999998,0.0,0.08005361930294906,108,0,1
2022-10-08 22:06:24,FARM_01,176,28.5,90.7,0.0,Vegetative,No,Good,9976.67,-12.87,Very Wet,2022-10,22,5,10,0,305.6666666666667,321.1666666666667,-196.0,-10.97142857142857,27.758325,0.0,0.16101694915254236,304,0,2
2022-10-08 22:06:24,FARM_01,177,28.58,83.2,0.0,Vegetative,No,Good,9977.14,-12.83,Very Wet,2022-10,22,5,10,0,241.66666666666666,305.25,1.0,-16.37142857142857,27.232808,0.0,0.160561797752809,303,0,2
2022-10-08 22:06:24,FARM_01,224,28.79,82.1,1.2,Vegetative,No,Good,9983.37,-12.3,Wet,2022-10,22,5,10,0,192.33333333333334,293.6666666666667,47.0,-42.628571428571426,27.3339245,1.2,0.12795555555555554,256,0,3
2022-10-08 22:06:24,FARM_01,370,29.79,89.7,4.08,Vegetative,No,Poor,9976.03,-12.92,Very Dry,2022-10,22,5,10,0,257.0,293.8333333333333,146.0,-12.514285714285716,28.8954965,5.28,0.08029649595687331,110,0,1
2022-10-08 22:06:24,FARM_01,370,29.73,77.5,0.0,Vegetative,No,Poor,9975.41,-12.97,Very Dry,2022-10,22,5,10,0,321.3333333333333,293.5833333333333,0.0,17.685714285714287,27.7834125,5.28,0.08013477088948787,110,0,1
2022-10-08 22:06:24,FARM_01,368,29.69,78.1,3.59,Vegetative,No,Poor,9975.11,-13.0,Very Dry,2022-10,22,5,10,0,369.3333333333333,293.0833333333333,-2.0,48.142857142857146,27.8001395,7.67,0.08046070460704607,112,0,1
2022-10-08 22:06:24,FARM_01,371,29.41,84.1,4.74,Vegetative,No,Poor,9973.31,-13.15,Very Dry,2022-10,22,5,10,0,369.6666666666667,309.3333333333333,3.0,40.05714285714286,28.0623955,8.33,0.07905913978494623,109,0,1
2022-10-08 22:06:24,FARM_01,369,29.59,82.2,0.0,Vegetative,No,Poor,9974.36,-13.06,Very Dry,2022-10,22,5,10,0,369.3333333333333,309.25,-2.0,20.742857142857144,28.063739,8.33,0.07997297297297297,111,0,1
2022-10-08 22:06:24,FARM_01,369,29.55,90.0,6.97,Vegetative,No,Poor,9973.86,-13.1,Very Dry,2022-10,22,5,10,0,369.6666666666667,325.25,0.0,-0.14285714285714285,28.69475,11.71,0.07986486486486487,111,0,1
2022-10-08 22:06:24,FARM_01,369,29.52,76.9,0.0,Vegetative,No,Poor,9973.55,-13.13,Very Dry,2022-10,22,5,10,0,369.0,325.3333333333333,0.0,-0.11428571428571428,27.548184,6.97,0.07978378378378378,111,0,1
2022-10-08 22:06:24,FARM_01,368,29.49,87.0,0.0,Vegetative,No,Poor,9973.76,-13.11,Very Dry,2022-10,22,5,10,0,368.6666666666667,325.25,-1.0,-0.17142857142857143,28.382465,6.97,0.07991869918699186,112,0,1
2022-10-08 22:06:24,FARM_01,370,29.46,77.9,0.0,Vegetative,No,Poor,9973.47,-13.14,Very Dry,2022-10,22,5,10,0,369.0,325.0833333333333,2.0,-0.22857142857142856,27.580837000000002,0.0,0.07940700808625337,110,0,1
2022-10-08 22:06:24,FARM_01,368,29.62,91.2,0.0,Vegetative,No,Poor,9974.33,-13.06,Very Dry,2022-10,22,5,10,0,368.6666666666667,341.0833333333333,-2.0,-0.08571428571428572,28.863992,0.0,0.0802710027100271,112,0,1
2022-10-08 22:06:24,FARM_01,368,29.38,90.6,3.67,Vegetative,No,Poor,9973.0,-13.18,Very Dry,2022-10,22,5,10,0,368.6666666666667,357.0,0.0,-0.17142857142857143,28.584854,3.67,0.07962059620596205,112,0,1
2022-10-08 22:06:24,FARM_01,370,29.33,82.3,0.0,Vegetative,No,Poor,9973.03,-13.17,Very Dry,2022-10,22,5,10,0,368.6666666666667,369.1666666666667,2.0,0.08571428571428572,27.837624499999997,3.67,0.07905660377358491,110,0,1
2022-10-08 22:06:24,FARM_01,369,29.01,82.7,0.0,Vegetative,No,Poor,9974.16,-13.08,Very Dry,2022-10,22,5,10,0,369.0,369.0833333333333,-1.0,0.14285714285714285,27.5817985,3.67,0.07840540540540542,111,0,1
2022-10-08 22:06:24,FARM_01,369,29.93,85.3,0.0,Vegetative,No,Poor,9977.44,-12.8,Very Dry,2022-10,22,5,10,0,369.3333333333333,369.0,0.0,0.0,28.6420595,0.0,0.08089189189189189,111,0,1
2022-10-08 22:06:24,FARM_01,380,29.16,83.0,3.19,Vegetative,No,Poor,9973.53,-13.13,Very Dry,2022-10,22,5,10,0,372.6666666666667,370.0,11.0,1.7714285714285714,27.742539999999998,3.19,0.07653543307086615,100,0,1
2022-10-08 22:06:24,FARM_01,370,29.89,87.2,0.0,Vegetative,No,Poor,9976.77,-12.86,Very Dry,2022-10,22,5,10,0,373.0,369.9166666666667,-10.0,1.1428571428571428,28.771344,3.19,0.08056603773584906,110,0,1
2022-10-08 22:06:24,FARM_01,368,29.3,86.9,0.0,Vegetative,No,Poor,9973.23,-13.16,Very Dry,2022-10,22,5,10,0,372.6666666666667,369.8333333333333,-2.0,0.11428571428571428,28.197635000000002,3.19,0.07940379403794039,112,0,1
2022-10-08 22:06:24,FARM_01,374,29.25,79.7,1.44,Vegetative,No,Poor,9973.13,-13.17,Very Dry,2022-10,22,5,10,0,370.6666666666667,370.25,6.0,0.34285714285714286,27.5473375,1.44,0.078,106,0,1
2022-10-08 22:06:24,FARM_01,372,29.22,86.9,7.41,Vegetative,No,Poor,9972.96,-13.18,Very Dry,2022-10,22,5,10,0,371.3333333333333,370.5,-2.0,-0.14285714285714285,28.123399,8.85,0.07833780160857909,108,0,1
2022-10-08 22:06:24,FARM_01,373,29.2,81.4,0.0,Vegetative,No,Poor,9972.97,-13.18,Very Dry,2022-10,22,5,10,0,373.0,370.9166666666667,1.0,-0.6571428571428571,27.64504,8.85,0.07807486631016043,107,0,1
2022-10-08 22:06:24,FARM_01,373,29.17,72.2,0.0,Vegetative,No,Poor,9973.34,-13.15,Very Dry,2022-10,22,5,10,0,372.6666666666667,371.1666666666667,0.0,0.8,26.850507,7.41,0.07799465240641712,107,0,1
2022-10-08 22:06:24,FARM_01,371,29.14,84.9,2.51,Vegetative,No,Poor,9973.71,-13.12,Very Dry,2022-10,22,5,10,0,372.3333333333333,371.4166666666667,-2.0,0.37142857142857144,27.882623000000002,2.51,0.07833333333333334,109,0,1
2022-10-08 22:06:24,FARM_01,368,29.36,82.1,0.0,Vegetative,No,Poor,9973.03,-13.17,Very Dry,2022-10,22,5,10,0,370.6666666666667,371.4166666666667,-3.0,-0.9428571428571428,27.847808,2.51,0.07956639566395664,112,0,1
2022-10-08 22:06:24,FARM_01,372,29.11,86.9,0.0,Vegetative,No,Poor,9973.53,-13.13,Very Dry,2022-10,22,5,10,0,370.3333333333333,371.5833333333333,4.0,-0.4857142857142857,28.0213245,2.51,0.07804289544235925,108,0,1
2022-10-08 22:06:24,FARM_01,372,29.09,85.7,0.0,Vegetative,No,Poor,9973.91,-13.1,Very Dry,2022-10,22,5,10,0,370.6666666666667,371.8333333333333,0.0,-0.3142857142857143,27.9031715,0.0,0.07798927613941019,108,0,1
2022-10-08 22:06:24,FARM_01,371,29.07,82.8,0.0,Vegetative,No,Poor,9973.94,-13.1,Very Dry,2022-10,22,5,10,0,371.6666666666667,372.0,-1.0,-0.08571428571428572,27.644378,0.0,0.07814516129032258,109,0,1
2022-10-08 22:06:24,FARM_01,373,29.05,75.4,0.0,Vegetative,No,Poor,9973.94,-13.1,Very Dry,2022-10,22,5,10,0,372.0,371.4166666666667,2.0,0.5428571428571428,27.013735,0.0,0.07767379679144386,107,0,1
2022-10-08 22:06:24,FARM_01,371,29.03,90.5,1.38,Vegetative,No,Poor,9973.8,-13.11,Very Dry,2022-10,22,5,10,0,371.6666666666667,371.5,-2.0,0.4857142857142857,28.2446825,1.38,0.07803763440860215,109,0,1
2022-10-08 22:06:24,FARM_01,369,29.99,83.4,1.68,Vegetative,No,Poor,9978.22,-12.74,Very Dry,2022-10,22,5,10,0,371.0,371.5833333333333,-2.0,-0.45714285714285713,28.530113,3.0599999999999996,0.08105405405405405,111,0,1
2022-10-08 22:06:24,FARM_01,179,28.97,82.5,3.62,Vegetative,No,Good,9981.88,-12.43,Very Wet,2022-10,22,5,10,0,306.3333333333333,355.3333333333333,-190.0,-27.8,27.529137499999997,6.68,0.16094444444444445,301,0,2
2022-10-08 22:06:24,FARM_01,370,29.27,84.9,0.0,Vegetative,No,Poor,9973.09,-13.17,Very Dry,2022-10,22,5,10,0,306.0,355.1666666666667,191.0,-16.82857142857143,28.0018265,5.3,0.07889487870619946,110,0,1
2022-10-08 22:06:24,FARM_01,369,28.97,91.6,0.0,Vegetative,No,Poor,9973.65,-13.12,Very Dry,2022-10,22,5,10,0,306.0,354.8333333333333,-1.0,-6.085714285714285,28.278385999999998,3.62,0.0782972972972973,111,0,1
2022-10-08 22:06:24,FARM_01,223,29.34,86.1,0.0,Vegetative,No,Good,9970.44,-13.39,Wet,2022-10,22,5,10,0,320.6666666666667,342.3333333333333,-146.0,-15.685714285714285,28.167257,0.0,0.13098214285714285,257,0,3
2022-10-08 22:06:24,FARM_01,214,28.73,86.9,0.0,Vegetative,No,Good,9973.8,-13.11,Wet,2022-10,22,5,10,0,268.6666666666667,329.25,-9.0,-18.4,27.6687035,0.0,0.13362790697674418,266,0,3
2022-10-08 22:06:24,FARM_01,261,28.84,81.7,0.0,Vegetative,No,Good,9973.59,-13.13,Wet,2022-10,22,5,10,0,232.66666666666666,320.3333333333333,47.0,-5.828571428571428,27.346354,0.0,0.1100763358778626,219,0,3
2022-10-08 22:06:24,FARM_01,370,28.93,82.1,0.0,Vegetative,No,Poor,9973.88,-13.1,Very Dry,2022-10,22,5,10,0,281.6666666666667,320.1666666666667,109.0,-9.514285714285712,27.4601415,0.0,0.07797843665768193,110,0,1
2022-10-08 22:06:24,FARM_01,371,28.91,78.3,0.0,Vegetative,No,Poor,9974.05,-13.09,Very Dry,2022-10,22,5,10,0,334.0,320.0833333333333,1.0,14.228571428571428,27.130491499999998,0.0,0.07771505376344086,109,0,1
2022-10-08 22:06:24,FARM_01,369,28.9,85.8,2.06,Vegetative,No,Poor,9973.73,-13.11,Very Dry,2022-10,22,5,10,0,370.0,319.9166666666667,-2.0,37.42857142857143,27.73631,2.06,0.0781081081081081,111,0,1
2022-10-08 22:06:24,FARM_01,211,28.72,86.9,2.43,Vegetative,No,Good,9974.14,-13.08,Wet,2022-10,22,5,10,0,317.0,306.4166666666667,-158.0,8.857142857142856,27.659424,4.49,0.13547169811320753,269,0,3
2022-10-08 22:06:24,FARM_01,368,28.88,89.0,0.0,Vegetative,No,Poor,9973.53,-13.13,Very Dry,2022-10,22,5,10,0,316.0,306.1666666666667,157.0,1.6,27.97976,4.49,0.07826558265582656,112,0,1
2022-10-08 22:06:24,FARM_01,316,28.85,82.0,4.93,Vegetative,No,Poor,9973.22,-13.16,Dry,2022-10,22,5,10,0,298.3333333333333,301.75,-52.0,-12.485714285714286,27.37985,7.359999999999999,0.09100946372239747,164,0,0
2022-10-08 22:06:24,FARM_01,216,28.82,80.6,0.83,Vegetative,No,Good,9973.75,-13.11,Wet,2022-10,22,5,10,0,300.0,304.8333333333333,-100.0,-22.2,27.238706,5.76,0.1328110599078341,264,0,3
2022-10-08 22:06:24,FARM_01,196,28.81,82.8,0.72,Vegetative,No,Good,9973.75,-13.11,Very Wet,2022-10,22,5,10,0,242.66666666666666,290.3333333333333,-20.0,-25.771428571428572,27.408973999999997,6.4799999999999995,0.146243654822335,284,0,2
2022-10-08 22:06:24,FARM_01,181,28.8,81.4,3.71,Vegetative,No,Good,9973.95,-13.1,Very Wet,2022-10,22,5,10,0,197.66666666666666,274.6666666666667,-15.0,-21.885714285714286,27.285960000000003,5.26,0.15824175824175823,299,0,2
2022-10-08 22:06:24,FARM_01,176,28.79,95.0,0.0,Vegetative,No,Good,9973.95,-13.1,Very Wet,2022-10,22,5,10,0,184.33333333333334,270.75,-5.0,-39.57142857142857,28.383274999999998,4.43,0.16265536723163843,304,0,2
2022-10-08 22:06:24,FARM_01,353,28.87,84.0,0.0,Vegetative,No,Poor,9973.56,-13.13,Very Dry,2022-10,22,5,10,0,236.66666666666666,282.3333333333333,177.0,1.4285714285714286,27.56144,3.71,0.08155367231638419,127,0,1
2022-10-08 22:06:24,FARM_01,182,28.78,83.7,0.0,Vegetative,No,Good,9974.12,-13.08,Very Wet,2022-10,22,5,10,0,237.0,275.75,-171.0,8.457142857142857,27.454973000000003,0.0,0.15726775956284153,298,0,2
2022-10-08 22:06:24,FARM_01,217,28.74,84.4,0.0,Vegetative,No,Good,9974.31,-13.07,Wet,2022-10,22,5,10,0,250.66666666666666,263.0,35.0,8.142857142857142,27.475308,0.0,0.1318348623853211,263,0,3
2022-10-08 22:06:24,FARM_01,209,28.59,76.0,5.58,Vegetative,No,Good,9972.86,-13.19,Wet,2022-10,22,5,10,0,202.66666666666666,249.5,-8.0,2.6285714285714286,26.66412,5.58,0.13614285714285715,271,0,3
2022-10-08 22:06:24,FARM_01,382,30.49,85.1,8.01,Vegetative,No,Poor,9973.66,-13.12,Very Dry,2022-10,22,5,10,0,269.3333333333333,250.58333333333334,173.0,18.085714285714285,29.138644499999998,13.59,0.07960835509138381,98,0,1
2022-10-08 22:06:24,FARM_01,385,30.54,85.8,1.96,Vegetative,No,Poor,9973.43,-13.14,Very Dry,2022-10,22,5,10,0,325.3333333333333,265.0833333333333,3.0,21.485714285714284,29.248226,15.55,0.07911917098445595,95,0,1
2022-10-08 22:06:24,FARM_01,211,28.71,78.4,0.0,Vegetative,No,Good,9974.0,-13.09,Wet,2022-10,22,5,10,0,326.0,252.0,-174.0,23.485714285714284,26.962452000000003,9.969999999999999,0.1354245283018868,269,0,3
2022-10-08 22:06:24,FARM_01,211,28.7,78.4,0.0,Vegetative,No,Good,9974.0,-13.09,Wet,2022-10,22,5,10,0,269.0,243.25,0.0,-0.6,26.95364,1.96,0.13537735849056604,269,0,3
2022-10-08 22:06:24,FARM_01,211,28.69,87.7,0.0,Vegetative,No,Good,9973.83,-13.11,Wet,2022-10,22,5,10,0,211.0,242.83333333333334,0.0,-19.34285714285714,27.6962215,0.0,0.1353301886792453,269,0,3
2022-10-08 22:06:24,FARM_01,211,28.6,90.2,0.0,Vegetative,No,Good,9973.01,-13.18,Wet,2022-10,22,5,10,0,211.0,244.08333333333334,0.0,-39.34285714285714,27.81306,0.0,0.1349056603773585,269,0,3
2022-10-08 22:06:24,FARM_01,212,28.68,96.2,3.61,Vegetative,No,Good,9974.19,-13.08,Wet,2022-10,22,5,10,0,211.33333333333334,246.66666666666666,1.0,-24.714285714285715,28.373188,3.61,0.13464788732394367,268,0,3
2022-10-08 22:06:24,FARM_01,211,28.67,87.4,7.36,Vegetative,No,Good,9973.65,-13.12,Wet,2022-10,22,5,10,0,211.33333333333334,249.58333333333334,-1.0,0.08571428571428572,27.653369,10.97,0.13523584905660377,269,0,3
2022-10-08 22:06:24,FARM_01,210,28.66,91.5,20.89,Vegetative,No,Good,9973.82,-13.11,Wet,2022-10,22,5,10,0,211.0,237.66666666666666,-1.0,-0.11428571428571428,27.974645,31.86,0.13582938388625593,270,0,3
2022-10-08 22:06:24,FARM_01,210,28.65,87.2,0.0,Vegetative,No,Good,9973.67,-13.12,Wet,2022-10,22,5,10,0,210.33333333333334,240.0,0.0,-0.2571428571428571,27.61864,28.25,0.135781990521327,270,0,3
2022-10-08 22:06:24,FARM_01,210,28.64,90.3,0.0,Vegetative,No,Good,9973.33,-13.15,Wet,2022-10,22,5,10,0,210.0,239.41666666666666,0.0,-0.34285714285714286,27.858956,20.89,0.1357345971563981,270,0,3
2022-10-08 22:06:24,FARM_01,210,28.63,87.0,0.0,Vegetative,No,Good,9973.5,-13.13,Wet,2022-10,22,5,10,0,210.0,239.5,0.0,-0.37142857142857144,27.583955,0.0,0.1356872037914692,270,0,3
2022-10-08 22:06:24,FARM_01,211,28.63,91.7,0.0,Vegetative,No,Good,9973.36,-13.15,Wet,2022-10,22,5,10,0,210.33333333333334,225.25,1.0,0.0,27.9621405,0.0,0.13504716981132076,269,0,3
2022-10-08 22:06:24,FARM_01,210,28.62,86.1,0.0,Vegetative,No,Good,9973.19,-13.16,Wet,2022-10,22,5,10,0,210.33333333333334,210.66666666666666,-1.0,0.08571428571428572,27.502301,0.0,0.1356398104265403,270,0,3
2022-10-08 22:06:24,FARM_01,211,28.68,84.3,0.0,Vegetative,No,Good,9974.02,-13.09,Wet,2022-10,22,5,10,0,210.66666666666666,210.66666666666666,1.0,0.17142857142857143,27.412382,0.0,0.13528301886792451,269,0,3
2022-10-08 22:06:24,FARM_01,176,28.77,85.4,0.0,Vegetative,No,Good,9974.12,-13.08,Very Wet,2022-10,22,5,10,0,199.0,207.75,-35.0,-4.8,27.583969,0.0,0.16254237288135592,304,0,2
2022-10-08 22:06:24,FARM_01,177,28.76,88.2,0.0,Vegetative,No,Good,9973.95,-13.1,Very Wet,2022-10,22,5,10,0,188.0,204.91666666666666,1.0,-7.685714285714286,27.802076000000003,0.0,0.1615730337078652,303,0,2
2022-10-08 22:06:24,FARM_01,210,28.58,72.2,0.0,Vegetative,No,Good,9972.52,-13.22,Wet,2022-10,22,5,10,0,187.66666666666666,204.83333333333334,33.0,-3.9714285714285715,26.350717999999997,0.0,0.13545023696682465,270,0,3
2022-10-08 22:06:24,FARM_01,211,28.55,82.0,0.0,Vegetative,No,Good,9972.34,-13.23,Wet,2022-10,22,5,10,0,199.33333333333334,204.75,1.0,0.08571428571428572,27.10955,0.0,0.13466981132075473,269,0,3
2022-10-08 22:06:24,FARM_01,210,28.48,90.4,1.47,Vegetative,No,Good,9972.56,-13.21,Wet,2022-10,22,5,10,0,210.33333333333334,204.66666666666666,-1.0,3.8,27.715456,1.47,0.13497630331753555,270,0,3
2022-10-08 22:06:24,FARM_01,210,28.54,90.0,0.0,Vegetative,No,Good,9972.52,-13.22,Wet,2022-10,22,5,10,0,210.33333333333334,204.66666666666666,0.0,7.714285714285714,27.740299999999998,1.47,0.135260663507109,270,0,3
2022-10-08 22:06:24,FARM_01,210,28.53,85.9,0.0,Vegetative,No,Good,9972.53,-13.22,Wet,2022-10,22,5,10,0,210.0,204.66666666666666,0.0,4.685714285714286,27.403198500000002,1.47,0.1352132701421801,270,0,3
2022-10-08 22:06:24,FARM_01,209,28.52,90.8,0.0,Vegetative,No,Good,9972.7,-13.2,Wet,2022-10,22,5,10,0,209.66666666666666,204.58333333333334,-1.0,-0.22857142857142856,27.785287999999998,0.0,0.1358095238095238,271,0,3
2022-10-08 22:06:24,FARM_01,209,28.51,95.7,3.47,Vegetative,No,Good,9972.53,-13.22,Wet,2022-10,22,5,10,0,209.33333333333334,204.5,0.0,-0.37142857142857144,28.1668385,3.47,0.13576190476190478,271,0,3
2022-10-08 22:06:24,FARM_01,208,29.37,80.5,0.0,Vegetative,No,Good,9977.48,-12.8,Wet,2022-10,22,5,10,0,208.66666666666666,204.25,-1.0,-0.4,27.721567500000003,3.47,0.1405263157894737,272,0,3
2022-10-08 22:06:24,FARM_01,209,28.5,81.2,0.0,Vegetative,No,Good,9972.56,-13.21,Wet,2022-10,22,5,10,0,208.66666666666666,204.16666666666666,1.0,-0.3142857142857143,27.000700000000002,3.47,0.1357142857142857,271,0,3
2022-10-08 22:06:24,FARM_01,209,28.47,80.0,0.0,Vegetative,No,Good,9972.58,-13.21,Wet,2022-10,22,5,10,0,208.66666666666666,204.0,0.0,-0.17142857142857143,26.8783,0.0,0.13557142857142856,271,0,3
2022-10-08 22:06:24,FARM_01,208,28.95,83.3,0.0,Vegetative,No,Good,9975.73,-12.95,Wet,2022-10,22,5,10,0,208.66666666666666,206.66666666666666,-1.0,-0.11428571428571428,27.576842499999998,0.0,0.13851674641148326,272,0,3
2022-10-08 22:06:24,FARM_01,210,28.46,79.7,3.34,Vegetative,No,Good,9972.58,-13.21,Wet,2022-10,22,5,10,0,209.0,209.41666666666666,2.0,0.14285714285714285,26.845541,3.34,0.13488151658767772,270,0,3
2022-10-08 22:06:24,FARM_01,208,28.45,93.9,0.0,Vegetative,No,Good,9972.6,-13.21,Wet,2022-10,22,5,10,0,208.66666666666666,209.25,-2.0,0.05714285714285714,27.9652025,3.34,0.1361244019138756,272,0,3
2022-10-08 22:06:24,FARM_01,208,28.44,92.1,0.0,Vegetative,No,Good,9972.41,-13.23,Wet,2022-10,22,5,10,0,208.66666666666666,209.0,0.0,-0.17142857142857143,27.812582,3.34,0.13607655502392346,272,0,3
2022-10-08 22:06:24,FARM_01,210,28.49,87.4,0.0,Vegetative,No,Good,9972.56,-13.21,Wet,2022-10,22,5,10,0,208.66666666666666,209.0,2.0,0.08571428571428572,27.485843,0.0,0.13502369668246444,270,0,3
2022-10-08 22:06:24,FARM_01,210,30.06,84.8,1.17,Vegetative,No,Good,9977.48,-12.8,Wet,2022-10,22,5,10,0,209.33333333333334,209.0,0.0,0.2857142857142857,28.717384,1.17,0.1424644549763033,270,0,3
2022-10-08 22:06:24,FARM_01,386,30.56,88.6,14.44,Vegetative,No,Poor,9973.73,-13.11,Very Dry,2022-10,22,5,10,0,268.6666666666667,223.66666666666666,176.0,25.37142857142857,29.521687999999997,15.61,0.07896640826873384,94,0,1
2022-10-08 22:06:24,FARM_01,381,30.6,85.0,0.0,Vegetative,No,Poor,9974.05,-13.09,Very Dry,2022-10,22,5,10,0,325.6666666666667,238.0,-5.0,39.97142857142857,29.2305,15.61,0.08010471204188482,99,0,1
2022-10-08 22:06:24,FARM_01,209,28.57,84.3,0.0,Vegetative,No,Good,9972.72,-13.2,Wet,2022-10,22,5,10,0,325.3333333333333,238.0,-172.0,19.82857142857143,27.3118805,14.44,0.13604761904761906,271,0,3
2022-10-08 22:06:24,FARM_01,392,30.72,85.2,0.0,Vegetative,No,Poor,9975.05,-13.0,Very Dry,2022-10,22,5,10,0,327.3333333333333,253.33333333333334,183.0,25.771428571428572,29.358991999999997,0.0,0.07816793893129771,88,0,1
2022-10-08 22:06:24,FARM_01,209,30.28,87.2,0.0,Vegetative,No,Good,9977.21,-12.82,Wet,2022-10,22,5,10,0,270.0,253.33333333333334,-183.0,-4.542857142857143,29.133888000000002,0.0,0.1441904761904762,271,0,3
2022-10-08 22:06:24,FARM_01,208,30.44,86.8,0.0,Vegetative,No,Good,9977.33,-12.81,Wet,2022-10,22,5,10,0,269.6666666666667,253.25,-1.0,-34.94285714285714,29.246456000000002,0.0,0.14564593301435408,272,0,3
2022-10-08 22:06:24,FARM_01,428,30.55,82.3,0.0,Vegetative,No,Poor,9976.66,-12.87,Very Dry,2022-10,22,5,10,0,281.6666666666667,271.5833333333333,220.0,1.4,28.9388575,0.0,0.07121212121212121,52,0,1
2022-10-08 22:06:24,FARM_01,478,30.6,95.7,5.36,Vegetative,No,Poor,9976.63,-12.87,Very Dry,2022-10,22,5,10,0,371.3333333333333,293.9166666666667,50.0,41.48571428571429,30.207410000000003,5.36,0.06388308977035491,2,0,1
2022-10-08 22:06:24,FARM_01,392,30.66,91.7,0.0,Vegetative,No,Poor,9975.98,-12.93,Very Dry,2022-10,22,5,10,0,432.6666666666667,309.25,-86.0,29.34285714285714,29.899471000000002,5.36,0.07801526717557251,88,0,1
2022-10-08 22:06:24,FARM_01,383,30.7,86.8,0.0,Vegetative,No,Poor,9975.44,-12.97,Very Dry,2022-10,22,5,10,0,417.6666666666667,323.8333333333333,-9.0,42.05714285714286,29.487579999999998,5.36,0.07994791666666666,97,0,1
2022-10-08 22:06:24,FARM_01,378,30.72,77.3,1.22,Vegetative,No,Poor,9974.88,-13.02,Very Dry,2022-10,22,5,10,0,384.3333333333333,337.8333333333333,-5.0,17.97142857142857,28.632507999999998,1.22,0.08105540897097625,102,0,1
2022-10-08 22:06:24,FARM_01,210,29.77,94.4,0.0,Vegetative,No,Good,9977.78,-12.77,Wet,2022-10,22,5,10,0,323.6666666666667,337.8333333333333,-168.0,-39.97142857142857,29.284284,1.22,0.14109004739336492,270,0,3
2022-10-08 22:06:24,FARM_01,379,30.71,83.9,0.0,Vegetative,No,Poor,9974.58,-13.04,Very Dry,2022-10,22,5,10,0,322.3333333333333,337.25,169.0,-29.885714285714286,29.2303295,1.22,0.08081578947368422,101,0,1
2022-10-08 22:06:24,FARM_01,380,30.7,83.9,0.0,Vegetative,No,Poor,9974.75,-13.03,Very Dry,2022-10,22,5,10,0,323.0,337.1666666666667,1.0,-6.857142857142857,29.221215,0.0,0.0805774278215223,100,0,1
2022-10-08 22:06:24,FARM_01,380,30.67,80.3,0.0,Vegetative,No,Poor,9974.6,-13.04,Very Dry,2022-10,22,5,10,0,379.6666666666667,351.4166666666667,0.0,4.571428571428571,28.8638055,0.0,0.080498687664042,100,0,1
2022-10-08 22:06:24,FARM_01,379,29.45,82.1,0.0,Vegetative,No,Poor,9970.19,-13.41,Very Dry,2022-10,22,5,10,0,379.6666666666667,350.3333333333333,-1.0,14.742857142857142,27.9289475,0.0,0.0775,101,0,1
2022-10-08 22:06:24,FARM_01,383,30.45,81.3,1.18,Vegetative,No,Poor,9973.88,-13.1,Very Dry,2022-10,22,5,10,0,380.6666666666667,364.8333333333333,4.0,24.714285714285715,28.758117499999997,1.18,0.079296875,97,0,1
2022-10-08 22:06:24,FARM_01,210,28.43,78.9,6.94,Vegetative,No,Good,9972.23,-13.24,Wet,2022-10,22,5,10,0,324.0,365.0,-173.0,-23.914285714285715,26.7553985,8.120000000000001,0.134739336492891,270,0,3
2022-10-08 22:06:24,FARM_01,384,30.4,85.1,0.0,Vegetative,No,Poor,9973.45,-13.14,Very Dry,2022-10,22,5,10,0,325.6666666666667,361.3333333333333,174.0,-13.885714285714284,29.056019999999997,8.120000000000001,0.07896103896103895,96,0,1
2022-10-08 22:06:24,FARM_01,243,29.04,88.2,0.0,Vegetative,No,Good,9971.91,-13.27,Wet,2022-10,22,5,10,0,279.0,341.75,-141.0,-24.085714285714285,28.063904,6.94,0.11901639344262295,237,0,3
2022-10-08 22:06:24,FARM_01,384,29.75,94.2,2.2,Vegetative,No,Poor,9970.75,-13.37,Very Dry,2022-10,22,5,10,0,337.0,341.0833333333333,141.0,-6.314285714285714,29.247575,2.2,0.07727272727272727,96,0,1
2022-10-08 22:06:24,FARM_01,383,30.08,87.0,5.19,Vegetative,No,Poor,9972.81,-13.19,Very Dry,2022-10,22,5,10,0,336.6666666666667,341.0833333333333,-1.0,10.885714285714286,28.93028,7.390000000000001,0.07833333333333332,97,0,1
2022-10-08 22:06:24,FARM_01,388,30.35,81.7,2.32,Vegetative,No,Poor,9972.97,-13.18,Very Dry,2022-10,22,5,10,0,385.0,341.9166666666667,5.0,29.37142857142857,28.7043725,9.71,0.07802056555269923,92,0,1
2022-10-08 22:06:24,FARM_01,382,30.31,86.9,0.0,Vegetative,No,Poor,9972.88,-13.19,Very Dry,2022-10,22,5,10,0,384.3333333333333,356.25,-6.0,12.114285714285714,29.1348645,7.51,0.07913838120104438,98,0,1
2022-10-08 22:06:24,FARM_01,383,30.26,83.3,0.16,Vegetative,No,Poor,9972.78,-13.19,Very Dry,2022-10,22,5,10,0,384.3333333333333,356.5833333333333,1.0,19.97142857142857,28.766519000000002,2.48,0.07880208333333334,97,0,1
2022-10-08 22:06:24,FARM_01,385,30.21,82.8,0.0,Vegetative,No,Poor,9972.63,-13.21,Very Dry,2022-10,22,5,10,0,383.3333333333333,357.0,2.0,-0.02857142857142857,28.676534,0.16,0.07826424870466321,95,0,1
2022-10-08 22:06:24,FARM_01,383,29.72,88.6,0.0,Vegetative,No,Poor,9970.64,-13.37,Very Dry,2022-10,22,5,10,0,383.6666666666667,357.25,-2.0,-0.22857142857142856,28.734356,0.16,0.07739583333333333,97,0,1
2022-10-08 22:06:24,FARM_01,383,30.17,76.4,0.0,Vegetative,No,Poor,9972.53,-13.22,Very Dry,2022-10,22,5,10,0,383.6666666666667,357.5833333333333,0.0,-0.5714285714285714,28.071134,0.0,0.07856770833333333,97,0,1
2022-10-08 22:06:24,FARM_01,382,30.06,87.8,0.0,Vegetative,No,Poor,9973.02,-13.17,Very Dry,2022-10,22,5,10,0,382.6666666666667,357.5,-1.0,-0.05714285714285714,28.982374,0.0,0.07848563968668407,98,0,1
2022-10-08 22:06:24,FARM_01,382,29.78,92.2,1.66,Vegetative,No,Poor,9971.23,-13.32,Very Dry,2022-10,22,5,10,0,382.3333333333333,371.8333333333333,0.0,-0.4,29.103038,1.66,0.07775456919060053,98,0,1
2022-10-08 22:06:24,FARM_01,382,30.02,81.9,0.0,Vegetative,No,Poor,9972.72,-13.2,Very Dry,2022-10,22,5,10,0,382.0,371.6666666666667,0.0,-0.5428571428571428,28.425209,1.66,0.07838120104438642,98,0,1
2022-10-08 22:06:24,FARM_01,382,29.98,79.4,0.0,Vegetative,No,Poor,9972.25,-13.24,Very Dry,2022-10,22,5,10,0,382.0,383.25,0.0,-0.22857142857142856,28.169466,1.66,0.07827676240208878,98,0,1
2022-10-08 22:06:24,FARM_01,382,29.93,84.2,0.0,Vegetative,No,Poor,9971.95,-13.26,Very Dry,2022-10,22,5,10,0,382.0,383.0833333333333,0.0,-0.14285714285714285,28.545683,0.0,0.07814621409921671,98,0,1
2022-10-08 22:06:24,FARM_01,382,29.9,82.7,0.0,Vegetative,No,Poor,9971.8,-13.28,Very Dry,2022-10,22,5,10,0,382.0,383.0,0.0,0.0,28.387114999999998,0.0,0.07806788511749346,98,0,1
2022-10-08 22:06:24,FARM_01,382,30.13,79.8,0.0,Vegetative,No,Poor,9972.73,-13.2,Very Dry,2022-10,22,5,10,0,382.0,382.5,0.0,0.0,28.337957,0.0,0.07866840731070496,98,0,1
2022-10-08 22:06:24,FARM_01,385,29.86,71.5,0.0,Vegetative,No,Poor,9971.52,-13.3,Very Dry,2022-10,22,5,10,0,383.0,382.75,3.0,0.42857142857142855,27.373945,0.0,0.07735751295336787,95,0,1
2022-10-08 22:06:24,FARM_01,385,29.69,84.3,6.53,Vegetative,No,Poor,9970.85,-13.36,Very Dry,2022-10,22,5,10,0,384.0,382.9166666666667,0.0,0.6857142857142857,28.3351685,6.53,0.07691709844559586,95,0,1
2022-10-08 22:06:24,FARM_01,377,29.35,82.9,0.0,Vegetative,No,Poor,9970.3,-13.4,Very Dry,2022-10,22,5,10,0,382.3333333333333,382.25,-8.0,-0.37142857142857144,27.9063325,6.53,0.07764550264550264,103,0,1
2022-10-08 22:06:24,FARM_01,298,29.28,75.9,6.11,Vegetative,No,Poor,9970.87,-13.36,Dry,2022-10,22,5,10,0,353.3333333333333,375.1666666666667,-79.0,-12.428571428571429,27.254636,12.64,0.09792642140468227,182,0,0
2022-10-08 22:06:24,FARM_01,383,29.67,93.1,2.15,Vegetative,No,Poor,9970.48,-13.39,Very Dry,2022-10,22,5,10,0,352.6666666666667,375.1666666666667,85.0,-7.542857142857143,29.0753235,8.26,0.077265625,97,0,1
2022-10-08 22:06:24,FARM_01,384,29.64,80.2,0.0,Vegetative,No,Poor,9970.35,-13.4,Very Dry,2022-10,22,5,10,0,355.0,375.3333333333333,1.0,-2.5714285714285716,27.936804000000002,8.26,0.07698701298701299,96,0,1
2022-10-08 22:06:24,FARM_01,385,29.61,90.7,0.0,Vegetative,No,Poor,9970.05,-13.42,Very Dry,2022-10,22,5,10,0,384.0,375.5833333333333,1.0,3.0285714285714285,28.8115485,2.15,0.07670984455958549,95,0,1
2022-10-08 22:06:24,FARM_01,383,29.58,81.9,0.31,Vegetative,No,Poor,9970.08,-13.42,Very Dry,2022-10,22,5,10,0,384.0,375.6666666666667,-2.0,8.342857142857143,28.029011,0.31,0.07703125,97,0,1
2022-10-08 22:06:24,FARM_01,383,29.55,87.1,1.89,Vegetative,No,Poor,9970.09,-13.42,Very Dry,2022-10,22,5,10,0,383.6666666666667,375.75,0.0,12.17142857142857,28.4467275,2.1999999999999997,0.076953125,97,0,1
2022-10-08 22:06:24,FARM_01,378,29.33,83.7,5.86,Vegetative,No,Poor,9970.47,-13.39,Very Dry,2022-10,22,5,10,0,381.3333333333333,375.4166666666667,-5.0,-0.8571428571428571,27.9556655,8.06,0.07738786279683377,102,0,1
2022-10-08 22:06:24,FARM_01,383,29.52,84.3,0.0,Vegetative,No,Poor,9969.95,-13.43,Very Dry,2022-10,22,5,10,0,381.3333333333333,375.5,5.0,-0.7428571428571429,28.179848,7.75,0.076875,97,0,1
2022-10-08 22:06:24,FARM_01,382,29.47,77.7,3.15,Vegetative,No,Poor,9970.19,-13.41,Very Dry,2022-10,22,5,10,0,381.0,375.5,-1.0,-0.5714285714285714,27.5726045,9.01,0.07694516971279373,98,0,1
2022-10-08 22:06:24,FARM_01,376,29.43,84.9,0.0,Vegetative,No,Poor,9970.05,-13.42,Very Dry,2022-10,22,5,10,0,380.3333333333333,374.75,-6.0,-0.9428571428571428,28.1485385,3.149999999999999,0.07806366047745358,104,0,1
2022-10-08 22:06:24,FARM_01,178,28.71,75.3,0.0,Vegetative,No,Good,9978.96,-12.67,Very Wet,2022-10,22,5,10,0,312.0,357.5,-198.0,-29.485714285714284,26.7116465,3.149999999999999,0.16039106145251397,302,0,2
2022-10-08 22:06:24,FARM_01,380,29.42,84.8,0.15,Vegetative,No,Poor,9971.59,-13.44,Very Dry,2022-10,22,5,10,0,311.3333333333333,357.75,202.0,-17.457142857142856,28.130888000000002,0.1499999999999991,0.07721784776902887,100,0,1
2022-10-08 22:06:24,FARM_01,354,29.01,76.4,7.63,Vegetative,No,Poor,9972.11,-13.25,Very Dry,2022-10,22,5,10,0,304.0,362.4166666666667,-26.0,-9.971428571428572,27.061702,7.779999999999999,0.08171830985915493,126,0,1
2022-10-08 22:06:24,FARM_01,381,29.5,86.2,0.0,Vegetative,No,Poor,9970.16,-13.42,Very Dry,2022-10,22,5,10,0,371.6666666666667,362.25,27.0,3.742857142857143,28.32355,7.779999999999999,0.07722513089005235,99,0,1
2022-10-08 22:06:24,FARM_01,384,29.82,83.0,0.0,Vegetative,No,Poor,9971.22,-13.33,Very Dry,2022-10,22,5,10,0,373.0,362.25,3.0,17.8,28.34083,7.629999999999999,0.07745454545454546,96,0,1
2022-10-08 22:06:24,FARM_01,337,29.3,91.6,0.0,Vegetative,No,Poor,9970.5,-13.39,Very Dry,2022-10,22,5,10,0,367.3333333333333,358.25,-47.0,23.82857142857143,28.59314,0.0,0.08668639053254439,143,0,1
2022-10-08 22:06:24,FARM_01,256,29.26,90.4,0.0,Vegetative,No,Good,9971.22,-13.33,Wet,2022-10,22,5,10,0,325.6666666666667,347.6666666666667,-81.0,-19.085714285714285,28.454272000000003,0.0,0.11385214007782102,224,0,3
2022-10-08 22:06:24,FARM_01,215,29.01,84.8,0.0,Vegetative,No,Good,9971.91,-13.27,Wet,2022-10,22,5,10,0,269.3333333333333,333.6666666666667,-41.0,-31.914285714285715,27.755164,0.0,0.13430555555555557,265,0,3
2022-10-08 22:06:24,FARM_01,472,29.13,82.8,0.0,Vegetative,No,Poor,9972.88,-13.19,Very Dry,2022-10,22,5,10,0,314.3333333333333,341.5,257.0,-3.8,27.698701999999997,0.0,0.06158562367864693,8,0,1
2022-10-08 22:06:24,FARM_01,196,29.22,90.1,1.03,Vegetative,No,Good,9971.56,-13.3,Very Wet,2022-10,22,5,10,0,294.3333333333333,325.9166666666667,-276.0,-16.457142857142856,28.391271,1.0299999999999991,0.1483248730964467,284,0,2
2022-10-08 22:06:24,FARM_01,189,29.21,94.9,1.21,Vegetative,No,Good,9971.94,-13.27,Very Wet,2022-10,22,5,10,0,285.6666666666667,309.8333333333333,-7.0,-18.942857142857143,28.783359500000003,2.2399999999999993,0.15373684210526317,291,0,2
2022-10-08 22:06:24,FARM_01,173,29.2,70.0,0.0,Vegetative,Yes,Poor,9972.28,-13.24,Very Wet,2022-10,22,5,10,0,186.0,292.9166666666667,-16.0,-21.97142857142857,26.692,2.2399999999999993,0.16781609195402297,307,0,2
2022-10-08 22:06:24,FARM_01,170,29.18,81.9,0.0,Vegetative,Yes,Poor,9972.82,-13.19,Very Wet,2022-10,22,5,10,0,177.33333333333334,292.25,-3.0,-32.25714285714286,27.668831,1.209999999999999,0.17064327485380118,310,0,2
2022-10-08 22:06:24,FARM_01,218,29.0,78.9,1.65,Vegetative,No,Good,9972.25,-13.24,Wet,2022-10,22,5,10,0,187.0,278.75,48.0,-38.97142857142857,27.25925,1.649999999999999,0.1324200913242009,262,0,3
2022-10-08 22:06:24,FARM_01,240,29.17,84.0,1.04,Vegetative,No,Good,9972.84,-13.19,Wet,2022-10,22,5,10,0,209.33333333333334,269.25,22.0,8.685714285714285,27.83504,2.689999999999999,0.12103734439834025,240,0,3
2022-10-08 22:06:24,FARM_01,380,29.12,82.3,0.0,Vegetative,No,Poor,9972.69,-13.2,Very Dry,2022-10,22,5,10,0,279.3333333333333,269.1666666666667,140.0,34.4,27.648068000000002,2.689999999999999,0.07643044619422572,100,0,1
2022-10-08 22:06:24,FARM_01,372,29.37,90.5,5.35,Vegetative,No,Poor,9970.09,-13.42,Very Dry,2022-10,22,5,10,0,330.6666666666667,268.1666666666667,-8.0,47.05714285714286,28.566917500000002,6.389999999999999,0.07873994638069705,108,0,1
2022-10-08 22:06:24,FARM_01,216,29.02,82.7,0.0,Vegetative,No,Good,9971.56,-13.3,Wet,2022-10,22,5,10,0,322.6666666666667,258.0833333333333,-156.0,23.771428571428572,27.590847,5.349999999999999,0.13373271889400923,264,0,3
2022-10-08 22:06:24,FARM_01,0,178.7,41.0,0.0,Vegetative,Yes,Poor,-2120.4,-13.47,Very Wet,2022-10,22,5,10,0,196.0,236.75,-216.0,-33.42857142857143,125.25484999999998,5.349999999999999,178.7,480,0,2
2022-10-08 22:06:24,FARM_01,310,29.06,84.2,0.0,Vegetative,No,Poor,9972.05,-13.26,Dry,2022-10,22,5,10,0,175.33333333333334,244.66666666666666,310.0,-27.02857142857143,27.751286,0.0,0.09344051446945337,170,0,0
2022-10-08 22:06:24,FARM_01,276,29.05,79.0,0.0,Vegetative,No,Poor,9971.88,-13.27,Dry,2022-10,22,5,10,0,195.33333333333334,228.33333333333334,-34.0,-26.34285714285714,27.311725,0.0,0.10487364620938629,204,0,0
2022-10-08 22:06:24,FARM_01,447,29.15,78.4,0.0,Vegetative,No,Poor,9973.02,-13.17,Very Dry,2022-10,22,5,10,0,344.3333333333333,249.25,171.0,24.714285714285715,27.350179999999998,0.0,0.06506696428571428,33,0,1
2022-10-08 22:06:24,FARM_01,221,28.99,93.2,0.0,Vegetative,No,Good,9972.28,-13.24,Wet,2022-10,22,5,10,0,314.6666666666667,251.91666666666666,-226.0,38.05714285714286,28.429374,0.0,0.13058558558558558,259,0,3
2022-10-08 22:06:24,FARM_01,210,28.82,94.3,3.9,Vegetative,No,Good,9972.89,-13.19,Wet,2022-10,22,5,10,0,292.6666666666667,255.0,-11.0,27.257142857142856,28.355393,3.899999999999999,0.13658767772511848,270,0,3
2022-10-08 22:06:24,FARM_01,212,28.83,85.6,0.0,Vegetative,No,Good,9973.07,-13.17,Wet,2022-10,22,5,10,0,214.33333333333334,258.5,2.0,-26.114285714285714,27.655464,3.899999999999999,0.13535211267605632,268,0,3
2022-10-08 22:06:24,FARM_01,370,28.95,74.2,0.0,Vegetative,No,Poor,9973.67,-13.12,Very Dry,2022-10,22,5,10,0,264.0,271.1666666666667,158.0,-7.02857142857143,26.828595,3.899999999999999,0.07803234501347708,110,0,1
2022-10-08 22:06:24,FARM_01,218,29.24,89.6,0.0,Vegetative,No,Good,9971.42,-13.31,Wet,2022-10,22,5,10,0,266.6666666666667,269.3333333333333,-152.0,-19.885714285714286,28.368271999999997,0.0,0.1335159817351598,262,0,3
2022-10-08 22:06:24,FARM_01,220,28.98,78.3,1.81,Vegetative,No,Good,9972.28,-13.24,Wet,2022-10,22,5,10,0,269.3333333333333,256.0,2.0,5.057142857142858,27.192137,1.8099999999999992,0.13113122171945701,260,0,3
2022-10-08 22:06:24,FARM_01,222,28.97,81.1,0.0,Vegetative,No,Good,9972.45,-13.22,Wet,2022-10,22,5,10,0,220.0,243.5,2.0,-1.9428571428571428,27.4138685,1.8099999999999992,0.12991031390134528,258,0,3
2022-10-08 22:06:24,FARM_01,221,28.96,79.4,6.64,Vegetative,No,Good,9972.65,-13.21,Wet,2022-10,22,5,10,0,221.0,243.91666666666666,-1.0,-11.342857142857143,27.265032,8.45,0.13045045045045045,259,0,3
2022-10-08 22:06:24,FARM_01,220,28.95,85.0,0.0,Vegetative,No,Good,9972.82,-13.19,Wet,2022-10,22,5,10,0,221.0,262.25,-1.0,-21.114285714285714,27.716625,6.639999999999998,0.13099547511312218,260,0,3
2022-10-08 22:06:24,FARM_01,368,29.1,82.8,0.0,Vegetative,No,Poor,9972.37,-13.23,Very Dry,2022-10,22,5,10,0,269.6666666666667,267.0833333333333,148.0,21.4,27.67154,6.639999999999999,0.07886178861788619,112,0,1
2022-10-08 22:06:24,FARM_01,220,28.93,84.3,0.0,Vegetative,No,Good,9972.65,-13.21,Wet,2022-10,22,5,10,0,269.3333333333333,262.4166666666667,-148.0,12.485714285714286,27.6407945,0.0,0.1309049773755656,260,0,3
2022-10-08 22:06:24,FARM_01,217,28.92,84.3,5.84,Vegetative,No,Good,9972.67,-13.2,Wet,2022-10,22,5,10,0,268.3333333333333,243.25,-3.0,3.428571428571428,27.631658,5.839999999999998,0.1326605504587156,263,0,3
2022-10-08 22:06:24,FARM_01,212,28.91,83.7,0.0,Vegetative,No,Good,9972.84,-13.19,Wet,2022-10,22,5,10,0,216.33333333333334,242.5,-5.0,-5.771428571428571,27.5733185,5.839999999999998,0.13572769953051644,268,0,3
2022-10-08 22:06:24,FARM_01,210,28.9,85.4,0.0,Vegetative,No,Good,9973.05,-13.17,Wet,2022-10,22,5,10,0,213.0,242.5,-2.0,-14.885714285714286,27.70353,5.839999999999998,0.13696682464454976,270,0,3
2022-10-08 22:06:24,FARM_01,211,28.89,82.7,5.93,Vegetative,No,Good,9973.19,-13.16,Wet,2022-10,22,5,10,0,211.0,242.41666666666666,1.0,-23.428571428571427,27.4732165,5.929999999999998,0.13627358490566038,269,0,3
2022-10-08 22:06:24,FARM_01,211,28.87,78.1,0.0,Vegetative,No,Good,9973.02,-13.17,Wet,2022-10,22,5,10,0,210.66666666666666,229.16666666666666,0.0,-1.8571428571428572,27.0789085,5.929999999999998,0.13617924528301886,269,0,3
2022-10-08 22:06:24,FARM_01,210,28.86,85.6,2.72,Vegetative,No,Good,9973.22,-13.16,Wet,2022-10,22,5,10,0,210.66666666666666,228.5,-1.0,-1.0571428571428572,27.683087999999998,8.649999999999999,0.1367772511848341,270,0,3
2022-10-08 22:06:24,FARM_01,210,28.85,89.9,2.48,Vegetative,No,Good,9973.05,-13.17,Wet,2022-10,22,5,10,0,210.33333333333334,227.66666666666666,0.0,-0.2857142857142857,28.0250825,5.199999999999998,0.1367298578199052,270,0,3
2022-10-08 22:06:24,FARM_01,208,29.03,92.7,0.0,Vegetative,No,Good,9971.56,-13.3,Wet,2022-10,22,5,10,0,209.33333333333334,226.5,-2.0,-0.4,28.426545500000003,5.199999999999998,0.1388995215311005,272,0,3
2022-10-08 22:06:24,FARM_01,208,28.59,84.4,2.54,Vegetative,No,Good,9973.72,-13.12,Wet,2022-10,22,5,10,0,208.66666666666666,225.41666666666666,0.0,-0.6857142857142857,27.338178,5.019999999999998,0.13679425837320575,272,0,3
2022-10-08 22:06:24,FARM_01,210,28.81,85.4,0.0,Vegetative,No,Good,9972.73,-13.2,Wet,2022-10,22,5,10,0,208.66666666666666,224.58333333333334,2.0,-0.37142857142857144,27.620757,2.5399999999999983,0.13654028436018956,270,0,3
2022-10-08 22:06:24,FARM_01,210,28.83,86.8,12.37,Vegetative,No,Good,9972.05,-13.26,Wet,2022-10,22,5,10,0,209.33333333333334,211.41666666666666,0.0,0.0,27.753341999999996,14.909999999999997,0.13663507109004738,270,0,3
2022-10-08 22:06:24,FARM_01,242,30.44,91.1,9.11,Vegetative,No,Good,9970.97,-13.35,Wet,2022-10,22,5,10,0,220.66666666666666,213.25,32.0,4.8,29.635262,21.479999999999997,0.12526748971193416,238,0,3
2022-10-08 22:06:24,FARM_01,403,30.53,79.7,4.82,Vegetative,No,Poor,9971.89,-13.27,Very Dry,2022-10,22,5,10,0,285.0,228.75,161.0,30.771428571428572,28.6844255,26.299999999999997,0.07556930693069307,77,0,1
2022-10-08 22:06:24,FARM_01,210,29.75,88.1,0.0,Vegetative,No,Good,9971.95,-13.26,Wet,2022-10,22,5,10,0,285.0,228.58333333333334,-193.0,17.742857142857144,28.7191625,13.929999999999998,0.14099526066350712,270,0,3
2022-10-08 22:06:24,FARM_01,210,29.89,88.9,1.47,Vegetative,No,Good,9971.99,-13.26,Wet,2022-10,22,5,10,0,274.3333333333333,228.58333333333334,0.0,4.6,28.919915500000002,6.289999999999998,0.14165876777251185,270,0,3
2022-10-08 22:06:24,FARM_01,211,28.9,82.5,4.14,Vegetative,No,Good,9972.67,-13.2,Wet,2022-10,22,5,10,0,210.33333333333334,228.58333333333334,1.0,-8.114285714285714,27.465874999999997,5.609999999999998,0.13632075471698113,269,0,3
2022-10-08 22:06:24,FARM_01,200,30.11,80.1,0.0,Vegetative,No,Good,9971.91,-13.27,Wet,2022-10,22,5,10,0,207.0,227.66666666666666,-11.0,-22.457142857142856,28.3467605,5.609999999999998,0.14980099502487562,280,0,3
2022-10-08 22:06:24,FARM_01,239,30.4,90.2,0.0,Vegetative,No,Good,9971.73,-13.28,Wet,2022-10,22,5,10,0,216.66666666666666,230.08333333333334,39.0,-24.257142857142856,29.51604,4.139999999999998,0.12666666666666665,241,0,3
2022-10-08 22:06:24,FARM_01,210,30.39,87.6,0.0,Vegetative,No,Good,9971.91,-13.27,Wet,2022-10,22,5,10,0,216.33333333333334,230.08333333333334,-29.0,2.1714285714285713,29.272202,0.0,0.14402843601895735,270,0,3
2022-10-08 22:06:24,FARM_01,426,30.56,82.4,0.0,Vegetative,No,Poor,9971.84,-13.27,Very Dry,2022-10,22,5,10,0,291.6666666666667,248.25,216.0,31.885714285714286,28.956992,0.0,0.07156908665105387,54,0,1
2022-10-08 22:06:24,FARM_01,222,30.47,79.9,0.0,Vegetative,No,Good,9970.95,-13.35,Wet,2022-10,22,5,10,0,286.0,249.41666666666666,-204.0,20.114285714285714,28.6492415,0.0,0.13663677130044843,258,0,3
2022-10-08 22:06:24,FARM_01,368,30.57,94.0,13.37,Vegetative,No,Poor,9971.48,-13.3,Very Dry,2022-10,22,5,10,0,338.6666666666667,262.5833333333333,146.0,28.714285714285715,30.02319,13.369999999999997,0.08284552845528455,112,0,1
2022-10-08 22:06:24,FARM_01,373,30.57,87.6,0.0,Vegetative,No,Poor,9971.32,-13.32,Very Dry,2022-10,22,5,10,0,321.0,276.1666666666667,5.0,26.857142857142858,29.439926,13.369999999999997,0.0817379679144385,107,0,1
2022-10-08 22:06:24,FARM_01,359,30.56,90.2,0.0,Vegetative,No,Poor,9971.5,-13.3,Very Dry,2022-10,22,5,10,0,366.6666666666667,285.9166666666667,-14.0,20.914285714285715,29.667416,13.369999999999997,0.08488888888888889,121,0,1
2022-10-08 22:06:24,FARM_01,342,30.54,79.8,0.0,Vegetative,No,Poor,9971.53,-13.3,Very Dry,2022-10,22,5,10,0,358.0,280.8333333333333,-17.0,-0.11428571428571428,28.702406,0.0,0.08903790087463556,138,0,1
2022-10-08 22:06:24,FARM_01,260,30.47,85.5,0.0,Vegetative,No,Good,9971.98,-13.26,Wet,2022-10,22,5,10,0,320.3333333333333,285.0,-82.0,2.8,29.1565175,0.0,0.11674329501915709,220,0,3
2022-10-08 22:06:24,FARM_01,293,30.52,84.6,0.0,Vegetative,No,Poor,9971.58,-13.3,Dry,2022-10,22,5,10,0,298.3333333333333,291.9166666666667,33.0,-20.885714285714286,29.120756,0.0,0.10380952380952381,187,0,0
2022-10-08 22:06:24,FARM_01,238,30.36,85.0,0.0,Vegetative,No,Good,9972.13,-13.25,Wet,2022-10,22,5,10,0,263.6666666666667,294.1666666666667,-55.0,-27.285714285714285,29.0103,0.0,0.12702928870292887,242,0,3
2022-10-08 22:06:24,FARM_01,237,29.84,87.3,0.18,Vegetative,No,Good,9971.7,-13.29,Wet,2022-10,22,5,10,0,256.0,297.25,-1.0,-25.4,28.733576,0.17999999999999822,0.1253781512605042,243,0,3
2022-10-08 22:06:24,FARM_01,356,29.2,86.4,0.0,Vegetative,No,Poor,9971.59,-13.29,Very Dry,2022-10,22,5,10,0,277.0,307.0,119.0,-1.542857142857143,28.06304,0.17999999999999822,0.08179271708683473,124,0,1
2022-10-08 22:06:24,FARM_01,212,30.27,83.3,0.0,Vegetative,No,Good,9972.23,-13.24,Wet,2022-10,22,5,10,0,268.3333333333333,307.1666666666667,-144.0,-1.4857142857142858,28.7756005,0.17999999999999822,0.14211267605633804,268,0,3
2022-10-08 22:06:24,FARM_01,237,30.33,90.8,0.0,Vegetative,No,Good,9972.49,-13.22,Wet,2022-10,22,5,10,0,268.3333333333333,291.4166666666667,25.0,-6.828571428571428,29.503701999999997,0.0,0.12743697478991595,243,0,3
2022-10-08 22:06:24,FARM_01,236,30.29,71.9,0.0,Vegetative,No,Good,9972.73,-13.2,Wet,2022-10,22,5,10,0,228.33333333333334,292.5833333333333,-1.0,-4.4,27.7723805,0.0,0.12780590717299578,244,0,3
2022-10-08 22:06:24,FARM_01,238,30.24,91.5,0.0,Vegetative,No,Good,9972.45,-13.22,Wet,2022-10,22,5,10,0,237.0,281.75,2.0,-9.428571428571429,29.48078,0.0,0.12652719665271966,242,0,3
2022-10-08 22:06:24,FARM_01,237,30.2,83.0,0.0,Vegetative,No,Good,9972.66,-13.2,Wet,2022-10,22,5,10,0,237.0,270.4166666666667,-1.0,-14.8,28.685299999999998,0.0,0.126890756302521,243,0,3
2022-10-08 22:06:24,FARM_01,238,30.16,81.3,0.0,Vegetative,No,Good,9972.37,-13.23,Wet,2022-10,22,5,10,0,237.66666666666666,260.3333333333333,1.0,3.7714285714285714,28.497944,0.0,0.12619246861924685,242,0,3
2022-10-08 22:06:24,FARM_01,237,29.81,84.9,0.0,Vegetative,No,Good,9972.08,-13.25,Wet,2022-10,22,5,10,0,237.33333333333334,251.58333333333334,-1.0,0.14285714285714285,28.4969795,0.0,0.12525210084033614,243,0,3
2022-10-08 22:06:24,FARM_01,237,30.12,83.4,0.0,Vegetative,No,Good,9972.39,-13.23,Wet,2022-10,22,5,10,0,237.33333333333334,249.66666666666666,0.0,0.08571428571428572,28.648244000000002,0.0,0.1265546218487395,243,0,3
2022-10-08 22:06:24,FARM_01,237,30.06,92.0,0.0,Vegetative,No,Good,9972.5,-13.22,Wet,2022-10,22,5,10,0,237.0,245.0,0.0,-0.17142857142857143,29.35336,0.0,0.12630252100840336,243,0,3
2022-10-08 22:06:24,FARM_01,236,30.03,76.6,0.0,Vegetative,No,Good,9972.89,-13.19,Wet,2022-10,22,5,10,0,236.66666666666666,244.83333333333334,-1.0,-0.22857142857142856,27.966939,0.0,0.12670886075949367,244,0,3
2022-10-08 22:06:24,FARM_01,237,29.99,88.8,0.75,Vegetative,No,Good,9972.91,-13.18,Wet,2022-10,22,5,10,0,236.66666666666666,244.83333333333334,1.0,-0.22857142857142856,29.005015999999998,0.7499999999999982,0.12600840336134453,243,0,3
2022-10-08 22:06:24,FARM_01,237,29.95,73.7,0.0,Vegetative,No,Good,9972.8,-13.19,Wet,2022-10,22,5,10,0,236.66666666666666,234.91666666666666,0.0,-0.02857142857142857,27.642832499999997,0.7499999999999982,0.12584033613445378,243,0,3
2022-10-08 22:06:24,FARM_01,240,29.91,84.6,0.0,Vegetative,No,Good,9972.16,-13.25,Wet,2022-10,22,5,10,0,238.0,237.25,3.0,0.45714285714285713,28.562423,0.7499999999999982,0.12410788381742739,240,0,3
2022-10-08 22:06:24,FARM_01,237,29.87,80.2,9.69,Vegetative,No,Good,9971.66,-13.29,Wet,2022-10,22,5,10,0,238.0,237.25,-3.0,0.34285714285714286,28.141757000000002,9.689999999999998,0.12550420168067228,243,0,3
2022-10-08 22:06:24,FARM_01,237,30.08,82.8,0.0,Vegetative,No,Good,9972.47,-13.22,Wet,2022-10,22,5,10,0,238.0,237.33333333333334,0.0,0.22857142857142856,28.558832,9.689999999999998,0.12638655462184872,243,0,3
2022-10-08 22:06:24,FARM_01,256,30.5,83.1,0.0,Vegetative,No,Good,9971.42,-13.31,Wet,2022-10,22,5,10,0,243.33333333333334,238.83333333333334,19.0,2.6285714285714286,28.966324999999998,9.689999999999998,0.11867704280155641,224,0,3
2022-10-08 22:06:24,FARM_01,237,29.77,91.7,0.0,Vegetative,No,Good,9971.95,-13.26,Wet,2022-10,22,5,10,0,243.33333333333334,238.83333333333334,-19.0,1.3714285714285714,29.050099499999998,0.0,0.1250840336134454,243,0,3
2022-10-08 22:06:24,FARM_01,236,29.74,90.5,0.0,Vegetative,No,Good,9971.81,-13.28,Wet,2022-10,22,5,10,0,243.0,238.66666666666666,-1.0,-0.02857142857142857,28.917585,0.0,0.12548523206751055,244,0,3
2022-10-08 22:06:24,FARM_01,226,29.49,85.5,0.0,Vegetative,No,Good,9970.5,-13.39,Wet,2022-10,22,5,10,0,233.0,237.75,-10.0,-2.2,28.254672499999998,0.0,0.12991189427312774,254,0,3
2022-10-08 22:06:24,FARM_01,237,29.66,78.3,0.0,Vegetative,No,Good,9972.06,-13.26,Wet,2022-10,22,5,10,0,233.0,237.75,11.0,-2.6,27.790979,0.0,0.1246218487394958,243,0,3
2022-10-08 22:06:24,FARM_01,237,29.63,89.6,6.43,Vegetative,No,Good,9971.75,-13.28,Wet,2022-10,22,5,10,0,233.33333333333334,237.75,0.0,-3.0,28.735964,6.429999999999998,0.12449579831932772,243,0,3
2022-10-08 22:06:24,FARM_01,237,29.6,85.5,10.81,Vegetative,No,Good,9971.45,-13.31,Wet,2022-10,22,5,10,0,237.0,237.83333333333334,0.0,0.4,28.355900000000002,17.24,0.12436974789915967,243,0,3
2022-10-08 22:06:24,FARM_01,234,29.57,78.2,1.82,Vegetative,No,Good,9971.31,-13.32,Wet,2022-10,22,5,10,0,236.0,237.58333333333334,-3.0,0.6571428571428571,27.703157,19.06,0.12582978723404256,246,0,3
2022-10-08 22:06:24,FARM_01,229,29.54,94.1,1.76,Vegetative,No,Good,9970.8,-13.36,Wet,2022-10,22,5,10,0,233.33333333333334,236.91666666666666,-5.0,0.17142857142857143,29.035726999999998,14.389999999999999,0.12843478260869565,251,0,3
2022-10-08 22:06:24,FARM_01,235,29.68,89.2,1.49,Vegetative,No,Good,9972.2,-13.24,Wet,2022-10,22,5,10,0,232.66666666666666,236.5,6.0,-1.0571428571428572,28.748608,5.0699999999999985,0.12576271186440677,245,0,3
2022-10-08 22:06:24,FARM_01,228,29.52,79.2,1.85,Vegetative,No,Good,9970.81,-13.36,Wet,2022-10,22,5,10,0,230.66666666666666,235.75,-7.0,-1.6,27.744512,5.099999999999998,0.12890829694323144,252,0,3
2022-10-08 22:06:24,FARM_01,225,29.32,82.6,3.71,Vegetative,No,Good,9970.81,-13.36,Wet,2022-10,22,5,10,0,229.33333333333334,234.75,-3.0,-2.057142857142857,27.853876,7.049999999999998,0.12973451327433627,255,0,3
2022-10-08 22:06:24,FARM_01,227,29.45,84.4,10.43,Vegetative,No,Good,9970.36,-13.4,Wet,2022-10,22,5,10,0,226.66666666666666,232.33333333333334,2.0,-1.542857142857143,28.12439,15.989999999999998,0.12916666666666665,253,0,3
2022-10-08 22:06:24,FARM_01,226,29.42,88.5,0.38,Vegetative,No,Good,9970.56,-13.38,Wet,2022-10,22,5,10,0,226.0,231.41666666666666,-1.0,-1.2,28.444685,14.52,0.1296035242290749,254,0,3
2022-10-08 22:06:24,FARM_01,225,29.4,90.9,10.18,Vegetative,No,Good,9970.58,-13.38,Wet,2022-10,22,5,10,0,226.0,230.5,-1.0,-1.542857142857143,28.62923,20.99,0.13008849557522123,255,0,3
2022-10-08 22:06:24,FARM_01,224,29.38,80.4,0.0,Vegetative,No,Good,9970.77,-13.36,Wet,2022-10,22,5,10,0,225.0,230.33333333333334,-1.0,-0.6,27.722036,10.559999999999999,0.13057777777777776,256,0,3
2022-10-08 22:06:24,FARM_01,224,29.37,79.7,0.0,Vegetative,No,Good,9970.63,-13.38,Wet,2022-10,22,5,10,0,224.33333333333334,229.25,0.0,-0.42857142857142855,27.6539395,10.179999999999998,0.13053333333333333,256,0,3
2022-10-08 22:06:24,FARM_01,227,29.47,74.5,0.0,Vegetative,No,Good,9970.87,-13.36,Wet,2022-10,22,5,10,0,225.0,228.41666666666666,3.0,-0.2,27.3003325,0.0,0.1292543859649123,253,0,3
2022-10-08 22:06:24,FARM_01,224,29.3,84.7,0.0,Vegetative,No,Good,9970.84,-13.36,Wet,2022-10,22,5,10,0,225.0,227.33333333333334,-3.0,-0.11428571428571428,28.012505,0.0,0.13022222222222224,256,0,3
2022-10-08 22:06:24,FARM_01,223,29.26,99.0,0.0,Vegetative,No,Good,9971.05,-13.34,Wet,2022-10,22,5,10,0,224.66666666666666,226.41666666666666,-1.0,-0.2,29.176070000000003,0.0,0.13062500000000002,257,0,3
2022-10-08 22:06:24,FARM_01,371,29.77,81.6,5.18,Vegetative,No,Poor,9975.55,-12.96,Very Dry,2022-10,22,5,10,0,272.6666666666667,238.25,148.0,20.82857142857143,28.174076,5.179999999999998,0.08002688172043011,109,0,1
2022-10-08 22:06:24,FARM_01,237,29.71,81.0,0.0,Vegetative,No,Good,9972.02,-13.26,Wet,2022-10,22,5,10,0,277.0,238.41666666666666,-134.0,14.17142857142857,28.068305000000002,5.179999999999998,0.12483193277310925,243,0,3
2022-10-08 22:06:24,FARM_01,225,29.14,80.3,0.0,Vegetative,No,Good,9972.36,-13.23,Wet,2022-10,22,5,10,0,277.6666666666667,238.16666666666666,-12.0,5.057142857142856,27.499581,5.179999999999998,0.12893805309734513,255,0,3
2022-10-08 22:06:24,FARM_01,224,29.24,85.4,0.55,Vegetative,No,Good,9971.76,-13.28,Wet,2022-10,22,5,10,0,228.66666666666666,238.08333333333334,-1.0,-3.657142857142857,28.016227999999998,0.5499999999999983,0.12995555555555555,256,0,3
2022-10-08 22:06:24,FARM_01,224,29.22,86.5,0.0,Vegetative,No,Good,9972.11,-13.25,Wet,2022-10,22,5,10,0,224.33333333333334,237.83333333333334,0.0,-12.8,28.089914999999998,0.5499999999999983,0.12986666666666666,256,0,3
2022-10-08 22:06:24,FARM_01,223,29.2,90.0,0.0,Vegetative,No,Good,9972.45,-13.22,Wet,2022-10,22,5,10,0,223.66666666666666,237.58333333333334,-1.0,-22.285714285714285,28.364,0.5499999999999983,0.13035714285714287,257,0,3
2022-10-08 22:06:24,FARM_01,224,29.18,87.9,0.0,Vegetative,No,Good,9972.48,-13.22,Wet,2022-10,22,5,10,0,223.66666666666666,237.5,1.0,-2.0285714285714285,28.169771,0.0,0.12968888888888888,256,0,3
2022-10-08 22:06:24,FARM_01,220,29.16,86.2,15.08,Vegetative,No,Good,9972.34,-13.23,Wet,2022-10,22,5,10,0,222.33333333333334,237.16666666666666,-4.0,-0.7428571428571429,28.009356,15.079999999999998,0.13194570135746606,260,0,3
2022-10-08 22:06:24,FARM_01,224,29.15,87.7,0.0,Vegetative,No,Good,9972.68,-13.2,Wet,2022-10,22,5,10,0,222.66666666666666,237.16666666666666,4.0,-0.3142857142857143,28.125102499999997,15.079999999999998,0.12955555555555556,256,0,3
2022-10-08 22:06:24,FARM_01,225,29.12,75.4,0.0,Vegetative,No,Good,9972.34,-13.23,Wet,2022-10,22,5,10,0,223.0,237.0,1.0,0.11428571428571428,27.074264,15.079999999999998,0.1288495575221239,255,0,3
2022-10-08 22:06:24,FARM_01,223,29.28,85.8,0.0,Vegetative,No,Good,9970.87,-13.36,Wet,2022-10,22,5,10,0,224.0,236.91666666666666,-2.0,0.2,28.086632,0.0,0.13071428571428573,257,0,3
2022-10-08 22:06:24,FARM_01,223,29.1,81.0,0.34,Vegetative,No,Good,9972.37,-13.23,Wet,2022-10,22,5,10,0,223.66666666666666,236.91666666666666,0.0,0.14285714285714285,27.52205,0.33999999999999825,0.1299107142857143,257,0,3
2022-10-08 22:06:24,FARM_01,243,29.08,86.9,0.0,Vegetative,No,Good,9972.37,-13.23,Wet,2022-10,22,5,10,0,229.66666666666666,226.25,20.0,3.142857142857143,27.993486,0.33999999999999825,0.11918032786885245,237,0,3
2022-10-08 22:06:24,FARM_01,468,29.06,88.6,0.0,Vegetative,No,Poor,9972.22,-13.24,Very Dry,2022-10,22,5,10,0,311.3333333333333,245.5,225.0,36.4,28.115737999999997,0.33999999999999825,0.061961620469083156,12,0,1
2022-10-08 22:06:24,FARM_01,441,29.04,83.9,0.0,Vegetative,No,Poor,9972.59,-13.21,Very Dry,2022-10,22,5,10,0,384.0,263.5,-27.0,52.42857142857143,27.708208,0.0,0.06570135746606334,39,0,1
2022-10-08 22:06:24,FARM_01,370,29.02,90.0,0.0,Vegetative,No,Poor,9972.59,-13.21,Very Dry,2022-10,22,5,10,0,426.3333333333333,275.6666666666667,-71.0,46.114285714285714,28.1939,0.0,0.07822102425876011,110,0,1
2022-10-08 22:06:24,FARM_01,210,29.42,78.6,0.0,Vegetative,No,Good,9971.94,-13.27,Wet,2022-10,22,5,10,0,340.3333333333333,274.5,-160.0,8.257142857142858,27.605066,0.0,0.13943127962085308,270,0,3
2022-10-08 22:06:24,FARM_01,356,29.52,79.2,0.0,Vegetative,No,Poor,9971.67,-13.29,Very Dry,2022-10,22,5,10,0,312.0,285.5833333333333,146.0,-8.0,27.744512,0.0,0.0826890756302521,124,0,1
2022-10-08 22:06:24,FARM_01,356,30.07,92.8,4.08,Vegetative,No,Poor,9972.47,-13.22,Very Dry,2022-10,22,5,10,0,307.3333333333333,296.5833333333333,0.0,-27.857142857142858,29.433628,4.079999999999998,0.0842296918767507,124,0,1
2022-10-08 22:06:24,FARM_01,372,29.43,79.9,1.02,Vegetative,No,Poor,9970.54,-13.38,Very Dry,2022-10,22,5,10,0,361.3333333333333,309.25,16.0,-6.885714285714286,27.7242135,5.099999999999998,0.07890080428954424,108,0,1
2022-10-08 22:06:24,FARM_01,362,30.75,87.7,0.0,Vegetative,No,Poor,9970.72,-13.37,Very Dry,2022-10,22,5,10,0,363.3333333333333,320.75,-10.0,12.742857142857142,29.6168625,5.099999999999998,0.08471074380165289,118,0,1
2022-10-08 22:06:24,FARM_01,361,30.99,92.2,0.0,Vegetative,No,Poor,9971.73,-13.28,Very Dry,2022-10,22,5,10,0,365.0,332.0833333333333,-1.0,22.542857142857144,30.261129,1.0199999999999982,0.08560773480662982,119,0,1
2022-10-08 22:06:24,FARM_01,357,30.37,82.9,0.0,Vegetative,No,Poor,9972.47,-13.22,Very Dry,2022-10,22,5,10,0,360.0,343.25,-4.0,0.2857142857142857,28.8304015,0.0,0.08483240223463688,123,0,1
2022-10-08 22:06:24,FARM_01,358,30.58,92.4,0.0,Vegetative,No,Poor,9972.17,-13.25,Very Dry,2022-10,22,5,10,0,358.6666666666667,354.5,1.0,-1.0285714285714285,29.886955999999998,0.0,0.08518105849582172,122,0,1
2022-10-08 22:06:24,FARM_01,358,30.74,79.4,0.0,Vegetative,No,Poor,9971.78,-13.28,Very Dry,2022-10,22,5,10,0,357.6666666666667,364.0833333333333,0.0,-2.4571428571428573,28.843358,0.0,0.0856267409470752,122,0,1
2022-10-08 22:06:24,FARM_01,357,30.85,90.4,3.94,Vegetative,No,Poor,9971.95,-13.26,Very Dry,2022-10,22,5,10,0,357.6666666666667,354.8333333333333,-1.0,-0.9428571428571428,29.960320000000003,3.939999999999998,0.0861731843575419,123,0,1
2022-10-08 22:06:24,FARM_01,362,30.7,83.6,2.02,Vegetative,No,Poor,9970.3,-13.4,Very Dry,2022-10,22,5,10,0,359.0,348.25,5.0,0.14285714285714285,29.193659999999998,5.959999999999998,0.08457300275482094,118,0,1
2022-10-08 22:06:24,FARM_01,356,30.92,79.1,0.0,Vegetative,No,Poor,9972.19,-13.24,Very Dry,2022-10,22,5,10,0,358.3333333333333,347.0833333333333,-6.0,0.17142857142857143,28.975046,5.959999999999998,0.08661064425770308,124,0,1
2022-10-08 22:06:24,FARM_01,359,30.99,87.7,0.0,Vegetative,No,Poor,9971.39,-13.31,Very Dry,2022-10,22,5,10,0,359.0,359.5,3.0,0.11428571428571428,29.8406265,2.0199999999999982,0.08608333333333333,121,0,1
2022-10-08 22:06:24,FARM_01,360,30.79,93.2,13.35,Vegetative,No,Poor,9970.65,-13.37,Very Dry,2022-10,22,5,10,0,358.3333333333333,359.8333333333333,1.0,0.2857142857142857,30.162054,13.349999999999998,0.08529085872576177,120,0,1
2022-10-08 22:06:24,FARM_01,358,30.98,86.7,16.61,Vegetative,No,Poor,9971.23,-13.33,Very Dry,2022-10,22,5,10,0,359.0,360.0,-2.0,0.05714285714285714,29.737913,29.959999999999997,0.08629526462395544,122,0,1
2022-10-08 22:06:24,FARM_01,361,30.96,83.5,0.0,Vegetative,No,Poor,9971.09,-13.34,Very Dry,2022-10,22,5,10,0,359.6666666666667,359.0833333333333,3.0,0.05714285714285714,29.42088,29.959999999999997,0.08552486187845304,119,0,1
2022-10-08 22:06:24,FARM_01,381,29.39,81.5,1.64,Vegetative,No,Poor,9970.09,-13.42,Very Dry,2022-10,22,5,10,0,366.6666666666667,360.6666666666667,20.0,3.6857142857142855,27.824067499999998,18.25,0.07693717277486911,99,0,1
2022-10-08 22:06:24,FARM_01,362,30.94,77.4,7.33,Vegetative,No,Poor,9970.94,-13.35,Very Dry,2022-10,22,5,10,0,368.0,360.75,-19.0,2.3142857142857145,28.834358,8.969999999999999,0.08523415977961434,118,0,1
2022-10-08 22:06:24,FARM_01,360,30.91,77.5,0.18,Vegetative,No,Poor,9970.97,-13.35,Very Dry,2022-10,22,5,10,0,367.6666666666667,361.0,-2.0,0.9142857142857143,28.8173875,9.15,0.08562326869806094,120,0,1
2022-10-08 22:06:24,FARM_01,358,30.96,83.0,0.0,Vegetative,No,Poor,9971.78,-13.28,Very Dry,2022-10,22,5,10,0,360.0,361.0,-2.0,-0.6285714285714286,29.37424,7.51,0.08623955431754875,122,0,1
2022-10-08 22:06:24,FARM_01,209,29.06,85.6,0.0,Vegetative,No,Good,9971.71,-13.28,Wet,2022-10,22,5,10,0,309.0,348.5833333333333,-149.0,-23.742857142857144,27.867248,0.18,0.13838095238095238,271,0,3
2022-10-08 22:06:24,FARM_01,358,29.88,81.9,9.9,Vegetative,No,Poor,9972.52,-13.22,Very Dry,2022-10,22,5,10,0,308.3333333333333,348.6666666666667,149.0,-16.457142857142856,28.299146,9.9,0.08323119777158774,122,0,1
2022-10-08 22:06:24,FARM_01,362,30.6,94.1,2.24,Vegetative,No,Poor,9970.27,-13.41,Very Dry,2022-10,22,5,10,0,309.6666666666667,348.6666666666667,4.0,-4.428571428571429,30.06133,12.14,0.08429752066115703,118,0,1
2022-10-08 22:06:24,FARM_01,362,30.55,80.8,0.0,Vegetative,No,Poor,9970.3,-13.4,Very Dry,2022-10,22,5,10,0,360.6666666666667,349.1666666666667,0.0,4.885714285714286,28.80232,12.14,0.08415977961432507,118,0,1
2022-10-08 22:06:24,FARM_01,366,30.5,77.6,0.0,Vegetative,No,Poor,9970.56,-13.38,Very Dry,2022-10,22,5,10,0,363.3333333333333,349.75,4.0,14.371428571428572,28.4672,2.24,0.08310626702997276,114,0,1
2022-10-08 22:06:24,FARM_01,367,30.47,75.4,0.0,Vegetative,No,Poor,9970.6,-13.38,Very Dry,2022-10,22,5,10,0,365.0,350.3333333333333,1.0,23.257142857142856,28.241609,0.0,0.08279891304347826,113,0,1
2022-10-08 22:06:24,FARM_01,368,30.43,75.9,0.0,Vegetative,No,Poor,9971.0,-13.34,Very Dry,2022-10,22,5,10,0,367.0,351.1666666666667,1.0,1.9714285714285715,28.2522035,0.0,0.08246612466124661,112,0,1
2022-10-08 22:06:24,FARM_01,367,30.38,78.6,0.64,Vegetative,No,Poor,9971.09,-13.34,Very Dry,2022-10,22,5,10,0,367.3333333333333,351.6666666666667,-1.0,1.2571428571428571,28.452074,0.64,0.08255434782608695,113,0,1
2022-10-08 22:06:24,FARM_01,368,30.33,79.5,1.67,Vegetative,No,Poor,9970.95,-13.35,Very Dry,2022-10,22,5,10,0,367.6666666666667,350.5833333333333,1.0,0.9714285714285714,28.4887925,2.31,0.0821951219512195,112,0,1
2022-10-08 22:06:24,FARM_01,367,30.28,86.7,0.0,Vegetative,No,Poor,9971.37,-13.31,Very Dry,2022-10,22,5,10,0,367.3333333333333,351.0,-1.0,0.2,29.089118,2.31,0.08228260869565218,113,0,1
2022-10-08 22:06:24,FARM_01,367,30.23,73.8,0.0,Vegetative,No,Poor,9971.25,-13.32,Very Dry,2022-10,22,5,10,0,367.3333333333333,351.5833333333333,0.0,-0.05714285714285714,27.891257,1.67,0.08214673913043478,113,0,1
2022-10-08 22:06:24,FARM_01,370,30.18,84.8,0.0,Vegetative,No,Poor,9971.48,-13.3,Very Dry,2022-10,22,5,10,0,368.0,352.5833333333333,3.0,0.2571428571428571,28.827351999999998,0.0,0.0813477088948787,110,0,1
2022-10-08 22:06:24,FARM_01,368,30.14,83.6,0.0,Vegetative,No,Poor,9971.72,-13.28,Very Dry,2022-10,22,5,10,0,368.3333333333333,365.8333333333333,-2.0,0.3142857142857143,28.684172,0.0,0.08168021680216803,112,0,1
2022-10-08 22:06:24,FARM_01,370,30.0,86.6,0.0,Vegetative,No,Poor,9972.55,-13.21,Very Dry,2022-10,22,5,10,0,369.3333333333333,366.8333333333333,2.0,0.45714285714285713,28.8208,0.0,0.08086253369272237,110,0,1
2022-10-08 22:06:24,FARM_01,368,30.09,81.5,0.0,Vegetative,No,Poor,9972.26,-13.24,Very Dry,2022-10,22,5,10,0,368.6666666666667,367.3333333333333,-2.0,0.34285714285714286,28.4528425,0.0,0.08154471544715447,112,0,1
2022-10-08 22:06:24,FARM_01,361,30.88,91.2,0.0,Vegetative,No,Poor,9970.7,-13.37,Very Dry,2022-10,22,5,10,0,366.3333333333333,367.25,-7.0,-0.9714285714285714,30.063008,0.0,0.08530386740331491,119,0,1
2022-10-08 22:06:24,FARM_01,361,30.84,87.1,0.0,Vegetative,No,Poor,9970.59,-13.38,Very Dry,2022-10,22,5,10,0,363.3333333333333,366.8333333333333,0.0,-1.9428571428571428,29.645202,0.0,0.08519337016574585,119,0,1
2022-10-08 22:06:24,FARM_01,371,29.9,76.8,0.0,Vegetative,No,Poor,9971.8,-13.28,Very Dry,2022-10,22,5,10,0,364.3333333333333,367.1666666666667,10.0,-0.5428571428571428,27.87116,0.0,0.0803763440860215,109,0,1
2022-10-08 22:06:24,FARM_01,370,29.61,86.8,0.0,Vegetative,No,Poor,9970.56,-13.38,Very Dry,2022-10,22,5,10,0,367.3333333333333,367.3333333333333,-1.0,0.2571428571428571,28.476713999999998,0.0,0.07981132075471697,110,0,1
2022-10-08 22:06:24,FARM_01,370,29.75,84.5,7.21,Vegetative,No,Poor,9971.27,-13.32,Very Dry,2022-10,22,5,10,0,370.3333333333333,367.5833333333333,0.0,1.3428571428571427,28.4073125,7.21,0.08018867924528301,110,0,1
2022-10-08 22:06:24,FARM_01,372,29.72,93.3,5.68,Vegetative,No,Poor,9970.8,-13.36,Very Dry,2022-10,22,5,10,0,370.6666666666667,367.9166666666667,2.0,2.3142857142857145,29.140718,12.89,0.07967828418230563,108,0,1
2022-10-08 22:06:24,FARM_01,371,29.69,86.4,0.0,Vegetative,No,Poor,9971.02,-13.34,Very Dry,2022-10,22,5,10,0,371.0,368.25,-1.0,1.5142857142857142,28.516388000000003,12.89,0.07981182795698925,109,0,1
2022-10-08 22:06:24,FARM_01,371,29.66,87.2,0.0,Vegetative,No,Poor,9970.86,-13.36,Very Dry,2022-10,22,5,10,0,371.3333333333333,368.5833333333333,0.0,0.14285714285714285,28.557536,5.68,0.07973118279569892,109,0,1
2022-10-08 22:06:24,FARM_01,371,29.83,94.9,0.82,Vegetative,No,Poor,9971.73,-13.28,Very Dry,2022-10,22,5,10,0,371.0,368.6666666666667,0.0,0.2,29.3859685,0.82,0.08018817204301075,109,0,1
2022-10-08 22:06:24,FARM_01,371,29.63,89.9,0.0,Vegetative,No,Poor,9970.73,-13.37,Very Dry,2022-10,22,5,10,0,371.0,368.9166666666667,0.0,0.05714285714285714,28.761753499999998,0.82,0.0796505376344086,109,0,1
2022-10-08 22:06:24,FARM_01,373,29.56,85.7,0.0,Vegetative,No,Poor,9970.43,-13.39,Very Dry,2022-10,22,5,10,0,371.6666666666667,369.1666666666667,2.0,0.14285714285714285,28.336205999999997,0.82,0.07903743315508022,107,0,1
2022-10-08 22:06:24,FARM_01,373,29.53,79.9,0.0,Vegetative,No,Poor,9970.63,-13.38,Very Dry,2022-10,22,5,10,0,372.3333333333333,369.5833333333333,0.0,0.45714285714285713,27.8131585,0.0,0.0789572192513369,107,0,1
2022-10-08 22:06:24,FARM_01,372,28.96,89.3,0.0,Vegetative,No,Poor,9972.13,-13.25,Very Dry,2022-10,22,5,10,0,372.6666666666667,370.5,-1.0,0.37142857142857144,28.079604,0.0,0.07764075067024129,108,0,1
2022-10-08 22:06:24,FARM_01,370,30.05,84.8,0.0,Vegetative,No,Poor,9972.34,-13.23,Very Dry,2022-10,22,5,10,0,371.6666666666667,371.25,-2.0,-0.05714285714285714,28.70822,0.0,0.08099730458221024,110,0,1
2022-10-08 22:06:24,FARM_01,370,29.98,82.8,0.0,Vegetative,No,Poor,9972.39,-13.23,Very Dry,2022-10,22,5,10,0,370.6666666666667,371.1666666666667,0.0,-0.42857142857142855,28.468291999999998,0.0,0.08080862533692723,110,0,1
2022-10-08 22:06:24,FARM_01,372,29.51,86.3,8.91,Vegetative,No,Poor,9970.5,-13.39,Very Dry,2022-10,22,5,10,0,370.6666666666667,371.3333333333333,2.0,-0.45714285714285713,28.3413215,8.91,0.07911528150134049,108,0,1
2022-10-08 22:06:24,FARM_01,372,29.48,90.3,0.0,Vegetative,No,Poor,9970.36,-13.4,Very Dry,2022-10,22,5,10,0,371.3333333333333,371.5,0.0,-0.14285714285714285,28.654142,8.91,0.07903485254691689,108,0,1
2022-10-08 22:06:24,FARM_01,372,29.35,82.8,0.0,Vegetative,No,Poor,9969.95,-13.43,Very Dry,2022-10,22,5,10,0,372.0,371.5,0.0,0.22857142857142856,27.89789,8.91,0.07868632707774799,108,0,1
2022-10-08 22:06:24,FARM_01,373,29.07,86.8,1.18,Vegetative,No,Poor,9971.2,-13.33,Very Dry,2022-10,22,5,10,0,372.3333333333333,371.6666666666667,1.0,0.6,27.975918,1.18,0.07772727272727273,107,0,1
2022-10-08 22:06:24,FARM_01,370,29.86,89.1,5.2,Vegetative,No,Poor,9971.86,-13.27,Very Dry,2022-10,22,5,10,0,371.6666666666667,371.5833333333333,-3.0,0.08571428571428572,28.909193,6.38,0.08048517520215634,110,0,1
2022-10-08 22:06:24,FARM_01,373,29.19,88.8,2.57,Vegetative,No,Poor,9970.56,-13.38,Very Dry,2022-10,22,5,10,0,372.0,371.75,3.0,0.0,28.254296,8.95,0.07804812834224599,107,0,1
2022-10-08 22:06:24,FARM_01,372,29.32,79.2,0.42,Vegetative,No,Poor,9970.13,-13.42,Very Dry,2022-10,22,5,10,0,371.6666666666667,371.8333333333333,-1.0,0.0,27.567392,8.19,0.0786058981233244,108,0,1
2022-10-08 22:06:24,FARM_01,371,29.3,81.7,6.14,Vegetative,No,Poor,9969.98,-13.43,Very Dry,2022-10,22,5,10,0,372.0,371.6666666666667,-1.0,-0.14285714285714285,27.760055,9.129999999999999,0.07876344086021506,109,0,1
2022-10-08 22:06:24,FARM_01,373,29.28,84.6,16.51,Vegetative,No,Poor,9970.36,-13.4,Very Dry,2022-10,22,5,10,0,372.0,371.6666666666667,2.0,0.05714285714285714,27.985784000000002,23.07,0.07828877005347594,107,0,1
2022-10-08 22:06:24,FARM_01,373,29.26,87.0,7.73,Vegetative,No,Poor,9970.19,-13.41,Very Dry,2022-10,22,5,10,0,372.3333333333333,371.75,0.0,0.4,28.16891,30.380000000000003,0.07823529411764707,107,0,1
2022-10-08 22:06:24,FARM_01,372,29.24,90.2,0.0,Vegetative,No,Poor,9970.73,-13.37,Very Dry,2022-10,22,5,10,0,372.6666666666667,371.9166666666667,-1.0,0.0,28.418564,24.240000000000002,0.07839142091152815,108,0,1
2022-10-08 22:06:24,FARM_01,373,29.22,86.0,0.0,Vegetative,No,Poor,9970.56,-13.38,Very Dry,2022-10,22,5,10,0,372.6666666666667,372.1666666666667,1.0,0.22857142857142856,28.04806,7.73,0.0781283422459893,107,0,1
2022-10-08 22:06:24,FARM_01,374,29.17,76.9,0.0,Vegetative,No,Poor,9970.77,-13.36,Very Dry,2022-10,22,5,10,0,373.0,372.3333333333333,1.0,0.4,27.2426515,0.0,0.07778666666666667,106,0,1
2022-10-08 22:06:24,FARM_01,372,29.36,80.1,0.0,Vegetative,No,Poor,9970.12,-13.42,Very Dry,2022-10,22,5,10,0,373.0,372.3333333333333,-2.0,-0.02857142857142857,27.678848,0.0,0.07871313672922252,108,0,1
2022-10-08 22:06:24,FARM_01,371,29.59,90.1,0.0,Vegetative,No,Poor,9970.59,-13.38,Very Dry,2022-10,22,5,10,0,372.3333333333333,372.25,-1.0,-0.2571428571428571,28.741124499999998,0.0,0.07954301075268817,109,0,1
2022-10-08 22:06:24,FARM_01,370,29.15,85.7,0.0,Vegetative,No,Poor,9970.63,-13.38,Very Dry,2022-10,22,5,10,0,371.0,372.0,-1.0,-0.5142857142857142,27.9584525,0.0,0.07857142857142857,110,0,1
2022-10-08 22:06:24,FARM_01,373,29.13,90.3,0.0,Vegetative,No,Poor,9970.99,-13.35,Very Dry,2022-10,22,5,10,0,371.3333333333333,372.25,3.0,-0.37142857142857144,28.3228145,0.0,0.07788770053475935,107,0,1
2022-10-08 22:06:24,FARM_01,371,29.08,84.4,1.36,Vegetative,No,Poor,9971.0,-13.34,Very Dry,2022-10,22,5,10,0,371.3333333333333,372.0833333333333,-2.0,-0.37142857142857144,27.786136,1.36,0.07817204301075269,109,0,1
2022-10-08 22:06:24,FARM_01,370,29.94,92.4,0.0,Vegetative,No,Poor,9972.12,-13.25,Very Dry,2022-10,22,5,10,0,371.3333333333333,371.9166666666667,-1.0,-0.2,29.273708000000003,1.36,0.08070080862533693,110,0,1
2022-10-08 22:06:24,FARM_01,176,29.31,86.8,0.0,Vegetative,No,Good,9986.09,-12.07,Very Wet,2022-10,22,5,10,0,305.6666666666667,355.6666666666667,-194.0,-27.914285714285715,28.198494,1.36,0.16559322033898305,304,0,2
2022-10-08 22:06:24,FARM_01,371,29.05,89.1,0.0,Vegetative,No,Poor,9971.2,-13.33,Very Dry,2022-10,22,5,10,0,305.6666666666667,355.5,195.0,-16.771428571428572,28.1477525,0.0,0.07809139784946237,109,0,1
2022-10-08 22:06:24,FARM_01,175,29.33,92.5,0.0,Vegetative,No,Good,9985.72,-12.11,Very Wet,2022-10,22,5,10,0,240.66666666666666,339.0,-196.0,-33.82857142857143,28.6976375,0.0,0.16664772727272725,305,0,2
2022-10-08 22:06:24,FARM_01,374,28.82,83.2,0.0,Vegetative,No,Poor,9971.7,-13.29,Very Dry,2022-10,22,5,10,0,306.6666666666667,339.1666666666667,199.0,-10.714285714285714,27.450632000000002,0.0,0.07685333333333333,106,0,1
2022-10-08 22:06:24,FARM_01,370,28.83,83.7,0.0,Vegetative,No,Poor,9971.53,-13.3,Very Dry,2022-10,22,5,10,0,306.3333333333333,338.9166666666667,-4.0,11.371428571428572,27.500490499999998,0.0,0.07770889487870619,110,0,1
2022-10-08 22:06:24,FARM_01,373,28.92,78.5,5.9,Vegetative,No,Poor,9972.33,-13.23,Very Dry,2022-10,22,5,10,0,372.3333333333333,338.8333333333333,3.0,33.74285714285714,27.155710000000003,5.9,0.07732620320855615,107,0,1
2022-10-08 22:06:24,FARM_01,374,28.99,81.2,4.12,Vegetative,No,Poor,9972.45,-13.22,Very Dry,2022-10,22,5,10,0,372.3333333333333,339.0,1.0,17.285714285714285,27.440033999999997,10.02,0.07730666666666666,106,0,1
2022-10-08 22:06:24,FARM_01,373,28.98,85.0,0.0,Vegetative,No,Poor,9972.63,-13.21,Very Dry,2022-10,22,5,10,0,373.3333333333333,339.1666666666667,-1.0,28.37142857142857,27.74415,10.02,0.07748663101604278,107,0,1
2022-10-08 22:06:24,FARM_01,372,28.97,78.5,0.0,Vegetative,No,Poor,9972.28,-13.24,Very Dry,2022-10,22,5,10,0,373.0,339.3333333333333,-1.0,0.0,27.1997975,4.12,0.07766756032171582,108,0,1
2022-10-08 22:06:24,FARM_01,363,28.81,96.9,0.0,Vegetative,No,Poor,9971.19,-13.33,Very Dry,2022-10,22,5,10,0,369.3333333333333,338.5,-9.0,-1.1142857142857143,28.5574895,0.0,0.07914835164835164,117,0,1
2022-10-08 22:06:24,FARM_01,371,29.15,96.3,2.79,Vegetative,No,Poor,9970.97,-13.35,Very Dry,2022-10,22,5,10,0,368.6666666666667,338.5,8.0,-1.2571428571428571,28.8416975,2.79,0.07836021505376344,109,0,1
2022-10-08 22:06:24,FARM_01,374,29.46,78.8,0.0,Vegetative,No,Poor,9970.73,-13.37,Very Dry,2022-10,22,5,10,0,369.3333333333333,338.8333333333333,3.0,-0.42857142857142855,27.657364,2.79,0.07856,106,0,1
2022-10-08 22:06:24,FARM_01,372,28.93,83.3,0.0,Vegetative,No,Poor,9972.31,-13.23,Very Dry,2022-10,22,5,10,0,372.3333333333333,355.1666666666667,-2.0,0.2571428571428571,27.5586795,2.79,0.0775603217158177,108,0,1
2022-10-08 22:06:24,FARM_01,368,28.84,80.2,4.5,Vegetative,No,Poor,9971.5,-13.3,Very Dry,2022-10,22,5,10,0,371.3333333333333,354.9166666666667,-4.0,0.2857142857142857,27.223924,4.5,0.07815718157181571,112,0,1
2022-10-08 22:06:24,FARM_01,370,28.9,87.5,0.0,Vegetative,No,Poor,9971.84,-13.27,Very Dry,2022-10,22,5,10,0,370.0,371.1666666666667,2.0,0.6857142857142857,27.875625,4.5,0.07789757412398922,110,0,1
2022-10-08 22:06:24,FARM_01,242,28.54,83.4,0.11,Vegetative,No,Good,9973.05,-13.17,Wet,2022-10,22,5,10,0,326.6666666666667,360.1666666666667,-128.0,-18.885714285714286,27.212498,4.61,0.1174485596707819,238,0,3
2022-10-08 22:06:24,FARM_01,372,28.88,87.1,12.32,Vegetative,No,Poor,9971.64,-13.29,Very Dry,2022-10,22,5,10,0,328.0,360.3333333333333,130.0,-11.371428571428572,27.824264,12.43,0.07742627345844504,108,0,1
2022-10-08 22:06:24,FARM_01,371,28.94,89.6,1.92,Vegetative,No,Poor,9971.97,-13.26,Very Dry,2022-10,22,5,10,0,328.3333333333333,360.1666666666667,-1.0,-3.4571428571428573,28.085432,14.35,0.07779569892473119,109,0,1
2022-10-08 22:06:24,FARM_01,370,28.87,79.1,0.66,Vegetative,No,Poor,9971.5,-13.3,Very Dry,2022-10,22,5,10,0,371.0,359.8333333333333,-1.0,4.085714285714285,27.1606935,14.9,0.0778167115902965,110,0,1
2022-10-08 22:06:24,FARM_01,246,28.69,87.0,0.0,Vegetative,No,Good,9972.31,-13.23,Wet,2022-10,22,5,10,0,329.0,349.25,-124.0,-6.771428571428571,27.639665,2.58,0.11615384615384616,234,0,3
2022-10-08 22:06:24,FARM_01,246,28.71,82.0,0.0,Vegetative,No,Good,9972.45,-13.22,Wet,2022-10,22,5,10,0,287.3333333333333,338.75,0.0,-10.257142857142858,27.25371,0.66,0.11623481781376518,234,0,3
2022-10-08 22:06:24,FARM_01,176,31.04,84.6,15.96,Vegetative,No,Good,9975.79,-12.94,Very Wet,2022-10,22,5,10,0,222.66666666666666,323.1666666666667,-70.0,-42.25714285714286,29.596712,15.96,0.17536723163841808,304,0,2
2022-10-08 22:06:24,FARM_01,177,30.94,79.1,0.0,Vegetative,No,Good,9976.44,-12.89,Very Wet,2022-10,22,5,10,0,199.66666666666666,307.0,1.0,-44.34285714285714,28.992747,15.96,0.17382022471910114,303,0,2
2022-10-08 22:06:24,FARM_01,304,28.8,89.4,13.68,Vegetative,No,Poor,9971.21,-13.33,Dry,2022-10,22,5,10,0,219.0,301.1666666666667,127.0,-17.34285714285714,27.937160000000002,29.64,0.09442622950819672,176,0,0
2022-10-08 22:06:24,FARM_01,263,28.79,86.4,1.34,Vegetative,No,Good,9971.21,-13.33,Wet,2022-10,22,5,10,0,248.0,292.0833333333333,-41.0,7.428571428571429,27.683708,15.02,0.1090530303030303,217,0,3
2022-10-08 22:06:24,FARM_01,224,28.78,84.8,0.0,Vegetative,No,Good,9971.02,-13.34,Wet,2022-10,22,5,10,0,263.6666666666667,280.0833333333333,-39.0,7.942857142857143,27.544392000000002,15.02,0.12791111111111111,256,0,3
2022-10-08 22:06:24,FARM_01,258,28.77,71.6,0.0,Vegetative,No,Good,9971.2,-13.33,Wet,2022-10,22,5,10,0,248.33333333333334,270.75,34.0,14.571428571428571,26.462926,1.34,0.11108108108108108,222,0,3
2022-10-08 22:06:24,FARM_01,246,28.7,77.9,1.24,Vegetative,No,Good,9972.11,-13.25,Wet,2022-10,22,5,10,0,242.66666666666666,271.0833333333333,-12.0,4.800000000000001,26.913215,1.24,0.11619433198380566,234,0,3
2022-10-08 22:06:24,FARM_01,258,28.76,87.5,0.0,Vegetative,No,Good,9971.55,-13.3,Wet,2022-10,22,5,10,0,254.0,261.5833333333333,12.0,-7.057142857142857,27.745250000000002,1.24,0.11104247104247104,222,0,3
2022-10-08 22:06:24,FARM_01,250,28.75,86.7,0.0,Vegetative,No,Good,9971.55,-13.3,Wet,2022-10,22,5,10,0,251.33333333333334,251.5,-8.0,0.7142857142857143,27.6710375,1.24,0.1145418326693227,230,0,3
2022-10-08 22:06:24,FARM_01,250,28.74,94.2,0.0,Vegetative,No,Good,9971.75,-13.28,Wet,2022-10,22,5,10,0,252.66666666666666,241.5,0.0,3.3714285714285714,28.269793999999997,0.0,0.1145019920318725,230,0,3
2022-10-08 22:06:24,FARM_01,248,28.74,75.4,3.18,Vegetative,No,Good,9972.26,-13.24,Wet,2022-10,22,5,10,0,249.33333333333334,241.66666666666666,-2.0,-1.3142857142857143,26.745677999999998,3.18,0.11542168674698794,232,0,3
2022-10-08 22:06:24,FARM_01,246,28.73,76.9,0.0,Vegetative,No,Good,9972.44,-13.22,Wet,2022-10,22,5,10,0,248.0,241.66666666666666,-2.0,-0.8571428571428571,26.8585535,3.18,0.1163157894736842,234,0,3
2022-10-08 22:06:24,FARM_01,246,28.72,95.2,2.72,Vegetative,No,Good,9971.92,-13.27,Wet,2022-10,22,5,10,0,246.66666666666666,247.5,0.0,-2.1142857142857143,28.331392,5.9,0.1162753036437247,234,0,3
2022-10-08 22:06:24,FARM_01,247,28.71,89.9,7.08,Vegetative,No,Good,9972.28,-13.24,Wet,2022-10,22,5,10,0,246.33333333333334,253.33333333333334,1.0,-0.8285714285714286,27.8928595,9.8,0.11576612903225807,233,0,3
2022-10-08 22:06:24,FARM_01,256,28.76,80.4,0.59,Vegetative,No,Good,9971.72,-13.28,Wet,2022-10,22,5,10,0,249.66666666666666,249.33333333333334,9.0,0.7714285714285715,27.168872,10.39,0.11190661478599222,224,0,3
2022-10-08 22:06:24,FARM_01,370,28.86,95.0,0.99,Vegetative,No,Poor,9971.5,-13.3,Very Dry,2022-10,22,5,10,0,291.0,258.25,114.0,18.314285714285713,28.451349999999998,8.66,0.07778975741239892,110,0,1
2022-10-08 22:06:24,FARM_01,370,28.85,87.8,0.0,Vegetative,No,Poor,9971.16,-13.33,Very Dry,2022-10,22,5,10,0,332.0,270.4166666666667,0.0,28.6,27.853565,1.58,0.07776280323450135,110,0,1
2022-10-08 22:06:24,FARM_01,246,28.68,86.9,0.0,Vegetative,No,Good,9972.31,-13.23,Wet,2022-10,22,5,10,0,328.6666666666667,269.4166666666667,-124.0,13.800000000000002,27.622306000000002,0.99,0.11611336032388664,234,0,3
2022-10-08 22:06:24,FARM_01,244,28.66,99.6,0.0,Vegetative,No,Good,9972.11,-13.25,Wet,2022-10,22,5,10,0,286.6666666666667,269.25,-2.0,-1.2857142857142858,28.627748,0.0,0.11697959183673469,236,0,3
2022-10-08 22:06:24,FARM_01,244,28.6,80.7,0.0,Vegetative,No,Good,9973.01,-13.18,Wet,2022-10,22,5,10,0,244.66666666666666,268.0833333333333,0.0,-16.057142857142857,27.05021,0.0,0.11673469387755103,236,0,3
2022-10-08 22:06:24,FARM_01,245,28.65,79.4,4.75,Vegetative,No,Good,9972.3,-13.23,Wet,2022-10,22,5,10,0,244.33333333333334,267.6666666666667,1.0,-28.714285714285715,26.990154999999998,4.75,0.11646341463414633,235,0,3
2022-10-08 22:06:24,FARM_01,243,28.64,81.8,0.0,Vegetative,No,Good,9972.48,-13.22,Wet,2022-10,22,5,10,0,244.0,267.0833333333333,-2.0,-18.228571428571428,27.174536,4.75,0.11737704918032787,237,0,3
2022-10-08 22:06:24,FARM_01,243,28.63,83.2,0.0,Vegetative,No,Good,9972.3,-13.23,Wet,2022-10,22,5,10,0,243.66666666666666,266.6666666666667,0.0,-0.4857142857142857,27.278188,4.75,0.11733606557377049,237,0,3
2022-10-08 22:06:24,FARM_01,241,28.53,91.1,0.0,Vegetative,No,Good,9973.05,-13.17,Wet,2022-10,22,5,10,0,242.33333333333334,266.25,-2.0,-0.5714285714285714,27.8187565,0.0,0.11789256198347108,239,0,3
2022-10-08 22:06:24,FARM_01,371,28.89,80.1,0.76,Vegetative,No,Poor,9971.82,-13.28,Very Dry,2022-10,22,5,10,0,285.0,276.6666666666667,130.0,17.8,27.2602895,0.76,0.07766129032258065,109,0,1
2022-10-08 22:06:24,FARM_01,377,29.38,79.6,1.63,Vegetative,No,Poor,9970.43,-13.39,Very Dry,2022-10,22,5,10,0,329.6666666666667,287.5,6.0,29.771428571428572,27.654363999999998,2.3899999999999997,0.07772486772486772,103,0,1
2022-10-08 22:06:24,FARM_01,244,28.63,89.7,1.13,Vegetative,No,Good,9972.5,-13.22,Wet,2022-10,22,5,10,0,330.6666666666667,286.5,-133.0,15.342857142857143,27.8012105,3.5199999999999996,0.11685714285714285,236,0,3
2022-10-08 22:06:24,FARM_01,244,30.39,85.2,18.31,Vegetative,No,Good,9977.23,-12.82,Wet,2022-10,22,5,10,0,288.3333333333333,276.0,0.0,0.5714285714285714,29.055854,21.07,0.12404081632653062,236,0,3
2022-10-08 22:06:24,FARM_01,245,28.58,83.4,0.0,Vegetative,No,Good,9973.03,-13.17,Wet,2022-10,22,5,10,0,244.33333333333334,265.5833333333333,1.0,-14.114285714285714,27.248846,19.439999999999998,0.11617886178861787,235,0,3
2022-10-08 22:06:24,FARM_01,243,28.57,88.9,4.01,Vegetative,No,Good,9972.86,-13.19,Wet,2022-10,22,5,10,0,244.0,265.3333333333333,-2.0,-29.6,27.680501500000002,22.319999999999993,0.11709016393442623,237,0,3
2022-10-08 22:06:24,FARM_01,242,28.57,78.6,0.0,Vegetative,No,Good,9972.89,-13.19,Wet,2022-10,22,5,10,0,243.33333333333334,265.1666666666667,-1.0,-19.34285714285714,26.855111,4.009999999999996,0.11757201646090536,238,0,3
2022-10-08 22:06:24,FARM_01,243,28.56,92.1,0.0,Vegetative,No,Good,9972.72,-13.2,Wet,2022-10,22,5,10,0,242.66666666666666,265.0833333333333,1.0,-0.37142857142857144,27.927367999999998,4.009999999999996,0.11704918032786885,237,0,3
2022-10-08 22:06:24,FARM_01,244,28.61,86.5,0.0,Vegetative,No,Good,9973.01,-13.18,Wet,2022-10,22,5,10,0,243.0,265.0,1.0,-0.2,27.5252075,0.0,0.11677551020408163,236,0,3
2022-10-08 22:06:24,FARM_01,240,28.51,78.1,13.89,Vegetative,No,Good,9973.39,-13.14,Wet,2022-10,22,5,10,0,242.33333333333334,264.75,-4.0,-0.6,26.7622705,13.889999999999997,0.118298755186722,240,0,3
2022-10-08 22:06:24,FARM_01,192,30.8,77.6,0.0,Vegetative,No,Good,9976.63,-12.87,Very Wet,2022-10,22,5,10,0,225.33333333333334,260.5,-48.0,-7.428571428571429,28.73024,13.889999999999997,0.15958549222797927,288,0,2
2022-10-08 22:06:24,FARM_01,211,30.61,86.7,0.0,Vegetative,No,Good,9976.76,-12.86,Wet,2022-10,22,5,10,0,214.33333333333334,258.0,19.0,-8.914285714285715,29.3949785,13.889999999999997,0.14438679245283018,269,0,3
2022-10-08 22:06:24,FARM_01,245,28.67,87.2,2.16,Vegetative,No,Good,9972.31,-13.23,Wet,2022-10,22,5,10,0,216.0,247.5,34.0,-3.914285714285714,27.637232,2.1599999999999966,0.11654471544715447,235,0,3
2022-10-08 22:06:24,FARM_01,237,28.66,89.4,0.0,Vegetative,No,Good,9972.11,-13.25,Wet,2022-10,22,5,10,0,231.0,235.83333333333334,-8.0,-0.02857142857142857,27.805322,2.1599999999999966,0.12042016806722688,243,0,3
2022-10-08 22:06:24,FARM_01,240,28.55,83.3,0.0,Vegetative,No,Good,9973.72,-13.12,Wet,2022-10,22,5,10,0,240.66666666666666,235.5,3.0,4.828571428571428,27.2135825,2.1599999999999966,0.11846473029045644,240,0,3
2022-10-08 22:06:24,FARM_01,240,28.5,86.7,1.52,Vegetative,No,Good,9973.24,-13.16,Wet,2022-10,22,5,10,0,239.0,235.16666666666666,0.0,9.114285714285714,27.439325,1.5199999999999965,0.11825726141078838,240,0,3
2022-10-08 22:06:24,FARM_01,240,28.49,99.8,0.0,Vegetative,No,Good,9973.41,-13.14,Wet,2022-10,22,5,10,0,240.0,234.75,0.0,3.8,28.474061,1.5199999999999965,0.11821576763485477,240,0,3
2022-10-08 22:06:24,FARM_01,241,28.49,85.7,0.0,Vegetative,No,Good,9973.59,-13.13,Wet,2022-10,22,5,10,0,240.33333333333334,234.58333333333334,1.0,-0.3142857142857143,27.350361499999998,1.5199999999999965,0.11772727272727272,239,0,3
2022-10-08 22:06:24,FARM_01,240,28.48,80.6,4.72,Vegetative,No,Good,9973.78,-13.11,Wet,2022-10,22,5,10,0,240.33333333333334,234.41666666666666,-1.0,0.5142857142857142,26.934984,4.719999999999996,0.11817427385892117,240,0,3
2022-10-08 22:06:24,FARM_01,240,28.47,83.7,0.0,Vegetative,No,Good,9973.61,-13.13,Wet,2022-10,22,5,10,0,240.33333333333334,234.16666666666666,0.0,0.02857142857142857,27.1727645,4.719999999999996,0.11813278008298755,240,0,3
2022-10-08 22:06:24,FARM_01,235,28.47,73.8,0.0,Vegetative,No,Good,9973.44,-13.14,Wet,2022-10,22,5,10,0,238.33333333333334,233.41666666666666,-5.0,-0.7428571428571429,26.384873,4.719999999999996,0.12063559322033898,245,0,3
2022-10-08 22:06:24,FARM_01,240,28.85,85.2,0.0,Vegetative,No,Good,9974.24,-13.07,Wet,2022-10,22,5,10,0,238.33333333333334,233.41666666666666,5.0,-0.5142857142857142,27.64121,0.0,0.11970954356846474,240,0,3
2022-10-08 22:06:24,FARM_01,242,28.52,86.5,0.48,Vegetative,No,Good,9973.05,-13.17,Wet,2022-10,22,5,10,0,239.0,237.58333333333334,2.0,0.0,27.44189,0.47999999999999643,0.11736625514403291,238,0,3
2022-10-08 22:06:24,FARM_01,240,29.22,84.0,0.0,Vegetative,No,Good,9975.02,-13.01,Wet,2022-10,22,5,10,0,240.66666666666666,240.0,-2.0,0.3142857142857143,27.88064,0.47999999999999643,0.12124481327800829,240,0,3
2022-10-08 22:06:24,FARM_01,238,29.62,83.3,0.0,Vegetative,No,Good,9975.88,-12.93,Wet,2022-10,22,5,10,0,240.0,239.41666666666666,-2.0,0.2,28.185303,0.47999999999999643,0.12393305439330544,242,0,3
2022-10-08 22:06:24,FARM_01,240,30.01,87.2,0.0,Vegetative,No,Good,9976.47,-12.88,Wet,2022-10,22,5,10,0,239.33333333333334,239.66666666666666,2.0,0.4857142857142857,28.882896000000002,0.0,0.12452282157676349,240,0,3
2022-10-08 22:06:24,FARM_01,233,30.36,87.1,0.34,Vegetative,No,Good,9976.94,-12.84,Wet,2022-10,22,5,10,0,237.0,239.08333333333334,-7.0,-1.2285714285714286,29.199258,0.33999999999999647,0.12974358974358974,247,0,3
2022-10-08 22:06:24,FARM_01,175,31.1,79.5,9.09,Vegetative,No,Good,9975.66,-12.95,Very Wet,2022-10,22,5,10,0,216.0,233.66666666666666,-58.0,-10.114285714285714,29.171975000000003,9.429999999999996,0.17670454545454548,305,0,2
2022-10-08 22:06:24,FARM_01,242,28.55,82.4,5.32,Vegetative,No,Good,9972.86,-13.19,Wet,2022-10,22,5,10,0,216.66666666666666,233.83333333333334,67.0,-5.314285714285714,27.141560000000002,14.749999999999996,0.11748971193415639,238,0,3
2022-10-08 22:06:24,FARM_01,173,31.14,85.4,0.0,Vegetative,Yes,Poor,9975.25,-12.99,Very Wet,2022-10,22,5,10,0,196.66666666666666,228.16666666666666,-69.0,-10.771428571428572,29.763658,14.409999999999997,0.17896551724137932,307,0,2
2022-10-08 22:06:24,FARM_01,388,30.78,82.2,0.0,Vegetative,No,Poor,9972.73,-13.2,Very Dry,2022-10,22,5,10,0,267.6666666666667,240.5,215.0,17.914285714285715,29.137238,5.319999999999997,0.07912596401028278,92,0,1
2022-10-08 22:06:24,FARM_01,175,30.57,80.6,6.47,Vegetative,No,Good,9974.23,-13.07,Very Wet,2022-10,22,5,10,0,245.33333333333334,235.08333333333334,-213.0,8.0,28.801980999999998,6.469999999999996,0.17369318181818183,305,0,2
2022-10-08 22:06:24,FARM_01,242,28.59,88.8,0.0,Vegetative,No,Good,9972.86,-13.19,Wet,2022-10,22,5,10,0,268.3333333333333,235.66666666666666,67.0,9.971428571428572,27.691256,6.469999999999996,0.11765432098765433,238,0,3
2022-10-08 22:06:24,FARM_01,243,28.62,87.7,6.08,Vegetative,No,Good,9972.67,-13.2,Wet,2022-10,22,5,10,0,220.0,235.91666666666666,1.0,-0.02857142857142857,27.630957000000002,12.549999999999997,0.11729508196721312,237,0,3
2022-10-08 22:06:24,FARM_01,243,30.55,81.6,0.22,Vegetative,No,Good,9976.66,-12.87,Wet,2022-10,22,5,10,0,242.66666666666666,236.0,0.0,-0.5142857142857142,28.875140000000002,6.299999999999996,0.12520491803278688,237,0,3
2022-10-08 22:06:24,FARM_01,174,31.03,87.5,0.0,Vegetative,Yes,Poor,9974.06,-13.09,Very Wet,2022-10,22,5,10,0,220.0,230.5,-69.0,-24.714285714285715,29.8591875,6.299999999999996,0.17731428571428573,306,0,2
2022-10-08 22:06:24,FARM_01,174,31.16,84.1,0.0,Vegetative,Yes,Poor,9974.72,-13.03,Very Wet,2022-10,22,5,10,0,197.0,225.16666666666666,0.0,-5.9714285714285715,29.659358,0.21999999999999645,0.17805714285714286,306,0,2
2022-10-08 22:06:24,FARM_01,174,30.52,84.7,0.0,Vegetative,Yes,Poor,9974.16,-13.08,Very Wet,2022-10,22,5,10,0,174.0,219.66666666666666,0.0,-17.6,29.129842,0.0,0.1744,306,0,2
2022-10-08 22:06:24,FARM_01,174,31.1,87.4,0.0,Vegetative,Yes,Poor,9973.79,-13.11,Very Wet,2022-10,22,5,10,0,174.0,214.75,0.0,-15.771428571428572,29.914970000000004,0.0,0.1777142857142857,306,0,2
2022-10-08 22:06:24,FARM_01,174,30.98,88.7,0.0,Vegetative,Yes,Poor,9973.98,-13.09,Very Wet,2022-10,22,5,10,0,174.0,214.66666666666666,0.0,-9.857142857142858,29.924693,0.0,0.17702857142857142,306,0,2
2022-10-08 22:06:24,FARM_01,175,30.63,73.3,0.0,Vegetative,No,Good,9974.0,-13.09,Very Wet,2022-10,22,5,10,0,174.33333333333334,209.08333333333334,1.0,0.14285714285714285,28.1878845,0.0,0.17403409090909092,305,0,2
2022-10-08 22:06:24,FARM_01,174,30.93,81.2,0.0,Vegetative,Yes,Poor,9974.08,-13.09,Very Wet,2022-10,22,5,10,0,174.33333333333334,209.16666666666666,-1.0,0.08571428571428572,29.179438,0.0,0.17674285714285715,306,0,2
2022-10-08 22:06:24,FARM_01,175,30.87,83.3,0.0,Vegetative,No,Good,9973.97,-13.09,Very Wet,2022-10,22,5,10,0,174.66666666666666,191.41666666666666,1.0,0.17142857142857143,29.320490500000002,0.0,0.1753977272727273,305,0,2
2022-10-08 22:06:24,FARM_01,175,30.82,81.1,0.0,Vegetative,No,Good,9974.23,-13.07,Very Wet,2022-10,22,5,10,0,174.66666666666666,191.41666666666666,0.0,0.2,29.071561,0.0,0.17511363636363636,305,0,2
2022-10-08 22:06:24,FARM_01,173,30.77,78.3,0.0,Vegetative,Yes,Poor,9974.14,-13.08,Very Wet,2022-10,22,5,10,0,174.33333333333334,185.66666666666666,-2.0,-0.11428571428571428,28.7685005,0.0,0.17683908045977012,307,0,2
2022-10-08 22:06:24,FARM_01,174,31.07,90.6,5.91,Vegetative,No,Good,9973.84,-13.11,Very Wet,2022-10,22,5,10,0,174.0,179.91666666666666,1.0,-0.22857142857142856,30.187481,5.909999999999997,0.17754285714285714,306,0,2
2022-10-08 22:06:24,FARM_01,174,30.71,81.1,0.0,Vegetative,Yes,Poor,9974.41,-13.06,Very Wet,2022-10,22,5,10,0,173.66666666666666,174.16666666666666,0.0,-0.14285714285714285,28.9729955,5.909999999999997,0.1754857142857143,306,0,2
2022-10-08 22:06:24,FARM_01,174,30.46,86.6,0.0,Vegetative,Yes,Poor,9974.53,-13.05,Very Wet,2022-10,22,5,10,0,174.0,174.16666666666666,0.0,-0.2,29.246898,5.909999999999997,0.17405714285714285,306,0,2
2022-10-08 22:06:24,FARM_01,470,29.84,88.0,4.35,Vegetative,No,Poor,9974.96,-13.01,Very Dry,2022-10,22,5,10,0,272.6666666666667,198.83333333333334,296.0,42.22857142857143,28.79456,4.349999999999996,0.06335456475583864,10,0,1
2022-10-08 22:06:24,FARM_01,388,29.72,93.0,0.0,Vegetative,No,Poor,9974.56,-13.04,Very Dry,2022-10,22,5,10,0,344.0,216.66666666666666,-82.0,56.08571428571429,29.11478,4.349999999999996,0.07640102827763495,92,0,1
2022-10-08 22:06:24,FARM_01,175,31.13,78.5,16.39,Vegetative,No,Good,9974.08,-13.09,Very Wet,2022-10,22,5,10,0,344.3333333333333,216.75,-213.0,26.942857142857143,29.1043775,20.739999999999995,0.176875,305,0,2
2022-10-08 22:06:24,FARM_01,175,30.41,85.9,1.97,Vegetative,No,Good,9974.79,-13.03,Very Wet,2022-10,22,5,10,0,246.0,216.83333333333334,0.0,-2.1142857142857143,29.137404500000002,18.359999999999992,0.17278409090909091,305,0,2
2022-10-08 22:06:24,FARM_01,175,30.3,86.7,0.0,Vegetative,No,Good,9974.25,-13.07,Very Wet,2022-10,22,5,10,0,175.0,216.83333333333334,0.0,-31.228571428571428,29.107655,18.359999999999992,0.1721590909090909,305,0,2
2022-10-08 22:06:24,FARM_01,176,30.25,85.9,0.0,Vegetative,No,Good,9974.16,-13.08,Very Wet,2022-10,22,5,10,0,175.33333333333334,217.0,1.0,-60.25714285714286,28.9898125,1.9699999999999929,0.1709039548022599,304,0,2
2022-10-08 22:06:24,FARM_01,174,30.2,82.0,2.13,Vegetative,No,Good,9974.38,-13.06,Very Wet,2022-10,22,5,10,0,175.0,216.91666666666666,-2.0,-30.485714285714284,28.5962,2.129999999999993,0.17257142857142857,306,0,2
2022-10-08 22:06:24,FARM_01,389,29.8,91.8,0.0,Vegetative,No,Poor,9974.86,-13.02,Very Dry,2022-10,22,5,10,0,246.33333333333334,234.75,215.0,30.514285714285716,29.08742,2.129999999999993,0.07641025641025641,91,0,1
2022-10-08 22:06:24,FARM_01,174,30.16,82.2,0.0,Vegetative,Yes,Poor,9974.44,-13.06,Very Wet,2022-10,22,5,10,0,245.66666666666666,234.83333333333334,-215.0,18.142857142857142,28.577936,2.129999999999993,0.17234285714285713,306,0,2
2022-10-08 22:06:24,FARM_01,175,30.09,91.5,0.0,Vegetative,No,Good,9974.69,-13.03,Very Wet,2022-10,22,5,10,0,246.0,234.91666666666666,1.0,5.9714285714285715,29.3377925,0.0,0.17096590909090909,305,0,2
2022-10-08 22:06:24,FARM_01,174,30.0,86.5,0.0,Vegetative,Yes,Poor,9974.78,-13.03,Very Wet,2022-10,22,5,10,0,174.33333333333334,234.91666666666666,-1.0,-6.3428571428571425,28.812,0.0,0.17142857142857143,306,0,2
2022-10-08 22:06:24,FARM_01,175,29.96,91.5,0.0,Vegetative,No,Good,9974.83,-13.02,Very Wet,2022-10,22,5,10,0,174.66666666666666,235.0,1.0,-18.257142857142856,29.21387,0.0,0.17022727272727273,305,0,2
2022-10-08 22:06:24,FARM_01,316,29.92,84.9,0.0,Vegetative,No,Poor,9975.08,-13.0,Dry,2022-10,22,5,10,0,221.66666666666666,222.16666666666666,141.0,-10.371428571428572,28.597844000000002,0.0,0.09438485804416405,164,0,0
2022-10-08 22:06:24,FARM_01,469,29.87,88.4,0.0,Vegetative,No,Poor,9974.58,-13.04,Very Dry,2022-10,22,5,10,0,320.0,228.91666666666666,153.0,54.25714285714286,28.857494000000003,0.0,0.0635531914893617,11,0,1
2022-10-08 22:06:24,FARM_01,176,30.11,87.9,0.0,Vegetative,No,Good,9974.66,-13.04,Very Wet,2022-10,22,5,10,0,320.3333333333333,229.0,-293.0,29.457142857142856,29.0378795,0.0,0.1701129943502825,304,0,2
2022-10-08 22:06:24,FARM_01,175,30.68,87.4,0.0,Vegetative,No,Good,9974.42,-13.06,Very Wet,2022-10,22,5,10,0,273.3333333333333,229.0,-1.0,4.6,29.524076,0.0,0.17431818181818182,305,0,2
2022-10-08 22:06:24,FARM_01,386,29.76,75.1,0.0,Vegetative,No,Poor,9974.7,-13.03,Very Dry,2022-10,22,5,10,0,245.66666666666666,246.58333333333334,211.0,9.685714285714285,27.601668,0.0,0.07689922480620155,94,0,1
2022-10-08 22:06:24,FARM_01,175,30.36,85.4,6.87,Vegetative,No,Good,9974.51,-13.05,Very Wet,2022-10,22,5,10,0,245.33333333333334,246.5,-211.0,-27.285714285714285,29.046292,6.869999999999993,0.1725,305,0,2
2022-10-08 22:06:24,FARM_01,388,29.69,82.1,0.0,Vegetative,No,Poor,9974.62,-13.04,Very Dry,2022-10,22,5,10,0,316.3333333333333,264.3333333333333,213.0,-5.62857142857143,28.1453195,6.869999999999993,0.07632390745501286,92,0,1
2022-10-08 22:06:24,FARM_01,390,30.68,93.1,0.0,Vegetative,No,Poor,9973.05,-13.17,Very Dry,2022-10,22,5,10,0,317.6666666666667,264.4166666666667,2.0,42.8,30.046993999999998,6.869999999999993,0.07846547314578005,90,0,1
2022-10-08 22:06:24,FARM_01,387,30.74,85.7,0.0,Vegetative,No,Poor,9974.18,-13.08,Very Dry,2022-10,22,5,10,0,388.3333333333333,282.1666666666667,-3.0,36.714285714285715,29.423399,0.0,0.07922680412371133,93,0,1
2022-10-08 22:06:24,FARM_01,390,29.91,91.8,0.0,Vegetative,No,Poor,9974.39,-13.06,Very Dry,2022-10,22,5,10,0,389.0,300.0833333333333,3.0,18.8,29.192459,0.0,0.07649616368286445,90,0,1
2022-10-08 22:06:24,FARM_01,388,30.19,78.9,8.71,Vegetative,No,Poor,9974.05,-13.09,Very Dry,2022-10,22,5,10,0,388.3333333333333,317.9166666666667,-2.0,30.514285714285716,28.3111505,8.709999999999994,0.07760925449871466,92,0,1
2022-10-08 22:06:24,FARM_01,388,30.41,97.5,4.05,Vegetative,No,Poor,9974.11,-13.08,Very Dry,2022-10,22,5,10,0,388.6666666666667,335.6666666666667,0.0,-0.08571428571428572,30.1843625,12.759999999999994,0.07817480719794344,92,0,1
2022-10-08 22:06:24,FARM_01,389,30.64,86.2,0.0,Vegetative,No,Poor,9972.94,-13.18,Very Dry,2022-10,22,5,10,0,388.3333333333333,341.75,1.0,-0.11428571428571428,29.377024,12.759999999999994,0.07856410256410257,91,0,1
2022-10-08 22:06:24,FARM_01,389,30.56,84.1,0.0,Vegetative,No,Poor,9974.41,-13.06,Very Dry,2022-10,22,5,10,0,388.6666666666667,335.0833333333333,0.0,0.2,29.111828,4.049999999999993,0.07835897435897436,91,0,1
2022-10-08 22:06:24,FARM_01,388,30.79,77.0,0.0,Vegetative,No,Poor,9973.92,-13.1,Very Dry,2022-10,22,5,10,0,388.6666666666667,352.75,-1.0,-0.17142857142857143,28.666065,0.0,0.07915167095115681,92,0,1
2022-10-08 22:06:24,FARM_01,388,30.72,84.5,2.12,Vegetative,No,Poor,9973.02,-13.17,Very Dry,2022-10,22,5,10,0,388.3333333333333,370.5,0.0,0.0,29.29462,2.119999999999993,0.07897172236503856,92,0,1
2022-10-08 22:06:24,FARM_01,389,30.81,83.1,3.55,Vegetative,No,Poor,9973.39,-13.14,Very Dry,2022-10,22,5,10,0,388.3333333333333,370.75,1.0,0.02857142857142857,29.247510499999997,5.669999999999993,0.079,91,0,1
2022-10-08 22:06:24,FARM_01,387,30.82,88.5,0.0,Vegetative,No,Poor,9973.21,-13.16,Very Dry,2022-10,22,5,10,0,388.0,388.4166666666667,-2.0,-0.2857142857142857,29.756135,5.669999999999993,0.07943298969072166,93,0,1
2022-10-08 22:06:24,FARM_01,388,30.81,87.5,0.0,Vegetative,No,Poor,9973.22,-13.16,Very Dry,2022-10,22,5,10,0,388.0,388.4166666666667,1.0,-0.2,29.6543125,3.5499999999999927,0.07920308483290488,92,0,1
2022-10-08 22:06:24,FARM_01,389,30.8,79.3,4.09,Vegetative,No,Poor,9973.2,-13.16,Very Dry,2022-10,22,5,10,0,388.0,388.3333333333333,1.0,0.08571428571428572,28.88732,4.089999999999993,0.07897435897435898,91,0,1
2022-10-08 22:06:24,FARM_01,388,30.67,82.8,0.0,Vegetative,No,Poor,9974.09,-13.08,Very Dry,2022-10,22,5,10,0,388.3333333333333,388.4166666666667,-1.0,0.02857142857142857,29.093018,4.089999999999993,0.07884318766066839,92,0,1
2022-10-08 22:06:24,FARM_01,387,30.6,86.2,0.0,Vegetative,No,Poor,9972.67,-13.2,Very Dry,2022-10,22,5,10,0,388.0,388.1666666666667,-1.0,-0.17142857142857143,29.34006,4.089999999999993,0.0788659793814433,93,0,1
2022-10-08 22:06:24,FARM_01,386,29.69,89.5,0.0,Vegetative,No,Poor,9974.09,-13.08,Very Dry,2022-10,22,5,10,0,387.0,388.0,-1.0,-0.2571428571428571,28.7839025,0.0,0.07671834625322997,94,0,1
2022-10-08 22:06:24,FARM_01,388,29.99,84.2,5.62,Vegetative,No,Poor,9972.22,-13.24,Very Dry,2022-10,22,5,10,0,387.0,388.0,2.0,-0.2857142857142857,28.600469,5.619999999999993,0.07709511568123392,92,0,1
2022-10-08 22:06:24,FARM_01,181,30.64,90.3,0.0,Vegetative,No,Good,9975.68,-12.95,Very Wet,2022-10,22,5,10,0,318.3333333333333,370.6666666666667,-207.0,-29.742857142857144,29.752256,5.619999999999993,0.16835164835164834,299,0,2
2022-10-08 22:06:24,FARM_01,389,29.66,85.6,0.0,Vegetative,No,Poor,9973.95,-13.1,Very Dry,2022-10,22,5,10,0,319.3333333333333,370.6666666666667,208.0,-17.457142857142856,28.419728,5.619999999999993,0.07605128205128205,91,0,1
2022-10-08 22:06:24,FARM_01,390,30.55,81.3,2.89,Vegetative,No,Poor,9972.7,-13.2,Very Dry,2022-10,22,5,10,0,320.0,370.8333333333333,1.0,-5.228571428571429,28.8478325,2.889999999999993,0.07813299232736573,90,0,1
2022-10-08 22:06:24,FARM_01,388,30.51,73.1,0.0,Vegetative,No,Poor,9973.13,-13.17,Very Dry,2022-10,22,5,10,0,389.0,370.8333333333333,-2.0,6.4,28.067345500000002,2.889999999999993,0.07843187660668381,92,0,1
2022-10-08 22:06:24,FARM_01,388,30.46,88.6,0.0,Vegetative,No,Poor,9973.33,-13.15,Very Dry,2022-10,22,5,10,0,388.6666666666667,370.75,0.0,17.771428571428572,29.427958,2.889999999999993,0.07830334190231363,92,0,1
2022-10-08 22:06:24,FARM_01,388,30.42,84.6,0.0,Vegetative,No,Poor,9973.92,-13.1,Very Dry,2022-10,22,5,10,0,388.0,370.8333333333333,0.0,29.428571428571427,29.029226,0.0,0.07820051413881748,92,0,1
2022-10-08 22:06:24,FARM_01,389,30.4,84.1,0.0,Vegetative,No,Poor,9973.97,-13.09,Very Dry,2022-10,22,5,10,0,388.3333333333333,370.9166666666667,1.0,-0.17142857142857143,28.965819999999997,0.0,0.07794871794871794,91,0,1
2022-10-08 22:06:24,FARM_01,389,30.35,82.1,2.23,Vegetative,No,Poor,9973.83,-13.11,Very Dry,2022-10,22,5,10,0,388.6666666666667,370.9166666666667,0.0,-0.05714285714285714,28.7403425,2.229999999999993,0.07782051282051282,91,0,1
2022-10-08 22:06:24,FARM_01,391,30.31,90.6,0.0,Vegetative,No,Poor,9973.73,-13.11,Very Dry,2022-10,22,5,10,0,389.6666666666667,371.1666666666667,2.0,0.5428571428571428,29.466772999999996,2.229999999999993,0.07732142857142857,89,0,1
2022-10-08 22:06:24,FARM_01,389,30.27,84.1,0.0,Vegetative,No,Poor,9973.44,-13.14,Very Dry,2022-10,22,5,10,0,389.6666666666667,371.3333333333333,-2.0,0.4,28.847188499999998,2.229999999999993,0.07761538461538461,91,0,1
2022-10-08 22:06:24,FARM_01,391,30.22,80.4,0.0,Vegetative,No,Poor,9973.14,-13.16,Very Dry,2022-10,22,5,10,0,390.3333333333333,371.75,2.0,0.4857142857142857,28.471484,0.0,0.07709183673469387,89,0,1
2022-10-08 22:06:24,FARM_01,387,30.18,83.4,0.0,Vegetative,No,Poor,9973.19,-13.16,Very Dry,2022-10,22,5,10,0,389.0,371.6666666666667,-4.0,-0.17142857142857143,28.702766,0.0,0.07778350515463918,93,0,1
2022-10-08 22:06:24,FARM_01,388,30.14,77.8,0.0,Vegetative,No,Poor,9973.09,-13.17,Very Dry,2022-10,22,5,10,0,388.6666666666667,388.9166666666667,1.0,-0.42857142857142855,28.169306,0.0,0.07748071979434447,92,0,1
2022-10-08 22:06:24,FARM_01,385,30.03,90.6,0.0,Vegetative,No,Poor,9972.54,-13.21,Very Dry,2022-10,22,5,10,0,386.6666666666667,388.5833333333333,-3.0,-1.0571428571428572,29.201249,0.0,0.07779792746113989,95,0,1
2022-10-08 22:06:24,FARM_01,389,30.1,81.3,13.05,Vegetative,No,Poor,9972.94,-13.18,Very Dry,2022-10,22,5,10,0,387.3333333333333,388.5,4.0,-0.4857142857142857,28.444115,13.049999999999994,0.07717948717948718,91,0,1
2022-10-08 22:06:24,FARM_01,174,31.15,83.1,0.0,Vegetative,Yes,Poor,9974.41,-13.06,Very Wet,2022-10,22,5,10,0,316.0,370.6666666666667,-215.0,-30.914285714285715,29.555907499999996,13.049999999999994,0.178,306,0,2
2022-10-08 22:06:24,FARM_01,401,30.06,89.9,0.0,Vegetative,No,Poor,9972.5,-13.22,Very Dry,2022-10,22,5,10,0,321.3333333333333,371.75,227.0,-16.228571428571428,29.167866999999998,13.049999999999994,0.07477611940298508,79,0,1
2022-10-08 22:06:24,FARM_01,241,28.54,81.4,0.0,Vegetative,No,Good,9972.86,-13.19,Wet,2022-10,22,5,10,0,272.0,359.5,-160.0,-25.771428571428572,27.052558,0.0,0.11793388429752066,239,0,3
2022-10-08 22:06:24,FARM_01,390,29.94,74.9,0.0,Vegetative,No,Poor,9972.12,-13.25,Very Dry,2022-10,22,5,10,0,344.0,359.5833333333333,149.0,-5.485714285714286,27.739483000000003,0.0,0.07657289002557545,90,0,1
2022-10-08 22:06:24,FARM_01,252,29.46,80.0,0.0,Vegetative,No,Good,9972.59,-13.21,Wet,2022-10,22,5,10,0,294.3333333333333,348.1666666666667,-138.0,-5.628571428571429,27.7594,0.0,0.11644268774703558,228,0,3
2022-10-08 22:06:24,FARM_01,390,29.66,77.3,0.0,Vegetative,No,Poor,9971.89,-13.27,Very Dry,2022-10,22,5,10,0,344.0,348.0833333333333,138.0,22.34285714285714,27.704849,0.0,0.07585677749360614,90,0,1
2022-10-08 22:06:24,FARM_01,391,29.83,84.1,0.0,Vegetative,No,Poor,9971.38,-13.31,Very Dry,2022-10,22,5,10,0,344.3333333333333,348.25,1.0,7.4,28.445666499999998,0.0,0.0760969387755102,89,0,1
2022-10-08 22:06:24,FARM_01,390,29.77,77.0,0.0,Vegetative,No,Poor,9971.44,-13.31,Very Dry,2022-10,22,5,10,0,390.3333333333333,348.1666666666667,-1.0,25.314285714285713,27.775095,0.0,0.07613810741687979,90,0,1
2022-10-08 22:06:24,FARM_01,389,29.74,79.9,0.0,Vegetative,No,Poor,9971.64,-13.29,Very Dry,2022-10,22,5,10,0,390.0,348.3333333333333,-1.0,11.714285714285714,27.999943,0.0,0.07625641025641025,91,0,1
2022-10-08 22:06:24,FARM_01,252,29.44,79.6,0.0,Vegetative,No,Good,9972.42,-13.22,Wet,2022-10,22,5,10,0,343.6666666666667,337.0,-137.0,-0.11428571428571428,27.707632,0.0,0.11636363636363636,228,0,3
2022-10-08 22:06:24,FARM_01,389,29.71,75.3,0.0,Vegetative,No,Poor,9971.5,-13.3,Very Dry,2022-10,22,5,10,0,343.3333333333333,337.3333333333333,137.0,-12.085714285714287,27.575796500000003,0.0,0.07617948717948718,91,0,1
2022-10-08 22:06:24,FARM_01,390,29.64,89.0,0.0,Vegetative,No,Poor,9971.73,-13.28,Very Dry,2022-10,22,5,10,0,343.6666666666667,337.4166666666667,1.0,-4.142857142857143,28.69378,0.0,0.07580562659846547,90,0,1
2022-10-08 22:06:24,FARM_01,253,29.47,80.0,0.0,Vegetative,No,Good,9972.08,-13.25,Wet,2022-10,22,5,10,0,344.0,344.0,-137.0,-15.571428571428571,27.7683,0.0,0.11602362204724409,227,0,3
2022-10-08 22:06:24,FARM_01,368,29.61,83.4,15.97,Vegetative,No,Poor,9971.42,-13.31,Very Dry,2022-10,22,5,10,0,337.0,341.25,115.0,-2.8857142857142857,28.184807,15.969999999999994,0.08024390243902439,112,0,1
2022-10-08 22:06:24,FARM_01,314,29.59,80.8,0.0,Vegetative,No,Poor,9971.45,-13.31,Dry,2022-10,22,5,10,0,311.6666666666667,347.3333333333333,-54.0,3.142857142857143,27.943696,15.969999999999994,0.09393650793650793,166,0,0
2022-10-08 22:06:24,FARM_01,274,29.56,84.7,6.72,Vegetative,No,Poor,9971.45,-13.31,Dry,2022-10,22,5,10,0,318.6666666666667,337.6666666666667,-40.0,-19.65714285714286,28.250625999999997,22.689999999999994,0.10749090909090908,206,0,0
2022-10-08 22:06:24,FARM_01,240,29.54,84.3,0.0,Vegetative,No,Good,9971.66,-13.29,Wet,2022-10,22,5,10,0,276.0,336.6666666666667,-34.0,-21.17142857142857,28.198121,6.719999999999993,0.12257261410788381,240,0,3
2022-10-08 22:06:24,FARM_01,389,29.68,89.7,0.0,Vegetative,No,Poor,9971.71,-13.28,Very Dry,2022-10,22,5,10,0,301.0,336.5833333333333,149.0,7.314285714285714,28.791728,6.719999999999993,0.07610256410256411,91,0,1
2022-10-08 22:06:24,FARM_01,214,29.51,86.3,4.17,Vegetative,No,Good,9971.52,-13.3,Wet,2022-10,22,5,10,0,281.0,321.8333333333333,-175.0,-16.542857142857144,28.3413215,4.169999999999993,0.13725581395348838,266,0,3
2022-10-08 22:06:24,FARM_01,251,29.42,85.7,0.0,Vegetative,No,Good,9972.8,-13.19,Wet,2022-10,22,5,10,0,284.6666666666667,310.25,37.0,-9.885714285714286,28.207217,4.169999999999993,0.11674603174603175,229,0,3
2022-10-08 22:06:24,FARM_01,246,29.17,81.1,0.0,Vegetative,No,Good,9974.7,-13.03,Wet,2022-10,22,5,10,0,237.0,298.3333333333333,-5.0,-8.057142857142857,27.5930785,4.169999999999993,0.11809716599190284,234,0,3
2022-10-08 22:06:24,FARM_01,226,31.94,89.0,15.35,Vegetative,No,Good,9975.54,-12.96,Wet,2022-10,22,5,10,0,241.0,296.1666666666667,-20.0,-13.2,30.85463,15.349999999999993,0.14070484581497797,254,0,3
2022-10-08 22:06:24,FARM_01,251,29.4,80.0,0.0,Vegetative,No,Good,9972.66,-13.21,Wet,2022-10,22,5,10,0,241.0,284.6666666666667,25.0,-18.82857142857143,27.706,15.349999999999993,0.11666666666666665,229,0,3
2022-10-08 22:06:24,FARM_01,249,29.39,79.0,0.0,Vegetative,No,Good,9972.83,-13.19,Wet,2022-10,22,5,10,0,242.0,272.9166666666667,-2.0,4.428571428571429,27.612455,15.349999999999993,0.11756,231,0,3
2022-10-08 22:06:24,FARM_01,251,29.37,92.3,8.79,Vegetative,No,Good,9972.86,-13.19,Wet,2022-10,22,5,10,0,250.33333333333334,272.75,2.0,0.9714285714285714,28.7190805,8.789999999999992,0.11654761904761905,229,0,3
2022-10-08 22:06:24,FARM_01,251,29.35,88.7,0.0,Vegetative,No,Good,9972.69,-13.2,Wet,2022-10,22,5,10,0,250.33333333333334,263.0,0.0,2.8,28.3959975,8.789999999999992,0.11646825396825397,229,0,3
2022-10-08 22:06:24,FARM_01,249,29.33,78.9,0.0,Vegetative,No,Good,9972.87,-13.19,Wet,2022-10,22,5,10,0,250.33333333333334,257.5833333333333,-2.0,3.342857142857143,27.5509535,8.789999999999992,0.11732,231,0,3
2022-10-08 22:06:24,FARM_01,247,29.16,85.0,0.0,Vegetative,No,Good,9974.56,-13.04,Wet,2022-10,22,5,10,0,249.0,255.33333333333334,-2.0,-0.5714285714285714,27.909299999999998,0.0,0.11758064516129033,233,0,3
2022-10-08 22:06:24,FARM_01,249,29.31,88.7,0.0,Vegetative,No,Good,9973.07,-13.17,Wet,2022-10,22,5,10,0,248.33333333333334,256.0833333333333,2.0,-0.4,28.3584835,0.0,0.11724,231,0,3
2022-10-08 22:06:24,FARM_01,248,29.27,78.2,0.0,Vegetative,No,Good,9973.61,-13.13,Wet,2022-10,22,5,10,0,248.0,244.33333333333334,-1.0,-0.6571428571428571,27.439127,0.0,0.11755020080321285,232,0,3
2022-10-08 22:06:24,FARM_01,248,29.25,91.4,0.0,Vegetative,No,Good,9973.64,-13.12,Wet,2022-10,22,5,10,0,248.33333333333334,247.16666666666666,0.0,-0.45714285714285713,28.528675,0.0,0.11746987951807229,232,0,3
2022-10-08 22:06:24,FARM_01,387,30.75,79.8,0.38,Vegetative,No,Poor,9973.28,-13.15,Very Dry,2022-10,22,5,10,0,294.3333333333333,258.5,139.0,19.771428571428572,28.889075,0.3799999999999929,0.07925257731958762,93,0,1
2022-10-08 22:06:24,FARM_01,390,29.97,84.4,15.95,Vegetative,No,Poor,9972.25,-13.24,Very Dry,2022-10,22,5,10,0,341.6666666666667,270.5,3.0,32.25714285714286,28.599774,16.32999999999999,0.07664961636828645,90,0,1
2022-10-08 22:06:24,FARM_01,175,31.15,87.2,0.0,Vegetative,No,Good,9974.74,-13.03,Very Wet,2022-10,22,5,10,0,317.3333333333333,266.25,-215.0,5.571428571428571,29.942639999999997,16.32999999999999,0.17698863636363635,305,0,2
2022-10-08 22:06:24,FARM_01,249,29.23,93.0,0.0,Vegetative,No,Good,9973.81,-13.11,Wet,2022-10,22,5,10,0,271.3333333333333,266.0833333333333,74.0,-6.0285714285714285,28.643645,15.949999999999992,0.11692,231,0,3
2022-10-08 22:06:24,FARM_01,248,29.2,81.9,1.82,Vegetative,No,Good,9974.34,-13.06,Wet,2022-10,22,5,10,0,224.0,266.0,-1.0,-17.97142857142857,27.68684,1.819999999999993,0.11726907630522088,232,0,3
2022-10-08 22:06:24,FARM_01,249,29.29,88.8,5.6,Vegetative,No,Good,9973.59,-13.13,Wet,2022-10,22,5,10,0,248.66666666666666,265.8333333333333,1.0,-29.771428571428572,28.348136,7.419999999999993,0.11716,231,0,3
2022-10-08 22:06:24,FARM_01,256,29.49,79.8,0.0,Vegetative,No,Good,9971.88,-13.27,Wet,2022-10,22,5,10,0,251.0,266.25,7.0,-12.828571428571427,27.769060999999997,7.419999999999993,0.11474708171206226,224,0,3
2022-10-08 22:06:24,FARM_01,247,29.14,79.9,0.88,Vegetative,No,Good,9975.08,-13.0,Wet,2022-10,22,5,10,0,250.66666666666666,266.0833333333333,-9.0,10.914285714285715,27.466273,6.479999999999992,0.11750000000000001,233,0,3
2022-10-08 22:06:24,FARM_01,248,29.12,86.0,0.0,Vegetative,No,Good,9975.28,-12.98,Wet,2022-10,22,5,10,0,250.33333333333334,266.1666666666667,1.0,-0.02857142857142857,27.95576,0.8799999999999929,0.11694779116465864,232,0,3
2022-10-08 22:06:24,FARM_01,246,29.0,86.8,0.0,Vegetative,No,Good,9976.19,-12.84,Wet,2022-10,22,5,10,0,247.0,265.9166666666667,-2.0,-0.6285714285714286,27.911,0.8799999999999929,0.11740890688259109,234,0,3
2022-10-08 22:06:24,FARM_01,248,29.08,75.8,14.49,Vegetative,No,Good,9975.63,-12.96,Wet,2022-10,22,5,10,0,247.33333333333334,265.9166666666667,2.0,-0.9714285714285714,27.072851999999997,14.489999999999993,0.1167871485943775,232,0,3
2022-10-08 22:06:24,FARM_01,246,29.06,85.4,0.0,Vegetative,No,Good,9975.48,-12.97,Wet,2022-10,22,5,10,0,246.66666666666666,265.75,-2.0,-1.4,27.850682,14.489999999999993,0.11765182186234817,234,0,3
2022-10-08 22:06:24,FARM_01,246,29.05,82.9,0.0,Vegetative,No,Good,9975.83,-12.94,Wet,2022-10,22,5,10,0,246.66666666666666,254.0,0.0,-0.2571428571428571,27.6345475,14.489999999999993,0.11761133603238867,234,0,3
2022-10-08 22:06:24,FARM_01,246,29.03,86.0,0.0,Vegetative,No,Good,9975.67,-12.95,Wet,2022-10,22,5,10,0,246.0,242.0,0.0,-0.34285714285714286,27.872690000000002,0.0,0.11753036437246964,234,0,3
2022-10-08 22:06:24,FARM_01,246,29.02,90.8,0.0,Vegetative,No,Good,9975.85,-12.94,Wet,2022-10,22,5,10,0,246.0,247.91666666666666,0.0,-0.17142857142857143,28.259988,0.0,0.11748987854251013,234,0,3
2022-10-08 22:06:24,FARM_01,246,29.09,79.6,0.0,Vegetative,No,Good,9975.45,-12.97,Wet,2022-10,22,5,10,0,246.0,247.66666666666666,0.0,-0.2857142857142857,27.396902,0.0,0.11777327935222671,234,0,3
2022-10-08 22:06:24,FARM_01,246,29.01,77.9,3.58,Vegetative,No,Good,9976.22,-12.91,Wet,2022-10,22,5,10,0,246.0,247.5,0.0,0.0,27.185534500000003,3.579999999999993,0.11744939271255062,234,0,3
2022-10-08 22:06:24,FARM_01,246,28.9,87.8,0.0,Vegetative,No,Good,9976.3,-12.9,Wet,2022-10,22,5,10,0,246.0,247.25,0.0,0.0,27.900209999999998,3.579999999999993,0.11700404858299594,234,0,3
2022-10-08 22:06:24,FARM_01,249,29.18,85.6,0.0,Vegetative,No,Good,9974.36,-13.06,Wet,2022-10,22,5,10,0,247.0,246.66666666666666,3.0,0.42857142857142855,27.977744,3.579999999999993,0.11672,231,0,3
2022-10-08 22:06:24,FARM_01,246,28.98,90.0,0.0,Vegetative,No,Good,9976.05,-12.92,Wet,2022-10,22,5,10,0,247.0,246.58333333333334,-3.0,0.2571428571428571,28.156100000000002,0.0,0.11732793522267207,234,0,3
2022-10-08 22:06:24,FARM_01,246,28.95,88.2,0.32,Vegetative,No,Good,9975.56,-12.96,Wet,2022-10,22,5,10,0,247.0,246.41666666666666,0.0,0.08571428571428572,27.979744999999998,0.3199999999999929,0.11720647773279352,234,0,3
2022-10-08 22:06:24,FARM_01,245,28.94,80.4,6.17,Vegetative,No,Good,9975.73,-12.95,Wet,2022-10,22,5,10,0,245.66666666666666,246.33333333333334,-1.0,-0.22857142857142856,27.329468000000002,6.489999999999993,0.11764227642276423,235,0,3
2022-10-08 22:06:24,FARM_01,246,28.92,82.4,0.0,Vegetative,No,Good,9976.1,-12.92,Wet,2022-10,22,5,10,0,245.66666666666666,246.16666666666666,1.0,-0.34285714285714286,27.475744000000002,6.489999999999993,0.11708502024291499,234,0,3
2022-10-08 22:06:24,FARM_01,246,28.99,88.1,1.02,Vegetative,No,Good,9976.22,-12.91,Wet,2022-10,22,5,10,0,245.66666666666666,246.16666666666666,0.0,-0.45714285714285713,28.008904499999996,7.189999999999992,0.11736842105263157,234,0,3
2022-10-08 22:06:24,FARM_01,246,28.88,78.0,0.12,Vegetative,No,Good,9975.93,-12.93,Wet,2022-10,22,5,10,0,246.0,246.16666666666666,0.0,0.02857142857142857,27.07952,1.139999999999993,0.11692307692307692,234,0,3
2022-10-08 22:06:24,FARM_01,244,29.03,77.1,0.0,Vegetative,No,Good,9976.19,-12.91,Wet,2022-10,22,5,10,0,245.33333333333334,246.0,-2.0,-0.2,27.1369715,1.139999999999993,0.11848979591836735,236,0,3
2022-10-08 22:06:24,FARM_01,226,31.93,89.5,3.65,Vegetative,No,Good,9975.88,-12.93,Wet,2022-10,22,5,10,0,238.66666666666666,244.33333333333334,-18.0,-2.8857142857142857,30.8945425,3.769999999999993,0.14066079295154185,254,0,3
2022-10-08 22:06:24,FARM_01,247,29.11,82.6,0.0,Vegetative,No,Good,9975.42,-12.97,Wet,2022-10,22,5,10,0,239.0,244.41666666666666,21.0,-1.6285714285714286,27.663973,3.649999999999993,0.11737903225806451,233,0,3
2022-10-08 22:06:24,FARM_01,244,30.75,77.6,0.0,Vegetative,No,Good,9976.38,-12.89,Wet,2022-10,22,5,10,0,239.0,244.25,-3.0,-0.7142857142857143,28.6864,3.649999999999993,0.12551020408163266,236,0,3
2022-10-08 22:06:24,FARM_01,243,29.33,82.8,0.0,Vegetative,No,Good,9976.64,-12.87,Wet,2022-10,22,5,10,0,244.66666666666666,244.0,-1.0,0.17142857142857143,27.879782,0.0,0.12020491803278688,237,0,3
2022-10-08 22:06:24,FARM_01,245,29.49,91.8,2.3,Vegetative,No,Good,9976.84,-12.85,Wet,2022-10,22,5,10,0,244.0,243.66666666666666,2.0,1.5142857142857142,28.791400999999997,2.2999999999999927,0.1198780487804878,235,0,3
2022-10-08 22:06:24,FARM_01,244,29.85,90.1,0.0,Vegetative,No,Good,9977.53,-12.79,Wet,2022-10,22,5,10,0,244.0,243.5,-1.0,2.3714285714285714,28.9869675,2.2999999999999927,0.12183673469387755,236,0,3
2022-10-08 22:06:24,FARM_01,245,30.16,86.9,0.0,Vegetative,No,Good,9977.52,-12.8,Wet,2022-10,22,5,10,0,244.66666666666666,243.41666666666666,1.0,-0.22857142857142856,28.995672000000003,2.2999999999999927,0.12260162601626017,235,0,3
2022-10-08 22:06:24,FARM_01,246,28.96,82.8,0.0,Vegetative,No,Good,9976.05,-12.92,Wet,2022-10,22,5,10,0,245.0,243.5,1.0,0.42857142857142855,27.544784,0.0,0.11724696356275303,234,0,3
2022-10-08 22:06:24,FARM_01,248,29.22,83.3,0.0,Vegetative,No,Good,9973.98,-13.09,Wet,2022-10,22,5,10,0,246.33333333333334,243.66666666666666,2.0,0.8285714285714286,27.822042999999997,0.0,0.11734939759036143,232,0,3
2022-10-08 22:06:24,FARM_01,380,30.64,76.4,0.0,Vegetative,No,Poor,9974.31,-13.07,Very Dry,2022-10,22,5,10,0,291.3333333333333,254.83333333333334,132.0,19.65714285714286,28.480128,0.0,0.08041994750656169,100,0,1
2022-10-08 22:06:24,FARM_01,243,30.99,83.4,0.0,Vegetative,No,Good,9976.34,-12.89,Wet,2022-10,22,5,10,0,290.3333333333333,254.58333333333334,-137.0,11.485714285714288,29.438813,0.0,0.12700819672131147,237,0,3
2022-10-08 22:06:24,FARM_01,228,31.33,92.7,0.0,Vegetative,No,Good,9978.2,-12.74,Wet,2022-10,22,5,10,0,283.6666666666667,253.25,-15.0,1.0857142857142856,30.6342005,0.0,0.1368122270742358,252,0,3
2022-10-08 22:06:24,FARM_01,243,31.67,81.3,2.42,Vegetative,No,Good,9976.22,-12.91,Wet,2022-10,22,5,10,0,238.0,254.66666666666666,15.0,-6.057142857142857,29.8526405,2.419999999999993,0.12979508196721312,237,0,3
2022-10-08 22:06:24,FARM_01,229,31.8,91.7,0.58,Vegetative,No,Good,9976.3,-12.9,Wet,2022-10,22,5,10,0,233.33333333333334,253.16666666666666,-14.0,-14.885714285714286,30.98743,2.999999999999993,0.13826086956521738,251,0,3
2022-10-08 22:06:24,FARM_01,226,31.88,80.8,0.39,Vegetative,No,Good,9975.98,-12.93,Wet,2022-10,22,5,10,0,232.66666666666666,251.66666666666666,-3.0,-22.771428571428572,29.991871999999997,3.3899999999999926,0.14044052863436124,254,0,3
2022-10-08 22:06:24,FARM_01,388,29.87,85.9,9.15,Vegetative,No,Poor,9971.66,-13.29,Very Dry,2022-10,22,5,10,0,281.0,263.75,162.0,20.142857142857142,28.639281500000003,10.119999999999994,0.0767866323907455,92,0,1
2022-10-08 22:06:24,FARM_01,227,31.94,86.7,2.78,Vegetative,No,Good,9975.02,-13.01,Wet,2022-10,22,5,10,0,280.3333333333333,262.25,-161.0,12.199999999999998,30.627689,12.319999999999991,0.14008771929824562,253,0,3
2022-10-08 22:06:24,FARM_01,225,31.9,85.7,0.0,Vegetative,No,Good,9975.07,-13.0,Wet,2022-10,22,5,10,0,280.0,260.6666666666667,-2.0,1.8857142857142857,30.492165,11.92999999999999,0.1411504424778761,255,0,3
2022-10-08 22:06:24,FARM_01,182,31.77,85.9,0.97,Vegetative,No,Good,9973.45,-13.14,Very Wet,2022-10,22,5,10,0,211.33333333333334,255.41666666666666,-43.0,-11.4,30.3919365,3.749999999999991,0.17360655737704916,298,0,2
2022-10-08 22:06:24,FARM_01,223,30.94,83.2,0.0,Vegetative,No,Good,9973.17,-13.16,Wet,2022-10,22,5,10,0,210.0,253.5,41.0,-18.142857142857142,29.374744000000003,0.9699999999999911,0.138125,257,0,3
2022-10-08 22:06:24,FARM_01,224,31.51,87.5,0.0,Vegetative,No,Good,9973.61,-13.13,Wet,2022-10,22,5,10,0,209.66666666666666,251.5,1.0,-25.0,30.3061875,0.9699999999999911,0.14004444444444444,256,0,3
2022-10-08 22:06:24,FARM_01,225,31.86,84.2,30.27,Vegetative,No,Good,9975.0,-13.01,Wet,2022-10,22,5,10,0,224.0,238.58333333333334,1.0,0.8,30.307966,30.26999999999999,0.14097345132743364,255,0,3
2022-10-08 22:06:24,FARM_01,224,31.82,80.2,11.86,Vegetative,No,Good,9974.89,-13.02,Wet,2022-10,22,5,10,0,224.33333333333334,237.0,-1.0,3.5714285714285716,29.879402,42.129999999999995,0.14142222222222223,256,0,3
2022-10-08 22:06:24,FARM_01,225,31.76,88.4,0.56,Vegetative,No,Good,9974.66,-13.04,Wet,2022-10,22,5,10,0,224.66666666666666,236.75,1.0,6.257142857142857,30.626912,42.68999999999999,0.14053097345132745,255,0,3
2022-10-08 22:06:24,FARM_01,224,31.7,88.4,0.0,Vegetative,No,Good,9974.27,-13.07,Wet,2022-10,22,5,10,0,224.33333333333334,235.16666666666666,-1.0,0.2,30.57074,12.419999999999993,0.1408888888888889,256,0,3
2022-10-08 22:06:24,FARM_01,243,31.49,75.5,14.09,Vegetative,No,Good,9976.22,-12.91,Wet,2022-10,22,5,10,0,230.66666666666666,236.33333333333334,19.0,2.657142857142857,29.1332225,14.649999999999993,0.12905737704918033,237,0,3
2022-10-08 22:06:24,FARM_01,224,30.88,89.6,0.0,Vegetative,No,Good,9973.45,-13.14,Wet,2022-10,22,5,10,0,230.33333333333334,236.16666666666666,-19.0,1.457142857142857,29.914464,14.089999999999993,0.13724444444444445,256,0,3
2022-10-08 22:06:24,FARM_01,224,31.43,87.8,0.0,Vegetative,No,Good,9973.39,-13.14,Wet,2022-10,22,5,10,0,230.33333333333334,222.5,0.0,0.45714285714285713,30.260447,14.089999999999993,0.1396888888888889,256,0,3
2022-10-08 22:06:24,FARM_01,224,31.0,84.6,0.0,Vegetative,No,Good,9973.23,-13.16,Wet,2022-10,22,5,10,0,224.0,222.25,0.0,-0.6857142857142857,29.5601,0.0,0.13777777777777778,256,0,3
2022-10-08 22:06:24,FARM_01,224,31.37,86.5,0.0,Vegetative,No,Good,9973.33,-13.15,Wet,2022-10,22,5,10,0,224.0,222.16666666666666,0.0,-1.6285714285714286,30.0802775,0.0,0.13942222222222223,256,0,3
2022-10-08 22:06:24,FARM_01,225,31.33,86.6,0.0,Vegetative,No,Good,9973.22,-13.16,Wet,2022-10,22,5,10,0,224.33333333333334,225.75,1.0,-2.5714285714285716,30.052778999999997,0.0,0.1386283185840708,255,0,3
2022-10-08 22:06:24,FARM_01,223,31.27,85.3,0.0,Vegetative,No,Good,9973.36,-13.15,Wet,2022-10,22,5,10,0,224.0,225.75,-2.0,-0.05714285714285714,29.873720499999997,0.0,0.13959821428571428,257,0,3
2022-10-08 22:06:24,FARM_01,225,31.2,81.2,0.0,Vegetative,No,Good,9973.11,-13.17,Wet,2022-10,22,5,10,0,224.33333333333334,225.83333333333334,2.0,0.08571428571428572,29.42152,0.0,0.13805309734513274,255,0,3
2022-10-08 22:06:24,FARM_01,224,31.57,86.5,0.0,Vegetative,No,Good,9973.66,-13.12,Wet,2022-10,22,5,10,0,224.0,225.75,-1.0,0.02857142857142857,30.2654275,0.0,0.1403111111111111,256,0,3
2022-10-08 22:06:24,FARM_01,223,30.83,96.1,0.0,Vegetative,No,Good,9973.55,-13.13,Wet,2022-10,22,5,10,0,224.0,225.66666666666666,-1.0,-0.17142857142857143,30.4689965,0.0,0.13763392857142856,257,0,3
2022-10-08 22:06:24,FARM_01,222,31.34,80.2,0.0,Vegetative,No,Good,9976.3,-12.9,Wet,2022-10,22,5,10,0,223.0,225.41666666666666,-1.0,-0.45714285714285713,29.451674,0.0,0.14053811659192825,258,0,3
2022-10-08 22:06:24,FARM_01,222,31.07,77.3,0.0,Vegetative,No,Good,9976.25,-12.9,Wet,2022-10,22,5,10,0,222.33333333333334,225.25,0.0,-0.42857142857142855,28.9388105,0.0,0.1393273542600897,258,0,3
2022-10-08 22:06:24,FARM_01,386,29.9,84.6,2.01,Vegetative,No,Poor,9971.97,-13.26,Very Dry,2022-10,22,5,10,0,276.6666666666667,237.16666666666666,164.0,22.8,28.553269999999998,2.0099999999999927,0.0772609819121447,94,0,1
2022-10-08 22:06:24,FARM_01,224,30.77,82.3,4.36,Vegetative,No,Good,9973.27,-13.15,Wet,2022-10,22,5,10,0,277.3333333333333,237.16666666666666,-162.0,13.971428571428572,29.1374405,6.369999999999993,0.13675555555555555,256,0,3
2022-10-08 22:06:24,FARM_01,183,31.49,82.2,0.0,Vegetative,No,Good,9973.45,-13.14,Very Wet,2022-10,22,5,10,0,264.3333333333333,233.75,-41.0,-0.8571428571428571,29.777729,6.369999999999993,0.17114130434782607,297,0,2
2022-10-08 22:06:24,FARM_01,225,31.64,77.8,0.0,Vegetative,No,Good,9974.05,-13.09,Wet,2022-10,22,5,10,0,210.66666666666666,233.83333333333334,42.0,-7.542857142857143,29.486156,4.359999999999993,0.14,255,0,3
2022-10-08 22:06:24,FARM_01,243,31.24,78.5,0.0,Vegetative,No,Good,9976.48,-12.88,Wet,2022-10,22,5,10,0,217.0,235.41666666666666,18.0,-11.971428571428572,29.201369999999997,0.0,0.1280327868852459,237,0,3
2022-10-08 22:06:24,FARM_01,222,30.71,88.6,2.87,Vegetative,No,Good,9973.2,-13.16,Wet,2022-10,22,5,10,0,230.0,235.16666666666666,-21.0,-20.6,29.662283,2.869999999999993,0.13771300448430493,258,0,3
2022-10-08 22:06:24,FARM_01,222,30.66,81.5,0.48,Vegetative,No,Good,9973.06,-13.17,Wet,2022-10,22,5,10,0,229.0,235.08333333333334,0.0,3.5714285714285716,28.964845,3.349999999999993,0.13748878923766816,258,0,3
2022-10-08 22:06:24,FARM_01,223,30.48,81.3,0.0,Vegetative,No,Good,9974.55,-13.05,Wet,2022-10,22,5,10,0,222.33333333333334,234.91666666666666,1.0,4.857142857142857,28.785032,3.349999999999993,0.13607142857142857,257,0,3
2022-10-08 22:06:24,FARM_01,224,30.44,87.8,11.99,Vegetative,No,Good,9975.09,-13.0,Wet,2022-10,22,5,10,0,223.0,234.91666666666666,1.0,-1.8571428571428572,29.336876,12.469999999999994,0.1352888888888889,256,0,3
2022-10-08 22:06:24,FARM_01,223,30.39,77.7,0.0,Vegetative,No,Good,9975.17,-12.99,Wet,2022-10,22,5,10,0,223.33333333333334,234.91666666666666,-1.0,-2.657142857142857,28.379766500000002,11.989999999999993,0.13566964285714286,257,0,3
2022-10-08 22:06:24,FARM_01,223,30.34,91.6,0.0,Vegetative,No,Good,9975.05,-13.0,Wet,2022-10,22,5,10,0,223.33333333333334,235.0,0.0,0.2571428571428571,29.585092,11.989999999999993,0.13544642857142858,257,0,3
2022-10-08 22:06:24,FARM_01,223,30.37,83.2,0.0,Vegetative,No,Good,9975.22,-12.99,Wet,2022-10,22,5,10,0,223.0,235.08333333333334,0.0,0.11428571428571428,28.857412,0.0,0.13558035714285716,257,0,3
2022-10-08 22:06:24,FARM_01,222,30.55,87.9,7.44,Vegetative,No,Good,9974.94,-13.01,Wet,2022-10,22,5,10,0,222.66666666666666,221.41666666666666,-1.0,-0.22857142857142856,29.4485975,7.439999999999993,0.13699551569506727,258,0,3
2022-10-08 22:06:24,FARM_01,222,30.8,85.8,1.12,Vegetative,No,Good,9975.8,-12.94,Wet,2022-10,22,5,10,0,222.33333333333334,221.25,0.0,-0.37142857142857144,29.48792,8.559999999999993,0.13811659192825113,258,0,3
2022-10-08 22:06:24,FARM_01,225,31.13,91.6,0.0,Vegetative,No,Good,9973.22,-13.16,Wet,2022-10,22,5,10,0,223.0,224.75,3.0,0.17142857142857143,30.338593999999997,8.559999999999993,0.1377433628318584,255,0,3
2022-10-08 22:06:24,FARM_01,372,29.0,90.1,6.31,Vegetative,No,Poor,9972.25,-13.24,Very Dry,2022-10,22,5,10,0,273.0,237.0,147.0,21.457142857142856,28.18325,7.429999999999993,0.0777479892761394,108,0,1
2022-10-08 22:06:24,FARM_01,228,31.07,87.6,0.0,Vegetative,No,Good,9973.5,-13.13,Wet,2022-10,22,5,10,0,275.0,235.75,-144.0,13.657142857142857,29.905825999999998,6.3099999999999925,0.1356768558951965,252,0,3
2022-10-08 22:06:24,FARM_01,222,31.85,83.6,0.0,Vegetative,No,Good,9976.4,-12.89,Wet,2022-10,22,5,10,0,274.0,235.75,-6.0,4.714285714285714,30.23993,6.3099999999999925,0.14282511210762333,258,0,3
2022-10-08 22:06:24,FARM_01,183,32.15,83.8,0.0,Vegetative,No,Good,9973.7,-13.12,Very Wet,2022-10,22,5,10,0,211.0,232.5,-39.0,-9.942857142857143,30.532835,0.0,0.17472826086956522,297,0,2
2022-10-08 22:06:24,FARM_01,223,30.58,94.3,1.26,Vegetative,No,Good,9973.72,-13.12,Wet,2022-10,22,5,10,0,209.33333333333334,232.5,40.0,-16.65714285714286,30.060216999999998,1.259999999999993,0.13651785714285714,257,0,3
2022-10-08 22:06:24,FARM_01,202,32.16,78.8,0.0,Vegetative,No,Good,9975.78,-12.94,Wet,2022-10,22,5,10,0,202.66666666666666,230.66666666666666,-21.0,-25.82857142857143,30.042543999999996,1.259999999999993,0.15842364532019704,278,0,3
2022-10-08 22:06:24,FARM_01,184,32.24,82.2,0.17,Vegetative,No,Good,9975.42,-12.97,Very Wet,2022-10,22,5,10,0,203.0,227.41666666666666,-18.0,-6.857142857142857,30.454304,1.4299999999999928,0.17427027027027028,296,0,2
2022-10-08 22:06:24,FARM_01,183,32.24,89.5,0.0,Vegetative,No,Good,9974.91,-13.02,Very Wet,2022-10,22,5,10,0,189.66666666666666,224.08333333333334,-1.0,-6.085714285714285,31.18664,0.1699999999999929,0.17521739130434782,297,0,2
2022-10-08 22:06:24,FARM_01,186,32.22,83.6,0.0,Vegetative,No,Good,9974.23,-13.07,Very Wet,2022-10,22,5,10,0,184.33333333333334,221.0,3.0,-3.5142857142857142,30.576556,0.1699999999999929,0.1722994652406417,294,0,2
2022-10-08 22:06:24,FARM_01,223,32.07,83.0,0.0,Vegetative,No,Good,9975.95,-12.93,Wet,2022-10,22,5,10,0,197.33333333333334,221.08333333333334,37.0,-1.4,30.380455,0.0,0.14316964285714287,257,0,3
2022-10-08 22:06:24,FARM_01,184,32.19,86.7,0.0,Vegetative,No,Good,9973.96,-13.1,Very Wet,2022-10,22,5,10,0,197.66666666666666,217.91666666666666,-39.0,0.8571428571428571,30.859401499999997,0.0,0.174,296,0,2
2022-10-08 22:06:24,FARM_01,183,31.7,76.4,0.0,Vegetative,No,Good,9973.59,-13.13,Very Wet,2022-10,22,5,10,0,196.66666666666666,214.41666666666666,-1.0,1.0,29.40254,0.0,0.17228260869565218,297,0,2
2022-10-08 22:06:24,FARM_01,182,32.05,83.7,0.0,Vegetative,No,Good,9973.94,-13.1,Very Wet,2022-10,22,5,10,0,183.0,198.58333333333334,-1.0,-1.5142857142857142,30.431817499999998,0.0,0.1751366120218579,298,0,2
2022-10-08 22:06:24,FARM_01,182,31.99,82.8,13.13,Vegetative,No,Good,9973.7,-13.12,Very Wet,2022-10,22,5,10,0,182.33333333333334,194.75,0.0,-4.114285714285714,30.288145999999998,13.129999999999994,0.1748087431693989,298,0,2
2022-10-08 22:06:24,FARM_01,183,31.93,89.8,3.65,Vegetative,No,Good,9973.29,-13.15,Very Wet,2022-10,22,5,10,0,182.33333333333334,191.5,1.0,-5.914285714285715,30.924127,16.779999999999994,0.17353260869565218,297,0,2
2022-10-08 22:06:24,FARM_01,184,31.9,89.2,0.0,Vegetative,No,Good,9973.7,-13.12,Very Wet,2022-10,22,5,10,0,183.0,191.58333333333334,1.0,0.0,30.83674,16.779999999999994,0.17243243243243242,296,0,2
2022-10-08 22:06:24,FARM_01,183,31.83,77.3,4.11,Vegetative,No,Good,9973.34,-13.15,Very Wet,2022-10,22,5,10,0,183.33333333333334,188.25,-1.0,0.2,29.603924499999998,7.759999999999993,0.1729891304347826,297,0,2
2022-10-08 22:06:24,FARM_01,183,32.11,86.5,0.0,Vegetative,No,Good,9973.47,-13.14,Very Wet,2022-10,22,5,10,0,183.33333333333334,186.66666666666666,0.0,0.2571428571428571,30.7653325,4.109999999999992,0.17451086956521739,297,0,2
2022-10-08 22:06:24,FARM_01,182,31.63,85.2,0.0,Vegetative,No,Good,9973.54,-13.13,Very Wet,2022-10,22,5,10,0,182.66666666666666,186.5,-1.0,-0.02857142857142857,30.194917999999998,4.109999999999992,0.1728415300546448,298,0,2
2022-10-08 22:06:24,FARM_01,187,32.21,86.7,8.6,Vegetative,No,Good,9975.48,-12.97,Very Wet,2022-10,22,5,10,0,184.0,186.83333333333334,5.0,0.4,30.8779385,8.599999999999993,0.17132978723404255,293,0,2
2022-10-08 22:06:24,FARM_01,223,30.61,80.5,3.73,Vegetative,No,Good,9973.5,-13.13,Wet,2022-10,22,5,10,0,197.33333333333334,189.91666666666666,36.0,5.885714285714286,28.8285775,12.329999999999993,0.1366517857142857,257,0,3
2022-10-08 22:06:24,FARM_01,182,30.69,83.6,2.24,Vegetative,No,Good,9975.42,-12.97,Very Wet,2022-10,22,5,10,0,197.33333333333334,186.5,-41.0,3.4285714285714284,29.184562,14.569999999999993,0.1677049180327869,298,0,2
2022-10-08 22:06:24,FARM_01,221,31.94,79.8,14.46,Vegetative,No,Good,9976.23,-12.9,Wet,2022-10,22,5,10,0,208.66666666666666,189.58333333333334,39.0,6.457142857142857,29.946866,20.429999999999993,0.14387387387387388,259,0,3
2022-10-08 22:06:24,FARM_01,182,31.07,79.6,0.0,Vegetative,No,Good,9974.36,-13.06,Very Wet,2022-10,22,5,10,0,195.0,189.5,-39.0,1.7428571428571429,29.154746,16.699999999999996,0.16978142076502734,298,0,2
2022-10-08 22:06:24,FARM_01,365,31.58,85.5,1.34,Vegetative,No,Poor,9974.48,-13.05,Very Dry,2022-10,22,5,10,0,256.0,204.75,183.0,23.02857142857143,30.177995,15.799999999999994,0.08628415300546448,115,0,1
2022-10-08 22:06:24,FARM_01,184,31.36,80.2,0.0,Vegetative,No,Good,9973.16,-13.16,Very Wet,2022-10,22,5,10,0,243.66666666666666,204.91666666666666,-181.0,9.0,29.469496,1.339999999999993,0.16951351351351351,296,0,2
2022-10-08 22:06:24,FARM_01,182,31.29,82.9,4.91,Vegetative,No,Good,9973.48,-13.14,Very Wet,2022-10,22,5,10,0,243.66666666666666,204.83333333333334,-2.0,2.057142857142858,29.6638755,6.249999999999993,0.17098360655737704,298,0,2
2022-10-08 22:06:24,FARM_01,182,31.23,85.6,0.0,Vegetative,No,Good,9973.56,-13.13,Very Wet,2022-10,22,5,10,0,182.66666666666666,204.66666666666666,0.0,-10.742857142857142,29.865384,4.909999999999993,0.17065573770491804,298,0,2
2022-10-08 22:06:24,FARM_01,182,31.17,85.5,0.0,Vegetative,No,Good,9974.2,-13.08,Very Wet,2022-10,22,5,10,0,182.0,204.58333333333334,0.0,-15.742857142857142,29.8006925,4.909999999999993,0.170327868852459,298,0,2
2022-10-08 22:06:24,FARM_01,182,31.13,81.6,1.0,Vegetative,No,Good,9974.27,-13.07,Very Wet,2022-10,22,5,10,0,182.0,204.5,0.0,-26.314285714285713,29.396444,0.9999999999999929,0.17010928961748634,298,0,2
2022-10-08 22:06:24,FARM_01,182,31.01,87.6,0.0,Vegetative,No,Good,9974.44,-13.06,Very Wet,2022-10,22,5,10,0,182.0,204.5,0.0,-0.2857142857142857,29.849918,0.9999999999999929,0.1694535519125683,298,0,2
2022-10-08 22:06:24,FARM_01,182,31.56,77.6,0.0,Vegetative,No,Good,9973.67,-13.12,Very Wet,2022-10,22,5,10,0,182.0,204.08333333333334,0.0,0.0,29.396607999999997,0.9999999999999929,0.1724590163934426,298,0,2
2022-10-08 22:06:24,FARM_01,183,30.95,91.1,5.61,Vegetative,No,Good,9974.88,-13.02,Very Wet,2022-10,22,5,10,0,182.33333333333334,200.75,1.0,0.14285714285714285,30.1202975,5.609999999999993,0.16820652173913042,297,0,2
2022-10-08 22:06:24,FARM_01,182,30.9,93.0,0.0,Vegetative,No,Good,9975.12,-13.0,Very Wet,2022-10,22,5,10,0,182.33333333333334,200.75,-1.0,0.08571428571428572,30.24935,5.609999999999993,0.16885245901639342,298,0,2
2022-10-08 22:06:24,FARM_01,182,30.85,76.2,0.0,Vegetative,No,Good,9975.57,-12.96,Very Wet,2022-10,22,5,10,0,182.33333333333334,197.5,0.0,0.02857142857142857,28.644335,5.609999999999993,0.1685792349726776,298,0,2
2022-10-08 22:06:24,FARM_01,182,30.79,82.1,0.0,Vegetative,No,Good,9975.8,-12.94,Very Wet,2022-10,22,5,10,0,182.0,197.5,0.0,-0.02857142857142857,29.1370245,0.0,0.16825136612021857,298,0,2
2022-10-08 22:06:24,FARM_01,182,30.74,88.4,4.6,Vegetative,No,Good,9975.55,-12.96,Very Wet,2022-10,22,5,10,0,182.0,182.25,0.0,-0.08571428571428572,29.671988,4.5999999999999925,0.16797814207650272,298,0,2
2022-10-08 22:06:24,FARM_01,223,31.61,80.5,0.0,Vegetative,No,Good,9976.52,-12.88,Wet,2022-10,22,5,10,0,195.66666666666666,185.5,41.0,5.714285714285714,29.7213275,4.5999999999999925,0.14111607142857144,257,0,3
2022-10-08 22:06:24,FARM_01,371,29.02,89.6,0.0,Vegetative,No,Poor,9971.73,-13.28,Very Dry,2022-10,22,5,10,0,258.6666666666667,201.25,148.0,30.514285714285716,28.160856,4.5999999999999925,0.07801075268817204,109,0,1
2022-10-08 22:06:24,FARM_01,182,30.59,85.3,0.0,Vegetative,No,Good,9975.59,-12.96,Very Wet,2022-10,22,5,10,0,258.6666666666667,201.25,-189.0,17.37142857142857,29.2486985,0.0,0.1671584699453552,298,0,2
2022-10-08 22:06:24,FARM_01,221,28.59,79.7,0.11,Vegetative,No,Good,9981.25,-12.48,Wet,2022-10,22,5,10,0,258.0,204.5,39.0,9.8,26.9610265,0.1099999999999929,0.12878378378378377,259,0,3
2022-10-08 22:06:24,FARM_01,367,32.46,93.3,0.0,Vegetative,No,Poor,9976.47,-12.88,Very Dry,2022-10,22,5,10,0,256.6666666666667,219.91666666666666,146.0,20.857142857142858,31.779749,0.1099999999999929,0.08820652173913043,113,0,1
2022-10-08 22:06:24,FARM_01,362,32.51,82.3,6.99,Vegetative,No,Poor,9977.09,-12.83,Very Dry,2022-10,22,5,10,0,316.6666666666667,234.91666666666666,-5.0,20.62857142857143,30.708051499999996,7.099999999999993,0.08955922865013774,118,0,1
2022-10-08 22:06:24,FARM_01,182,31.98,82.7,0.0,Vegetative,No,Good,9980.27,-12.56,Very Wet,2022-10,22,5,10,0,303.6666666666667,234.91666666666666,-180.0,-7.4,30.269203,6.989999999999993,0.17475409836065575,298,0,2
2022-10-08 22:06:24,FARM_01,182,30.63,92.1,0.0,Vegetative,No,Good,9976.06,-12.92,Very Wet,2022-10,22,5,10,0,242.0,234.83333333333334,0.0,-3.4857142857142867,29.9074265,6.989999999999993,0.16737704918032786,298,0,2
2022-10-08 22:06:24,FARM_01,182,30.86,79.6,1.65,Vegetative,No,Good,9976.73,-12.86,Very Wet,2022-10,22,5,10,0,182.0,234.83333333333334,0.0,-26.571428571428573,28.968308,1.6499999999999928,0.16863387978142078,298,0,2
2022-10-08 22:06:24,FARM_01,362,32.42,91.9,4.35,Vegetative,No,Poor,9976.08,-12.92,Very Dry,2022-10,22,5,10,0,242.0,249.83333333333334,180.0,-16.142857142857142,31.599389000000002,5.999999999999993,0.08931129476584022,118,0,1
2022-10-08 22:06:24,FARM_01,181,31.14,75.6,23.32,Vegetative,No,Good,9977.83,-12.77,Very Wet,2022-10,22,5,10,0,241.66666666666666,249.75,-181.0,-10.428571428571429,28.839812,29.319999999999993,0.1710989010989011,299,0,2
2022-10-08 22:06:24,FARM_01,181,31.71,88.8,0.0,Vegetative,No,Good,9979.77,-12.61,Very Wet,2022-10,22,5,10,0,241.33333333333334,249.66666666666666,0.0,4.914285714285714,30.619064,27.669999999999995,0.17423076923076924,299,0,2
2022-10-08 22:06:24,FARM_01,185,32.19,83.6,8.94,Vegetative,No,Good,9979.98,-12.59,Very Wet,2022-10,22,5,10,0,182.33333333333334,246.5,4.0,-4.828571428571428,30.549262,32.25999999999999,0.17306451612903226,295,0,2
2022-10-08 22:06:24,FARM_01,362,32.53,90.0,0.0,Vegetative,No,Poor,9977.38,-12.81,Very Dry,2022-10,22,5,10,0,242.66666666666666,245.75,177.0,10.542857142857143,31.51085,8.939999999999992,0.08961432506887053,118,0,1
2022-10-08 22:06:24,FARM_01,442,32.34,92.4,0.0,Vegetative,No,Poor,9979.33,-12.64,Very Dry,2022-10,22,5,10,0,329.6666666666667,267.4166666666667,80.0,27.057142857142857,31.573388000000005,8.939999999999992,0.07300225733634312,38,0,1
2022-10-08 22:06:24,FARM_01,449,32.45,83.5,11.19,Vegetative,No,Poor,9979.27,-12.65,Very Dry,2022-10,22,5,10,0,417.6666666666667,286.4166666666667,7.0,65.71428571428571,30.775662500000003,11.189999999999992,0.07211111111111111,31,0,1
2022-10-08 22:06:24,FARM_01,182,31.43,82.2,0.6,Vegetative,No,Good,9979.08,-12.66,Very Wet,2022-10,22,5,10,0,357.6666666666667,271.0,-267.0,25.057142857142857,29.723603,11.789999999999992,0.17174863387978143,298,0,2
2022-10-08 22:06:24,FARM_01,182,31.42,80.6,5.3,Vegetative,No,Good,9973.23,-13.16,Very Wet,2022-10,22,5,10,0,271.0,256.0,0.0,-15.657142857142857,29.561286000000003,17.089999999999993,0.17169398907103825,298,0,2
2022-10-08 22:06:24,FARM_01,222,30.53,92.9,0.95,Vegetative,No,Good,9973.95,-13.1,Wet,2022-10,22,5,10,0,195.33333333333334,259.3333333333333,40.0,-49.91428571428571,29.8845035,6.8499999999999925,0.13690582959641256,258,0,3
2022-10-08 22:06:24,FARM_01,374,32.51,76.8,0.0,Vegetative,No,Poor,9978.81,-12.69,Very Dry,2022-10,22,5,10,0,259.3333333333333,275.3333333333333,152.0,-29.17142857142857,30.148124,6.249999999999993,0.08669333333333333,106,0,1
2022-10-08 22:06:24,FARM_01,368,30.72,77.8,3.08,Vegetative,No,Poor,9975.74,-12.95,Very Dry,2022-10,22,5,10,0,321.3333333333333,290.8333333333333,-6.0,6.02857142857143,28.678487999999998,4.029999999999993,0.0832520325203252,112,0,1
2022-10-08 22:06:24,FARM_01,234,31.99,90.0,0.0,Vegetative,No,Good,9978.35,-12.73,Wet,2022-10,22,5,10,0,325.3333333333333,280.1666666666667,-134.0,27.714285714285715,31.000549999999997,3.079999999999993,0.13612765957446807,246,0,3
2022-10-08 22:06:24,FARM_01,232,32.0,85.0,0.0,Vegetative,No,Good,9978.52,-12.71,Wet,2022-10,22,5,10,0,278.0,284.4166666666667,-2.0,8.0,30.515,3.079999999999993,0.13733905579399142,248,0,3
2022-10-08 22:06:24,FARM_01,363,32.36,78.3,5.93,Vegetative,No,Poor,9975.66,-12.95,Very Dry,2022-10,22,5,10,0,276.3333333333333,299.5833333333333,131.0,4.142857142857143,30.168733999999997,5.929999999999993,0.0889010989010989,117,0,1
2022-10-08 22:06:24,FARM_01,362,32.3,88.0,10.0,Vegetative,No,Poor,9975.28,-12.98,Very Dry,2022-10,22,5,10,0,319.0,314.3333333333333,-1.0,-2.2,31.0922,15.929999999999993,0.08898071625344352,118,0,1
2022-10-08 22:06:24,FARM_01,364,32.24,81.1,0.0,Vegetative,No,Poor,9975.42,-12.97,Very Dry,2022-10,22,5,10,0,363.0,314.5,2.0,14.142857142857142,30.343952,15.929999999999993,0.08832876712328767,116,0,1
2022-10-08 22:06:24,FARM_01,365,32.17,81.2,0.0,Vegetative,No,Poor,9975.74,-12.95,Very Dry,2022-10,22,5,10,0,363.6666666666667,308.0833333333333,1.0,30.0,30.291222,9.999999999999993,0.08789617486338798,115,0,1
2022-10-08 22:06:24,FARM_01,367,31.52,83.3,9.27,Vegetative,No,Poor,9974.44,-13.06,Very Dry,2022-10,22,5,10,0,365.3333333333333,301.25,2.0,19.514285714285716,29.910788,9.269999999999992,0.08565217391304347,113,0,1
2022-10-08 22:06:24,FARM_01,365,32.1,80.9,0.48,Vegetative,No,Poor,9975.2,-12.99,Very Dry,2022-10,22,5,10,0,365.6666666666667,316.5,-2.0,0.7428571428571429,30.198595,9.749999999999993,0.08770491803278689,115,0,1
2022-10-08 22:06:24,FARM_01,365,31.99,81.0,0.0,Vegetative,No,Poor,9975.08,-13.0,Very Dry,2022-10,22,5,10,0,365.6666666666667,331.75,0.0,0.5714285714285714,30.110045,9.749999999999993,0.08740437158469945,115,0,1
2022-10-08 22:06:24,FARM_01,364,31.93,78.5,0.0,Vegetative,No,Poor,9975.36,-12.98,Very Dry,2022-10,22,5,10,0,364.6666666666667,343.5833333333333,-1.0,-0.05714285714285714,29.8097775,0.4799999999999929,0.08747945205479452,116,0,1
2022-10-08 22:06:24,FARM_01,364,31.85,85.1,0.0,Vegetative,No,Poor,9975.19,-12.99,Very Dry,2022-10,22,5,10,0,364.3333333333333,342.75,0.0,-0.4,30.3871925,0.0,0.08726027397260275,116,0,1
2022-10-08 22:06:24,FARM_01,367,31.78,78.2,0.0,Vegetative,No,Poor,9974.98,-13.01,Very Dry,2022-10,22,5,10,0,365.0,342.6666666666667,3.0,-0.11428571428571428,29.648178,0.0,0.08635869565217391,113,0,1
2022-10-08 22:06:24,FARM_01,363,31.71,91.4,0.84,Vegetative,No,Poor,9974.77,-13.03,Very Dry,2022-10,22,5,10,0,364.6666666666667,353.4166666666667,-4.0,-0.11428571428571428,30.872317000000002,0.8399999999999929,0.08711538461538462,117,0,1
2022-10-08 22:06:24,FARM_01,363,31.65,76.4,0.0,Vegetative,No,Poor,9974.73,-13.03,Very Dry,2022-10,22,5,10,0,364.3333333333333,364.3333333333333,0.0,-0.2857142857142857,29.359029999999997,0.8399999999999929,0.08695054945054945,117,0,1
2022-10-08 22:06:24,FARM_01,366,32.03,79.7,0.0,Vegetative,No,Poor,9975.17,-12.99,Very Dry,2022-10,22,5,10,0,364.0,364.5833333333333,3.0,0.08571428571428572,30.0169505,0.8399999999999929,0.08727520435967302,114,0,1
2022-10-08 22:06:24,FARM_01,362,32.55,88.0,0.0,Vegetative,No,Poor,9978.17,-12.74,Very Dry,2022-10,22,5,10,0,363.6666666666667,364.5833333333333,-4.0,-0.37142857142857144,31.325699999999998,0.0,0.0896694214876033,118,0,1
2022-10-08 22:06:24,FARM_01,363,31.39,74.5,0.0,Vegetative,No,Poor,9974.16,-13.08,Very Dry,2022-10,22,5,10,0,363.6666666666667,364.5,1.0,-0.5714285714285714,28.9510525,0.0,0.08623626373626374,117,0,1
2022-10-08 22:06:24,FARM_01,368,31.25,85.6,0.0,Vegetative,No,Poor,9973.86,-13.1,Very Dry,2022-10,22,5,10,0,364.3333333333333,364.75,5.0,0.6,29.8838,0.0,0.08468834688346884,112,0,1
2022-10-08 22:06:24,FARM_01,366,30.88,82.4,2.13,Vegetative,No,Poor,9975.0,-13.01,Very Dry,2022-10,22,5,10,0,365.6666666666667,364.6666666666667,-2.0,0.6285714285714286,29.246016,2.129999999999993,0.084141689373297,114,0,1
2022-10-08 22:06:24,FARM_01,366,31.19,75.2,7.97,Vegetative,No,Poor,9973.97,-13.09,Very Dry,2022-10,22,5,10,0,366.6666666666667,364.75,0.0,0.4857142857142857,28.845284,10.099999999999993,0.08498637602179837,114,0,1
2022-10-08 22:06:24,FARM_01,365,31.14,87.0,0.0,Vegetative,No,Poor,9974.22,-13.07,Very Dry,2022-10,22,5,10,0,365.6666666666667,364.75,-1.0,0.6285714285714286,29.91449,10.099999999999993,0.08508196721311476,115,0,1
2022-10-08 22:06:24,FARM_01,364,31.08,79.9,0.0,Vegetative,No,Poor,9974.15,-13.08,Very Dry,2022-10,22,5,10,0,365.0,364.75,-1.0,-0.11428571428571428,29.191806,7.969999999999993,0.08515068493150685,116,0,1
2022-10-08 22:06:24,FARM_01,367,31.03,84.0,0.0,Vegetative,No,Poor,9974.22,-13.07,Very Dry,2022-10,22,5,10,0,365.3333333333333,365.0,3.0,-0.34285714285714286,29.53136,0.0,0.08432065217391305,113,0,1
2022-10-08 22:06:24,FARM_01,368,30.52,85.2,0.0,Vegetative,No,Poor,9975.84,-12.94,Very Dry,2022-10,22,5,10,0,366.3333333333333,365.0833333333333,1.0,0.34285714285714286,29.175272,0.0,0.082710027100271,112,0,1
2022-10-08 22:06:24,FARM_01,365,30.98,79.6,0.0,Vegetative,No,Poor,9974.49,-13.05,Very Dry,2022-10,22,5,10,0,366.6666666666667,365.25,-3.0,0.2,29.074844,0.0,0.0846448087431694,115,0,1
2022-10-08 22:06:24,FARM_01,364,30.83,81.5,0.0,Vegetative,No,Poor,9975.23,-12.99,Very Dry,2022-10,22,5,10,0,365.6666666666667,365.3333333333333,-1.0,-0.02857142857142857,29.117547499999997,0.0,0.08446575342465754,116,0,1
2022-10-08 22:06:24,FARM_01,369,30.56,87.3,10.56,Vegetative,No,Poor,9975.45,-12.97,Very Dry,2022-10,22,5,10,0,366.0,365.5833333333333,5.0,0.37142857142857144,29.403284,10.559999999999993,0.08259459459459459,111,0,1
2022-10-08 22:06:24,FARM_01,365,30.79,85.2,16.06,Vegetative,No,Poor,9975.47,-12.97,Very Dry,2022-10,22,5,10,0,366.0,365.8333333333333,-4.0,-0.22857142857142856,29.423294,26.61999999999999,0.08412568306010929,115,0,1
2022-10-08 22:06:24,FARM_01,365,31.45,95.2,0.0,Vegetative,No,Poor,9974.21,-13.07,Very Dry,2022-10,22,5,10,0,366.3333333333333,366.0,0.0,-0.2857142857142857,30.98932,26.619999999999994,0.08592896174863388,115,0,1
2022-10-08 22:06:24,FARM_01,362,32.54,83.5,0.0,Vegetative,No,Poor,9978.53,-12.71,Very Dry,2022-10,22,5,10,0,364.0,365.5,-3.0,-0.45714285714285713,30.857495,16.059999999999995,0.08964187327823692,118,0,1
2022-10-08 22:06:24,FARM_01,244,28.87,90.9,0.0,Vegetative,No,Good,9976.13,-12.91,Wet,2022-10,22,5,10,0,323.6666666666667,355.3333333333333,-118.0,-17.742857142857144,28.1257565,0.0,0.11783673469387755,236,0,3
2022-10-08 22:06:24,FARM_01,368,30.76,82.0,0.0,Vegetative,No,Poor,9975.69,-12.95,Very Dry,2022-10,22,5,10,0,324.6666666666667,355.5,124.0,-10.6,29.10076,0.0,0.08336043360433605,112,0,1
2022-10-08 22:06:24,FARM_01,363,30.65,81.7,0.0,Vegetative,No,Poor,9970.35,-13.4,Very Dry,2022-10,22,5,10,0,325.0,355.3333333333333,-5.0,-3.4,28.9741775,0.0,0.0842032967032967,117,0,1
2022-10-08 22:06:24,FARM_01,233,32.0,78.9,13.67,Vegetative,No,Good,9979.0,-12.67,Wet,2022-10,22,5,10,0,321.3333333333333,344.4166666666667,-130.0,-15.228571428571428,29.9111,13.669999999999993,0.13675213675213677,247,0,3
2022-10-08 22:06:24,FARM_01,367,31.33,86.1,2.45,Vegetative,No,Poor,9973.9,-13.1,Very Dry,2022-10,22,5,10,0,321.0,344.4166666666667,134.0,-0.37142857142857144,30.005121499999998,16.119999999999994,0.08513586956521739,113,0,1
2022-10-08 22:06:24,FARM_01,364,31.3,86.0,10.96,Vegetative,No,Poor,9973.78,-13.11,Very Dry,2022-10,22,5,10,0,321.3333333333333,344.0833333333333,-3.0,13.342857142857143,29.9679,27.079999999999995,0.08575342465753424,116,0,1
2022-10-08 22:06:24,FARM_01,234,31.26,86.5,1.29,Vegetative,No,Good,9978.34,-12.73,Wet,2022-10,22,5,10,0,321.6666666666667,333.1666666666667,-130.0,-15.228571428571428,29.978445,14.699999999999996,0.1330212765957447,246,0,3
2022-10-08 22:06:24,FARM_01,278,30.42,88.4,0.0,Vegetative,No,Poor,9977.02,-12.84,Dry,2022-10,22,5,10,0,292.0,326.0,44.0,-12.142857142857142,29.372404000000003,12.249999999999996,0.10903225806451614,202,0,0
2022-10-08 22:06:24,FARM_01,238,30.4,93.5,0.0,Vegetative,No,Good,9977.05,-12.83,Wet,2022-10,22,5,10,0,250.0,315.0833333333333,-40.0,-10.628571428571428,29.813699999999997,1.2899999999999947,0.12719665271966527,242,0,3
2022-10-08 22:06:24,FARM_01,210,30.44,82.7,6.89,Vegetative,No,Good,9976.8,-12.86,Wet,2022-10,22,5,10,0,242.0,302.1666666666667,-28.0,-31.97142857142857,28.875734,6.889999999999994,0.1442654028436019,270,0,3
2022-10-08 22:06:24,FARM_01,240,30.61,93.0,2.38,Vegetative,No,Good,9976.77,-12.86,Wet,2022-10,22,5,10,0,229.33333333333334,291.75,30.0,-20.914285714285715,29.970515,9.269999999999994,0.1270124481327801,240,0,3
2022-10-08 22:06:24,FARM_01,238,30.83,81.1,2.86,Vegetative,No,Good,9977.13,-12.83,Wet,2022-10,22,5,10,0,229.33333333333334,281.4166666666667,-2.0,-3.4857142857142858,29.080521499999996,12.129999999999994,0.1289958158995816,242,0,3
2022-10-08 22:06:24,FARM_01,238,31.07,83.6,0.0,Vegetative,No,Good,9977.63,-12.79,Wet,2022-10,22,5,10,0,238.66666666666666,280.9166666666667,0.0,-4.857142857142857,29.530286,5.239999999999995,0.13,242,0,3
2022-10-08 22:06:24,FARM_01,234,31.49,81.3,7.54,Vegetative,No,Good,9978.1,-12.75,Wet,2022-10,22,5,10,0,236.66666666666666,269.75,-4.0,1.7714285714285714,29.6911535,10.399999999999995,0.13399999999999998,246,0,3
2022-10-08 22:06:24,FARM_01,364,30.48,88.9,2.04,Vegetative,No,Poor,9975.92,-12.93,Very Dry,2022-10,22,5,10,0,278.6666666666667,269.8333333333333,130.0,21.485714285714284,29.473896,9.579999999999995,0.0835068493150685,116,0,1
2022-10-08 22:06:24,FARM_01,235,31.69,79.8,16.09,Vegetative,No,Good,9978.41,-12.72,Wet,2022-10,22,5,10,0,277.6666666666667,270.0,-129.0,9.971428571428572,29.724641000000002,25.669999999999995,0.13427966101694916,245,0,3
2022-10-08 22:06:24,FARM_01,233,32.01,85.7,0.0,Vegetative,No,Good,9978.64,-12.7,Wet,2022-10,22,5,10,0,277.3333333333333,258.8333333333333,-2.0,2.742857142857143,30.593513499999997,18.129999999999995,0.1367948717948718,247,0,3
2022-10-08 22:06:24,FARM_01,234,31.83,83.6,2.48,Vegetative,No,Good,9978.69,-12.7,Wet,2022-10,22,5,10,0,234.0,248.0,1.0,-4.3428571428571425,30.221733999999998,18.569999999999993,0.13544680851063828,246,0,3
2022-10-08 22:06:24,FARM_01,234,31.97,83.5,0.0,Vegetative,No,Good,9978.74,-12.69,Wet,2022-10,22,5,10,0,233.66666666666666,248.0,0.0,-11.2,30.339222499999998,2.479999999999993,0.13604255319148936,246,0,3
2022-10-08 22:06:24,FARM_01,233,31.96,81.4,0.0,Vegetative,No,Good,9978.58,-12.71,Wet,2022-10,22,5,10,0,233.66666666666666,244.25,-1.0,-18.771428571428572,30.122692,2.479999999999993,0.13658119658119658,247,0,3
2022-10-08 22:06:24,FARM_01,368,30.64,82.5,0.0,Vegetative,No,Poor,9975.52,-12.96,Very Dry,2022-10,22,5,10,0,278.3333333333333,255.08333333333334,135.0,19.0,29.0384,0.0,0.08303523035230352,112,0,1
2022-10-08 22:06:24,FARM_01,232,31.92,80.4,7.59,Vegetative,No,Good,9978.63,-12.7,Wet,2022-10,22,5,10,0,277.6666666666667,256.9166666666667,-136.0,11.314285714285715,29.988224000000002,7.589999999999993,0.13699570815450646,248,0,3
2022-10-08 22:06:24,FARM_01,227,29.8,90.4,3.79,Vegetative,No,Good,9982.41,-12.38,Wet,2022-10,22,5,10,0,275.6666666666667,255.83333333333334,-5.0,2.6857142857142855,28.96576,11.379999999999992,0.1307017543859649,253,0,3
2022-10-08 22:06:24,FARM_01,230,31.04,90.5,8.05,Vegetative,No,Good,9978.87,-12.68,Wet,2022-10,22,5,10,0,229.66666666666666,255.16666666666666,3.0,-4.9714285714285715,30.14966,19.429999999999993,0.13437229437229437,250,0,3
2022-10-08 22:06:24,FARM_01,231,31.54,81.8,0.0,Vegetative,No,Good,9978.72,-12.69,Wet,2022-10,22,5,10,0,229.33333333333334,254.58333333333334,1.0,-12.257142857142858,29.784246,11.839999999999993,0.13594827586206895,249,0,3
2022-10-08 22:06:24,FARM_01,246,31.88,78.3,0.0,Vegetative,No,Good,9978.91,-12.68,Wet,2022-10,22,5,10,0,235.66666666666666,255.58333333333334,15.0,-17.428571428571427,29.746021999999996,8.049999999999994,0.12906882591093116,234,0,3
2022-10-08 22:06:24,FARM_01,232,31.77,87.7,0.0,Vegetative,No,Good,9978.78,-12.69,Wet,2022-10,22,5,10,0,236.33333333333334,244.58333333333334,-14.0,1.6571428571428573,30.5678595,0.0,0.1363519313304721,248,0,3
2022-10-08 22:06:24,FARM_01,231,31.71,76.4,2.5,Vegetative,No,Good,9978.73,-12.69,Wet,2022-10,22,5,10,0,236.33333333333334,244.25,-1.0,1.1714285714285715,29.411242,2.499999999999993,0.13668103448275862,249,0,3
2022-10-08 22:06:24,FARM_01,231,30.99,81.5,0.0,Vegetative,No,Good,9978.95,-12.68,Wet,2022-10,22,5,10,0,231.33333333333334,244.08333333333334,0.0,-0.2571428571428571,29.2612675,2.499999999999993,0.13357758620689655,249,0,3
2022-10-08 22:06:24,FARM_01,231,31.65,85.7,0.0,Vegetative,No,Good,9978.48,-12.72,Wet,2022-10,22,5,10,0,231.0,243.83333333333334,0.0,-1.3142857142857143,30.2618275,2.499999999999993,0.13642241379310344,249,0,3
2022-10-08 22:06:24,FARM_01,228,30.07,87.1,13.14,Vegetative,No,Good,9982.08,-12.41,Wet,2022-10,22,5,10,0,230.0,243.33333333333334,-3.0,-2.657142857142857,28.9298335,13.139999999999993,0.13131004366812227,252,0,3
2022-10-08 22:06:24,FARM_01,234,31.92,75.1,0.0,Vegetative,No,Good,9979.01,-12.67,Wet,2022-10,22,5,10,0,231.0,243.41666666666666,6.0,0.02857142857142857,29.465856,13.139999999999993,0.13582978723404257,246,0,3
2022-10-08 22:06:24,FARM_01,311,30.45,97.8,0.0,Vegetative,No,Poor,9976.46,-12.89,Dry,2022-10,22,5,10,0,257.6666666666667,238.66666666666666,77.0,11.6,30.250954999999998,13.139999999999993,0.09759615384615385,169,0,0
2022-10-08 22:06:24,FARM_01,231,31.47,82.0,0.0,Vegetative,No,Good,9978.63,-12.7,Wet,2022-10,22,5,10,0,258.6666666666667,238.58333333333334,-80.0,7.028571428571429,29.74047,0.0,0.13564655172413792,249,0,3
2022-10-08 22:06:24,FARM_01,229,31.1,83.9,0.0,Vegetative,No,Good,9978.44,-12.72,Wet,2022-10,22,5,10,0,257.0,238.75,-2.0,2.1714285714285713,29.585795,0.0,0.13521739130434784,251,0,3
2022-10-08 22:06:24,FARM_01,230,31.27,73.7,0.0,Vegetative,No,Good,9978.0,-12.75,Wet,2022-10,22,5,10,0,230.0,238.75,1.0,-2.4285714285714284,28.7718945,0.0,0.13536796536796536,250,0,3
2022-10-08 22:06:24,FARM_01,231,31.6,81.2,12.34,Vegetative,No,Good,9978.8,-12.69,Wet,2022-10,22,5,10,0,230.0,238.75,1.0,-7.428571428571429,29.780160000000002,12.339999999999993,0.13620689655172413,249,0,3
2022-10-08 22:06:24,FARM_01,230,31.21,100.0,9.74,Vegetative,No,Good,9978.08,-12.75,Wet,2022-10,22,5,10,0,230.33333333333334,237.41666666666666,-1.0,-11.542857142857143,31.21,22.07999999999999,0.13510822510822512,250,0,3
2022-10-08 22:06:24,FARM_01,231,30.94,86.0,0.0,Vegetative,No,Good,9979.22,-12.65,Wet,2022-10,22,5,10,0,230.66666666666666,237.33333333333334,1.0,0.11428571428571428,29.63562,22.07999999999999,0.13336206896551725,249,0,3
2022-10-08 22:06:24,FARM_01,228,30.35,88.2,0.0,Vegetative,No,Good,9982.27,-12.4,Wet,2022-10,22,5,10,0,229.66666666666666,237.08333333333334,-3.0,-0.08571428571428572,29.288885,9.739999999999993,0.13253275109170307,252,0,3
2022-10-08 22:06:24,FARM_01,228,30.23,85.5,0.0,Vegetative,No,Good,9982.06,-12.41,Wet,2022-10,22,5,10,0,229.0,236.83333333333334,0.0,-0.5142857142857142,28.9356575,0.0,0.13200873362445414,252,0,3
2022-10-08 22:06:24,FARM_01,229,30.89,83.6,0.0,Vegetative,No,Good,9979.27,-12.65,Wet,2022-10,22,5,10,0,228.33333333333334,236.66666666666666,1.0,-0.5428571428571428,29.366522,0.0,0.13430434782608697,251,0,3
2022-10-08 22:06:24,FARM_01,228,30.84,85.5,0.0,Vegetative,No,Good,9979.69,-12.61,Wet,2022-10,22,5,10,0,228.33333333333334,236.66666666666666,-1.0,-0.45714285714285713,29.49701,0.0,0.13467248908296944,252,0,3
2022-10-08 22:06:24,FARM_01,230,30.79,84.7,8.34,Vegetative,No,Good,9979.76,-12.61,Wet,2022-10,22,5,10,0,229.0,236.33333333333334,2.0,-0.11428571428571428,29.377121499999998,8.339999999999993,0.1332900432900433,250,0,3
2022-10-08 22:06:24,FARM_01,228,30.75,83.9,0.0,Vegetative,No,Good,9980.16,-12.57,Wet,2022-10,22,5,10,0,228.66666666666666,229.41666666666666,-2.0,0.14285714285714285,29.2667875,8.339999999999993,0.13427947598253276,252,0,3
2022-10-08 22:06:24,FARM_01,228,30.7,83.3,0.0,Vegetative,No,Good,9980.42,-12.55,Wet,2022-10,22,5,10,0,228.66666666666666,229.16666666666666,0.0,-0.02857142857142857,29.166104999999998,8.339999999999993,0.13406113537117903,252,0,3
2022-10-08 22:06:24,FARM_01,229,30.31,80.7,3.17,Vegetative,No,Good,9981.97,-12.42,Wet,2022-10,22,5,10,0,228.33333333333334,229.16666666666666,1.0,-0.05714285714285714,28.5786935,3.169999999999993,0.13178260869565217,251,0,3
2022-10-08 22:06:24,FARM_01,230,31.35,82.7,0.0,Vegetative,No,Good,9977.98,-12.76,Wet,2022-10,22,5,10,0,229.0,229.16666666666666,1.0,0.2,29.699147500000002,3.169999999999993,0.13571428571428573,250,0,3
2022-10-08 22:06:24,FARM_01,228,30.68,88.0,0.0,Vegetative,No,Good,9980.61,-12.54,Wet,2022-10,22,5,10,0,229.0,228.91666666666666,-2.0,-0.08571428571428572,29.57912,3.169999999999993,0.13397379912663757,252,0,3
2022-10-08 22:06:24,FARM_01,228,30.55,84.8,0.0,Vegetative,No,Good,9981.3,-12.48,Wet,2022-10,22,5,10,0,228.66666666666666,228.75,0.0,0.02857142857142857,29.16642,0.0,0.1334061135371179,252,0,3
2022-10-08 22:06:24,FARM_01,228,30.51,87.7,5.67,Vegetative,No,Good,9981.38,-12.47,Wet,2022-10,22,5,10,0,228.0,228.5,0.0,-0.14285714285714285,29.3930985,5.669999999999993,0.13323144104803494,252,0,3
2022-10-08 22:06:24,FARM_01,229,30.47,83.5,1.24,Vegetative,No,Good,9981.75,-12.44,Wet,2022-10,22,5,10,0,228.33333333333334,228.58333333333334,1.0,-0.17142857142857143,28.975347499999998,6.909999999999993,0.1324782608695652,251,0,3
2022-10-08 22:06:24,FARM_01,229,30.43,93.6,11.0,Vegetative,No,Good,9982.0,-12.42,Wet,2022-10,22,5,10,0,228.66666666666666,228.66666666666666,0.0,-0.05714285714285714,29.851664,17.909999999999993,0.13230434782608697,251,0,3
2022-10-08 22:06:24,FARM_01,220,30.39,87.8,0.0,Vegetative,No,Good,9982.21,-12.4,Wet,2022-10,22,5,10,0,226.0,227.91666666666666,-9.0,-1.0285714285714285,29.290231,12.239999999999993,0.13751131221719456,260,0,3
2022-10-08 22:06:24,FARM_01,230,30.63,80.7,0.0,Vegetative,No,Good,9980.33,-12.56,Wet,2022-10,22,5,10,0,226.33333333333334,228.08333333333334,10.0,-0.4,28.8647255,10.999999999999993,0.1325974025974026,250,0,3
2022-10-08 22:06:24,FARM_01,231,31.15,86.7,0.0,Vegetative,No,Good,9978.36,-12.73,Wet,2022-10,22,5,10,0,227.0,228.16666666666666,1.0,0.2571428571428571,29.8954775,0.0,0.13426724137931034,249,0,3
2022-10-08 22:06:24,FARM_01,228,30.27,85.5,0.0,Vegetative,No,Good,9982.19,-12.4,Wet,2022-10,22,5,10,0,229.66666666666666,228.16666666666666,-3.0,0.3142857142857143,28.9724675,0.0,0.13218340611353713,252,0,3
2022-10-08 22:06:24,FARM_01,228,30.21,88.2,0.0,Vegetative,No,Good,9982.08,-12.41,Wet,2022-10,22,5,10,0,229.0,228.16666666666666,0.0,0.5714285714285714,29.157971,0.0,0.13192139737991268,252,0,3
2022-10-08 22:06:24,FARM_01,228,29.72,74.1,0.0,Vegetative,No,Good,9982.11,-12.41,Wet,2022-10,22,5,10,0,228.0,228.08333333333334,0.0,0.8857142857142857,27.480686,0.0,0.12978165938864628,252,0,3
2022-10-08 22:06:24,FARM_01,228,29.95,86.8,0.0,Vegetative,No,Good,9982.24,-12.4,Wet,2022-10,22,5,10,0,228.0,227.91666666666666,0.0,-0.5428571428571428,28.79203,0.0,0.13078602620087337,252,0,3
2022-10-08 22:06:24,FARM_01,228,30.14,81.2,2.32,Vegetative,No,Good,9982.36,-12.39,Wet,2022-10,22,5,10,0,228.0,227.91666666666666,0.0,-0.42857142857142855,28.471124,2.3199999999999927,0.13161572052401746,252,0,3
2022-10-08 22:06:24,FARM_01,228,30.11,90.6,0.5,Vegetative,No,Good,9982.2,-12.4,Wet,2022-10,22,5,10,0,228.0,227.91666666666666,0.0,0.0,29.277113,2.8199999999999927,0.13148471615720525,252,0,3
2022-10-08 22:06:24,FARM_01,228,30.59,90.8,0.0,Vegetative,No,Good,9980.41,-12.55,Wet,2022-10,22,5,10,0,228.0,227.91666666666666,0.0,0.0,29.750546,2.8199999999999927,0.13358078602620088,252,0,3
2022-10-08 22:06:24,FARM_01,231,31.41,85.5,1.66,Vegetative,No,Good,9978.41,-12.72,Wet,2022-10,22,5,10,0,229.0,228.08333333333334,3.0,0.42857142857142855,30.0215525,2.159999999999993,0.13538793103448277,249,0,3
2022-10-08 22:06:24,FARM_01,228,30.04,80.0,0.0,Vegetative,No,Good,9982.3,-12.39,Wet,2022-10,22,5,10,0,229.0,228.0,-3.0,0.2571428571428571,28.2756,1.6599999999999928,0.13117903930131003,252,0,3
2022-10-08 22:06:24,FARM_01,228,29.69,81.6,5.34,Vegetative,No,Good,9981.8,-12.44,Wet,2022-10,22,5,10,0,229.0,228.66666666666666,0.0,0.08571428571428572,28.102172,6.999999999999993,0.12965065502183407,252,0,3
2022-10-08 22:06:24,FARM_01,228,30.01,80.3,0.0,Vegetative,No,Good,9982.65,-12.36,Wet,2022-10,22,5,10,0,228.0,228.5,0.0,-0.08571428571428572,28.275316500000002,5.339999999999993,0.13104803493449782,252,0,3
2022-10-08 22:06:24,FARM_01,226,29.25,86.2,0.0,Vegetative,No,Good,9983.58,-12.29,Wet,2022-10,22,5,10,0,227.33333333333334,228.08333333333334,-2.0,-0.5428571428571428,28.092525,5.339999999999993,0.1288546255506608,254,0,3
2022-10-08 22:06:24,FARM_01,228,29.74,87.9,0.0,Vegetative,No,Good,9982.27,-12.4,Wet,2022-10,22,5,10,0,227.33333333333334,228.08333333333334,2.0,-0.6,28.692503,0.0,0.12986899563318777,252,0,3
2022-10-08 22:06:24,FARM_01,228,29.89,79.0,0.0,Vegetative,No,Good,9982.29,-12.39,Wet,2022-10,22,5,10,0,227.33333333333334,228.08333333333334,0.0,-0.05714285714285714,28.054705000000002,0.0,0.1305240174672489,252,0,3
2022-10-08 22:06:24,FARM_01,228,29.86,86.9,2.88,Vegetative,No,Good,9982.33,-12.39,Wet,2022-10,22,5,10,0,228.0,228.08333333333334,0.0,0.05714285714285714,28.717287,2.879999999999993,0.1303930131004367,252,0,3
2022-10-08 22:06:24,FARM_01,228,29.83,81.9,0.0,Vegetative,No,Good,9982.36,-12.39,Wet,2022-10,22,5,10,0,228.0,228.08333333333334,0.0,0.17142857142857143,28.2541235,2.879999999999993,0.13026200873362445,252,0,3
2022-10-08 22:06:24,FARM_01,228,29.82,85.5,0.0,Vegetative,No,Good,9982.37,-12.39,Wet,2022-10,22,5,10,0,228.0,228.08333333333334,0.0,0.2857142857142857,28.558355,2.879999999999993,0.1302183406113537,252,0,3
2022-10-08 22:06:24,FARM_01,228,29.98,82.9,0.0,Vegetative,No,Good,9982.38,-12.39,Wet,2022-10,22,5,10,0,228.0,228.08333333333334,0.0,0.0,28.477081000000002,0.0,0.13091703056768558,252,0,3
2022-10-08 22:06:24,FARM_01,227,29.67,84.4,0.0,Vegetative,No,Good,9981.98,-12.42,Wet,2022-10,22,5,10,0,227.66666666666666,228.0,-1.0,-0.14285714285714285,28.325514000000002,0.0,0.13013157894736843,253,0,3
2022-10-08 22:06:24,FARM_01,226,29.37,80.1,0.0,Vegetative,No,Good,9981.95,-12.42,Wet,2022-10,22,5,10,0,227.0,227.58333333333334,-1.0,-0.37142857142857144,27.6877535,0.0,0.12938325991189428,254,0,3
2022-10-08 22:06:24,FARM_01,228,29.39,79.9,0.0,Vegetative,No,Good,9982.09,-12.41,Wet,2022-10,22,5,10,0,227.0,227.58333333333334,2.0,-0.2,27.6886355,0.0,0.1283406113537118,252,0,3
2022-10-08 22:06:24,FARM_01,185,30.55,73.7,0.0,Vegetative,No,Good,9975.66,-12.95,Very Wet,2022-10,22,5,10,0,213.0,224.0,-43.0,-6.171428571428572,28.1560425,0.0,0.164247311827957,295,0,2
2022-10-08 22:06:24,FARM_01,229,30.18,85.1,1.49,Vegetative,No,Good,9981.8,-12.44,Wet,2022-10,22,5,10,0,214.0,224.08333333333334,44.0,-3.4,28.854049,1.4899999999999929,0.1312173913043478,251,0,3
2022-10-08 22:06:24,FARM_01,228,29.65,86.5,13.14,Vegetative,No,Good,9982.02,-12.42,Wet,2022-10,22,5,10,0,214.0,224.25,-1.0,-0.8285714285714286,28.4879875,14.629999999999994,0.12947598253275108,252,0,3
2022-10-08 22:06:24,FARM_01,232,29.63,82.6,0.0,Vegetative,No,Good,9982.05,-12.41,Wet,2022-10,22,5,10,0,229.66666666666666,224.58333333333334,4.0,2.1142857142857143,28.134209,14.629999999999994,0.12716738197424893,248,0,3
2022-10-08 22:06:24,FARM_01,227,29.6,91.5,3.99,Vegetative,No,Good,9981.91,-12.43,Wet,2022-10,22,5,10,0,229.0,224.5,-5.0,3.857142857142857,28.870700000000003,17.129999999999995,0.1298245614035088,253,0,3
2022-10-08 22:06:24,FARM_01,226,29.58,81.9,0.0,Vegetative,No,Good,9982.08,-12.41,Wet,2022-10,22,5,10,0,228.33333333333334,224.33333333333334,-1.0,5.8,28.029011,3.989999999999993,0.13030837004405285,254,0,3
2022-10-08 22:06:24,FARM_01,228,29.56,82.1,6.56,Vegetative,No,Good,9981.92,-12.43,Wet,2022-10,22,5,10,0,227.0,224.33333333333334,2.0,-0.45714285714285713,28.028118,10.549999999999994,0.1290829694323144,252,0,3
2022-10-08 22:06:24,FARM_01,227,29.55,70.8,0.0,Vegetative,No,Good,9982.09,-12.41,Wet,2022-10,22,5,10,0,227.0,224.25,-1.0,-0.5142857142857142,27.05267,6.5599999999999925,0.12960526315789475,253,0,3
2022-10-08 22:06:24,FARM_01,227,29.53,86.9,14.57,Vegetative,No,Good,9981.95,-12.42,Wet,2022-10,22,5,10,0,227.33333333333334,224.16666666666666,0.0,-0.6571428571428571,28.4110635,21.129999999999992,0.12951754385964911,253,0,3
2022-10-08 22:06:24,FARM_01,227,29.51,81.6,3.42,Vegetative,No,Good,9981.81,-12.43,Wet,2022-10,22,5,10,0,227.0,224.16666666666666,0.0,0.05714285714285714,27.940388000000002,17.989999999999995,0.1294298245614035,253,0,3
2022-10-08 22:06:24,FARM_01,227,29.49,74.0,0.0,Vegetative,No,Good,9981.47,-12.46,Wet,2022-10,22,5,10,0,227.0,224.25,0.0,0.05714285714285714,27.274929999999998,17.989999999999995,0.1293421052631579,253,0,3
2022-10-08 22:06:24,FARM_01,228,29.47,73.4,0.0,Vegetative,No,Good,9981.5,-12.46,Wet,2022-10,22,5,10,0,227.33333333333334,224.25,1.0,0.0,27.206739,3.419999999999993,0.12868995633187771,252,0,3
2022-10-08 22:06:24,FARM_01,228,29.45,83.7,7.96,Vegetative,No,Good,9981.84,-12.43,Wet,2022-10,22,5,10,0,227.66666666666666,227.83333333333334,0.0,0.22857142857142856,28.0649075,7.959999999999993,0.12860262008733625,252,0,3
2022-10-08 22:06:24,FARM_01,228,29.43,86.1,0.0,Vegetative,No,Good,9981.88,-12.43,Wet,2022-10,22,5,10,0,228.0,227.75,0.0,0.2571428571428571,28.250376499999998,7.959999999999993,0.12851528384279476,252,0,3
2022-10-08 22:06:24,FARM_01,227,29.4,81.3,0.0,Vegetative,No,Good,9981.72,-12.44,Wet,2022-10,22,5,10,0,227.66666666666666,227.66666666666666,-1.0,0.08571428571428572,27.81611,7.959999999999993,0.12894736842105262,253,0,3
2022-10-08 22:06:24,FARM_01,228,29.77,83.4,0.0,Vegetative,No,Good,9982.41,-12.38,Wet,2022-10,22,5,10,0,227.66666666666666,227.33333333333334,1.0,0.05714285714285714,28.330199,0.0,0.13,252,0,3
2022-10-08 22:06:24,FARM_01,368,30.6,81.9,0.0,Vegetative,No,Poor,9975.25,-12.99,Very Dry,2022-10,22,5,10,0,274.3333333333333,239.08333333333334,140.0,19.97142857142857,28.947470000000003,0.0,0.08292682926829269,112,0,1
2022-10-08 22:06:24,FARM_01,226,29.35,79.4,0.0,Vegetative,No,Good,9982.12,-12.41,Wet,2022-10,22,5,10,0,274.0,239.08333333333334,-142.0,11.742857142857142,27.610845,0.0,0.12929515418502202,254,0,3
2022-10-08 22:06:24,FARM_01,226,29.33,78.6,0.65,Vegetative,No,Good,9982.3,-12.39,Wet,2022-10,22,5,10,0,273.3333333333333,238.91666666666666,0.0,3.6285714285714286,27.525658999999997,0.6499999999999929,0.12920704845814976,254,0,3
2022-10-08 22:06:24,FARM_01,225,29.17,88.5,1.1,Vegetative,No,Good,9983.45,-12.3,Wet,2022-10,22,5,10,0,225.66666666666666,238.75,-1.0,-4.514285714285714,28.210497500000002,1.749999999999993,0.129070796460177,255,0,3
2022-10-08 22:06:24,FARM_01,229,29.92,86.5,0.0,Vegetative,No,Good,9982.62,-12.37,Wet,2022-10,22,5,10,0,226.66666666666666,238.91666666666666,4.0,-12.114285714285714,28.737940000000002,1.749999999999993,0.13008695652173913,251,0,3
2022-10-08 22:06:24,FARM_01,368,30.68,80.4,0.0,Vegetative,No,Poor,9975.63,-12.96,Very Dry,2022-10,22,5,10,0,274.0,250.66666666666666,139.0,0.22857142857142856,28.881896,1.099999999999993,0.08314363143631437,112,0,1
2022-10-08 22:06:24,FARM_01,224,29.03,87.8,0.0,Vegetative,No,Good,9983.39,-12.3,Wet,2022-10,22,5,10,0,273.6666666666667,250.41666666666666,-144.0,12.0,28.021487,0.0,0.12902222222222223,256,0,3
2022-10-08 22:06:24,FARM_01,365,30.93,82.1,13.55,Vegetative,No,Poor,9974.93,-13.01,Very Dry,2022-10,22,5,10,0,319.0,261.8333333333333,141.0,23.742857142857144,29.2632415,13.549999999999994,0.08450819672131148,115,0,1
2022-10-08 22:06:24,FARM_01,226,29.23,86.3,1.03,Vegetative,No,Good,9983.56,-12.29,Wet,2022-10,22,5,10,0,271.6666666666667,261.6666666666667,-139.0,7.685714285714286,28.0824195,14.579999999999993,0.12876651982378856,254,0,3
2022-10-08 22:06:24,FARM_01,224,29.01,79.6,0.0,Vegetative,No,Good,9983.59,-12.29,Wet,2022-10,22,5,10,0,271.6666666666667,261.3333333333333,-2.0,-8.857142857142858,27.325878,14.579999999999993,0.12893333333333334,256,0,3
2022-10-08 22:06:24,FARM_01,227,29.21,88.3,0.0,Vegetative,No,Good,9983.25,-12.31,Wet,2022-10,22,5,10,0,225.66666666666666,261.3333333333333,3.0,-24.114285714285714,28.2312365,1.029999999999993,0.1281140350877193,253,0,3
2022-10-08 22:06:24,FARM_01,226,29.15,83.2,3.59,Vegetative,No,Good,9983.13,-12.32,Wet,2022-10,22,5,10,0,225.66666666666666,261.1666666666667,-1.0,-11.6,27.75014,3.5899999999999928,0.12841409691629954,254,0,3
2022-10-08 22:06:24,FARM_01,225,29.04,88.1,0.0,Vegetative,No,Good,9983.56,-12.29,Wet,2022-10,22,5,10,0,226.0,249.25,-1.0,-19.914285714285715,28.055632,3.5899999999999928,0.12849557522123894,255,0,3
2022-10-08 22:06:24,FARM_01,226,29.12,85.2,3.89,Vegetative,No,Good,9983.3,-12.31,Wet,2022-10,22,5,10,0,225.66666666666666,249.25,1.0,0.05714285714285714,27.889232,7.479999999999993,0.1282819383259912,254,0,3
2022-10-08 22:06:24,FARM_01,226,29.1,76.9,5.02,Vegetative,No,Good,9983.33,-12.31,Wet,2022-10,22,5,10,0,225.66666666666666,249.25,0.0,0.17142857142857143,27.181545,8.909999999999993,0.12819383259911896,254,0,3
2022-10-08 22:06:24,FARM_01,226,29.09,86.5,0.0,Vegetative,No,Good,9983.67,-12.28,Wet,2022-10,22,5,10,0,226.0,249.33333333333334,0.0,-0.11428571428571428,27.9695675,8.909999999999993,0.1281497797356828,254,0,3
2022-10-08 22:06:24,FARM_01,226,29.19,83.0,0.0,Vegetative,No,Good,9983.27,-12.31,Wet,2022-10,22,5,10,0,226.0,249.08333333333334,0.0,0.08571428571428572,27.769735,5.0199999999999925,0.12859030837004407,254,0,3
2022-10-08 22:06:24,FARM_01,226,29.08,74.9,0.0,Vegetative,No,Good,9983.53,-12.29,Wet,2022-10,22,5,10,0,226.0,237.25,0.0,0.14285714285714285,26.998206,0.0,0.1281057268722467,254,0,3
2022-10-08 22:06:24,FARM_01,225,29.0,83.5,4.18,Vegetative,No,Good,9983.73,-12.27,Wet,2022-10,22,5,10,0,225.66666666666666,237.33333333333334,-1.0,-0.14285714285714285,27.638749999999998,4.179999999999993,0.12831858407079647,255,0,3
2022-10-08 22:06:24,FARM_01,225,28.82,84.1,0.0,Vegetative,No,Good,9983.34,-12.31,Wet,2022-10,22,5,10,0,225.33333333333334,225.66666666666666,0.0,-0.22857142857142856,27.523991,4.179999999999993,0.12752212389380532,255,0,3
2022-10-08 22:06:24,FARM_01,175,29.45,84.7,6.81,Vegetative,No,Good,9983.56,-12.29,Very Wet,2022-10,22,5,10,0,208.33333333333334,221.41666666666666,-50.0,-7.4,28.1498825,10.989999999999991,0.16732954545454545,305,0,2
2022-10-08 22:06:24,FARM_01,226,28.99,85.5,0.0,Vegetative,No,Good,9983.93,-12.26,Wet,2022-10,22,5,10,0,208.66666666666666,221.58333333333334,51.0,-4.371428571428571,27.7945475,6.8099999999999925,0.12770925110132159,254,0,3
2022-10-08 22:06:24,FARM_01,224,28.97,90.0,0.0,Vegetative,No,Good,9983.93,-12.26,Wet,2022-10,22,5,10,0,208.33333333333334,221.33333333333334,-2.0,-1.6285714285714286,28.146649999999998,6.8099999999999925,0.12875555555555554,256,0,3
2022-10-08 22:06:24,FARM_01,225,28.96,86.0,0.0,Vegetative,No,Good,9984.1,-12.24,Wet,2022-10,22,5,10,0,225.0,221.25,1.0,1.3714285714285714,27.80808,0.0,0.12814159292035399,255,0,3
2022-10-08 22:06:24,FARM_01,224,28.95,89.9,1.86,Vegetative,No,Good,9984.13,-12.24,Wet,2022-10,22,5,10,0,224.33333333333334,221.16666666666666,-1.0,4.085714285714285,28.1195275,1.859999999999993,0.12866666666666665,256,0,3
2022-10-08 22:06:24,FARM_01,226,28.93,94.8,1.01,Vegetative,No,Good,9984.3,-12.23,Wet,2022-10,22,5,10,0,225.0,221.16666666666666,2.0,7.142857142857143,28.503002,2.869999999999993,0.12744493392070486,254,0,3
2022-10-08 22:06:24,FARM_01,224,28.8,84.6,5.72,Vegetative,No,Good,9983.38,-12.3,Wet,2022-10,22,5,10,0,224.66666666666666,221.0,-2.0,-0.14285714285714285,27.54644,8.589999999999993,0.128,256,0,3
2022-10-08 22:06:24,FARM_01,226,28.92,90.2,0.0,Vegetative,No,Good,9984.33,-12.22,Wet,2022-10,22,5,10,0,225.33333333333334,221.0,2.0,0.2571428571428571,28.115812000000002,6.729999999999992,0.12740088105726874,254,0,3
2022-10-08 22:06:24,FARM_01,223,28.9,91.4,0.0,Vegetative,No,Good,9984.01,-12.25,Wet,2022-10,22,5,10,0,224.33333333333334,220.75,-3.0,-0.17142857142857143,28.19523,5.719999999999993,0.12901785714285713,257,0,3
2022-10-08 22:06:24,FARM_01,225,28.88,87.9,0.0,Vegetative,No,Good,9983.81,-12.27,Wet,2022-10,22,5,10,0,224.66666666666666,220.66666666666666,2.0,-0.05714285714285714,27.889736,0.0,0.12778761061946903,255,0,3
2022-10-08 22:06:24,FARM_01,224,28.87,78.2,0.0,Vegetative,No,Good,9983.98,-12.25,Wet,2022-10,22,5,10,0,224.0,220.58333333333334,-1.0,-0.2857142857142857,27.087087,0.0,0.12831111111111113,256,0,3
2022-10-08 22:06:24,FARM_01,225,28.86,90.2,0.0,Vegetative,No,Good,9984.01,-12.25,Wet,2022-10,22,5,10,0,224.66666666666666,220.58333333333334,1.0,0.02857142857142857,28.059046,0.0,0.12769911504424777,255,0,3
2022-10-08 22:06:24,FARM_01,218,28.84,91.9,0.0,Vegetative,No,Good,9983.83,-12.26,Wet,2022-10,22,5,10,0,222.33333333333334,224.16666666666666,-7.0,-1.0,28.178878,0.0,0.13168949771689498,262,0,3
2022-10-08 22:06:24,FARM_01,223,28.83,86.4,4.24,Vegetative,No,Good,9983.34,-12.31,Wet,2022-10,22,5,10,0,222.0,223.91666666666666,5.0,-0.5714285714285714,27.720716,4.239999999999993,0.12870535714285714,257,0,3
2022-10-08 22:06:24,FARM_01,225,28.91,86.7,0.0,Vegetative,No,Good,9983.98,-12.25,Wet,2022-10,22,5,10,0,222.0,224.0,2.0,-0.2857142857142857,27.8193335,4.239999999999993,0.1279203539823009,255,0,3
2022-10-08 22:06:24,FARM_01,224,29.06,79.7,3.84,Vegetative,No,Good,9983.53,-12.29,Wet,2022-10,22,5,10,0,224.0,223.91666666666666,-1.0,0.14285714285714285,27.378550999999998,8.079999999999993,0.12915555555555555,256,0,3
2022-10-08 22:06:24,FARM_01,226,29.26,87.0,3.47,Vegetative,No,Good,9983.39,-12.3,Wet,2022-10,22,5,10,0,225.0,224.08333333333334,2.0,0.7142857142857143,28.16891,7.309999999999993,0.1288986784140969,254,0,3
2022-10-08 22:06:24,FARM_01,225,29.28,77.0,0.0,Vegetative,No,Good,9983.04,-12.33,Wet,2022-10,22,5,10,0,225.0,224.0,-1.0,1.2285714285714286,27.347080000000002,7.309999999999993,0.12955752212389382,255,0,3
2022-10-08 22:06:24,FARM_01,325,29.51,82.3,0.0,Vegetative,No,Poor,9968.95,-13.52,Dry,2022-10,22,5,10,0,258.6666666666667,232.41666666666666,100.0,14.628571428571428,28.0001015,3.469999999999993,0.09052147239263804,155,0,0
2022-10-08 22:06:24,FARM_01,326,29.72,83.6,0.0,Vegetative,No,Poor,9969.94,-13.43,Dry,2022-10,22,5,10,0,292.0,240.75,1.0,23.057142857142857,28.302056,0.0,0.0908868501529052,154,0,0
2022-10-08 22:06:24,FARM_01,224,28.75,92.4,9.62,Vegetative,No,Good,9982.37,-12.39,Wet,2022-10,22,5,10,0,291.6666666666667,240.83333333333334,-102.0,11.428571428571427,28.13345,9.619999999999992,0.12777777777777777,256,0,3
2022-10-08 22:06:24,FARM_01,223,28.71,84.9,0.0,Vegetative,No,Good,9981.88,-12.43,Wet,2022-10,22,5,10,0,257.6666666666667,240.66666666666666,-1.0,-0.4857142857142857,27.4883345,9.619999999999992,0.12816964285714286,257,0,3
2022-10-08 22:06:24,FARM_01,222,28.7,77.8,0.0,Vegetative,No,Good,9982.39,-12.39,Wet,2022-10,22,5,10,0,223.0,240.5,-1.0,-12.085714285714285,26.90513,9.619999999999992,0.12869955156950671,258,0,3
2022-10-08 22:06:24,FARM_01,224,28.76,89.9,0.0,Vegetative,No,Good,9982.52,-12.38,Wet,2022-10,22,5,10,0,223.0,240.41666666666666,2.0,-23.37142857142857,27.940082,0.0,0.12782222222222223,256,0,3
2022-10-08 22:06:24,FARM_01,222,28.68,83.0,0.0,Vegetative,No,Good,9982.06,-12.41,Wet,2022-10,22,5,10,0,222.66666666666666,240.75,-2.0,-14.885714285714286,27.30742,0.0,0.12860986547085201,258,0,3
2022-10-08 22:06:24,FARM_01,220,28.58,79.4,0.0,Vegetative,No,Good,9981.59,-12.45,Wet,2022-10,22,5,10,0,222.0,240.5,-2.0,-0.6,26.928086,0.0,0.12932126696832577,260,0,3
2022-10-08 22:06:24,FARM_01,222,28.65,81.6,1.98,Vegetative,No,Good,9981.89,-12.43,Wet,2022-10,22,5,10,0,221.33333333333334,240.25,2.0,-0.37142857142857144,27.16742,1.9799999999999929,0.12847533632286995,258,0,3
2022-10-08 22:06:24,FARM_01,221,28.64,80.6,0.0,Vegetative,No,Good,9982.06,-12.41,Wet,2022-10,22,5,10,0,221.0,240.0,-1.0,-0.37142857142857144,27.077912,1.9799999999999929,0.12900900900900902,259,0,3
2022-10-08 22:06:24,FARM_01,222,28.63,83.7,0.0,Vegetative,No,Good,9981.92,-12.43,Wet,2022-10,22,5,10,0,221.66666666666666,239.66666666666666,1.0,-0.3142857142857143,27.3184205,1.9799999999999929,0.12838565022421525,258,0,3
2022-10-08 22:06:24,FARM_01,221,28.62,93.9,15.94,Vegetative,No,Good,9981.91,-12.43,Wet,2022-10,22,5,10,0,221.33333333333334,239.33333333333334,-1.0,0.0,28.129499000000003,15.939999999999992,0.12891891891891893,259,0,3
2022-10-08 22:06:24,FARM_01,221,28.61,86.8,6.71,Vegetative,No,Good,9981.57,-12.46,Wet,2022-10,22,5,10,0,221.33333333333334,230.66666666666666,0.0,0.08571428571428572,27.549314,22.64999999999999,0.12887387387387386,259,0,3
2022-10-08 22:06:24,FARM_01,223,28.66,80.9,0.0,Vegetative,No,Good,9981.88,-12.43,Wet,2022-10,22,5,10,0,221.66666666666666,222.08333333333334,2.0,0.11428571428571428,27.119967,22.64999999999999,0.12794642857142857,257,0,3
2022-10-08 22:06:24,FARM_01,221,28.57,81.6,0.0,Vegetative,No,Good,9981.77,-12.44,Wet,2022-10,22,5,10,0,221.66666666666666,221.83333333333334,-2.0,0.08571428571428572,27.095516,6.709999999999993,0.12869369369369368,259,0,3
2022-10-08 22:06:24,FARM_01,222,28.55,89.1,0.0,Vegetative,No,Good,9981.77,-12.44,Wet,2022-10,22,5,10,0,222.0,221.75,1.0,0.05714285714285714,27.6777275,0.0,0.12802690582959642,258,0,3
2022-10-08 22:06:24,FARM_01,224,28.72,89.3,0.0,Vegetative,No,Good,9982.36,-12.39,Wet,2022-10,22,5,10,0,222.33333333333334,221.91666666666666,2.0,0.45714285714285713,27.853728,0.0,0.12764444444444445,256,0,3
2022-10-08 22:06:24,FARM_01,175,29.06,79.3,0.0,Vegetative,No,Good,9983.36,-12.3,Very Wet,2022-10,22,5,10,0,207.0,217.83333333333334,-49.0,-6.457142857142857,27.345419,0.0,0.16511363636363635,305,0,2
2022-10-08 22:06:24,FARM_01,221,28.49,81.4,0.0,Vegetative,No,Good,9982.48,-12.38,Wet,2022-10,22,5,10,0,206.66666666666666,217.75,46.0,-4.171428571428572,27.007673,0.0,0.12833333333333333,259,0,3
2022-10-08 22:06:24,FARM_01,220,28.55,88.0,0.0,Vegetative,No,Good,9982.1,-12.41,Wet,2022-10,22,5,10,0,205.33333333333334,217.75,-1.0,-1.6285714285714286,27.5897,0.0,0.12918552036199096,260,0,3
2022-10-08 22:06:24,FARM_01,221,28.54,87.6,0.0,Vegetative,No,Good,9982.12,-12.41,Wet,2022-10,22,5,10,0,220.66666666666666,217.66666666666666,1.0,0.8285714285714286,27.548371999999997,0.0,0.12855855855855855,259,0,3
2022-10-08 22:06:24,FARM_01,221,28.53,78.7,1.24,Vegetative,No,Good,9982.12,-12.41,Wet,2022-10,22,5,10,0,220.66666666666666,217.66666666666666,0.0,3.4857142857142858,26.827810500000002,1.2399999999999929,0.1285135135135135,259,0,3
2022-10-08 22:06:24,FARM_01,220,28.52,89.1,0.0,Vegetative,No,Good,9982.12,-12.41,Wet,2022-10,22,5,10,0,220.66666666666666,217.5,-1.0,6.457142857142857,27.649525999999998,1.2399999999999929,0.1290497737556561,260,0,3
2022-10-08 22:06:24,FARM_01,221,28.51,78.0,0.0,Vegetative,No,Good,9982.31,-12.39,Wet,2022-10,22,5,10,0,220.66666666666666,217.5,1.0,0.0,26.75429,1.2399999999999929,0.12842342342342344,259,0,3
2022-10-08 22:06:24,FARM_01,222,28.5,87.2,0.0,Vegetative,No,Good,9982.31,-12.39,Wet,2022-10,22,5,10,0,221.0,217.58333333333334,1.0,0.2571428571428571,27.4792,0.0,0.12780269058295965,258,0,3
2022-10-08 22:06:24,FARM_01,219,28.49,80.1,0.61,Vegetative,No,Good,9982.66,-12.36,Wet,2022-10,22,5,10,0,220.66666666666666,217.25,-3.0,-0.17142857142857143,26.9040695,0.6099999999999929,0.1295,261,0,3
2022-10-08 22:06:24,FARM_01,220,28.56,87.8,0.0,Vegetative,No,Good,9981.95,-12.42,Wet,2022-10,22,5,10,0,220.33333333333334,217.16666666666666,1.0,-0.2,27.583023999999998,0.6099999999999929,0.12923076923076923,260,0,3
2022-10-08 22:06:24,FARM_01,200,28.48,80.4,0.0,Vegetative,No,Good,9982.52,-12.38,Wet,2022-10,22,5,10,0,213.0,215.33333333333334,-20.0,-3.0285714285714285,26.919056,0.6099999999999929,0.1416915422885572,280,0,3
2022-10-08 22:06:24,FARM_01,184,28.47,79.0,0.0,Vegetative,No,Good,9982.52,-12.38,Very Wet,2022-10,22,5,10,0,201.33333333333334,212.0,-16.0,-7.142857142857143,26.798714999999998,0.0,0.1538918918918919,296,0,2
2022-10-08 22:06:24,FARM_01,177,28.46,87.6,0.0,Vegetative,No,Good,9982.16,-12.4,Very Wet,2022-10,22,5,10,0,187.0,212.16666666666666,-7.0,-10.0,27.473828,0.0,0.1598876404494382,303,0,2
2022-10-08 22:06:24,FARM_01,177,30.71,86.5,0.0,Vegetative,No,Good,9984.36,-12.22,Very Wet,2022-10,22,5,10,0,179.33333333333334,208.5,0.0,-10.142857142857142,29.469282500000002,0.0,0.17252808988764046,303,0,2
2022-10-08 22:06:24,FARM_01,223,28.77,87.7,0.0,Vegetative,No,Good,9982.85,-12.35,Wet,2022-10,22,5,10,0,192.33333333333334,208.75,46.0,-1.7428571428571429,27.7708095,0.0,0.1284375,257,0,3
2022-10-08 22:06:24,FARM_01,216,28.73,80.3,0.0,Vegetative,No,Good,9982.37,-12.39,Wet,2022-10,22,5,10,0,205.33333333333334,208.33333333333334,-7.0,5.628571428571429,27.1340045,0.0,0.1323963133640553,264,0,3
2022-10-08 22:06:24,FARM_01,175,28.72,89.3,15.72,Vegetative,No,Good,9982.73,-12.36,Very Wet,2022-10,22,5,10,0,204.66666666666666,204.5,-41.0,3.3714285714285714,27.853728,15.719999999999994,0.16318181818181818,305,0,2
2022-10-08 22:06:24,FARM_01,225,29.3,82.9,0.0,Vegetative,No,Good,9982.67,-12.36,Wet,2022-10,22,5,10,0,205.33333333333334,204.91666666666666,50.0,6.485714285714286,27.861035,15.719999999999994,0.12964601769911505,255,0,3
2022-10-08 22:06:24,FARM_01,176,31.7,88.5,0.33,Vegetative,No,Good,9985.63,-12.11,Very Wet,2022-10,22,5,10,0,192.0,201.16666666666666,-49.0,-1.1428571428571428,30.580475,16.049999999999994,0.1790960451977401,304,0,2
2022-10-08 22:06:24,FARM_01,176,31.72,80.0,0.0,Vegetative,No,Good,9985.94,-12.09,Very Wet,2022-10,22,5,10,0,192.33333333333334,197.33333333333334,0.0,-8.714285714285714,29.770799999999998,0.3299999999999929,0.1792090395480226,304,0,2
2022-10-08 22:06:24,FARM_01,175,30.55,87.4,0.0,Vegetative,No,Good,9984.39,-12.22,Very Wet,2022-10,22,5,10,0,175.66666666666666,193.66666666666666,-1.0,-7.171428571428572,29.403085,0.3299999999999929,0.17357954545454546,305,0,2
2022-10-08 22:06:24,FARM_01,176,30.79,78.6,0.0,Vegetative,No,Good,9984.75,-12.19,Very Wet,2022-10,22,5,10,0,175.66666666666666,190.0,1.0,-4.142857142857143,28.813816999999997,0.0,0.173954802259887,304,0,2
2022-10-08 22:06:24,FARM_01,176,31.06,80.4,0.0,Vegetative,No,Good,9985.71,-12.11,Very Wet,2022-10,22,5,10,0,175.66666666666666,188.0,0.0,-7.0285714285714285,29.220931999999998,0.0,0.17548022598870056,304,0,2
2022-10-08 22:06:24,FARM_01,176,31.64,80.9,2.01,Vegetative,No,Good,9985.75,-12.1,Very Wet,2022-10,22,5,10,0,176.0,187.33333333333334,0.0,0.02857142857142857,29.786918,2.0099999999999927,0.17875706214689266,304,0,2
2022-10-08 22:06:24,FARM_01,176,31.35,85.1,0.0,Vegetative,No,Good,9985.75,-12.1,Very Wet,2022-10,22,5,10,0,176.0,187.25,0.0,0.08571428571428572,29.9281675,2.0099999999999927,0.17711864406779662,304,0,2
2022-10-08 22:06:24,FARM_01,176,31.82,83.6,0.0,Vegetative,No,Good,9985.92,-12.09,Very Wet,2022-10,22,5,10,0,176.0,187.16666666666666,0.0,0.14285714285714285,30.212636,2.0099999999999927,0.17977401129943504,304,0,2
2022-10-08 22:06:24,FARM_01,175,31.76,83.2,0.88,Vegetative,No,Good,9985.67,-12.11,Very Wet,2022-10,22,5,10,0,175.66666666666666,183.16666666666666,-1.0,-0.14285714285714285,30.118976000000004,0.8799999999999929,0.18045454545454545,305,0,2
2022-10-08 22:06:24,FARM_01,176,31.88,81.6,0.44,Vegetative,No,Good,9985.97,-12.09,Very Wet,2022-10,22,5,10,0,175.66666666666666,179.83333333333334,1.0,-0.08571428571428572,30.070543999999998,1.319999999999993,0.18011299435028247,304,0,2
2022-10-08 22:06:24,FARM_01,175,31.91,91.8,0.0,Vegetative,No,Good,9985.91,-12.09,Very Wet,2022-10,22,5,10,0,175.33333333333334,179.83333333333334,-1.0,-0.17142857142857143,31.102259,1.319999999999993,0.18130681818181818,305,0,2
2022-10-08 22:06:24,FARM_01,175,31.9,92.7,0.0,Vegetative,No,Good,9985.57,-12.12,Very Wet,2022-10,22,5,10,0,175.33333333333334,175.66666666666666,0.0,-0.2,31.181314999999998,0.4399999999999929,0.18125,305,0,2
2022-10-08 22:06:24,FARM_01,184,30.33,80.3,2.49,Vegetative,No,Good,9984.52,-12.21,Very Wet,2022-10,22,5,10,0,178.0,176.33333333333334,9.0,1.1142857142857143,28.5606445,2.489999999999993,0.16394594594594594,296,0,2
2022-10-08 22:06:24,FARM_01,176,31.57,81.8,0.0,Vegetative,No,Good,9985.67,-12.11,Very Wet,2022-10,22,5,10,0,178.33333333333334,176.33333333333334,-8.0,0.8285714285714286,29.811243,2.489999999999993,0.17836158192090396,304,0,2
2022-10-08 22:06:24,FARM_01,176,30.65,84.1,0.0,Vegetative,No,Good,9984.27,-12.23,Very Wet,2022-10,22,5,10,0,178.66666666666666,176.41666666666666,0.0,0.34285714285714286,29.1939575,2.489999999999993,0.17316384180790959,304,0,2
2022-10-08 22:06:24,FARM_01,227,29.31,81.4,0.0,Vegetative,No,Good,9982.67,-12.36,Wet,2022-10,22,5,10,0,193.0,180.66666666666666,51.0,7.285714285714286,27.743786999999998,0.0,0.12855263157894736,253,0,3
2022-10-08 22:06:24,FARM_01,175,31.5,86.5,0.0,Vegetative,No,Good,9985.14,-12.15,Very Wet,2022-10,22,5,10,0,192.66666666666666,180.58333333333334,-52.0,3.6857142857142855,30.200625,0.0,0.17897727272727273,305,0,2
2022-10-08 22:06:24,FARM_01,175,31.43,83.8,0.0,Vegetative,No,Good,9985.09,-12.16,Very Wet,2022-10,22,5,10,0,192.33333333333334,180.5,0.0,0.08571428571428572,29.876987,0.0,0.17857954545454546,305,0,2
2022-10-08 22:06:24,FARM_01,176,31.28,82.8,0.0,Vegetative,No,Good,9985.18,-12.15,Very Wet,2022-10,22,5,10,0,175.33333333333334,180.5,1.0,-1.5714285714285714,29.645312,0.0,0.17672316384180792,304,0,2
2022-10-08 22:06:24,FARM_01,176,31.21,82.7,0.0,Vegetative,No,Good,9985.3,-12.14,Very Wet,2022-10,22,5,10,0,175.66666666666666,180.5,0.0,-4.371428571428571,29.572468500000003,0.0,0.17632768361581921,304,0,2
2022-10-08 22:06:24,FARM_01,176,31.14,81.7,0.0,Vegetative,No,Good,9985.22,-12.15,Very Wet,2022-10,22,5,10,0,176.0,180.58333333333334,0.0,-7.171428571428572,29.414859,0.0,0.1759322033898305,304,0,2
2022-10-08 22:06:24,FARM_01,175,31.07,76.4,0.0,Vegetative,No,Good,9984.84,-12.18,Very Wet,2022-10,22,5,10,0,175.66666666666666,180.5,-1.0,0.08571428571428572,28.854314000000002,0.0,0.17653409090909092,305,0,2
2022-10-08 22:06:24,FARM_01,176,31.0,83.3,0.0,Vegetative,No,Good,9984.77,-12.19,Very Wet,2022-10,22,5,10,0,175.66666666666666,180.58333333333334,1.0,0.05714285714285714,29.43855,0.0,0.1751412429378531,304,0,2
2022-10-08 22:06:24,FARM_01,175,30.97,80.5,0.04,Vegetative,No,Good,9984.81,-12.18,Very Wet,2022-10,22,5,10,0,175.33333333333334,180.58333333333334,-1.0,-0.17142857142857143,29.1499675,0.039999999999992895,0.1759659090909091,305,0,2
2022-10-08 22:06:24,FARM_01,176,30.9,83.2,0.0,Vegetative,No,Good,9984.41,-12.22,Very Wet,2022-10,22,5,10,0,175.66666666666666,179.91666666666666,1.0,-0.05714285714285714,29.33844,0.039999999999992895,0.17457627118644067,304,0,2
2022-10-08 22:06:24,FARM_01,174,30.84,83.3,0.0,Vegetative,Yes,Poor,9984.68,-12.19,Very Wet,2022-10,22,5,10,0,175.0,179.75,-2.0,-0.22857142857142856,29.293246,0.039999999999992895,0.17622857142857143,306,0,2
2022-10-08 22:06:24,FARM_01,176,30.78,81.7,3.98,Vegetative,No,Good,9984.41,-12.22,Very Wet,2022-10,22,5,10,0,175.33333333333334,179.75,2.0,0.0,29.091093,3.979999999999993,0.17389830508474577,304,0,2
2022-10-08 22:06:24,FARM_01,176,30.6,88.4,0.0,Vegetative,No,Good,9984.35,-12.22,Very Wet,2022-10,22,5,10,0,175.33333333333334,175.5,0.0,0.02857142857142857,29.54092,3.979999999999993,0.17288135593220338,304,0,2
2022-10-08 22:06:24,FARM_01,176,29.83,92.3,1.86,Vegetative,No,Good,9984.42,-12.21,Very Wet,2022-10,22,5,10,0,176.0,175.58333333333334,0.0,0.2,29.1595995,5.839999999999993,0.16853107344632767,304,0,2
2022-10-08 22:06:24,FARM_01,176,31.84,85.9,11.48,Vegetative,No,Good,9985.55,-12.12,Very Wet,2022-10,22,5,10,0,176.0,175.66666666666666,0.0,0.17142857142857143,30.456508,13.339999999999993,0.17988700564971752,304,0,2
2022-10-08 22:06:24,FARM_01,175,29.83,92.2,0.0,Vegetative,No,Good,9985.11,-12.16,Very Wet,2022-10,22,5,10,0,175.66666666666666,175.58333333333334,-1.0,0.14285714285714285,29.150893,13.339999999999993,0.16948863636363634,305,0,2
2022-10-08 22:06:24,FARM_01,176,30.49,82.8,0.0,Vegetative,No,Good,9984.84,-12.18,Very Wet,2022-10,22,5,10,0,175.66666666666666,175.58333333333334,1.0,-0.08571428571428572,28.930045999999997,11.479999999999993,0.1722598870056497,304,0,2
2022-10-08 22:06:24,FARM_01,175,29.25,79.7,0.0,Vegetative,No,Good,9986.84,-12.01,Very Wet,2022-10,22,5,10,0,175.33333333333334,175.5,-1.0,-0.17142857142857143,27.5473375,0.0,0.16619318181818182,305,0,2
2022-10-08 22:06:24,FARM_01,175,30.26,79.1,11.57,Vegetative,No,Good,9984.42,-12.21,Very Wet,2022-10,22,5,10,0,175.33333333333334,175.5,0.0,-0.2,28.390913,11.569999999999993,0.17193181818181819,305,0,2
2022-10-08 22:06:24,FARM_01,175,30.22,81.9,0.0,Vegetative,No,Good,9984.81,-12.18,Very Wet,2022-10,22,5,10,0,175.0,175.41666666666666,0.0,-0.17142857142857143,28.605299,11.569999999999993,0.17170454545454544,305,0,2
2022-10-08 22:06:24,FARM_01,175,30.18,94.2,0.0,Vegetative,No,Good,9984.55,-12.2,Very Wet,2022-10,22,5,10,0,175.0,175.41666666666666,0.0,-0.08571428571428572,29.663858,11.569999999999993,0.17147727272727273,305,0,2
2022-10-08 22:06:24,FARM_01,175,30.39,89.4,0.0,Vegetative,No,Good,9984.45,-12.21,Very Wet,2022-10,22,5,10,0,175.0,175.33333333333334,0.0,-0.14285714285714285,29.434463,0.0,0.17267045454545454,305,0,2
2022-10-08 22:06:24,FARM_01,175,30.14,85.0,0.0,Vegetative,No,Good,9984.94,-12.17,Very Wet,2022-10,22,5,10,0,175.0,175.41666666666666,0.0,0.0,28.80845,0.0,0.17125,305,0,2
2022-10-08 22:06:24,FARM_01,176,29.81,88.9,2.87,Vegetative,No,Good,9984.59,-12.2,Very Wet,2022-10,22,5,10,0,175.33333333333334,175.41666666666666,1.0,0.14285714285714285,28.8447995,2.869999999999993,0.1684180790960452,304,0,2
2022-10-08 22:06:24,FARM_01,176,30.01,87.6,0.0,Vegetative,No,Good,9984.88,-12.18,Very Wet,2022-10,22,5,10,0,175.66666666666666,175.41666666666666,0.0,0.22857142857142856,28.918118,2.869999999999993,0.16954802259887006,304,0,2
2022-10-08 22:06:24,FARM_01,175,29.98,74.0,0.0,Vegetative,No,Good,9985.11,-12.16,Very Wet,2022-10,22,5,10,0,175.66666666666666,175.33333333333334,-1.0,0.11428571428571428,27.69486,2.869999999999993,0.1703409090909091,305,0,2
2022-10-08 22:06:24,FARM_01,176,29.94,86.3,0.0,Vegetative,No,Good,9985.16,-12.15,Very Wet,2022-10,22,5,10,0,175.66666666666666,175.33333333333334,1.0,0.14285714285714285,28.738921,0.0,0.16915254237288135,304,0,2
2022-10-08 22:06:24,FARM_01,175,29.9,77.5,0.0,Vegetative,No,Good,9984.83,-12.18,Very Wet,2022-10,22,5,10,0,175.33333333333334,175.33333333333334,-1.0,-0.02857142857142857,27.932375,0.0,0.16988636363636364,305,0,2
2022-10-08 22:06:24,FARM_01,176,29.87,87.0,8.94,Vegetative,No,Good,9984.87,-12.18,Very Wet,2022-10,22,5,10,0,175.66666666666666,175.33333333333334,1.0,-0.05714285714285714,28.735295,8.939999999999992,0.16875706214689265,304,0,2
2022-10-08 22:06:24,FARM_01,176,30.06,81.5,3.88,Vegetative,No,Good,9985.2,-12.15,Very Wet,2022-10,22,5,10,0,175.66666666666666,175.41666666666666,0.0,0.05714285714285714,28.425894999999997,12.819999999999993,0.16983050847457626,304,0,2
2022-10-08 22:06:24,FARM_01,173,29.71,80.8,0.18,Vegetative,No,Good,9985.05,-12.16,Very Wet,2022-10,22,5,10,0,175.0,175.25,-3.0,-0.2571428571428571,28.051024,12.999999999999993,0.1707471264367816,307,0,2
2022-10-08 22:06:24,FARM_01,176,30.29,91.8,0.0,Vegetative,No,Good,9984.41,-12.22,Very Wet,2022-10,22,5,10,0,175.0,175.33333333333334,3.0,-0.17142857142857143,29.555321,4.0599999999999925,0.17112994350282484,304,0,2
2022-10-08 22:06:24,FARM_01,174,29.35,82.2,0.0,Vegetative,Yes,Poor,9985.72,-12.11,Very Wet,2022-10,22,5,10,0,174.33333333333334,175.25,-2.0,-0.22857142857142856,27.847235,0.1799999999999929,0.16771428571428573,306,0,2
2022-10-08 22:06:24,FARM_01,176,29.5,87.4,0.0,Vegetative,No,Good,9984.9,-12.17,Very Wet,2022-10,22,5,10,0,175.33333333333334,175.33333333333334,2.0,-0.08571428571428572,28.42585,0.0,0.16666666666666666,304,0,2
2022-10-08 22:06:24,FARM_01,176,29.68,84.8,9.58,Vegetative,No,Good,9984.89,-12.18,Very Wet,2022-10,22,5,10,0,175.33333333333334,175.41666666666666,0.0,0.2,28.369152,9.579999999999993,0.16768361581920904,304,0,2
2022-10-08 22:06:24,FARM_01,176,29.65,86.9,0.0,Vegetative,No,Good,9984.93,-12.17,Very Wet,2022-10,22,5,10,0,176.0,175.41666666666666,0.0,0.4857142857142857,28.5224175,9.579999999999993,0.16751412429378532,304,0,2
2022-10-08 22:06:24,FARM_01,176,29.62,86.6,8.37,Vegetative,No,Good,9984.62,-12.2,Very Wet,2022-10,22,5,10,0,176.0,175.41666666666666,0.0,0.17142857142857143,28.468806,17.949999999999992,0.1673446327683616,304,0,2
2022-10-08 22:06:24,FARM_01,176,29.56,92.3,0.0,Vegetative,No,Good,9985.0,-12.17,Very Wet,2022-10,22,5,10,0,176.0,175.5,0.0,0.2857142857142857,28.901034,8.369999999999992,0.1670056497175141,304,0,2
2022-10-08 22:06:24,FARM_01,174,29.48,82.9,1.92,Vegetative,No,Good,9984.93,-12.17,Very Wet,2022-10,22,5,10,0,175.33333333333334,175.33333333333334,-2.0,-0.2857142857142857,28.024106,10.289999999999992,0.16845714285714286,306,0,2
2022-10-08 22:06:24,FARM_01,176,29.74,81.9,2.33,Vegetative,No,Good,9985.02,-12.16,Very Wet,2022-10,22,5,10,0,175.33333333333334,175.41666666666666,2.0,-0.17142857142857143,28.173083,4.249999999999993,0.1680225988700565,304,0,2
2022-10-08 22:06:24,FARM_01,174,29.45,94.5,2.2,Vegetative,No,Good,9985.11,-12.16,Very Wet,2022-10,22,5,10,0,174.66666666666666,175.25,-2.0,-0.34285714285714286,28.9826375,6.449999999999993,0.1682857142857143,306,0,2
2022-10-08 22:06:24,FARM_01,174,29.44,80.2,2.4,Vegetative,No,Good,9985.11,-12.16,Very Wet,2022-10,22,5,10,0,174.66666666666666,175.08333333333334,0.0,-0.4,27.758584000000003,6.929999999999993,0.16822857142857145,306,0,2
2022-10-08 22:06:24,FARM_01,175,29.42,87.4,0.0,Vegetative,No,Good,9985.14,-12.15,Very Wet,2022-10,22,5,10,0,174.33333333333334,175.25,1.0,-0.2,28.351394000000003,4.5999999999999925,0.16715909090909092,305,0,2
2022-10-08 22:06:24,FARM_01,176,29.39,93.0,1.76,Vegetative,No,Good,9985.34,-12.14,Very Wet,2022-10,22,5,10,0,175.0,175.25,1.0,0.2,28.797485,4.159999999999993,0.166045197740113,304,0,2
2022-10-08 22:06:24,FARM_01,176,29.37,90.8,0.0,Vegetative,No,Good,9985.34,-12.14,Very Wet,2022-10,22,5,10,0,175.66666666666666,175.41666666666666,0.0,0.2,28.592278,1.759999999999993,0.1659322033898305,304,0,2
2022-10-08 22:06:24,FARM_01,175,30.54,85.5,3.06,Vegetative,No,Good,9984.94,-12.17,Very Wet,2022-10,22,5,10,0,175.66666666666666,175.33333333333334,-1.0,0.34285714285714286,29.220934999999997,4.819999999999993,0.17352272727272727,305,0,2
2022-10-08 22:06:24,FARM_01,176,30.44,71.7,0.0,Vegetative,No,Good,9984.7,-12.19,Very Wet,2022-10,22,5,10,0,175.66666666666666,175.33333333333334,1.0,0.2857142857142857,27.881114000000004,3.059999999999993,0.1719774011299435,304,0,2
2022-10-08 22:06:24,FARM_01,246,28.91,90.2,0.0,Vegetative,No,Good,9975.93,-12.93,Wet,2022-10,22,5,10,0,199.0,181.16666666666666,70.0,10.114285714285714,28.106351,3.0599999999999925,0.11704453441295547,234,0,3
2022-10-08 22:06:24,FARM_01,176,28.98,82.6,0.0,Vegetative,No,Good,9986.84,-12.01,Very Wet,2022-10,22,5,10,0,199.33333333333334,181.16666666666666,-70.0,6.0285714285714285,27.546414,0.0,0.16372881355932203,304,0,2
2022-10-08 22:06:24,FARM_01,175,29.01,85.7,0.0,Vegetative,No,Good,9986.81,-12.01,Very Wet,2022-10,22,5,10,0,199.0,181.08333333333334,-1.0,1.9428571428571428,27.829463500000003,0.0,0.16482954545454545,305,0,2
2022-10-08 22:06:24,FARM_01,175,29.23,85.3,1.54,Vegetative,No,Good,9986.65,-12.03,Very Wet,2022-10,22,5,10,0,175.33333333333334,181.16666666666666,0.0,-2.085714285714286,27.9986545,1.539999999999993,0.16607954545454545,305,0,2
2022-10-08 22:06:24,FARM_01,175,29.21,79.4,0.0,Vegetative,No,Good,9986.67,-12.03,Very Wet,2022-10,22,5,10,0,175.0,181.08333333333334,0.0,-6.257142857142857,27.486707000000003,1.539999999999993,0.1659659090909091,305,0,2
2022-10-08 22:06:24,FARM_01,174,28.94,79.9,0.0,Vegetative,Yes,Poor,9986.53,-12.04,Very Wet,2022-10,22,5,10,0,174.66666666666666,181.08333333333334,-1.0,-10.371428571428572,27.288383000000003,1.539999999999993,0.16537142857142859,306,0,2
2022-10-08 22:06:24,FARM_01,176,29.2,77.0,0.0,Vegetative,No,Good,9986.67,-12.03,Very Wet,2022-10,22,5,10,0,175.0,181.25,2.0,-0.08571428571428572,27.2772,0.0,0.16497175141242937,304,0,2
2022-10-08 22:06:24,FARM_01,175,29.16,83.6,0.0,Vegetative,No,Good,9986.73,-12.02,Very Wet,2022-10,22,5,10,0,175.0,181.25,-1.0,0.05714285714285714,27.792568,0.0,0.16568181818181818,305,0,2
2022-10-08 22:06:24,FARM_01,175,29.12,77.3,0.0,Vegetative,No,Good,9986.56,-12.04,Very Wet,2022-10,22,5,10,0,175.33333333333334,181.16666666666666,0.0,0.05714285714285714,27.232268,0.0,0.16545454545454547,305,0,2
2022-10-08 22:06:24,FARM_01,176,28.99,82.6,3.6,Vegetative,No,Good,9986.67,-12.03,Very Wet,2022-10,22,5,10,0,175.33333333333334,181.16666666666666,1.0,0.2,27.555456999999997,3.599999999999993,0.16378531073446326,304,0,2
2022-10-08 22:06:24,FARM_01,174,29.1,87.2,0.0,Vegetative,Yes,Poor,9986.59,-12.03,Very Wet,2022-10,22,5,10,0,175.0,181.08333333333334,-2.0,0.0,28.03696,3.599999999999993,0.1662857142857143,306,0,2
2022-10-08 22:06:24,FARM_01,175,29.08,87.7,2.26,Vegetative,No,Good,9986.76,-12.02,Very Wet,2022-10,22,5,10,0,175.0,181.0,1.0,-0.2,28.059838,5.859999999999992,0.16522727272727272,305,0,2
2022-10-08 22:06:24,FARM_01,173,29.06,92.3,7.59,Vegetative,No,Good,9986.62,-12.03,Very Wet,2022-10,22,5,10,0,174.0,174.91666666666666,-2.0,-0.34285714285714286,28.422209,9.849999999999993,0.16701149425287357,307,0,2
2022-10-08 22:06:24,FARM_01,176,29.18,90.7,0.0,Vegetative,No,Good,9986.88,-12.01,Very Wet,2022-10,22,5,10,0,174.66666666666666,174.91666666666666,3.0,-0.08571428571428572,28.403543,9.849999999999993,0.1648587570621469,304,0,2
2022-10-08 22:06:24,FARM_01,176,29.04,85.6,0.0,Vegetative,No,Good,9986.81,-12.01,Very Wet,2022-10,22,5,10,0,175.0,175.0,0.0,0.11428571428571428,27.848831999999998,7.589999999999993,0.1640677966101695,304,0,2
2022-10-08 22:06:24,FARM_01,176,28.72,88.3,3.49,Vegetative,No,Good,9985.61,-12.12,Very Wet,2022-10,22,5,10,0,176.0,175.08333333333334,0.0,0.45714285714285713,27.772768,3.489999999999993,0.16225988700564972,304,0,2
2022-10-08 22:06:24,FARM_01,175,28.75,76.8,0.0,Vegetative,No,Good,9985.77,-12.1,Very Wet,2022-10,22,5,10,0,175.66666666666666,175.08333333333334,-1.0,0.2571428571428571,26.8679,3.489999999999993,0.16335227272727273,305,0,2
2022-10-08 22:06:24,FARM_01,176,28.34,83.2,2.91,Vegetative,No,Good,9984.27,-12.23,Very Wet,2022-10,22,5,10,0,175.66666666666666,175.25,1.0,0.34285714285714286,27.014984000000002,6.399999999999993,0.16011299435028248,304,0,2
2022-10-08 22:06:24,FARM_01,170,28.35,85.7,0.0,Vegetative,Yes,Poor,9984.27,-12.23,Very Wet,2022-10,22,5,10,0,173.66666666666666,174.75,-6.0,-0.8857142857142857,27.2213725,2.909999999999993,0.16578947368421054,310,0,2
2022-10-08 22:06:24,FARM_01,174,28.93,90.4,0.0,Vegetative,Yes,Poor,9986.89,-12.01,Very Wet,2022-10,22,5,10,0,173.33333333333334,174.66666666666666,4.0,-0.7714285714285715,28.141696,2.909999999999993,0.16531428571428572,306,0,2
2022-10-08 22:06:24,FARM_01,175,28.91,79.1,0.0,Vegetative,No,Good,9986.55,-12.04,Very Wet,2022-10,22,5,10,0,173.0,174.66666666666666,1.0,-0.4,27.1960955,0.0,0.16426136363636365,305,0,2
2022-10-08 22:06:24,FARM_01,174,28.89,89.8,2.12,Vegetative,No,Good,9986.2,-12.06,Very Wet,2022-10,22,5,10,0,174.33333333333334,174.5,-1.0,-0.11428571428571428,28.054671,2.119999999999993,0.16508571428571428,306,0,2
2022-10-08 22:06:24,FARM_01,176,28.88,82.7,0.0,Vegetative,No,Good,9985.86,-12.09,Very Wet,2022-10,22,5,10,0,175.0,174.66666666666666,2.0,0.37142857142857144,27.464168,2.119999999999993,0.1631638418079096,304,0,2
2022-10-08 22:06:24,FARM_01,174,28.74,78.3,4.12,Vegetative,No,Good,9985.28,-12.14,Very Wet,2022-10,22,5,10,0,174.66666666666666,174.58333333333334,-2.0,0.7142857142857143,26.980780999999997,6.239999999999993,0.16422857142857142,306,0,2
2022-10-08 22:06:24,FARM_01,176,28.86,86.7,0.0,Vegetative,No,Good,9985.89,-12.09,Very Wet,2022-10,22,5,10,0,175.33333333333334,174.83333333333334,2.0,0.2571428571428571,27.772990999999998,4.119999999999993,0.1630508474576271,304,0,2
2022-10-08 22:06:24,FARM_01,175,28.83,76.0,7.15,Vegetative,No,Good,9985.74,-12.1,Very Wet,2022-10,22,5,10,0,175.0,174.75,-1.0,0.11428571428571428,26.872439999999997,11.269999999999992,0.16380681818181816,305,0,2
2022-10-08 22:06:24,FARM_01,175,28.81,85.0,0.0,Vegetative,No,Good,9985.74,-12.1,Very Wet,2022-10,22,5,10,0,175.33333333333334,174.66666666666666,0.0,0.11428571428571428,27.588175,7.149999999999993,0.16369318181818182,305,0,2
2022-10-08 22:06:24,FARM_01,175,28.8,82.5,9.13,Vegetative,No,Good,9985.77,-12.1,Very Wet,2022-10,22,5,10,0,175.0,174.58333333333334,0.0,-0.08571428571428572,27.3755,16.279999999999994,0.16363636363636364,305,0,2
2022-10-08 22:06:24,FARM_01,174,28.78,88.4,0.0,Vegetative,Yes,Poor,9985.59,-12.12,Very Wet,2022-10,22,5,10,0,174.66666666666666,174.5,-1.0,-0.08571428571428572,27.837036,9.129999999999994,0.16445714285714286,306,0,2
2022-10-08 22:06:24,FARM_01,174,28.76,81.6,0.37,Vegetative,No,Good,9985.59,-12.12,Very Wet,2022-10,22,5,10,0,174.33333333333334,174.33333333333334,0.0,-0.37142857142857144,27.266288,9.499999999999993,0.16434285714285715,306,0,2
2022-10-08 22:06:24,FARM_01,175,28.84,87.2,3.32,Vegetative,No,Good,9985.89,-12.09,Very Wet,2022-10,22,5,10,0,174.33333333333334,174.75,1.0,-0.11428571428571428,27.795264,3.689999999999993,0.16386363636363635,305,0,2
2022-10-08 22:06:24,FARM_01,176,29.14,80.7,3.06,Vegetative,No,Good,9986.73,-12.02,Very Wet,2022-10,22,5,10,0,175.0,174.91666666666666,1.0,0.14285714285714285,27.532889,6.749999999999993,0.16463276836158192,304,0,2
2022-10-08 22:06:24,FARM_01,175,30.34,94.2,0.0,Vegetative,No,Good,9984.33,-12.22,Very Wet,2022-10,22,5,10,0,175.33333333333334,174.91666666666666,-1.0,0.2,29.818754000000002,6.379999999999993,0.17238636363636364,305,0,2
2022-10-08 22:06:24,FARM_01,176,29.03,82.4,0.0,Vegetative,No,Good,9987.16,-11.98,Very Wet,2022-10,22,5,10,0,175.66666666666666,175.08333333333334,1.0,0.4,27.575096000000002,3.059999999999993,0.16401129943502826,304,0,2
2022-10-08 22:06:24,FARM_01,174,28.71,80.9,6.73,Vegetative,No,Good,9985.81,-12.1,Very Wet,2022-10,22,5,10,0,175.0,174.91666666666666,-2.0,0.05714285714285714,27.164714500000002,6.729999999999993,0.16405714285714287,306,0,2
2022-10-08 22:06:24,FARM_01,234,28.54,83.6,0.0,Vegetative,No,Good,9985.72,-12.11,Wet,2022-10,22,5,10,0,194.66666666666666,179.91666666666666,60.0,8.285714285714286,27.228492,6.729999999999993,0.1214468085106383,246,0,3
2022-10-08 22:06:24,FARM_01,176,28.65,83.4,12.66,Vegetative,No,Good,9985.15,-12.15,Very Wet,2022-10,22,5,10,0,194.66666666666666,179.91666666666666,-58.0,5.0,27.312455,19.389999999999993,0.16186440677966102,304,0,2
2022-10-08 22:06:24,FARM_01,175,28.64,89.8,0.0,Vegetative,No,Good,9985.14,-12.15,Very Wet,2022-10,22,5,10,0,195.0,179.91666666666666,-1.0,1.7142857142857142,27.818696,12.659999999999993,0.16272727272727272,305,0,2
2022-10-08 22:06:24,FARM_01,175,28.63,80.4,0.39,Vegetative,No,Good,9984.83,-12.18,Very Wet,2022-10,22,5,10,0,175.33333333333334,179.91666666666666,0.0,-1.7142857142857142,27.052886,13.049999999999994,0.16267045454545453,305,0,2
2022-10-08 22:06:24,FARM_01,175,28.5,87.3,7.82,Vegetative,No,Good,9984.55,-12.2,Very Wet,2022-10,22,5,10,0,175.0,179.91666666666666,0.0,-4.942857142857143,27.487175,8.209999999999994,0.16193181818181818,305,0,2
2022-10-08 22:06:24,FARM_01,175,28.62,84.4,2.88,Vegetative,No,Good,9984.83,-12.18,Very Wet,2022-10,22,5,10,0,175.0,180.0,0.0,-8.514285714285714,27.365604,11.089999999999993,0.16261363636363638,305,0,2
2022-10-08 22:06:24,FARM_01,176,28.58,80.7,0.0,Vegetative,No,Good,9984.51,-12.21,Very Wet,2022-10,22,5,10,0,175.33333333333334,180.16666666666666,1.0,0.0,27.032332999999998,10.699999999999992,0.16146892655367232,304,0,2
2022-10-08 22:06:24,FARM_01,174,28.51,90.0,0.0,Vegetative,Yes,Poor,9984.55,-12.2,Very Wet,2022-10,22,5,10,0,175.0,180.08333333333334,-2.0,-0.05714285714285714,27.71195,2.879999999999993,0.16291428571428573,306,0,2
2022-10-08 22:06:24,FARM_01,174,28.57,86.0,4.33,Vegetative,No,Good,9984.67,-12.19,Very Wet,2022-10,22,5,10,0,174.66666666666666,179.91666666666666,0.0,-0.2,27.44811,4.329999999999993,0.16325714285714285,306,0,2
2022-10-08 22:06:24,FARM_01,175,28.55,85.9,8.54,Vegetative,No,Good,9984.67,-12.19,Very Wet,2022-10,22,5,10,0,174.33333333333334,179.91666666666666,1.0,-0.14285714285714285,27.421647500000002,12.869999999999992,0.1622159090909091,305,0,2
2022-10-08 22:06:24,FARM_01,175,28.54,85.9,0.17,Vegetative,No,Good,9984.18,-12.24,Very Wet,2022-10,22,5,10,0,174.66666666666666,179.83333333333334,0.0,-0.08571428571428572,27.412423,13.039999999999992,0.1621590909090909,305,0,2
2022-10-08 22:06:24,FARM_01,176,28.6,92.0,0.0,Vegetative,No,Good,9984.48,-12.21,Very Wet,2022-10,22,5,10,0,175.33333333333334,180.0,1.0,0.11428571428571428,27.957600000000003,8.709999999999992,0.16158192090395482,304,0,2
2022-10-08 22:06:24,FARM_01,175,28.48,86.3,0.0,Vegetative,No,Good,9984.03,-12.25,Very Wet,2022-10,22,5,10,0,175.33333333333334,175.08333333333334,-1.0,0.3142857142857143,27.388932,0.1699999999999929,0.16181818181818183,305,0,2
2022-10-08 22:06:24,FARM_01,173,28.36,74.9,0.0,Vegetative,Yes,Poor,9983.93,-12.26,Very Wet,2022-10,22,5,10,0,174.66666666666666,174.83333333333334,-2.0,-0.11428571428571428,26.377602,0.0,0.16298850574712642,307,0,2
2022-10-08 22:06:24,FARM_01,175,28.66,88.6,5.77,Vegetative,No,Good,9985.47,-12.13,Very Wet,2022-10,22,5,10,0,174.33333333333334,174.83333333333334,2.0,-0.2,27.740818,5.7699999999999925,0.1628409090909091,305,0,2
2022-10-08 22:06:24,FARM_01,175,28.36,79.3,3.85,Vegetative,No,Good,9983.73,-12.27,Very Wet,2022-10,22,5,10,0,174.33333333333334,174.83333333333334,0.0,-0.14285714285714285,26.725113999999998,9.619999999999992,0.16113636363636363,305,0,2
2022-10-08 22:06:24,FARM_01,176,28.68,90.6,0.0,Vegetative,No,Good,9985.32,-12.14,Very Wet,2022-10,22,5,10,0,175.33333333333334,174.91666666666666,1.0,0.05714285714285714,27.921044,9.619999999999992,0.16203389830508474,304,0,2
2022-10-08 22:06:24,FARM_01,174,28.42,77.3,0.0,Vegetative,Yes,Poor,9983.38,-12.3,Very Wet,2022-10,22,5,10,0,175.0,174.83333333333334,-2.0,0.11428571428571428,26.619663000000003,3.849999999999993,0.16240000000000002,306,0,2
2022-10-08 22:06:24,FARM_01,176,28.47,95.3,0.0,Vegetative,No,Good,9983.7,-12.28,Very Wet,2022-10,22,5,10,0,175.33333333333334,174.83333333333334,2.0,0.37142857142857144,28.095950499999997,0.0,0.16084745762711863,304,0,2
2022-10-08 22:06:24,FARM_01,176,28.46,86.7,3.53,Vegetative,No,Good,9983.53,-12.29,Very Wet,2022-10,22,5,10,0,175.33333333333334,175.0,0.0,0.17142857142857143,27.402251,3.5299999999999927,0.1607909604519774,304,0,2
2022-10-08 22:06:24,FARM_01,175,28.45,84.5,0.0,Vegetative,No,Good,9983.53,-12.29,Very Wet,2022-10,22,5,10,0,175.66666666666666,175.08333333333334,-1.0,0.05714285714285714,27.218137499999997,3.5299999999999927,0.16164772727272728,305,0,2
2022-10-08 22:06:24,FARM_01,175,28.44,80.0,8.28,Vegetative,No,Good,9983.88,-12.26,Very Wet,2022-10,22,5,10,0,175.33333333333334,175.08333333333334,0.0,-0.05714285714285714,26.8516,11.809999999999992,0.1615909090909091,305,0,2
2022-10-08 22:06:24,FARM_01,175,28.43,81.9,0.0,Vegetative,No,Good,9983.7,-12.28,Very Wet,2022-10,22,5,10,0,175.0,175.08333333333334,0.0,0.02857142857142857,26.9934935,8.279999999999992,0.1615340909090909,305,0,2
2022-10-08 22:06:24,FARM_01,175,28.42,84.4,0.0,Vegetative,No,Good,9983.19,-12.32,Very Wet,2022-10,22,5,10,0,175.0,175.0,0.0,-0.22857142857142856,27.182764000000002,8.279999999999992,0.16147727272727275,305,0,2
2022-10-08 22:06:24,FARM_01,175,28.41,74.8,0.0,Vegetative,No,Good,9983.2,-12.32,Very Wet,2022-10,22,5,10,0,175.0,175.0,0.0,-0.14285714285714285,26.412774,0.0,0.16142045454545453,305,0,2
2022-10-08 22:06:24,FARM_01,175,28.49,79.5,0.0,Vegetative,No,Good,9984.2,-12.23,Very Wet,2022-10,22,5,10,0,175.0,175.16666666666666,0.0,0.0,26.8562525,0.0,0.161875,305,0,2
2022-10-08 22:06:24,FARM_01,174,28.4,78.1,0.74,Vegetative,No,Good,9983.38,-12.3,Very Wet,2022-10,22,5,10,0,174.66666666666666,175.08333333333334,-1.0,-0.14285714285714285,26.665519999999997,0.7399999999999929,0.16228571428571428,306,0,2
2022-10-08 22:06:24,FARM_01,174,28.39,82.3,2.75,Vegetative,No,Good,9983.55,-12.29,Very Wet,2022-10,22,5,10,0,174.33333333333334,175.0,0.0,-0.22857142857142856,26.9891335,3.489999999999993,0.16222857142857144,306,0,2
2022-10-08 22:06:24,FARM_01,233,29.75,81.2,0.0,Vegetative,No,Good,9988.96,-11.83,Wet,2022-10,22,5,10,0,193.66666666666666,179.75,59.0,8.17142857142857,28.12145,3.489999999999993,0.12713675213675213,247,0,3
2022-10-08 22:06:24,FARM_01,175,28.7,89.7,3.93,Vegetative,No,Good,9985.47,-12.13,Very Wet,2022-10,22,5,10,0,194.0,179.83333333333334,-58.0,4.9714285714285715,27.867245,6.679999999999993,0.1630681818181818,305,0,2
2022-10-08 22:06:24,FARM_01,175,28.59,83.4,3.15,Vegetative,No,Good,9984.68,-12.19,Very Wet,2022-10,22,5,10,0,194.33333333333334,179.75,0.0,1.7714285714285714,27.257933,7.079999999999993,0.16244318181818182,305,0,2
2022-10-08 22:06:24,FARM_01,176,28.38,84.2,0.0,Vegetative,No,Good,9983.4,-12.3,Very Wet,2022-10,22,5,10,0,175.33333333333334,179.75,1.0,-1.2857142857142858,27.130378,7.079999999999993,0.16033898305084746,304,0,2
2022-10-08 22:06:24,FARM_01,175,28.38,89.5,0.0,Vegetative,No,Good,9983.56,-12.29,Very Wet,2022-10,22,5,10,0,175.33333333333334,179.75,-1.0,-4.742857142857143,27.549554999999998,3.149999999999993,0.16125,305,0,2
2022-10-08 22:06:24,FARM_01,175,28.21,89.9,0.0,Vegetative,No,Good,9984.45,-12.21,Very Wet,2022-10,22,5,10,0,175.33333333333334,179.75,0.0,-8.257142857142858,27.420634500000002,0.0,0.1602840909090909,305,0,2
2022-10-08 22:06:24,FARM_01,175,28.27,85.6,6.87,Vegetative,No,Good,9984.1,-12.24,Very Wet,2022-10,22,5,10,0,175.0,179.75,0.0,-0.02857142857142857,27.139816,6.869999999999993,0.160625,305,0,2
2022-10-08 22:06:24,FARM_01,175,28.32,79.4,0.0,Vegetative,No,Good,9984.09,-12.24,Very Wet,2022-10,22,5,10,0,175.0,179.75,0.0,-0.08571428571428572,26.697544,6.869999999999993,0.16090909090909092,305,0,2
2022-10-08 22:06:24,FARM_01,176,28.31,82.2,1.45,Vegetative,No,Good,9984.44,-12.21,Very Wet,2022-10,22,5,10,0,175.33333333333334,179.83333333333334,1.0,0.0,26.909050999999998,8.319999999999993,0.15994350282485875,304,0,2
2022-10-08 22:06:24,FARM_01,175,28.3,76.2,0.0,Vegetative,No,Good,9984.26,-12.23,Very Wet,2022-10,22,5,10,0,175.33333333333334,179.83333333333334,-1.0,0.08571428571428572,26.42813,1.4499999999999929,0.16079545454545455,305,0,2
2022-10-08 22:06:24,FARM_01,174,28.3,86.0,0.26,Vegetative,No,Good,9984.45,-12.21,Very Wet,2022-10,22,5,10,0,175.0,179.83333333333334,-1.0,-0.11428571428571428,27.198900000000002,1.7099999999999929,0.16171428571428573,306,0,2
2022-10-08 22:06:24,FARM_01,175,28.2,88.2,0.0,Vegetative,No,Good,9984.48,-12.21,Very Wet,2022-10,22,5,10,0,174.66666666666666,179.91666666666666,1.0,-0.11428571428571428,27.27842,0.2599999999999929,0.16022727272727272,305,0,2
2022-10-08 22:06:24,FARM_01,176,28.29,81.6,0.0,Vegetative,No,Good,9983.94,-12.26,Very Wet,2022-10,22,5,10,0,175.0,175.16666666666666,1.0,0.02857142857142857,26.843852,0.2599999999999929,0.15983050847457628,304,0,2
2022-10-08 22:06:24,FARM_01,175,28.26,82.3,0.0,Vegetative,No,Good,9984.13,-12.24,Very Wet,2022-10,22,5,10,0,175.33333333333334,175.16666666666666,-1.0,-0.02857142857142857,26.871789,0.0,0.16056818181818183,305,0,2
2022-10-08 22:06:24,FARM_01,174,28.21,95.4,0.0,Vegetative,Yes,Poor,9984.28,-12.23,Very Wet,2022-10,22,5,10,0,175.0,175.08333333333334,-1.0,-0.02857142857142857,27.850487,0.0,0.1612,306,0,2
2022-10-08 22:06:24,FARM_01,174,28.26,81.9,1.36,Vegetative,No,Good,9984.3,-12.23,Very Wet,2022-10,22,5,10,0,174.33333333333334,174.91666666666666,0.0,-0.11428571428571428,26.840417000000002,1.359999999999993,0.1614857142857143,306,0,2
2022-10-08 22:06:24,FARM_01,174,28.25,90.9,0.0,Vegetative,Yes,Poor,9984.81,-12.18,Very Wet,2022-10,22,5,10,0,174.0,174.83333333333334,0.0,-0.34285714285714286,27.5367875,1.359999999999993,0.16142857142857142,306,0,2
2022-10-08 22:06:24,FARM_01,176,28.53,90.2,0.0,Vegetative,No,Good,9984.34,-12.22,Very Wet,2022-10,22,5,10,0,174.66666666666666,174.91666666666666,2.0,-0.08571428571428572,27.746833000000002,1.359999999999993,0.16118644067796611,304,0,2
2022-10-08 22:06:24,FARM_01,176,28.24,86.3,14.0,Vegetative,No,Good,9984.64,-12.2,Very Wet,2022-10,22,5,10,0,175.33333333333334,175.0,0.0,0.3142857142857143,27.167015999999997,13.999999999999993,0.15954802259887005,304,0,2
2022-10-08 22:06:24,FARM_01,174,28.23,86.5,0.0,Vegetative,Yes,Poor,9984.66,-12.2,Very Wet,2022-10,22,5,10,0,175.33333333333334,174.91666666666666,-2.0,0.22857142857142856,27.1734225,13.999999999999993,0.16131428571428572,306,0,2
2022-10-08 22:06:24,FARM_01,176,28.2,73.1,0.0,Vegetative,No,Good,9984.48,-12.21,Very Wet,2022-10,22,5,10,0,175.33333333333334,174.91666666666666,2.0,0.2857142857142857,26.09911,13.999999999999993,0.15932203389830507,304,0,2
2022-10-08 22:06:24,FARM_01,234,30.17,85.9,0.0,Vegetative,No,Good,9989.36,-11.8,Wet,2022-10,22,5,10,0,194.66666666666666,179.83333333333334,58.0,8.514285714285714,28.9160165,0.0,0.12838297872340426,246,0,3
2022-10-08 22:06:24,FARM_01,234,30.21,86.0,1.59,Vegetative,No,Good,9989.11,-11.82,Wet,2022-10,22,5,10,0,214.66666666666666,184.83333333333334,0.0,13.314285714285715,28.96183,1.589999999999993,0.1285531914893617,246,0,3
2022-10-08 22:06:24,FARM_01,187,28.19,89.0,0.0,Vegetative,No,Good,9984.47,-12.21,Very Wet,2022-10,22,5,10,0,218.33333333333334,185.83333333333334,-47.0,8.371428571428572,27.331505,1.589999999999993,0.1499468085106383,293,0,2
2022-10-08 22:06:24,FARM_01,241,28.18,87.5,0.0,Vegetative,No,Good,9984.3,-12.23,Wet,2022-10,22,5,10,0,220.66666666666666,191.25,54.0,10.514285714285714,27.205125,1.589999999999993,0.11644628099173554,239,0,3
2022-10-08 22:06:24,FARM_01,250,28.18,87.9,0.0,Vegetative,No,Good,9984.5,-12.21,Wet,2022-10,22,5,10,0,226.0,197.5,9.0,9.82857142857143,27.236321,0.0,0.11227091633466135,230,0,3
2022-10-08 22:06:24,FARM_01,234,28.17,85.7,0.0,Vegetative,No,Good,9984.49,-12.21,Wet,2022-10,22,5,10,0,241.66666666666666,202.5,-16.0,2.914285714285714,27.055529500000002,0.0,0.11987234042553192,246,0,3
2022-10-08 22:06:24,FARM_01,230,28.25,77.8,9.44,Vegetative,No,Good,9985.16,-12.15,Wet,2022-10,22,5,10,0,238.0,207.16666666666666,-4.0,3.7142857142857144,26.510075,9.439999999999992,0.12229437229437229,250,0,3
2022-10-08 22:06:24,FARM_01,234,30.2,94.6,1.24,Vegetative,No,Good,9989.14,-11.82,Wet,2022-10,22,5,10,0,232.66666666666666,212.16666666666666,4.0,5.314285714285714,29.71886,10.679999999999993,0.12851063829787235,246,0,3
2022-10-08 22:06:24,FARM_01,231,28.59,81.4,0.0,Vegetative,No,Good,9987.08,-11.99,Wet,2022-10,22,5,10,0,231.66666666666666,216.75,-3.0,-2.914285714285714,27.097443,10.679999999999993,0.12323275862068965,249,0,3
2022-10-08 22:06:24,FARM_01,233,29.37,81.6,20.8,Vegetative,No,Good,9988.77,-11.85,Wet,2022-10,22,5,10,0,232.66666666666666,221.5,2.0,-2.5714285714285716,27.814556,22.039999999999992,0.1255128205128205,247,0,3
2022-10-08 22:06:24,FARM_01,233,29.64,85.5,0.94,Vegetative,No,Good,9988.88,-11.84,Wet,2022-10,22,5,10,0,232.33333333333334,226.41666666666666,0.0,0.02857142857142857,28.39271,21.74,0.12666666666666668,247,0,3
2022-10-08 22:06:24,FARM_01,175,28.28,85.1,5.26,Vegetative,No,Good,9984.11,-12.24,Very Wet,2022-10,22,5,10,0,213.66666666666666,226.33333333333334,-58.0,-7.885714285714286,27.109754000000002,26.999999999999996,0.16068181818181818,305,0,2
2022-10-08 22:06:24,FARM_01,175,28.33,84.8,0.0,Vegetative,No,Good,9984.27,-12.23,Very Wet,2022-10,22,5,10,0,194.33333333333334,221.41666666666666,0.0,-13.228571428571428,27.132012,6.199999999999996,0.16096590909090908,305,0,2
2022-10-08 22:06:24,FARM_01,232,29.91,85.4,1.14,Vegetative,No,Good,9988.97,-11.83,Wet,2022-10,22,5,10,0,194.0,221.25,57.0,-6.485714285714287,28.632427,6.399999999999996,0.12836909871244634,248,0,3
2022-10-08 22:06:24,FARM_01,234,30.04,85.2,0.0,Vegetative,No,Good,9989.36,-11.8,Wet,2022-10,22,5,10,0,213.66666666666666,225.16666666666666,2.0,0.05714285714285714,28.734344,1.1399999999999963,0.12782978723404256,246,0,3
2022-10-08 22:06:24,FARM_01,233,30.12,80.5,4.17,Vegetative,No,Good,9989.23,-11.81,Wet,2022-10,22,5,10,0,233.0,224.5,-1.0,6.685714285714286,28.39113,5.309999999999996,0.12871794871794873,247,0,3
2022-10-08 22:06:24,FARM_01,234,29.09,81.4,1.17,Vegetative,No,Good,9988.13,-11.9,Wet,2022-10,22,5,10,0,233.66666666666666,223.16666666666666,1.0,13.457142857142857,27.546293,5.339999999999996,0.1237872340425532,246,0,3
2022-10-08 22:06:24,FARM_01,175,28.22,88.3,0.0,Vegetative,No,Good,9984.48,-12.21,Very Wet,2022-10,22,5,10,0,214.0,218.25,-59.0,0.14285714285714285,27.304942999999998,5.339999999999996,0.1603409090909091,305,0,2
2022-10-08 22:06:24,FARM_01,233,30.21,87.4,7.88,Vegetative,No,Good,9989.28,-11.81,Wet,2022-10,22,5,10,0,214.0,218.5,58.0,-4.885714285714286,29.086647000000003,9.049999999999997,0.1291025641025641,247,0,3
2022-10-08 22:06:24,FARM_01,233,30.2,82.8,0.0,Vegetative,No,Good,9989.66,-11.77,Wet,2022-10,22,5,10,0,213.66666666666666,218.41666666666666,0.0,-1.8285714285714285,28.667479999999998,7.879999999999996,0.12905982905982905,247,0,3
2022-10-08 22:06:24,FARM_01,232,29.52,87.1,0.0,Vegetative,No,Good,9988.3,-11.89,Wet,2022-10,22,5,10,0,232.66666666666666,218.5,-1.0,1.4285714285714286,28.418855999999998,7.879999999999996,0.12669527896995708,248,0,3
2022-10-08 22:06:24,FARM_01,233,29.92,76.2,0.0,Vegetative,No,Good,9988.94,-11.83,Wet,2022-10,22,5,10,0,232.66666666666666,218.5,1.0,4.742857142857143,27.836072,0.0,0.12786324786324788,247,0,3
2022-10-08 22:06:24,FARM_01,234,30.15,81.2,0.0,Vegetative,No,Good,9989.39,-11.8,Wet,2022-10,22,5,10,0,233.0,218.58333333333334,1.0,8.4,28.48009,0.0,0.12829787234042553,246,0,3
2022-10-08 22:06:24,FARM_01,233,30.08,85.4,7.32,Vegetative,No,Good,9989.45,-11.79,Wet,2022-10,22,5,10,0,233.33333333333334,223.41666666666666,-1.0,0.11428571428571428,28.788776,7.319999999999997,0.12854700854700854,247,0,3
2022-10-08 22:06:24,FARM_01,233,30.06,88.2,0.0,Vegetative,No,Good,9989.48,-11.79,Wet,2022-10,22,5,10,0,233.33333333333334,228.25,0.0,0.11428571428571428,29.017706,7.319999999999997,0.12846153846153846,247,0,3
2022-10-08 22:06:24,FARM_01,234,29.47,74.3,0.0,Vegetative,No,Good,9988.02,-11.91,Wet,2022-10,22,5,10,0,233.33333333333334,228.41666666666666,1.0,0.2571428571428571,27.2833155,7.319999999999997,0.12540425531914892,246,0,3
2022-10-08 22:06:24,FARM_01,233,30.01,78.7,0.0,Vegetative,No,Good,9989.17,-11.82,Wet,2022-10,22,5,10,0,233.33333333333334,228.33333333333334,-1.0,0.0,28.134428500000002,0.0,0.12824786324786325,247,0,3
2022-10-08 22:06:24,FARM_01,232,29.87,82.5,0.0,Vegetative,No,Good,9988.81,-11.85,Wet,2022-10,22,5,10,0,233.0,228.25,-1.0,-0.2571428571428571,28.3425125,0.0,0.12819742489270386,248,0,3
2022-10-08 22:06:24,FARM_01,232,29.54,93.1,10.99,Vegetative,No,Good,9988.3,-11.89,Wet,2022-10,22,5,10,0,232.33333333333334,228.08333333333334,0.0,-0.2571428571428571,28.950256999999997,10.989999999999997,0.12678111587982832,248,0,3
2022-10-08 22:06:24,FARM_01,233,29.82,89.0,0.0,Vegetative,No,Good,9988.55,-11.87,Wet,2022-10,22,5,10,0,232.33333333333334,232.91666666666666,1.0,-0.2,28.86289,10.989999999999997,0.12743589743589745,247,0,3
2022-10-08 22:06:24,FARM_01,233,29.77,81.5,0.0,Vegetative,No,Good,9988.59,-11.86,Wet,2022-10,22,5,10,0,232.66666666666666,232.91666666666666,0.0,-0.14285714285714285,28.1654025,10.989999999999997,0.1272222222222222,247,0,3
2022-10-08 22:06:24,FARM_01,234,29.72,89.7,2.02,Vegetative,No,Good,9988.11,-11.9,Wet,2022-10,22,5,10,0,233.33333333333334,233.0,1.0,0.2571428571428571,28.829462,2.0199999999999965,0.12646808510638297,246,0,3
2022-10-08 22:06:24,FARM_01,234,29.68,80.7,0.0,Vegetative,No,Good,9988.15,-11.9,Wet,2022-10,22,5,10,0,233.66666666666666,233.16666666666666,0.0,0.45714285714285713,28.015568000000002,2.0199999999999965,0.12629787234042553,246,0,3
2022-10-08 22:06:24,FARM_01,234,29.97,87.9,0.0,Vegetative,No,Good,9988.89,-11.84,Wet,2022-10,22,5,10,0,234.0,233.25,0.0,0.4,28.907196499999998,2.0199999999999965,0.127531914893617,246,0,3
2022-10-08 22:06:24,FARM_01,234,29.43,83.0,0.0,Vegetative,No,Good,9988.2,-11.9,Wet,2022-10,22,5,10,0,234.0,233.25,0.0,0.22857142857142856,27.987295,0.0,0.12523404255319148,246,0,3
2022-10-08 22:06:24,FARM_01,233,28.99,89.4,0.0,Vegetative,No,Good,9988.02,-11.91,Wet,2022-10,22,5,10,0,233.66666666666666,233.25,-1.0,0.0,28.116083,0.0,0.12388888888888888,247,0,3
2022-10-08 22:06:24,FARM_01,234,29.02,85.7,0.0,Vegetative,No,Good,9987.84,-11.93,Wet,2022-10,22,5,10,0,233.66666666666666,233.33333333333334,1.0,-0.08571428571428572,27.838677,0.0,0.12348936170212765,246,0,3
2022-10-08 22:06:24,FARM_01,258,29.46,85.7,0.0,Vegetative,No,Good,9985.8,-12.1,Wet,2022-10,22,5,10,0,241.66666666666666,235.33333333333334,24.0,3.4,28.244071,0.0,0.11374517374517375,222,0,3
2022-10-08 22:06:24,FARM_01,233,30.18,88.0,0.0,Vegetative,No,Good,9989.33,-11.8,Wet,2022-10,22,5,10,0,241.66666666666666,235.33333333333334,-25.0,1.9428571428571428,29.11212,0.0,0.12897435897435897,247,0,3
2022-10-08 22:06:24,FARM_01,234,29.39,86.6,0.0,Vegetative,No,Good,9988.09,-11.91,Wet,2022-10,22,5,10,0,241.66666666666666,235.5,1.0,0.6857142857142857,28.255757,0.0,0.12506382978723404,246,0,3
2022-10-08 22:06:24,FARM_01,233,29.35,76.3,0.0,Vegetative,No,Good,9988.12,-11.9,Wet,2022-10,22,5,10,0,233.33333333333334,235.58333333333334,-1.0,-0.7142857142857143,27.3491275,0.0,0.12542735042735043,247,0,3
2022-10-08 22:06:24,FARM_01,234,29.32,83.4,1.5,Vegetative,No,Good,9988.47,-11.87,Wet,2022-10,22,5,10,0,233.66666666666666,235.66666666666666,1.0,-2.1142857142857143,27.921284,1.4999999999999964,0.12476595744680852,246,0,3
2022-10-08 22:06:24,FARM_01,232,29.28,84.9,6.76,Vegetative,No,Good,9988.35,-11.88,Wet,2022-10,22,5,10,0,233.0,235.58333333333334,-2.0,-3.657142857142857,28.010996000000002,8.259999999999996,0.12566523605150215,248,0,3
2022-10-08 22:06:24,FARM_01,232,29.25,74.5,0.0,Vegetative,No,Good,9988.73,-11.85,Wet,2022-10,22,5,10,0,232.66666666666666,235.41666666666666,0.0,-0.2857142857142857,27.1111875,8.259999999999996,0.1255364806866953,248,0,3
2022-10-08 22:06:24,FARM_01,234,29.22,81.9,1.15,Vegetative,No,Good,9988.56,-11.87,Wet,2022-10,22,5,10,0,232.66666666666666,235.41666666666666,2.0,-0.14285714285714285,27.704849,7.909999999999997,0.12434042553191489,246,0,3
2022-10-08 22:06:24,FARM_01,234,29.16,76.8,4.09,Vegetative,No,Good,9988.45,-11.88,Wet,2022-10,22,5,10,0,233.33333333333334,235.41666666666666,0.0,0.14285714285714285,27.225584,5.239999999999997,0.12408510638297872,246,0,3
2022-10-08 22:06:24,FARM_01,232,29.0,82.7,3.16,Vegetative,No,Good,9988.36,-11.88,Wet,2022-10,22,5,10,0,233.33333333333334,235.25,-2.0,-0.05714285714285714,27.57275,8.399999999999997,0.12446351931330472,248,0,3
2022-10-08 22:06:24,FARM_01,175,29.29,87.0,3.17,Vegetative,No,Good,9986.27,-12.06,Very Wet,2022-10,22,5,10,0,213.66666666666666,230.41666666666666,-57.0,-8.142857142857142,28.196765,10.419999999999996,0.16642045454545454,305,0,2
2022-10-08 22:06:24,FARM_01,233,29.19,80.0,0.0,Vegetative,No,Good,9988.76,-11.85,Wet,2022-10,22,5,10,0,213.33333333333334,230.33333333333334,58.0,-4.9714285714285715,27.5191,6.3299999999999965,0.12474358974358975,247,0,3
2022-10-08 22:06:24,FARM_01,175,28.67,84.5,0.49,Vegetative,No,Good,9985.49,-12.12,Very Wet,2022-10,22,5,10,0,194.33333333333334,223.41666666666666,-58.0,-10.142857142857142,27.4193825,3.6599999999999966,0.16289772727272728,305,0,2
2022-10-08 22:06:24,FARM_01,233,29.07,89.8,0.0,Vegetative,No,Good,9988.16,-11.9,Wet,2022-10,22,5,10,0,213.66666666666666,223.41666666666666,58.0,-3.3714285714285714,28.224573,0.48999999999999644,0.12423076923076923,247,0,3
2022-10-08 22:06:24,FARM_01,233,29.04,94.5,0.0,Vegetative,No,Good,9988.02,-11.91,Wet,2022-10,22,5,10,0,213.66666666666666,223.33333333333334,0.0,3.4571428571428573,28.58504,0.48999999999999644,0.1241025641025641,247,0,3
2022-10-08 22:06:24,FARM_01,233,29.59,90.7,0.0,Vegetative,No,Good,9988.09,-11.91,Wet,2022-10,22,5,10,0,233.0,223.33333333333334,0.0,9.942857142857143,28.7925715,0.0,0.12645299145299146,247,0,3
2022-10-08 22:06:24,FARM_01,234,28.97,87.2,0.11,Vegetative,No,Good,9988.21,-11.9,Wet,2022-10,22,5,10,0,233.33333333333334,223.33333333333334,1.0,5.114285714285714,27.916112,0.10999999999999645,0.12327659574468085,246,0,3
2022-10-08 22:06:24,FARM_01,234,28.95,95.7,0.0,Vegetative,No,Good,9988.41,-11.88,Wet,2022-10,22,5,10,0,233.66666666666666,223.5,0.0,8.514285714285714,28.5964325,0.10999999999999645,0.12319148936170213,246,0,3
2022-10-08 22:06:24,FARM_01,234,28.64,89.8,0.0,Vegetative,No,Good,9986.17,-12.07,Wet,2022-10,22,5,10,0,234.0,223.66666666666666,0.0,0.2571428571428571,27.818696,0.10999999999999645,0.12187234042553191,246,0,3
2022-10-08 22:06:24,FARM_01,234,28.77,81.1,0.0,Vegetative,No,Good,9986.45,-12.04,Wet,2022-10,22,5,10,0,234.0,223.66666666666666,0.0,0.22857142857142856,27.2346585,0.0,0.12242553191489361,246,0,3
2022-10-08 22:06:24,FARM_01,236,28.89,85.2,0.0,Vegetative,No,Good,9987.92,-11.92,Wet,2022-10,22,5,10,0,234.66666666666666,223.83333333333334,2.0,0.42857142857142855,27.677954,0.0,0.1218987341772152,244,0,3
2022-10-08 22:06:24,FARM_01,233,28.86,90.4,9.79,Vegetative,No,Good,9987.44,-11.96,Wet,2022-10,22,5,10,0,234.33333333333334,223.91666666666666,-3.0,0.02857142857142857,28.075392,9.789999999999996,0.12333333333333334,247,0,3
2022-10-08 22:06:24,FARM_01,234,28.84,84.5,3.27,Vegetative,No,Good,9987.26,-11.98,Wet,2022-10,22,5,10,0,234.33333333333334,228.83333333333334,1.0,-0.02857142857142857,27.57489,13.059999999999995,0.12272340425531915,246,0,3
2022-10-08 22:06:24,FARM_01,233,28.83,86.0,0.09,Vegetative,No,Good,9987.11,-11.99,Wet,2022-10,22,5,10,0,233.33333333333334,228.83333333333334,-1.0,-0.22857142857142856,27.68809,13.149999999999995,0.1232051282051282,247,0,3
2022-10-08 22:06:24,FARM_01,233,28.63,83.7,0.0,Vegetative,No,Good,9986.2,-12.07,Wet,2022-10,22,5,10,0,233.33333333333334,233.66666666666666,0.0,-0.37142857142857144,27.3184205,3.3599999999999963,0.12235042735042735,247,0,3
2022-10-08 22:06:24,FARM_01,233,28.81,82.2,0.0,Vegetative,No,Good,9986.77,-12.02,Wet,2022-10,22,5,10,0,233.0,233.66666666666666,0.0,-0.45714285714285713,27.360101,0.08999999999999644,0.12311965811965811,247,0,3
2022-10-08 22:06:24,FARM_01,232,28.76,86.7,0.0,Vegetative,No,Good,9986.28,-12.06,Wet,2022-10,22,5,10,0,232.66666666666666,233.58333333333334,-1.0,-0.22857142857142856,27.680306,0.0,0.12343347639484979,248,0,3
2022-10-08 22:06:24,FARM_01,234,28.65,71.7,0.0,Vegetative,No,Good,9986.17,-12.07,Wet,2022-10,22,5,10,0,233.0,233.66666666666666,2.0,-0.08571428571428572,26.3697275,0.0,0.12191489361702126,246,0,3
2022-10-08 22:06:24,FARM_01,234,28.74,77.2,3.19,Vegetative,No,Good,9986.13,-12.07,Wet,2022-10,22,5,10,0,233.33333333333334,233.66666666666666,0.0,0.2,26.891603999999997,3.1899999999999964,0.12229787234042552,246,0,3
2022-10-08 22:06:24,FARM_01,233,28.72,86.4,0.0,Vegetative,No,Good,9986.13,-12.07,Wet,2022-10,22,5,10,0,233.66666666666666,233.58333333333334,-1.0,0.14285714285714285,27.618944,3.1899999999999964,0.12273504273504272,247,0,3
2022-10-08 22:06:24,FARM_01,234,28.71,86.7,0.0,Vegetative,No,Good,9986.33,-12.05,Wet,2022-10,22,5,10,0,233.66666666666666,233.58333333333334,1.0,0.22857142857142856,27.6339635,3.1899999999999964,0.12217021276595745,246,0,3
2022-10-08 22:06:24,FARM_01,234,28.69,93.0,0.0,Vegetative,No,Good,9986.01,-12.08,Wet,2022-10,22,5,10,0,233.66666666666666,233.58333333333334,0.0,0.2571428571428571,28.124435000000002,0.0,0.12208510638297873,246,0,3
2022-10-08 22:06:24,FARM_01,234,28.79,84.3,0.0,Vegetative,No,Good,9986.63,-12.03,Wet,2022-10,22,5,10,0,234.0,233.41666666666666,0.0,0.02857142857142857,27.512883499999997,0.0,0.12251063829787234,246,0,3
2022-10-08 22:06:24,FARM_01,234,28.68,87.9,0.0,Vegetative,No,Good,9985.84,-12.1,Wet,2022-10,22,5,10,0,234.0,233.5,0.0,0.08571428571428572,27.703046,0.0,0.12204255319148936,246,0,3
2022-10-08 22:06:24,FARM_01,234,28.61,87.5,0.0,Vegetative,No,Good,9986.36,-12.05,Wet,2022-10,22,5,10,0,234.0,233.5,0.0,0.14285714285714285,27.605562499999998,0.0,0.12174468085106382,246,0,3
2022-10-08 22:06:24,FARM_01,184,28.44,81.6,6.73,Vegetative,No,Good,9985.07,-12.16,Very Wet,2022-10,22,5,10,0,217.33333333333334,229.41666666666666,-50.0,-7.142857142857143,26.978672,6.729999999999997,0.15372972972972973,296,0,2
2022-10-08 22:06:24,FARM_01,170,29.58,82.2,0.0,Vegetative,Yes,Poor,9987.23,-11.98,Very Wet,2022-10,22,5,10,0,196.0,224.16666666666666,-14.0,-13.428571428571429,28.054717999999998,6.729999999999997,0.17298245614035088,310,0,2
2022-10-08 22:06:24,FARM_01,233,28.6,84.0,6.56,Vegetative,No,Good,9986.22,-12.06,Wet,2022-10,22,5,10,0,195.66666666666666,224.16666666666666,63.0,-7.057142857142856,27.3152,13.289999999999996,0.12222222222222223,247,0,3
2022-10-08 22:06:24,FARM_01,234,28.58,77.1,2.61,Vegetative,No,Good,9986.05,-12.08,Wet,2022-10,22,5,10,0,212.33333333333334,224.33333333333334,1.0,-0.4857142857142857,26.743648999999998,9.169999999999996,0.12161702127659574,246,0,3
2022-10-08 22:06:24,FARM_01,234,28.57,81.3,1.03,Vegetative,No,Good,9985.73,-12.11,Wet,2022-10,22,5,10,0,233.66666666666666,224.33333333333334,0.0,6.085714285714285,27.0714755,10.199999999999996,0.12157446808510639,246,0,3
2022-10-08 22:06:24,FARM_01,234,28.55,89.8,1.71,Vegetative,No,Good,9985.87,-12.09,Wet,2022-10,22,5,10,0,234.0,224.33333333333334,0.0,12.657142857142857,27.733745000000003,5.349999999999996,0.12148936170212767,246,0,3
2022-10-08 22:06:24,FARM_01,234,29.11,84.8,0.89,Vegetative,No,Good,9988.13,-11.9,Wet,2022-10,22,5,10,0,234.0,224.41666666666666,0.0,9.228571428571428,27.846804,3.6299999999999963,0.12387234042553191,246,0,3
2022-10-08 22:06:24,FARM_01,234,29.13,84.5,0.0,Vegetative,No,Good,9988.3,-11.89,Wet,2022-10,22,5,10,0,234.0,224.41666666666666,0.0,0.14285714285714285,27.8401675,2.599999999999996,0.12395744680851063,246,0,3
2022-10-08 22:06:24,FARM_01,223,28.67,87.4,0.0,Vegetative,No,Good,9982.06,-12.41,Wet,2022-10,22,5,10,0,230.33333333333334,223.5,-11.0,-1.5714285714285714,27.653369,0.8899999999999965,0.12799107142857144,257,0,3
2022-10-08 22:06:24,FARM_01,173,28.43,82.5,0.0,Vegetative,Yes,Poor,9984.21,-12.23,Very Wet,2022-10,22,5,10,0,210.0,218.41666666666666,-50.0,-9.657142857142857,27.0411125,0.0,0.16339080459770114,307,0,2
2022-10-08 22:06:24,FARM_01,290,28.5,82.7,0.0,Vegetative,No,Poor,9985.57,-12.12,Dry,2022-10,22,5,10,0,228.66666666666666,223.08333333333334,117.0,2.4571428571428564,27.120325,0.0,0.0979381443298969,190,0,0
2022-10-08 22:06:24,FARM_01,287,28.48,83.5,0.0,Vegetative,No,Poor,9985.42,-12.13,Dry,2022-10,22,5,10,0,250.0,227.5,-3.0,10.942857142857143,27.16594,0.0,0.09888888888888889,193,0,0
2022-10-08 22:06:24,FARM_01,251,28.47,87.3,0.0,Vegetative,No,Good,9985.42,-12.13,Wet,2022-10,22,5,10,0,276.0,233.08333333333334,-36.0,11.257142857142858,27.4592705,0.0,0.11297619047619047,229,0,3
2022-10-08 22:06:24,FARM_01,220,28.46,84.9,0.0,Vegetative,No,Good,9985.42,-12.13,Wet,2022-10,22,5,10,0,252.66666666666666,237.25,-31.0,6.171428571428571,27.259097,0.0,0.12877828054298643,260,0,3
2022-10-08 22:06:24,FARM_01,198,28.45,85.3,3.86,Vegetative,No,Good,9985.27,-12.14,Very Wet,2022-10,22,5,10,0,223.0,234.33333333333334,-22.0,-3.4571428571428573,27.2817175,3.8599999999999963,0.14296482412060302,282,0,2
2022-10-08 22:06:24,FARM_01,292,28.51,88.8,5.6,Vegetative,No,Poor,9985.72,-12.11,Dry,2022-10,22,5,10,0,236.66666666666666,239.16666666666666,94.0,-8.228571428571428,27.616184,9.459999999999996,0.09730375426621161,188,0,0
2022-10-08 22:06:24,FARM_01,233,28.66,84.8,0.0,Vegetative,No,Good,9985.81,-12.1,Wet,2022-10,22,5,10,0,241.0,239.08333333333334,-59.0,-4.828571428571428,27.434424,9.459999999999996,0.12247863247863248,247,0,3
2022-10-08 22:06:24,FARM_01,170,28.42,89.3,3.07,Vegetative,No,Good,9984.23,-12.23,Very Wet,2022-10,22,5,10,0,231.66666666666666,233.75,-63.0,-7.771428571428571,27.571383,8.669999999999996,0.16619883040935673,310,0,2
2022-10-08 22:06:24,FARM_01,170,28.41,86.6,0.0,Vegetative,Yes,Poor,9984.06,-12.25,Very Wet,2022-10,22,5,10,0,191.0,228.41666666666666,0.0,-11.228571428571428,27.347983,3.0699999999999963,0.16614035087719298,310,0,2
2022-10-08 22:06:24,FARM_01,170,29.88,75.0,0.0,Vegetative,Yes,Poor,9985.55,-12.12,Very Wet,2022-10,22,5,10,0,170.0,223.08333333333334,0.0,-16.257142857142856,27.6965,3.0699999999999963,0.17473684210526316,310,0,2
2022-10-08 22:06:24,FARM_01,170,28.49,83.6,0.0,Vegetative,Yes,Poor,9983.52,-12.29,Very Wet,2022-10,22,5,10,0,170.0,218.66666666666666,0.0,-22.82857142857143,27.183002,0.0,0.16660818713450293,310,0,2
2022-10-08 22:06:24,FARM_01,171,28.7,82.9,0.0,Vegetative,Yes,Poor,9984.27,-12.23,Very Wet,2022-10,22,5,10,0,170.33333333333334,218.5,1.0,-8.857142857142858,27.317465,0.0,0.16686046511627906,309,0,2
2022-10-08 22:06:24,FARM_01,170,28.84,92.9,0.0,Vegetative,Yes,Poor,9984.34,-12.22,Very Wet,2022-10,22,5,10,0,170.33333333333334,208.5,-1.0,0.08571428571428572,28.260498000000002,0.0,0.16865497076023392,310,0,2
2022-10-08 22:06:24,FARM_01,170,29.16,77.0,0.0,Vegetative,Yes,Poor,9984.67,-12.19,Very Wet,2022-10,22,5,10,0,170.33333333333334,198.75,0.0,0.02857142857142857,27.24226,0.0,0.1705263157894737,310,0,2
2022-10-08 22:06:24,FARM_01,289,28.49,75.7,2.26,Vegetative,No,Poor,9985.56,-12.12,Dry,2022-10,22,5,10,0,209.66666666666666,201.91666666666666,119.0,16.97142857142857,26.5534115,2.2599999999999962,0.09824137931034482,191,0,0
2022-10-08 22:06:24,FARM_01,170,29.47,92.4,0.0,Vegetative,Yes,Poor,9985.1,-12.16,Very Wet,2022-10,22,5,10,0,209.66666666666666,197.75,-119.0,10.114285714285714,28.823354,2.2599999999999962,0.1723391812865497,310,0,2
2022-10-08 22:06:24,FARM_01,170,29.71,80.7,0.0,Vegetative,Yes,Poor,9985.41,-12.13,Very Wet,2022-10,22,5,10,0,209.66666666666666,195.41666666666666,0.0,3.257142857142857,28.0423835,2.2599999999999962,0.17374269005847953,310,0,2
2022-10-08 22:06:24,FARM_01,170,30.21,85.6,0.0,Vegetative,Yes,Poor,9987.57,-11.95,Very Wet,2022-10,22,5,10,0,170.0,185.25,0.0,-3.4,28.926168,0.0,0.17666666666666667,310,0,2
2022-10-08 22:06:24,FARM_01,170,30.1,83.4,0.0,Vegetative,Yes,Poor,9985.98,-12.08,Very Wet,2022-10,22,5,10,0,170.0,180.0,0.0,-10.2,28.630070000000003,0.0,0.1760233918128655,310,0,2
2022-10-08 22:06:24,FARM_01,171,30.16,91.2,0.09,Vegetative,No,Good,9985.94,-12.09,Very Wet,2022-10,22,5,10,0,170.33333333333334,180.08333333333334,1.0,-16.857142857142858,29.377856,0.08999999999999644,0.17534883720930233,309,0,2
2022-10-08 22:06:24,FARM_01,171,30.2,82.9,3.9,Vegetative,No,Good,9986.41,-12.05,Very Wet,2022-10,22,5,10,0,170.66666666666666,180.16666666666666,0.0,0.22857142857142856,28.67639,3.989999999999996,0.1755813953488372,309,0,2
2022-10-08 22:06:24,FARM_01,170,30.22,85.6,0.0,Vegetative,Yes,Poor,9986.36,-12.05,Very Wet,2022-10,22,5,10,0,170.66666666666666,180.16666666666666,-1.0,0.11428571428571428,28.935375999999998,3.989999999999996,0.1767251461988304,310,0,2
2022-10-08 22:06:24,FARM_01,170,30.23,84.1,0.0,Vegetative,Yes,Poor,9986.88,-12.01,Very Wet,2022-10,22,5,10,0,170.33333333333334,180.16666666666666,0.0,0.0,28.8106865,3.8999999999999964,0.17678362573099415,310,0,2
2022-10-08 22:06:24,FARM_01,170,30.01,90.2,0.0,Vegetative,Yes,Poor,9985.56,-12.12,Very Wet,2022-10,22,5,10,0,170.0,180.08333333333334,0.0,-0.11428571428571428,29.147061,0.0,0.17549707602339182,310,0,2
2022-10-08 22:06:24,FARM_01,170,30.2,79.2,4.0,Vegetative,No,Good,9987.6,-11.95,Very Wet,2022-10,22,5,10,0,170.0,180.08333333333334,0.0,-0.22857142857142856,28.346719999999998,3.9999999999999964,0.1766081871345029,310,0,2
2022-10-08 22:06:24,FARM_01,170,30.15,81.4,0.56,Vegetative,No,Good,9987.68,-11.94,Very Wet,2022-10,22,5,10,0,170.0,180.08333333333334,0.0,-0.14285714285714285,28.497854999999998,4.559999999999997,0.1763157894736842,310,0,2
2022-10-08 22:06:24,FARM_01,170,29.62,83.9,23.78,Vegetative,No,Good,9987.53,-11.95,Very Wet,2022-10,22,5,10,0,170.0,170.16666666666666,0.0,0.0,28.236849000000003,28.339999999999996,0.17321637426900585,310,0,2
2022-10-08 22:06:24,FARM_01,169,30.12,83.9,0.0,Vegetative,Yes,Poor,9988.21,-11.9,Very Wet,2022-10,22,5,10,0,169.66666666666666,170.08333333333334,-1.0,-0.14285714285714285,28.692574,24.339999999999996,0.1771764705882353,311,0,2
2022-10-08 22:06:24,FARM_01,170,30.08,90.8,10.78,Vegetative,No,Good,9988.59,-11.86,Very Wet,2022-10,22,5,10,0,169.66666666666666,170.08333333333334,1.0,-0.08571428571428572,29.266351999999998,34.559999999999995,0.175906432748538,310,0,2
2022-10-08 22:06:24,FARM_01,170,28.4,82.6,0.0,Vegetative,Yes,Poor,9983.72,-12.27,Very Wet,2022-10,22,5,10,0,169.66666666666666,170.08333333333334,0.0,-0.02857142857142857,27.021919999999998,10.779999999999996,0.16608187134502922,310,0,2
2022-10-08 22:06:24,FARM_01,169,30.05,89.8,0.0,Vegetative,Yes,Poor,9988.64,-11.86,Very Wet,2022-10,22,5,10,0,169.66666666666666,170.0,-1.0,-0.11428571428571428,29.149595,10.779999999999996,0.17676470588235293,311,0,2
2022-10-08 22:06:24,FARM_01,170,29.97,83.3,0.0,Vegetative,Yes,Poor,9989.07,-11.82,Very Wet,2022-10,22,5,10,0,169.66666666666666,169.91666666666666,1.0,0.0,28.5031555,0.0,0.17526315789473684,310,0,2
2022-10-08 22:06:24,FARM_01,170,29.92,92.8,0.0,Vegetative,Yes,Poor,9988.77,-11.85,Very Wet,2022-10,22,5,10,0,169.66666666666666,169.83333333333334,0.0,0.11428571428571428,29.289568000000003,0.0,0.17497076023391814,310,0,2
2022-10-08 22:06:24,FARM_01,170,30.17,93.4,0.0,Vegetative,Yes,Poor,9987.47,-11.96,Very Wet,2022-10,22,5,10,0,170.0,169.83333333333334,0.0,0.02857142857142857,29.583029000000003,0.0,0.17643274853801172,310,0,2
2022-10-08 22:06:24,FARM_01,170,29.8,80.1,0.0,Vegetative,Yes,Poor,9988.75,-11.85,Very Wet,2022-10,22,5,10,0,170.0,169.83333333333334,0.0,0.08571428571428572,28.07069,0.0,0.1742690058479532,310,0,2
2022-10-08 22:06:24,FARM_01,169,29.76,79.0,0.0,Vegetative,Yes,Poor,9988.08,-11.91,Very Wet,2022-10,22,5,10,0,169.66666666666666,169.75,-1.0,0.0,27.93972,0.0,0.17505882352941177,311,0,2
2022-10-08 22:06:24,FARM_01,170,29.74,86.1,3.74,Vegetative,No,Good,9988.28,-11.89,Very Wet,2022-10,22,5,10,0,169.66666666666666,169.75,1.0,-0.08571428571428572,28.536676999999997,3.7399999999999967,0.17391812865497075,310,0,2
2022-10-08 22:06:24,FARM_01,170,29.7,85.6,1.11,Vegetative,No,Good,9987.8,-11.93,Very Wet,2022-10,22,5,10,0,169.66666666666666,169.75,0.0,-0.02857142857142857,28.45656,4.849999999999997,0.17368421052631577,310,0,2
2022-10-08 22:06:24,FARM_01,170,29.66,89.3,0.0,Vegetative,Yes,Poor,9987.67,-11.94,Very Wet,2022-10,22,5,10,0,170.0,169.75,0.0,0.02857142857142857,28.738409,4.849999999999997,0.17345029239766083,310,0,2
2022-10-08 22:06:24,FARM_01,234,28.91,79.9,0.0,Vegetative,No,Good,9987.92,-11.92,Wet,2022-10,22,5,10,0,191.33333333333334,175.16666666666666,64.0,9.228571428571428,27.2616995,1.1099999999999965,0.12302127659574467,246,0,3
2022-10-08 22:06:24,FARM_01,170,29.55,83.7,14.1,Vegetative,No,Good,9987.06,-11.99,Very Wet,2022-10,22,5,10,0,191.33333333333334,175.16666666666666,-64.0,5.628571428571429,28.155942500000002,14.099999999999996,0.17280701754385966,310,0,2
2022-10-08 22:06:24,FARM_01,170,29.48,87.1,0.76,Vegetative,No,Good,9986.81,-12.01,Very Wet,2022-10,22,5,10,0,191.33333333333334,175.16666666666666,0.0,1.8285714285714285,28.381694,14.859999999999996,0.17239766081871347,310,0,2
2022-10-08 22:06:24,FARM_01,330,30.1,84.4,0.37,Vegetative,No,Poor,9987.88,-11.92,Very Dry,2022-10,22,5,10,0,223.33333333333334,188.58333333333334,160.0,21.02857142857143,28.71862,15.229999999999997,0.09093655589123867,150,0,1
2022-10-08 22:06:24,FARM_01,170,29.06,86.8,9.9,Vegetative,No,Good,9987.98,-11.92,Very Wet,2022-10,22,5,10,0,223.33333333333334,188.58333333333334,-160.0,8.228571428571428,27.966644,11.029999999999998,0.16994152046783625,310,0,2
2022-10-08 22:06:24,FARM_01,170,29.27,94.0,0.0,Vegetative,Yes,Poor,9987.16,-11.98,Very Wet,2022-10,22,5,10,0,223.33333333333334,188.58333333333334,0.0,-4.571428571428571,28.76609,10.269999999999998,0.17116959064327486,310,0,2
2022-10-08 22:06:24,FARM_01,170,29.44,87.2,1.09,Vegetative,No,Good,9986.99,-12.0,Very Wet,2022-10,22,5,10,0,170.0,188.58333333333334,0.0,-4.571428571428571,28.353024,10.989999999999997,0.1721637426900585,310,0,2
2022-10-08 22:06:24,FARM_01,170,29.84,80.8,0.0,Vegetative,Yes,Poor,9988.68,-11.86,Very Wet,2022-10,22,5,10,0,170.0,188.58333333333334,0.0,-13.714285714285714,28.167296,1.0899999999999965,0.1745029239766082,310,0,2
2022-10-08 22:06:24,FARM_01,169,29.41,77.8,0.0,Vegetative,Yes,Poor,9986.86,-12.01,Very Wet,2022-10,22,5,10,0,169.66666666666666,188.58333333333334,-1.0,-23.0,27.528439,1.0899999999999965,0.173,311,0,2
2022-10-08 22:06:24,FARM_01,170,29.35,84.6,0.0,Vegetative,Yes,Poor,9986.75,-12.02,Very Wet,2022-10,22,5,10,0,169.66666666666666,188.58333333333334,1.0,-0.08571428571428572,28.049855,0.0,0.1716374269005848,310,0,2
2022-10-08 22:06:24,FARM_01,164,29.05,86.1,0.0,Vegetative,Yes,Poor,9987.81,-11.93,Very Wet,2022-10,22,5,10,0,167.66666666666666,188.08333333333334,-6.0,-0.8857142857142857,27.8994275,0.0,0.17606060606060606,316,0,2
2022-10-08 22:06:24,FARM_01,169,29.33,88.9,0.0,Vegetative,Yes,Poor,9986.92,-12.0,Very Wet,2022-10,22,5,10,0,167.66666666666666,188.0,5.0,-0.6285714285714286,28.3941035,0.0,0.17252941176470588,311,0,2
2022-10-08 22:06:24,FARM_01,170,29.25,75.6,0.0,Vegetative,Yes,Poor,9987.19,-11.98,Very Wet,2022-10,22,5,10,0,167.66666666666666,182.66666666666666,1.0,-0.17142857142857143,27.20345,0.0,0.17105263157894737,310,0,2
2022-10-08 22:06:24,FARM_01,170,29.08,86.3,0.0,Vegetative,Yes,Poor,9987.96,-11.92,Very Wet,2022-10,22,5,10,0,169.66666666666666,182.66666666666666,0.0,0.2857142857142857,27.943721999999998,0.0,0.17005847953216374,310,0,2
2022-10-08 22:06:24,FARM_01,170,29.22,82.3,7.72,Vegetative,No,Good,9987.36,-11.97,Very Wet,2022-10,22,5,10,0,170.0,182.66666666666666,0.0,0.5428571428571428,27.738332999999997,7.719999999999996,0.17087719298245613,310,0,2
2022-10-08 22:06:24,FARM_01,170,29.2,94.0,8.0,Vegetative,No,Good,9987.19,-11.98,Very Wet,2022-10,22,5,10,0,170.0,169.33333333333334,0.0,0.9428571428571428,28.6984,15.719999999999995,0.17076023391812864,310,0,2
2022-10-08 22:06:24,FARM_01,169,29.17,87.5,0.0,Vegetative,Yes,Poor,9987.22,-11.98,Very Wet,2022-10,22,5,10,0,169.66666666666666,169.25,-1.0,0.0,28.1270625,15.719999999999995,0.17158823529411765,311,0,2
2022-10-08 22:06:24,FARM_01,170,29.15,84.9,0.0,Vegetative,Yes,Poor,9987.42,-11.96,Very Wet,2022-10,22,5,10,0,169.66666666666666,169.25,1.0,-0.08571428571428572,27.8917925,7.9999999999999964,0.17046783625730993,310,0,2
2022-10-08 22:06:24,FARM_01,170,29.3,72.7,0.0,Vegetative,Yes,Poor,9987.47,-11.96,Very Wet,2022-10,22,5,10,0,169.66666666666666,169.25,0.0,-0.02857142857142857,27.002705,0.0,0.17134502923976608,310,0,2
2022-10-08 22:06:24,FARM_01,170,29.03,84.8,0.0,Vegetative,Yes,Poor,9987.84,-11.93,Very Wet,2022-10,22,5,10,0,170.0,169.25,0.0,0.02857142857142857,27.773492,0.0,0.16976608187134504,310,0,2
2022-10-08 22:06:24,FARM_01,170,28.79,76.9,0.0,Vegetative,Yes,Poor,9986.45,-12.04,Very Wet,2022-10,22,5,10,0,170.0,169.33333333333334,0.0,0.08571428571428572,26.9109305,0.0,0.16836257309941519,310,0,2
2022-10-08 22:06:24,FARM_01,170,28.8,91.6,9.24,Vegetative,No,Good,9986.45,-12.04,Very Wet,2022-10,22,5,10,0,170.0,169.33333333333334,0.0,0.14285714285714285,28.11624,9.239999999999997,0.16842105263157894,310,0,2
2022-10-08 22:06:24,FARM_01,170,29.38,90.5,0.0,Vegetative,Yes,Poor,9987.06,-11.99,Very Wet,2022-10,22,5,10,0,170.0,169.83333333333334,0.0,0.0,28.576394999999998,9.239999999999997,0.17181286549707603,310,0,2
2022-10-08 22:06:24,FARM_01,234,28.93,85.6,0.0,Vegetative,No,Good,9988.27,-11.89,Wet,2022-10,22,5,10,0,191.33333333333334,175.25,64.0,9.142857142857142,27.747543999999998,9.239999999999997,0.12310638297872341,246,0,3
2022-10-08 22:06:24,FARM_01,170,29.51,76.9,0.0,Vegetative,Yes,Poor,9987.13,-11.99,Very Wet,2022-10,22,5,10,0,191.33333333333334,175.25,-64.0,5.485714285714286,27.5394545,0.0,0.17257309941520468,310,0,2
2022-10-08 22:06:24,FARM_01,170,29.01,84.9,0.0,Vegetative,Yes,Poor,9987.87,-11.92,Very Wet,2022-10,22,5,10,0,191.33333333333334,175.25,0.0,1.8285714285714285,27.7634195,0.0,0.16964912280701755,310,0,2
2022-10-08 22:06:24,FARM_01,170,29.0,88.2,0.0,Vegetative,Yes,Poor,9988.19,-11.9,Very Wet,2022-10,22,5,10,0,170.0,175.25,0.0,-1.8285714285714285,28.0265,0.0,0.1695906432748538,310,0,2
2022-10-08 22:06:24,FARM_01,170,28.98,81.8,0.0,Vegetative,Yes,Poor,9987.87,-11.92,Very Wet,2022-10,22,5,10,0,170.0,175.25,0.0,-5.485714285714286,27.480502,0.0,0.16947368421052633,310,0,2
2022-10-08 22:06:24,FARM_01,168,28.96,89.2,0.0,Vegetative,Yes,Poor,9987.89,-11.92,Very Wet,2022-10,22,5,10,0,169.33333333333334,175.16666666666666,-2.0,-9.428571428571429,28.071376,0.0,0.17136094674556213,312,0,2
2022-10-08 22:06:24,FARM_01,170,28.94,75.5,0.0,Vegetative,Yes,Poor,9988.23,-11.89,Very Wet,2022-10,22,5,10,0,169.33333333333334,175.16666666666666,2.0,-0.17142857142857143,26.926835,0.0,0.16923976608187136,310,0,2
2022-10-08 22:06:24,FARM_01,169,28.93,84.4,0.0,Vegetative,Yes,Poor,9988.09,-11.91,Very Wet,2022-10,22,5,10,0,169.0,175.08333333333334,-1.0,-0.2,27.649006,0.0,0.1701764705882353,311,0,2
2022-10-08 22:06:24,FARM_01,170,28.91,92.0,0.0,Vegetative,Yes,Poor,9987.92,-11.92,Very Wet,2022-10,22,5,10,0,169.66666666666666,175.08333333333334,1.0,-0.02857142857142857,28.25396,0.0,0.1690643274853801,310,0,2
2022-10-08 22:06:24,FARM_01,170,28.89,83.0,0.0,Vegetative,Yes,Poor,9987.92,-11.92,Very Wet,2022-10,22,5,10,0,169.66666666666666,175.08333333333334,0.0,0.14285714285714285,27.497785,0.0,0.16894736842105262,310,0,2
2022-10-08 22:06:24,FARM_01,170,28.88,91.9,0.0,Vegetative,Yes,Poor,9987.58,-11.95,Very Wet,2022-10,22,5,10,0,170.0,175.08333333333334,0.0,0.3142857142857143,28.217095999999998,0.0,0.1688888888888889,310,0,2
2022-10-08 22:06:24,FARM_01,168,28.86,78.9,5.86,Vegetative,No,Good,9987.6,-11.95,Very Wet,2022-10,22,5,10,0,169.33333333333334,174.91666666666666,-2.0,-0.2,27.135497,5.859999999999997,0.17076923076923076,312,0,2
2022-10-08 22:06:24,FARM_01,170,28.83,87.3,4.28,Vegetative,No,Good,9987.11,-11.99,Very Wet,2022-10,22,5,10,0,169.33333333333334,169.58333333333334,2.0,-0.02857142857142857,27.7941245,10.139999999999997,0.16859649122807016,310,0,2
2022-10-08 22:06:24,FARM_01,170,28.82,81.7,0.0,Vegetative,Yes,Poor,9986.77,-12.02,Very Wet,2022-10,22,5,10,0,169.33333333333334,169.58333333333334,0.0,-0.05714285714285714,27.328367,10.139999999999997,0.16853801169590643,310,0,2
2022-10-08 22:06:24,FARM_01,170,29.13,75.4,2.22,Vegetative,No,Good,9987.61,-11.95,Very Wet,2022-10,22,5,10,0,170.0,169.58333333333334,0.0,0.05714285714285714,27.082911,6.4999999999999964,0.17035087719298245,310,0,2
2022-10-08 22:06:24,FARM_01,258,29.42,82.0,0.0,Vegetative,No,Good,9986.17,-12.07,Wet,2022-10,22,5,10,0,199.33333333333334,176.91666666666666,88.0,12.742857142857142,27.893420000000003,2.2199999999999966,0.1135907335907336,222,0,3
2022-10-08 22:06:24,FARM_01,170,29.11,88.7,1.27,Vegetative,No,Good,9988.11,-11.9,Very Wet,2022-10,22,5,10,0,199.33333333333334,176.91666666666666,-88.0,7.828571428571428,28.1709135,3.4899999999999967,0.17023391812865496,310,0,2
2022-10-08 22:06:24,FARM_01,169,28.76,83.5,0.0,Vegetative,Yes,Poor,9986.45,-12.04,Very Wet,2022-10,22,5,10,0,199.0,177.0,-1.0,2.3714285714285714,27.42053,1.2699999999999965,0.16917647058823532,311,0,2
2022-10-08 22:06:24,FARM_01,432,29.71,86.5,0.0,Vegetative,No,Poor,9987.8,-11.93,Very Dry,2022-10,22,5,10,0,257.0,198.83333333333334,263.0,34.82857142857143,28.5435325,1.2699999999999965,0.06861431870669746,48,0,1
2022-10-08 22:06:24,FARM_01,169,28.71,84.5,0.0,Vegetative,Yes,Poor,9985.98,-12.08,Very Wet,2022-10,22,5,10,0,256.6666666666667,198.83333333333334,-263.0,14.742857142857142,27.4559725,0.0,0.16888235294117648,311,0,2
2022-10-08 22:06:24,FARM_01,170,28.7,82.7,0.0,Vegetative,Yes,Poor,9985.98,-12.08,Very Wet,2022-10,22,5,10,0,257.0,198.83333333333334,1.0,-5.142857142857143,27.301295,0.0,0.1678362573099415,310,0,2
2022-10-08 22:06:24,FARM_01,169,29.1,96.4,0.0,Vegetative,Yes,Poor,9987.45,-11.96,Very Wet,2022-10,22,5,10,0,169.33333333333334,198.75,-1.0,-7.571428571428571,28.80102,0.0,0.1711764705882353,311,0,2
2022-10-08 22:06:24,FARM_01,170,29.26,86.5,0.0,Vegetative,Yes,Poor,9987.67,-11.94,Very Wet,2022-10,22,5,10,0,169.66666666666666,198.75,1.0,-22.37142857142857,28.126945000000003,0.0,0.17111111111111113,310,0,2
2022-10-08 22:06:24,FARM_01,169,28.73,86.1,3.69,Vegetative,No,Good,9986.13,-12.07,Very Wet,2022-10,22,5,10,0,169.33333333333334,198.83333333333334,-1.0,-37.51428571428571,27.6038915,3.6899999999999964,0.169,311,0,2
2022-10-08 22:06:24,FARM_01,230,29.52,82.2,3.48,Vegetative,No,Good,9987.95,-11.92,Wet,2022-10,22,5,10,0,189.66666666666666,203.83333333333334,61.0,8.657142857142857,28.000592,7.169999999999996,0.1277922077922078,250,0,3
2022-10-08 22:06:24,FARM_01,284,30.09,80.2,0.0,Vegetative,No,Poor,9987.22,-11.98,Dry,2022-10,22,5,10,0,227.66666666666666,213.33333333333334,54.0,21.485714285714284,28.337799,7.169999999999996,0.10557894736842105,196,0,0
2022-10-08 22:06:24,FARM_01,302,29.95,81.9,17.66,Vegetative,No,Poor,9987.9,-11.92,Dry,2022-10,22,5,10,0,272.0,224.33333333333334,18.0,30.514285714285716,28.3621775,21.139999999999997,0.09884488448844884,178,0,0
2022-10-08 22:06:24,FARM_01,263,30.01,85.9,5.57,Vegetative,No,Good,9987.63,-11.95,Wet,2022-10,22,5,10,0,283.0,224.75,-39.0,26.228571428571428,28.768424500000002,23.229999999999997,0.11367424242424243,217,0,3
2022-10-08 22:06:24,FARM_01,232,30.06,82.7,0.0,Vegetative,No,Good,9987.6,-11.95,Wet,2022-10,22,5,10,0,265.6666666666667,229.91666666666666,-31.0,12.342857142857143,28.531890999999998,23.229999999999997,0.1290128755364807,248,0,3
2022-10-08 22:06:24,FARM_01,235,30.09,93.5,1.71,Vegetative,No,Good,9987.56,-11.95,Wet,2022-10,22,5,10,0,243.33333333333334,235.41666666666666,3.0,-4.857142857142857,29.5147825,7.279999999999997,0.1275,245,0,3
2022-10-08 22:06:24,FARM_01,396,30.1,86.0,0.0,Vegetative,No,Poor,9987.7,-11.94,Very Dry,2022-10,22,5,10,0,287.6666666666667,232.41666666666666,161.0,9.371428571428574,28.860300000000002,1.7099999999999964,0.07581863979848867,84,0,1
2022-10-08 22:06:24,FARM_01,357,29.85,81.6,0.0,Vegetative,No,Poor,9988.33,-11.89,Very Dry,2022-10,22,5,10,0,329.3333333333333,248.08333333333334,-39.0,19.34285714285714,28.24598,1.7099999999999964,0.08337988826815643,123,0,1
2022-10-08 22:06:24,FARM_01,247,30.07,90.9,0.0,Vegetative,No,Good,9986.91,-12.01,Wet,2022-10,22,5,10,0,333.3333333333333,254.5,-110.0,13.028571428571427,29.2656965,0.0,0.12125,233,0,3
2022-10-08 22:06:24,FARM_01,258,30.03,72.3,0.0,Vegetative,No,Good,9987.3,-11.97,Wet,2022-10,22,5,10,0,287.3333333333333,261.9166666666667,11.0,3.6285714285714286,27.5878295,0.0,0.11594594594594596,222,0,3
2022-10-08 22:06:24,FARM_01,259,29.05,79.8,0.0,Vegetative,No,Good,9986.96,-12.0,Wet,2022-10,22,5,10,0,254.66666666666666,269.3333333333333,1.0,-11.542857142857143,27.377945,0.0,0.11173076923076923,221,0,3
2022-10-08 22:06:24,FARM_01,170,28.74,79.2,0.0,Vegetative,Yes,Poor,9986.3,-12.06,Very Wet,2022-10,22,5,10,0,229.0,269.4166666666667,-89.0,-40.371428571428574,27.053744,0.0,0.16807017543859648,310,0,2
2022-10-08 22:06:24,FARM_01,257,29.77,80.2,0.0,Vegetative,No,Good,9986.36,-12.05,Wet,2022-10,22,5,10,0,228.66666666666666,271.6666666666667,87.0,-20.857142857142858,28.052647,0.0,0.1153875968992248,223,0,3
2022-10-08 22:06:24,FARM_01,258,30.0,70.2,0.0,Vegetative,No,Good,9987.14,-11.99,Wet,2022-10,22,5,10,0,228.33333333333334,269.5,1.0,-1.0571428571428572,27.3776,0.0,0.11583011583011583,222,0,3
2022-10-08 22:06:24,FARM_01,258,29.97,86.9,0.0,Vegetative,No,Good,9987.35,-11.97,Wet,2022-10,22,5,10,0,257.6666666666667,265.8333333333333,0.0,2.4,28.8193615,0.0,0.11571428571428571,222,0,3
2022-10-08 22:06:24,FARM_01,259,29.93,81.3,0.0,Vegetative,No,Good,9987.39,-11.97,Wet,2022-10,22,5,10,0,258.3333333333333,265.5,1.0,7.571428571428571,28.2915995,0.0,0.11511538461538462,221,0,3
2022-10-08 22:06:24,FARM_01,257,29.89,85.0,0.0,Vegetative,No,Good,9987.06,-11.99,Wet,2022-10,22,5,10,0,258.0,267.5833333333333,-2.0,12.6,28.579075,0.0,0.11585271317829457,223,0,3
2022-10-08 22:06:24,FARM_01,258,29.85,79.7,0.0,Vegetative,No,Good,9986.79,-12.02,Wet,2022-10,22,5,10,0,258.0,269.5,1.0,0.08571428571428572,28.080347500000002,0.0,0.11525096525096526,222,0,3
2022-10-08 22:06:24,FARM_01,258,29.81,79.6,0.0,Vegetative,No,Good,9986.31,-12.06,Wet,2022-10,22,5,10,0,257.6666666666667,258.0,0.0,-0.05714285714285714,28.036118,0.0,0.11509652509652508,222,0,3
2022-10-08 22:06:24,FARM_01,258,29.72,79.1,0.0,Vegetative,No,Good,9986.05,-12.08,Wet,2022-10,22,5,10,0,258.0,249.75,0.0,-0.05714285714285714,27.912985999999997,0.0,0.11474903474903475,222,0,3
2022-10-08 22:06:24,FARM_01,223,30.06,85.7,4.97,Vegetative,No,Good,9987.09,-11.99,Wet,2022-10,22,5,10,0,246.33333333333334,247.75,-35.0,-5.057142857142857,28.796881,4.969999999999996,0.13419642857142858,257,0,3
2022-10-08 22:06:24,FARM_01,258,29.68,87.4,0.0,Vegetative,No,Good,9985.92,-12.09,Wet,2022-10,22,5,10,0,246.33333333333334,247.75,35.0,-2.857142857142857,28.593376,4.969999999999996,0.11459459459459459,222,0,3
2022-10-08 22:06:24,FARM_01,257,29.64,69.5,0.0,Vegetative,No,Good,9985.62,-12.11,Wet,2022-10,22,5,10,0,246.0,247.58333333333334,-1.0,-1.1428571428571428,27.01639,4.969999999999996,0.11488372093023257,223,0,3
2022-10-08 22:06:24,FARM_01,258,29.62,76.7,0.0,Vegetative,No,Good,9985.82,-12.1,Wet,2022-10,22,5,10,0,257.6666666666667,254.91666666666666,1.0,0.9142857142857143,27.618297000000002,0.0,0.11436293436293436,222,0,3
2022-10-08 22:06:24,FARM_01,257,29.58,90.1,2.5,Vegetative,No,Good,9985.69,-12.11,Wet,2022-10,22,5,10,0,257.3333333333333,254.91666666666666,-1.0,2.8285714285714287,28.731668999999997,2.4999999999999964,0.11465116279069766,223,0,3
2022-10-08 22:06:24,FARM_01,257,29.54,82.1,1.63,Vegetative,No,Good,9985.37,-12.13,Wet,2022-10,22,5,10,0,257.3333333333333,254.83333333333334,0.0,4.8,28.010087,4.129999999999996,0.11449612403100774,223,0,3
2022-10-08 22:06:24,FARM_01,170,28.77,82.1,2.07,Vegetative,No,Good,9986.45,-12.04,Very Wet,2022-10,22,5,10,0,228.0,247.5,-87.0,-12.6,27.315893499999998,6.199999999999996,0.16824561403508773,310,0,2
2022-10-08 22:06:24,FARM_01,259,29.39,88.8,0.44,Vegetative,No,Good,9986.72,-12.02,Wet,2022-10,22,5,10,0,228.66666666666666,247.5,89.0,-7.257142857142857,28.441976,4.139999999999996,0.11303846153846155,221,0,3
2022-10-08 22:06:24,FARM_01,239,28.58,80.3,0.53,Vegetative,No,Good,9980.05,-12.58,Wet,2022-10,22,5,10,0,222.66666666666666,246.0,-20.0,-5.0285714285714285,27.000256999999998,3.0399999999999965,0.11908333333333333,241,0,3
2022-10-08 22:06:24,FARM_01,258,28.96,84.7,0.0,Vegetative,No,Good,9986.33,-12.05,Wet,2022-10,22,5,10,0,252.0,246.0,19.0,1.1428571428571428,27.701116,0.9699999999999964,0.11181467181467182,222,0,3
2022-10-08 22:06:24,FARM_01,258,29.17,73.8,0.0,Vegetative,No,Good,9987.05,-11.99,Wet,2022-10,22,5,10,0,251.66666666666666,246.0,0.0,7.114285714285714,26.984003,0.5299999999999965,0.11262548262548264,222,0,3
2022-10-08 22:06:24,FARM_01,258,29.32,87.4,0.0,Vegetative,No,Good,9986.75,-12.02,Wet,2022-10,22,5,10,0,258.0,246.0,0.0,13.028571428571428,28.258324,0.0,0.11320463320463321,222,0,3
2022-10-08 22:06:24,FARM_01,257,29.29,85.6,0.0,Vegetative,No,Good,9986.78,-12.02,Wet,2022-10,22,5,10,0,257.6666666666667,248.83333333333334,-1.0,1.3428571428571427,28.079031999999998,0.0,0.11352713178294574,223,0,3
2022-10-08 22:06:24,FARM_01,249,29.26,81.6,0.0,Vegetative,No,Good,9986.64,-12.03,Wet,2022-10,22,5,10,0,254.66666666666666,248.08333333333334,-8.0,1.3428571428571427,27.715688,0.0,0.11704,231,0,3
2022-10-08 22:06:24,FARM_01,259,29.23,79.3,0.51,Vegetative,No,Good,9986.84,-12.01,Wet,2022-10,22,5,10,0,255.0,248.25,10.0,-0.6571428571428571,27.4960645,0.5099999999999965,0.11242307692307693,221,0,3
2022-10-08 22:06:24,FARM_01,257,28.94,85.5,0.0,Vegetative,No,Good,9986.19,-12.07,Wet,2022-10,22,5,10,0,255.0,248.16666666666666,-2.0,-0.2857142857142857,27.748535,0.5099999999999965,0.11217054263565893,223,0,3
2022-10-08 22:06:24,FARM_01,259,29.22,82.4,0.0,Vegetative,No,Good,9986.84,-12.01,Wet,2022-10,22,5,10,0,258.3333333333333,248.33333333333334,2.0,0.42857142857142855,27.746704,0.5099999999999965,0.11238461538461537,221,0,3
2022-10-08 22:06:24,FARM_01,258,29.14,89.8,0.0,Vegetative,No,Good,9987.08,-11.99,Wet,2022-10,22,5,10,0,258.0,248.41666666666666,-1.0,0.9428571428571428,28.290646000000002,0.0,0.11250965250965252,222,0,3
2022-10-08 22:06:24,FARM_01,257,28.98,90.7,0.0,Vegetative,No,Good,9986.5,-12.04,Wet,2022-10,22,5,10,0,258.0,255.66666666666666,-1.0,1.1142857142857143,28.213773,0.0,0.11232558139534884,223,0,3
2022-10-08 22:06:24,FARM_01,258,29.12,83.8,0.0,Vegetative,No,Good,9986.73,-12.02,Wet,2022-10,22,5,10,0,257.6666666666667,255.58333333333334,1.0,-0.17142857142857143,27.772808,0.0,0.11243243243243244,222,0,3
2022-10-08 22:06:24,FARM_01,258,29.1,88.6,0.0,Vegetative,No,Good,9986.94,-12.0,Wet,2022-10,22,5,10,0,257.6666666666667,257.1666666666667,0.0,0.02857142857142857,28.15323,0.0,0.11235521235521236,222,0,3
2022-10-08 22:06:24,FARM_01,260,29.07,84.7,0.0,Vegetative,No,Good,9986.61,-12.03,Wet,2022-10,22,5,10,0,258.6666666666667,257.3333333333333,2.0,0.17142857142857143,27.8018595,0.0,0.11137931034482759,220,0,3
2022-10-08 22:06:24,FARM_01,258,29.19,89.3,3.88,Vegetative,No,Good,9987.02,-12.0,Wet,2022-10,22,5,10,0,258.6666666666667,257.3333333333333,-2.0,0.2571428571428571,28.2960685,3.8799999999999963,0.1127027027027027,222,0,3
2022-10-08 22:06:24,FARM_01,176,28.32,84.4,0.0,Vegetative,No,Good,9984.09,-12.24,Very Wet,2022-10,22,5,10,0,231.33333333333334,250.5,-82.0,-11.514285714285714,27.091344,3.8799999999999963,0.16,304,0,2
2022-10-08 22:06:24,FARM_01,258,29.03,85.8,0.0,Vegetative,No,Good,9986.64,-12.03,Wet,2022-10,22,5,10,0,230.66666666666666,250.58333333333334,82.0,-7.085714285714286,27.856157,3.8799999999999963,0.11208494208494209,222,0,3
2022-10-08 22:06:24,FARM_01,172,29.18,84.6,8.25,Vegetative,No,Good,9983.45,-12.3,Very Wet,2022-10,22,5,10,0,202.0,244.16666666666666,-86.0,-14.8,27.894254,8.249999999999996,0.16867052023121387,308,0,2
2022-10-08 22:06:24,FARM_01,258,28.28,92.1,0.0,Vegetative,No,Good,9982.91,-12.34,Wet,2022-10,22,5,10,0,229.33333333333334,244.08333333333334,86.0,-5.314285714285713,27.659534,8.249999999999996,0.1091891891891892,222,0,3
2022-10-08 22:06:24,FARM_01,259,28.91,74.7,0.0,Vegetative,No,Good,9986.04,-12.08,Wet,2022-10,22,5,10,0,229.66666666666666,244.25,1.0,4.714285714285714,26.8352735,8.249999999999996,0.11119230769230769,221,0,3
2022-10-08 22:06:24,FARM_01,260,28.9,85.1,0.0,Vegetative,No,Good,9985.89,-12.09,Wet,2022-10,22,5,10,0,259.0,244.33333333333334,1.0,14.542857142857143,27.678945,0.0,0.110727969348659,220,0,3
2022-10-08 22:06:24,FARM_01,258,28.88,80.6,4.31,Vegetative,No,Good,9985.52,-12.12,Wet,2022-10,22,5,10,0,259.0,244.33333333333334,-2.0,7.571428571428571,27.292303999999998,4.309999999999996,0.1115057915057915,222,0,3
2022-10-08 22:06:24,FARM_01,260,28.86,88.2,2.36,Vegetative,No,Good,9985.2,-12.15,Wet,2022-10,22,5,10,0,259.3333333333333,244.58333333333334,2.0,12.6,27.895585999999998,6.669999999999996,0.11057471264367816,220,0,3
2022-10-08 22:06:24,FARM_01,259,28.84,87.2,0.0,Vegetative,No,Good,9984.86,-12.18,Wet,2022-10,22,5,10,0,259.0,244.66666666666666,-1.0,0.17142857142857143,27.795264,6.669999999999996,0.11092307692307692,221,0,3
2022-10-08 22:06:24,FARM_01,259,28.69,91.3,0.24,Vegetative,No,Good,9983.61,-12.28,Wet,2022-10,22,5,10,0,259.3333333333333,244.75,0.0,-0.02857142857142857,27.9870835,2.599999999999996,0.11034615384615386,221,0,3
2022-10-08 22:06:24,FARM_01,264,28.82,83.0,0.0,Vegetative,No,Good,9984.55,-12.2,Wet,2022-10,22,5,10,0,260.6666666666667,245.08333333333334,5.0,0.6285714285714286,27.43433,0.23999999999999644,0.10875471698113208,216,0,3
2022-10-08 22:06:24,FARM_01,258,28.79,79.3,0.0,Vegetative,No,Good,9983.71,-12.27,Wet,2022-10,22,5,10,0,260.3333333333333,245.08333333333334,-6.0,0.34285714285714286,27.1061585,0.23999999999999644,0.11115830115830115,222,0,3
2022-10-08 22:06:24,FARM_01,259,28.76,93.0,0.0,Vegetative,No,Good,9983.54,-12.29,Wet,2022-10,22,5,10,0,260.3333333333333,252.0,1.0,-0.08571428571428572,28.191740000000003,0.0,0.11061538461538462,221,0,3
2022-10-08 22:06:24,FARM_01,259,28.74,89.5,0.0,Vegetative,No,Good,9983.39,-12.3,Wet,2022-10,22,5,10,0,258.6666666666667,252.08333333333334,0.0,-0.17142857142857143,27.888765,0.0,0.11053846153846153,221,0,3
2022-10-08 22:06:24,FARM_01,258,28.73,83.7,8.86,Vegetative,No,Good,9983.56,-12.29,Wet,2022-10,22,5,10,0,258.6666666666667,259.25,-1.0,-0.5428571428571428,27.4094555,8.859999999999996,0.11092664092664092,222,0,3
2022-10-08 22:06:24,FARM_01,258,28.72,91.4,0.0,Vegetative,No,Good,9983.39,-12.3,Wet,2022-10,22,5,10,0,258.3333333333333,259.25,0.0,-0.8571428571428571,28.023744,8.859999999999996,0.11088803088803088,222,0,3
2022-10-08 22:06:24,FARM_01,260,28.71,86.9,0.0,Vegetative,No,Good,9983.59,-12.29,Wet,2022-10,22,5,10,0,258.6666666666667,259.3333333333333,2.0,0.17142857142857143,27.650144500000003,8.859999999999996,0.11,220,0,3
2022-10-08 22:06:24,FARM_01,261,28.8,83.5,0.0,Vegetative,No,Good,9984.23,-12.23,Wet,2022-10,22,5,10,0,259.6666666666667,259.4166666666667,1.0,0.37142857142857144,27.4569,0.0,0.1099236641221374,219,0,3
2022-10-08 22:06:24,FARM_01,259,28.68,82.0,0.0,Vegetative,No,Good,9983.61,-12.28,Wet,2022-10,22,5,10,0,260.0,259.5,-2.0,0.3142857142857143,27.226679999999998,0.0,0.1103076923076923,221,0,3
2022-10-08 22:06:24,FARM_01,260,28.66,93.9,0.0,Vegetative,No,Good,9983.41,-12.3,Wet,2022-10,22,5,10,0,260.0,259.5,1.0,0.4,28.168157,0.0,0.10980842911877395,220,0,3
2022-10-08 22:06:24,FARM_01,260,28.56,86.6,0.0,Vegetative,No,Good,9983.16,-12.32,Wet,2022-10,22,5,10,0,259.6666666666667,259.5833333333333,0.0,0.22857142857142856,27.486928,0.0,0.10942528735632183,220,0,3
2022-10-08 22:06:24,FARM_01,259,28.63,79.8,0.0,Vegetative,No,Good,9983.45,-12.3,Wet,2022-10,22,5,10,0,259.6666666666667,259.5833333333333,-1.0,-0.2,27.004607,0.0,0.11011538461538461,221,0,3
2022-10-08 22:06:24,FARM_01,258,28.61,83.3,3.61,Vegetative,No,Good,9983.11,-12.33,Wet,2022-10,22,5,10,0,259.0,259.0833333333333,-1.0,-0.42857142857142855,27.268071499999998,3.6099999999999963,0.11046332046332046,222,0,3
2022-10-08 22:06:24,FARM_01,260,28.6,84.4,0.0,Vegetative,No,Good,9983.14,-12.32,Wet,2022-10,22,5,10,0,259.0,259.25,2.0,-0.05714285714285714,27.347320000000003,3.6099999999999963,0.10957854406130269,220,0,3
2022-10-08 22:06:24,FARM_01,259,28.59,80.0,0.97,Vegetative,No,Good,9983.14,-12.32,Wet,2022-10,22,5,10,0,259.0,259.25,-1.0,-0.17142857142857143,26.9851,4.5799999999999965,0.10996153846153846,221,0,3
2022-10-08 22:06:24,FARM_01,259,28.58,89.2,0.63,Vegetative,No,Good,9982.8,-12.35,Wet,2022-10,22,5,10,0,259.3333333333333,259.25,0.0,-0.08571428571428572,27.713948,1.5999999999999965,0.10992307692307692,221,0,3
2022-10-08 22:06:24,FARM_01,258,28.64,82.1,2.76,Vegetative,No,Good,9983.44,-12.3,Wet,2022-10,22,5,10,0,258.6666666666667,259.25,-1.0,-0.08571428571428572,27.198692,4.359999999999996,0.11057915057915058,222,0,3
2022-10-08 22:06:24,FARM_01,260,28.57,89.0,0.41,Vegetative,No,Good,9982.8,-12.35,Wet,2022-10,22,5,10,0,259.0,259.4166666666667,2.0,0.11428571428571428,27.688515,3.7999999999999967,0.10946360153256705,220,0,3
2022-10-08 22:06:24,FARM_01,260,28.47,83.7,1.71,Vegetative,No,Good,9983.02,-12.33,Wet,2022-10,22,5,10,0,259.3333333333333,259.4166666666667,0.0,0.05714285714285714,27.1727645,4.879999999999996,0.10908045977011493,220,0,3
2022-10-08 22:06:24,FARM_01,258,28.54,86.9,0.0,Vegetative,No,Good,9982.81,-12.35,Wet,2022-10,22,5,10,0,259.3333333333333,259.1666666666667,-2.0,0.0,27.492393,2.1199999999999966,0.11019305019305019,222,0,3
2022-10-08 22:06:24,FARM_01,259,28.53,84.6,0.0,Vegetative,No,Good,9982.81,-12.35,Wet,2022-10,22,5,10,0,259.0,259.1666666666667,1.0,0.0,27.299309,1.7099999999999964,0.10973076923076923,221,0,3
2022-10-08 22:06:24,FARM_01,258,29.01,88.9,0.0,Vegetative,No,Good,9986.65,-12.03,Wet,2022-10,22,5,10,0,258.3333333333333,259.0,-1.0,-0.14285714285714285,28.093639500000002,0.0,0.11200772200772201,222,0,3
2022-10-08 22:06:24,FARM_01,259,28.51,84.4,15.13,Vegetative,No,Good,9982.81,-12.35,Wet,2022-10,22,5,10,0,258.6666666666667,258.9166666666667,1.0,-0.2857142857142857,27.265042,15.129999999999997,0.10965384615384616,221,0,3
2022-10-08 22:06:24,FARM_01,258,28.5,87.8,0.0,Vegetative,No,Good,9982.83,-12.35,Wet,2022-10,22,5,10,0,258.3333333333333,258.8333333333333,-1.0,-0.22857142857142856,27.52705,15.129999999999997,0.11003861003861004,222,0,3
2022-10-08 22:06:24,FARM_01,258,28.49,86.7,6.92,Vegetative,No,Good,9983.0,-12.33,Wet,2022-10,22,5,10,0,258.3333333333333,258.8333333333333,0.0,-0.05714285714285714,27.4300565,22.049999999999997,0.11,222,0,3
2022-10-08 22:06:24,FARM_01,260,28.46,88.1,3.58,Vegetative,No,Good,9982.67,-12.36,Wet,2022-10,22,5,10,0,258.6666666666667,258.8333333333333,2.0,0.11428571428571428,27.513593,10.499999999999996,0.10904214559386974,220,0,3
2022-10-08 22:06:24,FARM_01,259,28.44,79.5,1.2,Vegetative,No,Good,9982.5,-12.38,Wet,2022-10,22,5,10,0,259.0,258.8333333333333,-1.0,0.22857142857142856,26.811890000000002,11.699999999999996,0.10938461538461539,221,0,3
2022-10-08 22:06:24,FARM_01,260,28.29,93.5,4.01,Vegetative,No,Good,9982.91,-12.34,Wet,2022-10,22,5,10,0,259.6666666666667,258.9166666666667,1.0,0.2857142857142857,27.7791325,8.789999999999996,0.10839080459770115,220,0,3
2022-10-08 22:06:24,FARM_01,259,28.65,78.9,0.0,Vegetative,No,Good,9983.44,-12.3,Wet,2022-10,22,5,10,0,259.3333333333333,259.0,-1.0,0.2857142857142857,26.9498675,5.209999999999996,0.11019230769230769,221,0,3
2022-10-08 22:06:24,FARM_01,260,28.35,83.8,0.0,Vegetative,No,Good,9982.73,-12.36,Wet,2022-10,22,5,10,0,259.6666666666667,259.0,1.0,0.22857142857142856,27.071415000000002,4.009999999999996,0.10862068965517242,220,0,3
2022-10-08 22:06:24,FARM_01,259,28.43,81.1,0.0,Vegetative,No,Good,9982.5,-12.38,Wet,2022-10,22,5,10,0,259.3333333333333,258.9166666666667,-1.0,-0.08571428571428572,26.9300015,0.0,0.10934615384615384,221,0,3
2022-10-08 22:06:24,FARM_01,260,28.42,82.0,0.0,Vegetative,No,Good,9982.52,-12.37,Wet,2022-10,22,5,10,0,259.6666666666667,259.0833333333333,1.0,0.08571428571428572,26.992420000000003,0.0,0.1088888888888889,220,0,3
2022-10-08 22:06:24,FARM_01,259,28.41,88.9,5.07,Vegetative,No,Good,9982.52,-12.37,Wet,2022-10,22,5,10,0,259.3333333333333,259.0833333333333,-1.0,-0.08571428571428572,27.5302695,5.069999999999997,0.10926923076923077,221,0,3
2022-10-08 22:06:24,FARM_01,259,28.39,83.4,0.0,Vegetative,No,Good,9982.52,-12.38,Wet,2022-10,22,5,10,0,259.3333333333333,259.1666666666667,0.0,-0.05714285714285714,27.076193,5.069999999999997,0.1091923076923077,221,0,3
2022-10-08 22:06:24,FARM_01,260,28.38,81.9,1.13,Vegetative,No,Good,9982.38,-12.39,Wet,2022-10,22,5,10,0,259.3333333333333,259.25,1.0,-0.02857142857142857,26.948470999999998,6.199999999999997,0.10873563218390804,220,0,3
2022-10-08 22:06:24,FARM_01,259,28.37,85.0,12.2,Vegetative,No,Good,9982.37,-12.39,Wet,2022-10,22,5,10,0,259.3333333333333,259.3333333333333,-1.0,0.0,27.184475,13.329999999999995,0.10911538461538461,221,0,3
2022-10-08 22:06:24,FARM_01,258,28.34,92.2,0.0,Vegetative,No,Good,9982.73,-12.36,Wet,2022-10,22,5,10,0,259.0,259.3333333333333,-1.0,-0.2571428571428571,27.724814,13.329999999999995,0.10942084942084943,222,0,3
2022-10-08 22:06:24,FARM_01,260,28.45,78.7,0.0,Vegetative,No,Good,9982.67,-12.36,Wet,2022-10,22,5,10,0,259.0,259.3333333333333,2.0,0.02857142857142857,26.7571825,12.199999999999996,0.10900383141762451,220,0,3
2022-10-08 22:06:24,FARM_01,259,28.55,91.8,3.71,Vegetative,No,Good,9982.79,-12.35,Wet,2022-10,22,5,10,0,259.0,259.3333333333333,-1.0,-0.02857142857142857,27.893795,3.7099999999999964,0.10980769230769231,221,0,3
2022-10-08 22:06:24,FARM_01,260,28.33,89.2,0.0,Vegetative,No,Good,9982.72,-12.36,Wet,2022-10,22,5,10,0,259.6666666666667,259.3333333333333,1.0,0.05714285714285714,27.478797999999998,3.7099999999999964,0.10854406130268199,220,0,3
2022-10-08 22:06:24,FARM_01,260,28.31,88.9,0.0,Vegetative,No,Good,9982.89,-12.34,Wet,2022-10,22,5,10,0,259.6666666666667,259.4166666666667,0.0,0.2857142857142857,27.4363745,3.7099999999999964,0.10846743295019157,220,0,3
2022-10-08 22:06:24,FARM_01,258,28.31,86.0,0.38,Vegetative,No,Good,9982.72,-12.36,Wet,2022-10,22,5,10,0,259.3333333333333,259.25,-2.0,0.02857142857142857,27.208129999999997,0.37999999999999645,0.1093050193050193,222,0,3
2022-10-08 22:06:24,FARM_01,260,28.3,80.4,0.0,Vegetative,No,Good,9982.72,-12.36,Wet,2022-10,22,5,10,0,259.3333333333333,259.3333333333333,2.0,-0.08571428571428572,26.75846,0.37999999999999645,0.10842911877394636,220,0,3
2022-10-08 22:06:24,FARM_01,259,28.27,82.4,0.0,Vegetative,No,Good,9982.56,-12.37,Wet,2022-10,22,5,10,0,259.0,259.25,-1.0,-0.05714285714285714,26.888664,0.37999999999999645,0.10873076923076923,221,0,3
2022-10-08 22:06:24,FARM_01,260,28.48,81.9,0.57,Vegetative,No,Good,9983.17,-12.32,Wet,2022-10,22,5,10,0,259.6666666666667,259.3333333333333,1.0,-0.02857142857142857,27.038516,0.5699999999999964,0.10911877394636016,220,0,3
2022-10-08 22:06:24,FARM_01,172,29.13,90.4,0.85,Vegetative,No,Good,9983.5,-12.29,Very Wet,2022-10,22,5,10,0,230.33333333333334,252.08333333333334,-88.0,-12.428571428571429,28.331136,1.4199999999999964,0.1683815028901734,308,0,2
2022-10-08 22:06:24,FARM_01,258,28.22,93.3,0.0,Vegetative,No,Good,9982.92,-12.34,Wet,2022-10,22,5,10,0,230.0,251.91666666666666,86.0,-7.514285714285714,27.695992999999998,1.4199999999999964,0.10895752895752896,222,0,3
2022-10-08 22:06:24,FARM_01,260,28.25,81.7,0.0,Vegetative,No,Good,9982.41,-12.38,Wet,2022-10,22,5,10,0,230.0,252.0,2.0,-2.6,26.8157375,0.8499999999999964,0.1082375478927203,220,0,3
2022-10-08 22:06:24,FARM_01,261,28.25,84.1,5.88,Vegetative,No,Good,9982.92,-12.34,Wet,2022-10,22,5,10,0,259.6666666666667,252.25,1.0,2.742857142857143,27.0038375,5.879999999999996,0.10782442748091603,219,0,3
2022-10-08 22:06:24,FARM_01,259,28.24,88.5,0.0,Vegetative,No,Good,9982.75,-12.36,Wet,2022-10,22,5,10,0,260.0,252.16666666666666,-2.0,7.542857142857143,27.339319999999997,5.879999999999996,0.10861538461538461,221,0,3
2022-10-08 22:06:24,FARM_01,260,28.23,82.6,0.0,Vegetative,No,Good,9982.78,-12.35,Wet,2022-10,22,5,10,0,260.0,252.25,1.0,12.685714285714285,26.868189,5.879999999999996,0.10816091954022988,220,0,3
2022-10-08 22:06:24,FARM_01,259,28.23,82.1,0.0,Vegetative,No,Good,9982.95,-12.34,Wet,2022-10,22,5,10,0,259.3333333333333,252.16666666666666,-1.0,0.08571428571428572,26.8290565,0.0,0.10857692307692308,221,0,3
2022-10-08 22:06:24,FARM_01,258,28.47,80.6,0.0,Vegetative,No,Good,9987.64,-11.94,Wet,2022-10,22,5,10,0,259.0,252.0,-1.0,-0.42857142857142855,26.926050999999998,0.0,0.10992277992277992,222,0,3
2022-10-08 22:06:24,FARM_01,259,28.32,82.1,0.0,Vegetative,No,Good,9982.9,-12.34,Wet,2022-10,22,5,10,0,258.6666666666667,252.08333333333334,1.0,-0.4,26.910196,0.0,0.10892307692307693,221,0,3
2022-10-08 22:06:24,FARM_01,258,28.2,80.9,0.0,Vegetative,No,Good,9983.11,-12.33,Wet,2022-10,22,5,10,0,258.3333333333333,251.91666666666666,-1.0,-0.2571428571428571,26.708289999999998,0.0,0.10888030888030888,222,0,3
2022-10-08 22:06:24,FARM_01,260,28.2,86.2,5.96,Vegetative,No,Good,9982.42,-12.38,Wet,2022-10,22,5,10,0,259.0,252.0,2.0,-0.05714285714285714,27.12222,5.959999999999996,0.10804597701149425,220,0,3
2022-10-08 22:06:24,FARM_01,259,28.19,83.4,0.0,Vegetative,No,Good,9982.08,-12.41,Wet,2022-10,22,5,10,0,259.0,251.91666666666666,-1.0,0.14285714285714285,26.894453000000002,5.959999999999996,0.10842307692307693,221,0,3
2022-10-08 22:06:24,FARM_01,259,28.18,88.5,0.0,Vegetative,No,Good,9982.42,-12.38,Wet,2022-10,22,5,10,0,259.3333333333333,259.1666666666667,0.0,0.2,27.283115,5.959999999999996,0.10838461538461538,221,0,3
2022-10-08 22:06:24,FARM_01,260,28.21,92.3,6.3,Vegetative,No,Good,9982.75,-12.36,Wet,2022-10,22,5,10,0,259.3333333333333,259.3333333333333,1.0,0.2,27.6082065,6.299999999999996,0.10808429118773946,220,0,3
2022-10-08 22:06:24,FARM_01,260,28.17,88.1,9.42,Vegetative,No,Good,9982.44,-12.38,Wet,2022-10,22,5,10,0,259.6666666666667,259.3333333333333,0.0,0.2857142857142857,27.2425735,15.719999999999995,0.10793103448275863,220,0,3
2022-10-08 22:06:24,FARM_01,260,28.85,84.9,0.0,Vegetative,No,Good,9987.6,-11.95,Wet,2022-10,22,5,10,0,260.0,259.25,0.0,0.11428571428571428,27.6167075,15.719999999999997,0.11053639846743296,220,0,3
2022-10-08 22:06:24,FARM_01,172,29.73,76.4,0.0,Vegetative,Yes,Poor,9985.54,-12.12,Very Wet,2022-10,22,5,10,0,230.66666666666666,252.0,-88.0,-12.342857142857143,27.688246,9.419999999999998,0.17184971098265897,308,0,2
2022-10-08 22:06:24,FARM_01,209,29.47,79.4,0.0,Vegetative,No,Good,9987.84,-11.93,Wet,2022-10,22,5,10,0,213.66666666666666,247.75,37.0,-14.685714285714285,27.717249,0.0,0.14033333333333334,271,0,3
2022-10-08 22:06:24,FARM_01,188,29.61,81.1,0.0,Vegetative,No,Good,9987.88,-11.92,Very Wet,2022-10,22,5,10,0,189.66666666666666,241.83333333333334,-21.0,-17.17142857142857,27.9873405,0.0,0.15666666666666668,292,0,2
2022-10-08 22:06:24,FARM_01,177,29.71,91.9,0.0,Vegetative,No,Good,9987.63,-11.95,Very Wet,2022-10,22,5,10,0,191.33333333333334,235.08333333333334,-11.0,-16.97142857142857,29.010119500000002,0.0,0.16691011235955056,303,0,2
2022-10-08 22:06:24,FARM_01,173,29.83,83.3,0.0,Vegetative,Yes,Poor,9987.51,-11.96,Very Wet,2022-10,22,5,10,0,179.33333333333334,227.91666666666666,-4.0,-12.6,28.376014499999997,0.0,0.1714367816091954,307,0,2
2022-10-08 22:06:24,FARM_01,258,29.02,88.0,0.0,Vegetative,No,Good,9987.84,-11.93,Wet,2022-10,22,5,10,0,202.66666666666666,227.91666666666666,85.0,8.885714285714286,28.02868,0.0,0.11204633204633205,222,0,3
2022-10-08 22:06:24,FARM_01,173,29.85,85.8,13.38,Vegetative,No,Good,9986.96,-12.0,Very Wet,2022-10,22,5,10,0,201.33333333333334,220.66666666666666,-85.0,0.7428571428571429,28.612115000000003,13.379999999999997,0.17155172413793104,307,0,2
2022-10-08 22:06:24,FARM_01,172,29.86,90.0,0.0,Vegetative,Yes,Poor,9987.13,-11.99,Very Wet,2022-10,22,5,10,0,201.0,213.41666666666666,-1.0,-0.2,28.9877,13.379999999999997,0.17260115606936416,308,0,2
2022-10-08 22:06:24,FARM_01,171,29.82,88.6,0.0,Vegetative,Yes,Poor,9986.66,-12.04,Very Wet,2022-10,22,5,10,0,172.0,206.08333333333334,-1.0,-3.3714285714285714,28.828086,13.379999999999997,0.17337209302325582,309,0,2
2022-10-08 22:06:24,FARM_01,174,29.79,79.2,3.26,Vegetative,No,Good,9986.16,-12.07,Very Wet,2022-10,22,5,10,0,172.33333333333334,198.91666666666666,3.0,-7.3428571428571425,27.983624,3.2599999999999962,0.17022857142857142,306,0,2
2022-10-08 22:06:24,FARM_01,173,29.76,86.9,22.8,Vegetative,No,Good,9985.5,-12.12,Very Wet,2022-10,22,5,10,0,172.66666666666666,191.66666666666666,-1.0,-12.085714285714285,28.624492000000004,26.059999999999995,0.1710344827586207,307,0,2
2022-10-08 22:06:24,FARM_01,173,29.87,88.8,4.63,Vegetative,No,Good,9987.27,-11.98,Very Wet,2022-10,22,5,10,0,173.33333333333334,184.41666666666666,0.0,0.17142857142857143,28.892408,30.689999999999998,0.17166666666666666,307,0,2
2022-10-08 22:06:24,FARM_01,172,29.69,84.8,0.0,Vegetative,Yes,Poor,9985.23,-12.15,Very Wet,2022-10,22,5,10,0,172.66666666666666,184.41666666666666,-1.0,0.14285714285714285,28.378316,27.43,0.1716184971098266,308,0,2
2022-10-08 22:06:24,FARM_01,163,29.62,87.7,0.0,Vegetative,Yes,Poor,9984.8,-12.18,Very Wet,2022-10,22,5,10,0,169.33333333333334,180.58333333333334,-9.0,-1.3142857142857143,28.563307000000002,4.629999999999996,0.18060975609756097,317,0,2
2022-10-08 22:06:24,FARM_01,172,28.67,83.6,0.0,Vegetative,Yes,Poor,9981.55,-12.46,Very Wet,2022-10,22,5,10,0,169.0,179.25,9.0,-1.1714285714285715,27.346766000000002,0.0,0.16572254335260117,308,0,2
2022-10-08 22:06:24,FARM_01,172,29.35,76.9,0.0,Vegetative,Yes,Poor,9983.48,-12.29,Very Wet,2022-10,22,5,10,0,169.0,178.83333333333334,0.0,-0.4857142857142857,27.3997825,0.0,0.16965317919075146,308,0,2
2022-10-08 22:06:24,FARM_01,172,29.54,86.7,0.0,Vegetative,Yes,Poor,9984.18,-12.24,Very Wet,2022-10,22,5,10,0,172.0,178.75,0.0,0.11428571428571428,28.403249,0.0,0.1707514450867052,308,0,2
2022-10-08 22:06:24,FARM_01,172,29.51,90.1,0.0,Vegetative,Yes,Poor,9983.87,-12.26,Very Wet,2022-10,22,5,10,0,172.0,171.58333333333334,0.0,0.7714285714285715,28.6654805,0.0,0.17057803468208094,308,0,2
2022-10-08 22:06:24,FARM_01,173,29.47,80.9,0.0,Vegetative,Yes,Poor,9983.91,-12.26,Very Wet,2022-10,22,5,10,0,172.33333333333334,171.58333333333334,1.0,1.4285714285714286,27.844876499999998,0.0,0.169367816091954,307,0,2
2022-10-08 22:06:24,FARM_01,172,29.44,81.3,0.0,Vegetative,Yes,Poor,9983.91,-12.26,Very Wet,2022-10,22,5,10,0,172.33333333333334,171.58333333333334,-1.0,0.08571428571428572,27.851996,0.0,0.17017341040462428,308,0,2
2022-10-08 22:06:24,FARM_01,174,29.4,90.9,0.0,Vegetative,Yes,Poor,9983.63,-12.28,Very Wet,2022-10,22,5,10,0,173.0,171.83333333333334,2.0,0.3142857142857143,28.62923,0.0,0.16799999999999998,306,0,2
2022-10-08 22:06:24,FARM_01,173,29.08,82.0,0.0,Vegetative,Yes,Poor,9983.19,-12.32,Very Wet,2022-10,22,5,10,0,173.0,171.75,-1.0,0.2857142857142857,27.587079999999997,0.0,0.16712643678160918,307,0,2
2022-10-08 22:06:24,FARM_01,173,29.38,86.4,1.1,Vegetative,No,Good,9983.63,-12.28,Very Wet,2022-10,22,5,10,0,173.33333333333334,171.75,0.0,0.2,28.229576,1.0999999999999965,0.16885057471264367,307,0,2
2022-10-08 22:06:24,FARM_01,172,29.1,80.3,0.17,Vegetative,No,Good,9983.51,-12.29,Very Wet,2022-10,22,5,10,0,172.66666666666666,171.66666666666666,-1.0,-0.08571428571428572,27.463915,1.2699999999999965,0.16820809248554913,308,0,2
2022-10-08 22:06:24,FARM_01,172,29.28,93.3,0.0,Vegetative,Yes,Poor,9983.55,-12.29,Very Wet,2022-10,22,5,10,0,172.33333333333334,171.66666666666666,0.0,-0.17142857142857143,28.716932,1.2699999999999965,0.1692485549132948,308,0,2
2022-10-08 22:06:24,FARM_01,173,29.24,82.4,8.03,Vegetative,No,Good,9983.41,-12.3,Very Wet,2022-10,22,5,10,0,172.33333333333334,172.5,1.0,-0.2571428571428571,27.764768,8.199999999999996,0.16804597701149424,307,0,2
2022-10-08 22:06:24,FARM_01,171,29.21,84.1,0.0,Vegetative,Yes,Poor,9983.59,-12.29,Very Wet,2022-10,22,5,10,0,172.0,172.41666666666666,-2.0,-0.2857142857142857,27.8798855,8.029999999999996,0.16982558139534884,309,0,2
2022-10-08 22:06:24,FARM_01,239,28.52,83.4,1.18,Vegetative,No,Good,9985.72,-12.11,Wet,2022-10,22,5,10,0,194.33333333333334,178.0,68.0,9.371428571428572,27.194324,9.209999999999996,0.11883333333333333,241,0,3
2022-10-08 22:06:24,FARM_01,173,29.16,70.5,0.0,Vegetative,Yes,Poor,9983.47,-12.29,Very Wet,2022-10,22,5,10,0,194.33333333333334,178.08333333333334,-66.0,5.828571428571428,26.70029,1.1799999999999964,0.16758620689655174,307,0,2
2022-10-08 22:06:24,FARM_01,172,29.31,88.5,3.64,Vegetative,No,Good,9983.7,-12.28,Very Wet,2022-10,22,5,10,0,194.66666666666666,178.08333333333334,-1.0,1.9428571428571428,28.3416425,4.819999999999997,0.16942196531791906,308,0,2
2022-10-08 22:06:24,FARM_01,173,29.05,86.6,5.53,Vegetative,No,Good,9983.19,-12.32,Very Wet,2022-10,22,5,10,0,172.66666666666666,178.08333333333334,1.0,-1.8,27.940815,9.169999999999996,0.16695402298850576,307,0,2
2022-10-08 22:06:24,FARM_01,173,29.04,88.9,0.0,Vegetative,Yes,Poor,9983.56,-12.29,Very Wet,2022-10,22,5,10,0,172.66666666666666,178.16666666666666,0.0,-5.4,28.121807999999998,9.169999999999996,0.16689655172413792,307,0,2
2022-10-08 22:06:24,FARM_01,171,28.72,81.4,0.0,Vegetative,Yes,Poor,9981.7,-12.44,Very Wet,2022-10,22,5,10,0,172.33333333333334,177.91666666666666,-2.0,-9.685714285714285,27.214144,5.529999999999996,0.1669767441860465,309,0,2
2022-10-08 22:06:24,FARM_01,172,29.58,83.4,5.26,Vegetative,No,Good,9984.66,-12.2,Very Wet,2022-10,22,5,10,0,172.0,177.83333333333334,1.0,-0.22857142857142856,28.157546,5.259999999999995,0.17098265895953757,308,0,2
2022-10-08 22:06:24,FARM_01,173,29.01,76.6,0.0,Vegetative,Yes,Poor,9983.41,-12.3,Very Wet,2022-10,22,5,10,0,172.0,177.83333333333334,1.0,0.0,27.078213,5.259999999999995,0.1667241379310345,307,0,2
2022-10-08 22:06:24,FARM_01,172,28.99,84.6,0.0,Vegetative,Yes,Poor,9983.08,-12.33,Very Wet,2022-10,22,5,10,0,172.33333333333334,177.83333333333334,-1.0,-0.11428571428571428,27.720346999999997,5.259999999999995,0.1675722543352601,308,0,2
2022-10-08 22:06:24,FARM_01,172,28.97,77.8,2.35,Vegetative,No,Good,9983.24,-12.31,Very Wet,2022-10,22,5,10,0,172.33333333333334,177.83333333333334,0.0,-0.02857142857142857,27.142163,2.3499999999999956,0.16745664739884392,308,0,2
2022-10-08 22:06:24,FARM_01,173,28.94,92.8,6.98,Vegetative,No,Good,9983.09,-12.33,Very Wet,2022-10,22,5,10,0,172.33333333333334,177.83333333333334,1.0,0.2571428571428571,28.348376000000002,9.329999999999997,0.16632183908045978,307,0,2
2022-10-08 22:06:24,FARM_01,172,28.92,87.9,0.0,Vegetative,Yes,Poor,9982.78,-12.35,Very Wet,2022-10,22,5,10,0,172.33333333333334,177.91666666666666,-1.0,0.0,27.927074,9.329999999999997,0.16716763005780347,308,0,2
2022-10-08 22:06:24,FARM_01,173,28.9,91.7,0.0,Vegetative,Yes,Poor,9982.81,-12.35,Very Wet,2022-10,22,5,10,0,172.66666666666666,172.41666666666666,1.0,0.02857142857142857,28.219815,6.979999999999997,0.16609195402298849,307,0,2
2022-10-08 22:06:24,FARM_01,171,28.88,83.6,0.0,Vegetative,Yes,Poor,9982.44,-12.38,Very Wet,2022-10,22,5,10,0,172.0,172.25,-2.0,-0.08571428571428572,27.537824,0.0,0.16790697674418603,309,0,2
2022-10-08 22:06:24,FARM_01,172,28.86,85.4,0.0,Vegetative,Yes,Poor,9982.64,-12.36,Very Wet,2022-10,22,5,10,0,172.0,172.25,1.0,-0.14285714285714285,27.666742,0.0,0.1668208092485549,308,0,2
2022-10-08 22:06:24,FARM_01,172,28.83,88.8,0.0,Vegetative,Yes,Poor,9982.49,-12.38,Very Wet,2022-10,22,5,10,0,171.66666666666666,172.16666666666666,0.0,-0.2,27.916472,0.0,0.16664739884393062,308,0,2
2022-10-08 22:06:24,FARM_01,173,28.81,70.6,0.0,Vegetative,Yes,Poor,9982.48,-12.38,Very Wet,2022-10,22,5,10,0,172.33333333333334,172.16666666666666,1.0,0.08571428571428572,26.415222999999997,0.0,0.16557471264367815,307,0,2
2022-10-08 22:06:24,FARM_01,172,28.79,74.7,0.0,Vegetative,Yes,Poor,9982.52,-12.38,Very Wet,2022-10,22,5,10,0,172.33333333333334,172.25,-1.0,0.02857142857142857,26.7319715,0.0,0.16641618497109825,308,0,2
2022-10-08 22:06:24,FARM_01,173,28.78,78.7,0.0,Vegetative,Yes,Poor,9982.14,-12.41,Very Wet,2022-10,22,5,10,0,172.66666666666666,172.33333333333334,1.0,0.3142857142857143,27.048523000000003,0.0,0.16540229885057472,307,0,2
2022-10-08 22:06:24,FARM_01,172,28.76,87.4,0.0,Vegetative,Yes,Poor,9982.17,-12.4,Very Wet,2022-10,22,5,10,0,172.33333333333334,172.25,-1.0,0.05714285714285714,27.737132000000003,0.0,0.166242774566474,308,0,2
2022-10-08 22:06:24,FARM_01,172,28.74,70.2,0.0,Vegetative,Yes,Poor,9981.84,-12.43,Very Wet,2022-10,22,5,10,0,172.33333333333334,172.25,0.0,-0.05714285714285714,26.324113999999998,0.0,0.1661271676300578,308,0,2
2022-10-08 22:06:24,FARM_01,258,28.26,83.4,0.0,Vegetative,No,Good,9982.42,-12.38,Wet,2022-10,22,5,10,0,200.66666666666666,179.41666666666666,86.0,12.114285714285714,26.958062,0.0,0.10911196911196912,222,0,3
2022-10-08 22:06:24,FARM_01,172,28.69,75.7,0.0,Vegetative,Yes,Poor,9981.53,-12.46,Very Wet,2022-10,22,5,10,0,200.66666666666666,179.33333333333334,-86.0,7.285714285714286,26.7266815,0.0,0.16583815028901736,308,0,2
2022-10-08 22:06:24,FARM_01,170,28.65,94.5,0.0,Vegetative,Yes,Poor,9981.72,-12.44,Very Wet,2022-10,22,5,10,0,200.0,179.16666666666666,-2.0,2.0285714285714285,28.2068375,0.0,0.1675438596491228,310,0,2
2022-10-08 22:06:24,FARM_01,327,29.26,79.5,4.36,Vegetative,No,Poor,9921.51,-17.51,Dry,2022-10,22,5,10,0,223.0,192.0,157.0,19.514285714285716,27.539435,4.359999999999997,0.08920731707317074,153,0,0
2022-10-08 22:06:24,FARM_01,172,28.41,85.4,0.0,Vegetative,Yes,Poor,9980.3,-12.56,Very Wet,2022-10,22,5,10,0,223.0,192.08333333333334,-155.0,5.857142857142858,27.252877,4.359999999999997,0.16421965317919074,308,0,2
2022-10-08 22:06:24,FARM_01,172,28.52,80.5,13.43,Vegetative,No,Good,9981.09,-12.5,Very Wet,2022-10,22,5,10,0,223.66666666666666,192.08333333333334,0.0,-7.8,26.96273,17.789999999999996,0.16485549132947977,308,0,2
2022-10-08 22:06:24,FARM_01,172,28.61,81.0,0.14,Vegetative,No,Good,9981.75,-12.44,Very Wet,2022-10,22,5,10,0,172.0,192.08333333333334,0.0,-4.257142857142857,27.083255,13.569999999999997,0.1653757225433526,308,0,2
2022-10-08 22:06:24,FARM_01,173,28.59,75.2,0.0,Vegetative,Yes,Poor,9981.77,-12.44,Very Wet,2022-10,22,5,10,0,172.33333333333334,192.08333333333334,1.0,-12.857142857142858,26.599923999999998,13.569999999999997,0.16431034482758622,307,0,2
2022-10-08 22:06:24,FARM_01,173,28.57,88.2,0.0,Vegetative,Yes,Poor,9981.77,-12.44,Very Wet,2022-10,22,5,10,0,172.66666666666666,192.16666666666666,0.0,-21.914285714285715,27.624407,0.13999999999999646,0.16419540229885057,307,0,2
2022-10-08 22:06:24,FARM_01,172,28.56,87.6,13.52,Vegetative,No,Good,9981.62,-12.45,Very Wet,2022-10,22,5,10,0,172.66666666666666,192.08333333333334,-1.0,0.11428571428571428,27.567007999999998,13.519999999999996,0.16508670520231214,308,0,2
2022-10-08 22:06:24,FARM_01,171,28.4,87.3,0.0,Vegetative,Yes,Poor,9980.3,-12.56,Very Wet,2022-10,22,5,10,0,172.0,192.0,-1.0,-0.14285714285714285,27.39416,13.519999999999996,0.16511627906976745,309,0,2
2022-10-08 22:06:24,FARM_01,258,28.93,83.4,0.03,Vegetative,No,Good,9986.19,-12.07,Wet,2022-10,22,5,10,0,200.33333333333334,199.16666666666666,87.0,12.085714285714285,27.566891000000002,13.549999999999995,0.1116988416988417,222,0,3
2022-10-08 22:06:24,FARM_01,171,28.54,86.0,0.0,Vegetative,Yes,Poor,9981.42,-12.47,Very Wet,2022-10,22,5,10,0,200.0,191.91666666666666,-87.0,6.971428571428572,27.42042,0.029999999999996446,0.16593023255813952,309,0,2
2022-10-08 22:06:24,FARM_01,171,28.51,87.4,0.0,Vegetative,Yes,Poor,9981.3,-12.48,Very Wet,2022-10,22,5,10,0,200.0,191.83333333333334,0.0,2.1142857142857143,27.504457000000002,0.029999999999996446,0.16575581395348837,309,0,2
2022-10-08 22:06:24,FARM_01,171,28.42,83.2,0.0,Vegetative,Yes,Poor,9980.44,-12.55,Very Wet,2022-10,22,5,10,0,171.0,191.91666666666666,0.0,-2.6285714285714286,27.087592,0.0,0.16523255813953489,309,0,2
2022-10-08 22:06:24,FARM_01,172,28.46,82.1,0.0,Vegetative,Yes,Poor,9981.14,-12.49,Very Wet,2022-10,22,5,10,0,171.33333333333334,179.0,1.0,-7.314285714285714,27.036413,0.0,0.16450867052023121,308,0,2
2022-10-08 22:06:24,FARM_01,173,28.45,82.1,0.0,Vegetative,Yes,Poor,9980.99,-12.5,Very Wet,2022-10,22,5,10,0,172.0,179.08333333333334,1.0,-12.057142857142857,27.0273975,0.0,0.16350574712643678,307,0,2
2022-10-08 22:06:24,FARM_01,172,28.39,92.4,0.0,Vegetative,Yes,Poor,9980.46,-12.55,Very Wet,2022-10,22,5,10,0,172.33333333333334,179.08333333333334,-1.0,0.34285714285714286,27.788498,0.0,0.16410404624277458,308,0,2
2022-10-08 22:06:24,FARM_01,173,28.25,82.4,0.0,Vegetative,Yes,Poor,9980.19,-12.57,Very Wet,2022-10,22,5,10,0,172.66666666666666,179.16666666666666,1.0,0.4,26.8706,0.0,0.16235632183908047,307,0,2
2022-10-08 22:06:24,FARM_01,170,29.21,78.9,2.56,Vegetative,No,Good,9982.05,-12.41,Very Wet,2022-10,22,5,10,0,171.66666666666666,178.91666666666666,-3.0,-0.08571428571428572,27.444879500000003,2.5599999999999965,0.1708187134502924,310,0,2
2022-10-08 22:06:24,FARM_01,172,28.38,82.0,0.0,Vegetative,Yes,Poor,9980.66,-12.53,Very Wet,2022-10,22,5,10,0,171.66666666666666,178.83333333333334,2.0,-0.22857142857142856,26.95638,2.5599999999999965,0.16404624277456648,308,0,2
2022-10-08 22:06:24,FARM_01,172,28.36,90.7,5.1,Vegetative,No,Good,9980.48,-12.55,Very Wet,2022-10,22,5,10,0,171.33333333333334,178.83333333333334,0.0,-0.22857142857142856,27.625486,7.659999999999997,0.1639306358381503,308,0,2
2022-10-08 22:06:24,FARM_01,164,28.35,89.1,1.28,Vegetative,No,Good,9980.33,-12.56,Very Wet,2022-10,22,5,10,0,169.33333333333334,178.25,-8.0,-1.1714285714285715,27.4897175,6.379999999999996,0.17181818181818181,316,0,2
2022-10-08 22:06:24,FARM_01,172,28.34,94.1,2.1,Vegetative,No,Good,9980.67,-12.53,Very Wet,2022-10,22,5,10,0,169.33333333333334,171.08333333333334,8.0,-0.6571428571428571,27.874667,8.479999999999997,0.1638150289017341,308,0,2
2022-10-08 22:06:24,FARM_01,171,28.33,90.8,4.52,Vegetative,No,Good,9980.67,-12.53,Very Wet,2022-10,22,5,10,0,169.0,171.08333333333334,-1.0,-0.08571428571428572,27.604902,7.899999999999997,0.1647093023255814,309,0,2
2022-10-08 22:06:24,FARM_01,172,28.24,82.5,0.0,Vegetative,Yes,Poor,9979.84,-12.6,Very Wet,2022-10,22,5,10,0,171.66666666666666,171.16666666666666,1.0,0.14285714285714285,26.8694,6.6199999999999966,0.16323699421965318,308,0,2
2022-10-08 22:06:24,FARM_01,172,28.32,88.2,0.0,Vegetative,Yes,Poor,9980.67,-12.53,Very Wet,2022-10,22,5,10,0,171.66666666666666,171.25,0.0,0.6571428571428571,27.390632,4.519999999999997,0.16369942196531792,308,0,2
2022-10-08 22:06:24,FARM_01,172,28.3,78.2,0.0,Vegetative,Yes,Poor,9980.32,-12.56,Very Wet,2022-10,22,5,10,0,172.0,171.25,0.0,1.1714285714285715,26.585430000000002,0.0,0.16358381502890174,308,0,2
2022-10-08 22:06:24,FARM_01,171,28.47,88.3,0.0,Vegetative,Yes,Poor,9980.97,-12.51,Very Wet,2022-10,22,5,10,0,171.66666666666666,171.08333333333334,-1.0,-0.05714285714285714,27.5388555,0.0,0.16552325581395347,309,0,2
2022-10-08 22:06:24,FARM_01,171,28.29,79.1,0.0,Vegetative,Yes,Poor,9980.17,-12.57,Very Wet,2022-10,22,5,10,0,171.33333333333334,171.0,0.0,-0.08571428571428572,26.6473645,0.0,0.16447674418604652,309,0,2
2022-10-08 22:06:24,FARM_01,172,28.27,91.3,2.42,Vegetative,No,Good,9980.34,-12.56,Very Wet,2022-10,22,5,10,0,171.33333333333334,170.91666666666666,1.0,-0.11428571428571428,27.5871805,2.4199999999999973,0.16341040462427744,308,0,2
2022-10-08 22:06:24,FARM_01,171,28.27,86.4,0.0,Vegetative,Yes,Poor,9980.17,-12.57,Very Wet,2022-10,22,5,10,0,171.33333333333334,171.0,-1.0,-0.14285714285714285,27.202604,2.4199999999999973,0.16436046511627908,309,0,2
2022-10-08 22:06:24,FARM_01,172,28.26,90.7,0.0,Vegetative,Yes,Poor,9980.02,-12.59,Very Wet,2022-10,22,5,10,0,171.66666666666666,171.0,1.0,0.02857142857142857,27.530601,2.4199999999999973,0.16335260115606937,308,0,2
2022-10-08 22:06:24,FARM_01,173,28.31,77.2,0.0,Vegetative,Yes,Poor,9980.5,-12.55,Very Wet,2022-10,22,5,10,0,172.0,171.08333333333334,1.0,0.34285714285714286,26.515525999999998,0.0,0.16270114942528735,307,0,2
2022-10-08 22:06:24,FARM_01,171,28.44,86.0,0.0,Vegetative,Yes,Poor,9980.95,-12.51,Very Wet,2022-10,22,5,10,0,172.0,171.66666666666666,-2.0,0.11428571428571428,27.328120000000002,0.0,0.16534883720930232,309,0,2
2022-10-08 22:06:24,FARM_01,173,28.23,73.8,0.0,Vegetative,Yes,Poor,9979.88,-12.6,Very Wet,2022-10,22,5,10,0,172.33333333333334,171.75,2.0,0.17142857142857143,26.179457,0.0,0.16224137931034482,307,0,2
2022-10-08 22:06:24,FARM_01,172,28.23,76.0,0.0,Vegetative,Yes,Poor,9979.7,-12.61,Very Wet,2022-10,22,5,10,0,172.0,171.83333333333334,-1.0,0.17142857142857143,26.35164,0.0,0.1631791907514451,308,0,2
2022-10-08 22:06:24,FARM_01,192,28.15,81.6,0.0,Vegetative,No,Good,9978.84,-12.68,Very Wet,2022-10,22,5,10,0,179.0,173.5,20.0,2.8285714285714287,26.71802,0.0,0.14585492227979274,288,0,2
2022-10-08 22:06:24,FARM_01,172,28.2,89.3,0.0,Vegetative,Yes,Poor,9979.34,-12.64,Very Wet,2022-10,22,5,10,0,178.66666666666666,173.5,-20.0,1.6285714285714286,27.36433,0.0,0.1630057803468208,308,0,2
2022-10-08 22:06:24,FARM_01,172,28.19,87.6,0.0,Vegetative,Yes,Poor,9979.34,-12.64,Very Wet,2022-10,22,5,10,0,178.66666666666666,173.5,0.0,0.6285714285714286,27.222242,0.0,0.16294797687861273,308,0,2
2022-10-08 22:06:24,FARM_01,171,28.18,83.0,0.0,Vegetative,Yes,Poor,9979.0,-12.67,Very Wet,2022-10,22,5,10,0,171.66666666666666,173.5,-1.0,-0.8571428571428571,26.85417,0.0,0.1638372093023256,309,0,2
2022-10-08 22:06:24,FARM_01,173,28.17,89.2,0.0,Vegetative,Yes,Poor,9978.67,-12.7,Very Wet,2022-10,22,5,10,0,172.0,173.66666666666666,2.0,-1.6571428571428573,27.328302,0.0,0.16189655172413794,307,0,2
2022-10-08 22:06:24,FARM_01,169,28.78,90.1,0.0,Vegetative,Yes,Poor,9979.41,-12.64,Very Wet,2022-10,22,5,10,0,171.0,173.41666666666666,-4.0,-3.2285714285714286,27.975229,0.0,0.16929411764705882,311,0,2
2022-10-08 22:06:24,FARM_01,171,28.28,86.4,0.0,Vegetative,Yes,Poor,9980.0,-12.59,Very Wet,2022-10,22,5,10,0,171.0,173.41666666666666,2.0,-0.34285714285714286,27.211856,0.0,0.1644186046511628,309,0,2
2022-10-08 22:06:24,FARM_01,173,28.48,90.7,0.53,Vegetative,No,Good,9981.12,-12.49,Very Wet,2022-10,22,5,10,0,171.0,173.5,2.0,0.02857142857142857,27.739348,0.5299999999999974,0.16367816091954024,307,0,2
2022-10-08 22:06:24,FARM_01,171,28.21,84.6,0.0,Vegetative,Yes,Poor,9979.32,-12.64,Very Wet,2022-10,22,5,10,0,171.66666666666666,173.33333333333334,-2.0,0.05714285714285714,27.006413000000002,0.5299999999999974,0.16401162790697674,309,0,2
2022-10-08 22:06:24,FARM_01,172,28.16,84.3,0.0,Vegetative,Yes,Poor,9979.02,-12.67,Very Wet,2022-10,22,5,10,0,172.0,173.41666666666666,1.0,0.08571428571428572,26.937284,0.5299999999999974,0.16277456647398844,308,0,2
2022-10-08 22:06:24,FARM_01,238,28.12,89.7,0.0,Vegetative,No,Good,9978.52,-12.71,Wet,2022-10,22,5,10,0,193.66666666666666,178.83333333333334,66.0,9.885714285714286,27.320102000000002,0.0,0.11765690376569038,242,0,3
2022-10-08 22:06:24,FARM_01,238,28.26,80.1,0.0,Vegetative,No,Good,9979.16,-12.66,Wet,2022-10,22,5,10,0,216.0,184.33333333333334,0.0,15.17142857142857,26.699243,0.0,0.11824267782426778,242,0,3
2022-10-08 22:06:24,FARM_01,285,28.15,86.7,0.0,Vegetative,No,Poor,9978.7,-12.7,Dry,2022-10,22,5,10,0,253.66666666666666,192.08333333333334,47.0,23.62857142857143,27.1149275,0.0,0.09842657342657342,195,0,0
2022-10-08 22:06:24,FARM_01,240,29.06,79.4,3.82,Vegetative,No,Good,9980.96,-12.51,Wet,2022-10,22,5,10,0,254.33333333333334,197.75,-45.0,19.542857142857144,27.353702,3.819999999999997,0.12058091286307053,240,0,3
2022-10-08 22:06:24,FARM_01,238,29.27,72.2,0.0,Vegetative,No,Good,9981.5,-12.46,Wet,2022-10,22,5,10,0,254.33333333333334,203.25,-2.0,10.942857142857143,26.935216999999998,3.819999999999997,0.12246861924686192,242,0,3
2022-10-08 22:06:24,FARM_01,172,28.22,82.5,0.0,Vegetative,Yes,Poor,9979.32,-12.64,Very Wet,2022-10,22,5,10,0,216.66666666666666,203.33333333333334,-66.0,-10.714285714285714,26.851325,3.819999999999997,0.163121387283237,308,0,2
2022-10-08 22:06:24,FARM_01,236,29.47,85.1,0.0,Vegetative,No,Good,9982.02,-12.42,Wet,2022-10,22,5,10,0,215.33333333333334,208.58333333333334,64.0,-10.028571428571428,28.2022335,0.0,0.12434599156118142,244,0,3
2022-10-08 22:06:24,FARM_01,236,29.37,80.4,0.0,Vegetative,No,Good,9982.12,-12.41,Wet,2022-10,22,5,10,0,214.66666666666666,214.16666666666666,0.0,-9.228571428571428,27.713114,0.0,0.1239240506329114,244,0,3
2022-10-08 22:06:24,FARM_01,240,29.43,86.4,0.0,Vegetative,No,Good,9981.88,-12.43,Wet,2022-10,22,5,10,0,237.33333333333334,219.91666666666666,4.0,1.6571428571428573,28.275836,0.0,0.12211618257261411,240,0,3
2022-10-08 22:06:24,FARM_01,238,29.47,78.9,0.0,Vegetative,No,Good,9982.02,-12.42,Wet,2022-10,22,5,10,0,238.0,225.33333333333334,-2.0,5.828571428571428,27.6747065,0.0,0.12330543933054393,242,0,3
2022-10-08 22:06:24,FARM_01,238,29.49,80.1,0.44,Vegetative,No,Good,9981.81,-12.43,Wet,2022-10,22,5,10,0,238.66666666666666,230.91666666666666,0.0,9.714285714285714,27.794619499999996,0.43999999999999734,0.12338912133891212,242,0,3
2022-10-08 22:06:24,FARM_01,237,29.5,89.3,0.0,Vegetative,No,Good,9981.81,-12.43,Wet,2022-10,22,5,10,0,237.66666666666666,236.33333333333334,-1.0,0.2571428571428571,28.587825,0.43999999999999734,0.12394957983193278,243,0,3
2022-10-08 22:06:24,FARM_01,254,28.14,90.3,0.0,Vegetative,No,Good,9978.69,-12.7,Wet,2022-10,22,5,10,0,243.0,237.66666666666666,17.0,2.3142857142857145,27.385631,0.43999999999999734,0.11035294117647058,226,0,3
2022-10-08 22:06:24,FARM_01,219,29.45,79.2,0.0,Vegetative,No,Good,9982.02,-12.42,Wet,2022-10,22,5,10,0,236.66666666666666,236.08333333333334,-35.0,-1.6571428571428573,27.68252,0.0,0.13386363636363635,261,0,3
2022-10-08 22:06:24,FARM_01,193,29.42,73.5,0.0,Vegetative,No,Good,9982.05,-12.41,Very Wet,2022-10,22,5,10,0,222.0,228.41666666666666,-26.0,-7.571428571428571,27.172535,0.0,0.15164948453608249,287,0,2
2022-10-08 22:06:24,FARM_01,170,29.34,85.9,0.0,Vegetative,Yes,Poor,9982.3,-12.39,Very Wet,2022-10,22,5,10,0,194.0,222.58333333333334,-23.0,-14.485714285714286,28.150383,0.0,0.17157894736842105,310,0,2
2022-10-08 22:06:24,FARM_01,170,29.29,87.7,5.13,Vegetative,No,Good,9982.33,-12.39,Very Wet,2022-10,22,5,10,0,177.66666666666666,216.91666666666666,0.0,-17.514285714285716,28.2556315,5.129999999999997,0.17128654970760235,310,0,2
2022-10-08 22:06:24,FARM_01,170,29.17,88.9,4.49,Vegetative,No,Good,9982.08,-12.41,Very Wet,2022-10,22,5,10,0,170.0,216.75,0.0,-16.857142857142858,28.2438715,9.619999999999997,0.17058479532163745,310,0,2
2022-10-08 22:06:24,FARM_01,170,29.09,85.2,0.0,Vegetative,Yes,Poor,9981.62,-12.45,Very Wet,2022-10,22,5,10,0,170.0,211.25,0.0,-8.971428571428572,27.861674,9.619999999999997,0.17011695906432747,310,0,2
2022-10-08 22:06:24,FARM_01,169,28.16,86.9,4.09,Vegetative,No,Good,9974.73,-13.03,Very Wet,2022-10,22,5,10,0,169.66666666666666,205.66666666666666,-1.0,-3.4285714285714284,27.139772,8.579999999999998,0.16564705882352943,311,0,2
2022-10-08 22:06:24,FARM_01,169,29.05,80.2,0.0,Vegetative,Yes,Poor,9981.3,-12.48,Very Wet,2022-10,22,5,10,0,169.33333333333334,199.75,0.0,-0.22857142857142856,27.411055,4.089999999999997,0.17088235294117649,311,0,2
2022-10-08 22:06:24,FARM_01,169,29.01,86.5,6.19,Vegetative,No,Good,9981.19,-12.49,Very Wet,2022-10,22,5,10,0,169.0,194.0,0.0,-0.2571428571428571,27.8955075,10.279999999999998,0.17064705882352943,311,0,2
2022-10-08 22:06:24,FARM_01,170,28.97,86.5,0.0,Vegetative,Yes,Poor,9980.67,-12.53,Very Wet,2022-10,22,5,10,0,169.33333333333334,188.33333333333334,1.0,-0.08571428571428572,27.8584775,6.189999999999998,0.16941520467836257,310,0,2
2022-10-08 22:06:24,FARM_01,170,28.93,82.7,6.0,Vegetative,No,Good,9980.53,-12.54,Very Wet,2022-10,22,5,10,0,169.66666666666666,182.75,0.0,0.08571428571428572,27.5094105,12.189999999999998,0.1691812865497076,310,0,2
2022-10-08 22:06:24,FARM_01,169,28.9,80.2,0.0,Vegetative,Yes,Poor,9980.06,-12.58,Very Wet,2022-10,22,5,10,0,169.66666666666666,175.66666666666666,-1.0,0.11428571428571428,27.27739,5.999999999999997,0.16999999999999998,311,0,2
2022-10-08 22:06:24,FARM_01,170,28.59,90.2,0.0,Vegetative,Yes,Poor,9978.0,-12.75,Very Wet,2022-10,22,5,10,0,169.66666666666666,171.58333333333334,1.0,0.14285714285714285,27.803599,5.999999999999997,0.16719298245614034,310,0,2
2022-10-08 22:06:24,FARM_01,168,28.62,81.9,0.0,Vegetative,Yes,Poor,9978.66,-12.7,Very Wet,2022-10,22,5,10,0,169.0,169.5,-2.0,-0.17142857142857143,27.164579,0.0,0.1693491124260355,312,0,2
2022-10-08 22:06:24,FARM_01,237,29.14,91.5,0.0,Vegetative,No,Good,9981.08,-12.5,Wet,2022-10,22,5,10,0,191.66666666666666,175.08333333333334,69.0,9.428571428571429,28.432205,0.0,0.12243697478991597,243,0,3
2022-10-08 22:06:24,FARM_01,238,28.86,80.4,5.18,Vegetative,No,Good,9980.92,-12.51,Wet,2022-10,22,5,10,0,214.33333333333334,180.75,1.0,15.485714285714286,27.258092,5.179999999999997,0.1207531380753138,242,0,3
2022-10-08 22:06:24,FARM_01,169,28.75,78.9,0.0,Vegetative,Yes,Poor,9979.08,-12.66,Very Wet,2022-10,22,5,10,0,214.66666666666666,180.66666666666666,-69.0,7.8,27.038262500000002,5.179999999999997,0.16911764705882354,311,0,2
2022-10-08 22:06:24,FARM_01,169,28.72,84.5,0.0,Vegetative,Yes,Poor,9979.11,-12.66,Very Wet,2022-10,22,5,10,0,192.0,180.58333333333334,0.0,-0.02857142857142857,27.46512,5.179999999999997,0.16894117647058823,311,0,2
2022-10-08 22:06:24,FARM_01,169,28.69,88.1,0.0,Vegetative,Yes,Poor,9978.95,-12.68,Very Wet,2022-10,22,5,10,0,169.0,180.58333333333334,0.0,-7.6571428571428575,27.7285395,0.0,0.16876470588235296,311,0,2
2022-10-08 22:06:24,FARM_01,168,28.19,91.4,3.14,Vegetative,No,Good,9974.89,-13.02,Very Wet,2022-10,22,5,10,0,168.66666666666666,180.5,-1.0,-15.771428571428572,27.518813,3.1399999999999975,0.16680473372781066,312,0,2
2022-10-08 22:06:24,FARM_01,170,28.81,80.1,0.0,Vegetative,Yes,Poor,9979.92,-12.59,Very Wet,2022-10,22,5,10,0,169.0,180.58333333333334,2.0,-9.8,27.1890455,3.1399999999999975,0.16847953216374267,310,0,2
2022-10-08 22:06:24,FARM_01,170,28.57,87.3,0.0,Vegetative,Yes,Poor,9978.19,-12.74,Very Wet,2022-10,22,5,10,0,169.33333333333334,180.58333333333334,0.0,0.2,27.5522855,3.1399999999999975,0.16707602339181288,310,0,2
2022-10-08 22:06:24,FARM_01,169,28.56,95.2,0.0,Vegetative,Yes,Poor,9978.19,-12.74,Very Wet,2022-10,22,5,10,0,169.66666666666666,180.5,-1.0,0.14285714285714285,28.175615999999998,0.0,0.16799999999999998,311,0,2
2022-10-08 22:06:24,FARM_01,170,28.32,90.8,15.44,Vegetative,No,Good,9976.05,-12.92,Very Wet,2022-10,22,5,10,0,169.66666666666666,180.58333333333334,1.0,0.22857142857142856,27.595408,15.439999999999998,0.1656140350877193,310,0,2
2022-10-08 22:06:24,FARM_01,170,28.3,88.7,0.0,Vegetative,Yes,Poor,9976.05,-12.92,Very Wet,2022-10,22,5,10,0,169.66666666666666,180.58333333333334,0.0,0.2571428571428571,27.411255,15.439999999999996,0.1654970760233918,310,0,2
2022-10-08 22:06:24,FARM_01,169,28.54,83.8,0.0,Vegetative,Yes,Poor,9978.02,-12.75,Very Wet,2022-10,22,5,10,0,169.66666666666666,180.66666666666666,-1.0,-0.11428571428571428,27.244486,15.439999999999996,0.16788235294117645,311,0,2
2022-10-08 22:06:24,FARM_01,170,28.52,83.3,0.87,Vegetative,No,Good,9978.02,-12.75,Very Wet,2022-10,22,5,10,0,169.66666666666666,175.08333333333334,1.0,0.0,27.186338,0.8699999999999964,0.16678362573099415,310,0,2
2022-10-08 22:06:24,FARM_01,169,28.5,85.9,1.77,Vegetative,No,Good,9977.87,-12.77,Very Wet,2022-10,22,5,10,0,169.33333333333334,169.33333333333334,-1.0,-0.02857142857142857,27.375525,2.6399999999999966,0.1676470588235294,311,0,2
2022-10-08 22:06:24,FARM_01,169,28.48,81.7,0.0,Vegetative,Yes,Poor,9977.35,-12.81,Very Wet,2022-10,22,5,10,0,169.33333333333334,169.33333333333334,0.0,-0.2,27.022588,2.6399999999999966,0.16752941176470587,311,0,2
2022-10-08 22:06:24,FARM_01,170,28.46,88.6,0.0,Vegetative,Yes,Poor,9977.38,-12.81,Very Wet,2022-10,22,5,10,0,169.33333333333334,169.41666666666666,1.0,-0.02857142857142857,27.553358,1.7699999999999965,0.1664327485380117,310,0,2
2022-10-08 22:06:24,FARM_01,170,28.45,80.5,3.77,Vegetative,No,Good,9977.05,-12.84,Very Wet,2022-10,22,5,10,0,169.66666666666666,169.5,0.0,0.14285714285714285,26.9002375,3.7699999999999965,0.16637426900584795,310,0,2
2022-10-08 22:06:24,FARM_01,169,28.43,87.4,0.0,Vegetative,Yes,Poor,9977.37,-12.81,Very Wet,2022-10,22,5,10,0,169.66666666666666,169.58333333333334,-1.0,-0.02857142857142857,27.430001,3.7699999999999965,0.16723529411764707,311,0,2
2022-10-08 22:06:24,FARM_01,168,28.4,85.7,0.0,Vegetative,Yes,Poor,9976.88,-12.85,Very Wet,2022-10,22,5,10,0,169.0,169.41666666666666,-1.0,-0.14285714285714285,27.267439999999997,3.7699999999999965,0.1680473372781065,312,0,2
2022-10-08 22:06:24,FARM_01,169,28.38,82.1,0.0,Vegetative,Yes,Poor,9976.72,-12.86,Very Wet,2022-10,22,5,10,0,168.66666666666666,169.33333333333334,1.0,-0.2,26.964288999999997,0.0,0.16694117647058823,311,0,2
2022-10-08 22:06:24,FARM_01,170,28.37,84.6,0.0,Vegetative,Yes,Poor,9976.38,-12.89,Very Wet,2022-10,22,5,10,0,169.0,169.41666666666666,1.0,-0.11428571428571428,27.152861,0.0,0.16590643274853803,310,0,2
2022-10-08 22:06:24,FARM_01,169,28.36,88.7,0.0,Vegetative,Yes,Poor,9976.38,-12.89,Very Wet,2022-10,22,5,10,0,169.33333333333334,169.33333333333334,-1.0,-0.02857142857142857,27.467526,0.0,0.1668235294117647,311,0,2
2022-10-08 22:06:24,FARM_01,169,28.35,78.0,0.0,Vegetative,Yes,Poor,9976.4,-12.89,Very Wet,2022-10,22,5,10,0,169.33333333333334,169.25,0.0,0.11428571428571428,26.61365,0.0,0.16676470588235295,311,0,2
2022-10-08 22:06:24,FARM_01,169,28.33,90.6,0.0,Vegetative,Yes,Poor,9976.22,-12.91,Very Wet,2022-10,22,5,10,0,169.0,169.25,0.0,0.11428571428571428,27.589138999999996,0.0,0.1666470588235294,311,0,2
2022-10-08 22:06:24,FARM_01,170,28.64,88.3,0.0,Vegetative,Yes,Poor,9978.81,-12.69,Very Wet,2022-10,22,5,10,0,169.33333333333334,169.25,1.0,0.05714285714285714,27.697916,0.0,0.16748538011695907,310,0,2
2022-10-08 22:06:24,FARM_01,258,29.36,77.8,0.0,Vegetative,No,Good,9986.92,-12.0,Wet,2022-10,22,5,10,0,199.0,176.66666666666666,88.0,12.657142857142857,27.484544,0.0,0.11335907335907336,222,0,3
2022-10-08 22:06:24,FARM_01,170,28.31,86.8,0.0,Vegetative,Yes,Poor,9976.39,-12.89,Very Wet,2022-10,22,5,10,0,199.33333333333334,176.75,-88.0,7.8,27.271093999999998,0.0,0.16555555555555554,310,0,2
2022-10-08 22:06:24,FARM_01,176,28.63,86.9,0.0,Vegetative,No,Good,9981.75,-12.44,Very Wet,2022-10,22,5,10,0,201.33333333333334,177.25,6.0,3.6,27.5759085,0.0,0.16175141242937852,304,0,2
2022-10-08 22:06:24,FARM_01,169,28.22,87.7,6.82,Vegetative,No,Good,9975.05,-13.0,Very Wet,2022-10,22,5,10,0,171.66666666666666,177.16666666666666,-7.0,-2.0,27.258017,6.819999999999997,0.16599999999999998,311,0,2
2022-10-08 22:06:24,FARM_01,169,28.27,80.7,0.0,Vegetative,Yes,Poor,9975.89,-12.93,Very Wet,2022-10,22,5,10,0,171.33333333333334,177.16666666666666,0.0,-7.6,26.7552395,6.819999999999997,0.16629411764705881,311,0,2
2022-10-08 22:06:24,FARM_01,169,28.26,86.4,0.0,Vegetative,Yes,Poor,9975.74,-12.95,Very Wet,2022-10,22,5,10,0,169.0,177.25,0.0,-13.0,27.193352,6.819999999999997,0.16623529411764706,311,0,2
2022-10-08 22:06:24,FARM_01,170,28.25,79.0,4.37,Vegetative,No,Good,9975.57,-12.96,Very Wet,2022-10,22,5,10,0,169.33333333333334,177.33333333333334,1.0,-0.6,26.604125,4.3699999999999966,0.1652046783625731,310,0,2
2022-10-08 22:06:24,FARM_01,170,28.24,90.2,0.0,Vegetative,Yes,Poor,9975.91,-12.93,Very Wet,2022-10,22,5,10,0,169.66666666666666,177.33333333333334,0.0,-0.7714285714285715,27.472464,4.3699999999999966,0.16514619883040935,310,0,2
2022-10-08 22:06:24,FARM_01,169,28.23,78.0,0.0,Vegetative,Yes,Poor,9975.59,-12.96,Very Wet,2022-10,22,5,10,0,169.66666666666666,177.33333333333334,-1.0,0.11428571428571428,26.50817,4.3699999999999966,0.16605882352941176,311,0,2
2022-10-08 22:06:24,FARM_01,170,28.16,87.5,0.0,Vegetative,Yes,Poor,9975.08,-13.0,Very Wet,2022-10,22,5,10,0,169.66666666666666,177.41666666666666,1.0,0.14285714285714285,27.1865,0.0,0.16467836257309942,310,0,2
2022-10-08 22:06:24,FARM_01,169,28.67,86.1,0.0,Vegetative,Yes,Poor,9978.95,-12.68,Very Wet,2022-10,22,5,10,0,169.33333333333334,177.41666666666666,-1.0,-0.02857142857142857,27.5484785,0.0,0.16864705882352943,311,0,2
2022-10-08 22:06:24,FARM_01,239,28.13,87.4,3.34,Vegetative,No,Good,9978.86,-12.68,Wet,2022-10,22,5,10,0,192.66666666666666,183.16666666666666,70.0,9.8,27.150790999999998,3.3399999999999963,0.11720833333333333,241,0,3
2022-10-08 22:06:24,FARM_01,169,28.15,84.8,0.0,Vegetative,Yes,Poor,9974.73,-13.03,Very Wet,2022-10,22,5,10,0,192.33333333333334,175.75,-70.0,5.828571428571428,26.96706,3.3399999999999963,0.16558823529411765,311,0,2
2022-10-08 22:06:24,FARM_01,171,29.22,85.8,0.0,Vegetative,Yes,Poor,9974.33,-13.06,Very Wet,2022-10,22,5,10,0,193.0,175.83333333333334,2.0,2.2,28.031318,3.3399999999999963,0.16988372093023255,309,0,2
2022-10-08 22:06:24,FARM_01,170,28.18,91.4,0.0,Vegetative,Yes,Poor,9974.72,-13.03,Very Wet,2022-10,22,5,10,0,170.0,175.33333333333334,-1.0,-1.8285714285714285,27.509286,0.0,0.1647953216374269,310,0,2
2022-10-08 22:06:24,FARM_01,170,28.17,86.6,0.0,Vegetative,Yes,Poor,9974.91,-13.02,Very Wet,2022-10,22,5,10,0,170.33333333333334,175.41666666666666,0.0,-5.714285714285714,27.125671,0.0,0.16473684210526318,310,0,2
2022-10-08 22:06:24,FARM_01,169,28.21,82.6,0.0,Vegetative,Yes,Poor,9974.88,-13.02,Very Wet,2022-10,22,5,10,0,169.66666666666666,175.41666666666666,-1.0,-9.942857142857143,26.850103,0.0,0.16594117647058823,311,0,2
2022-10-08 22:06:24,FARM_01,170,28.14,77.0,0.0,Vegetative,Yes,Poor,9974.59,-13.04,Very Wet,2022-10,22,5,10,0,169.66666666666666,175.5,1.0,-0.02857142857142857,26.35129,0.0,0.16456140350877194,310,0,2
2022-10-08 22:06:24,FARM_01,170,28.13,87.1,1.22,Vegetative,No,Good,9974.24,-13.07,Very Wet,2022-10,22,5,10,0,169.66666666666666,175.5,0.0,-0.17142857142857143,27.1274765,1.2199999999999964,0.16450292397660818,310,0,2
2022-10-08 22:06:24,FARM_01,170,28.05,82.1,0.0,Vegetative,Yes,Poor,9974.09,-13.08,Very Wet,2022-10,22,5,10,0,170.0,175.5,0.0,0.02857142857142857,26.6667775,1.2199999999999964,0.16403508771929826,310,0,2
2022-10-08 22:06:24,FARM_01,170,28.28,77.0,0.0,Vegetative,Yes,Poor,9976.23,-12.9,Very Wet,2022-10,22,5,10,0,170.0,175.58333333333334,0.0,0.08571428571428572,26.473580000000002,1.2199999999999964,0.16538011695906432,310,0,2
2022-10-08 22:06:24,FARM_01,176,28.13,78.2,0.0,Vegetative,No,Good,9974.41,-13.06,Very Wet,2022-10,22,5,10,0,172.0,176.08333333333334,6.0,1.0,26.435813,0.0,0.15892655367231637,304,0,2
2022-10-08 22:06:24,FARM_01,170,28.12,80.2,0.0,Vegetative,Yes,Poor,9974.41,-13.06,Very Wet,2022-10,22,5,10,0,172.0,176.16666666666666,-6.0,0.5142857142857142,26.582332,0.0,0.16444444444444445,310,0,2
2022-10-08 22:06:24,FARM_01,169,28.11,79.0,3.16,Vegetative,No,Good,9974.27,-13.07,Very Wet,2022-10,22,5,10,0,171.66666666666666,170.33333333333334,-1.0,0.02857142857142857,26.480294999999998,3.1599999999999966,0.1653529411764706,311,0,2
2022-10-08 22:06:24,FARM_01,170,28.11,74.1,0.0,Vegetative,Yes,Poor,9974.43,-13.06,Very Wet,2022-10,22,5,10,0,169.66666666666666,170.41666666666666,1.0,-0.2571428571428571,26.1000305,3.1599999999999966,0.1643859649122807,310,0,2
2022-10-08 22:06:24,FARM_01,169,28.1,90.3,0.0,Vegetative,Yes,Poor,9973.89,-13.1,Very Wet,2022-10,22,5,10,0,169.33333333333334,170.25,-1.0,-0.6857142857142857,27.347765000000003,3.1599999999999966,0.16529411764705884,311,0,2
2022-10-08 22:06:24,FARM_01,170,28.09,80.9,1.06,Vegetative,No,Good,9973.89,-13.1,Very Wet,2022-10,22,5,10,0,169.66666666666666,170.25,1.0,-0.9142857142857143,26.6098455,1.0599999999999965,0.1642690058479532,310,0,2
2022-10-08 22:06:24,FARM_01,169,28.08,89.3,0.0,Vegetative,Yes,Poor,9973.57,-13.13,Very Wet,2022-10,22,5,10,0,169.33333333333334,170.16666666666666,-1.0,-0.08571428571428572,27.251392,1.0599999999999965,0.16517647058823529,311,0,2
2022-10-08 22:06:24,FARM_01,170,28.08,82.7,0.0,Vegetative,Yes,Poor,9973.22,-13.16,Very Wet,2022-10,22,5,10,0,169.66666666666666,170.25,1.0,0.08571428571428572,26.740288,1.0599999999999965,0.16421052631578947,310,0,2
2022-10-08 22:06:24,FARM_01,169,28.07,82.0,0.0,Vegetative,Yes,Poor,9973.39,-13.14,Very Wet,2022-10,22,5,10,0,169.33333333333334,170.16666666666666,-1.0,-0.08571428571428572,26.67707,0.0,0.16511764705882354,311,0,2
2022-10-08 22:06:24,FARM_01,168,28.07,80.2,4.54,Vegetative,No,Good,9973.73,-13.11,Very Wet,2022-10,22,5,10,0,169.0,170.0,-1.0,-0.2,26.537777000000002,4.5399999999999965,0.16609467455621302,312,0,2
2022-10-08 22:06:24,FARM_01,170,28.07,87.0,0.29,Vegetative,No,Good,9973.91,-13.1,Very Wet,2022-10,22,5,10,0,169.0,170.0,2.0,-0.11428571428571428,27.063995,4.8299999999999965,0.16415204678362574,310,0,2
2022-10-08 22:06:24,FARM_01,170,28.06,85.0,0.0,Vegetative,Yes,Poor,9973.91,-13.1,Very Wet,2022-10,22,5,10,0,169.33333333333334,170.0,0.0,0.11428571428571428,26.90005,4.8299999999999965,0.16409356725146199,310,0,2
2022-10-08 22:06:24,FARM_01,170,28.29,83.8,12.1,Vegetative,No,Good,9976.23,-12.9,Very Wet,2022-10,22,5,10,0,170.0,169.5,0.0,0.14285714285714285,27.016761,12.389999999999997,0.16543859649122805,310,0,2
2022-10-08 22:06:24,FARM_01,176,29.27,80.7,0.0,Vegetative,No,Good,9986.64,-12.03,Very Wet,2022-10,22,5,10,0,172.0,170.0,6.0,1.1714285714285715,27.6490895,12.099999999999996,0.16536723163841807,304,0,2
2022-10-08 22:06:24,FARM_01,170,28.04,77.5,0.0,Vegetative,Yes,Poor,9974.27,-13.07,Very Wet,2022-10,22,5,10,0,172.0,170.08333333333334,-6.0,0.8,26.30255,12.099999999999996,0.1639766081871345,310,0,2
2022-10-08 22:06:24,FARM_01,377,29.59,83.8,0.0,Vegetative,No,Poor,9976.25,-12.9,Very Dry,2022-10,22,5,10,0,241.0,187.33333333333334,207.0,29.742857142857144,28.200931,0.0,0.07828042328042328,103,0,1
2022-10-08 22:06:24,FARM_01,386,29.63,89.6,0.0,Vegetative,No,Poor,9976.73,-12.86,Very Dry,2022-10,22,5,10,0,311.0,205.41666666666666,9.0,48.42857142857143,28.735964,0.0,0.07656330749354005,94,0,1
2022-10-08 22:06:24,FARM_01,285,29.58,73.9,0.0,Vegetative,No,Poor,9976.94,-12.84,Dry,2022-10,22,5,10,0,349.3333333333333,215.0,-101.0,40.34285714285714,27.343491,0.0,0.10342657342657342,195,0,0
2022-10-08 22:06:24,FARM_01,170,28.48,86.3,1.96,Vegetative,No,Good,9975.12,-13.0,Very Wet,2022-10,22,5,10,0,280.3333333333333,215.08333333333334,-115.0,9.257142857142858,27.388932,1.9599999999999964,0.1665497076023392,310,0,2
2022-10-08 22:06:24,FARM_01,170,29.1,77.5,2.33,Vegetative,No,Good,9976.48,-12.88,Very Wet,2022-10,22,5,10,0,208.33333333333334,215.08333333333334,0.0,-20.62857142857143,27.231375,4.2899999999999965,0.17017543859649123,310,0,2
2022-10-08 22:06:24,FARM_01,384,29.56,100.0,0.0,Vegetative,No,Poor,9975.91,-12.93,Very Dry,2022-10,22,5,10,0,241.33333333333334,233.0,214.0,-20.8,29.56,4.2899999999999965,0.07677922077922078,96,0,1
2022-10-08 22:06:24,FARM_01,169,28.2,87.7,0.3,Vegetative,No,Good,9974.89,-13.02,Very Wet,2022-10,22,5,10,0,241.0,233.08333333333334,-215.0,-22.514285714285716,27.23937,2.6299999999999963,0.16588235294117645,311,0,2
2022-10-08 22:06:24,FARM_01,170,28.2,89.2,0.0,Vegetative,Yes,Poor,9974.89,-13.02,Very Wet,2022-10,22,5,10,0,241.0,233.08333333333334,1.0,-10.4,27.35652,0.29999999999999644,0.16491228070175437,310,0,2
2022-10-08 22:06:24,FARM_01,171,29.03,78.2,17.46,Vegetative,No,Good,9975.34,-12.98,Very Wet,2022-10,22,5,10,0,170.0,233.16666666666666,1.0,-6.0,27.227903,17.759999999999998,0.16877906976744186,309,0,2
2022-10-08 22:06:24,FARM_01,323,29.49,91.4,0.0,Vegetative,No,Poor,9977.02,-12.84,Dry,2022-10,22,5,10,0,221.33333333333334,245.91666666666666,152.0,3.6285714285714286,28.757323,17.459999999999997,0.09101851851851851,157,0,0
2022-10-08 22:06:24,FARM_01,480,29.64,86.1,0.0,Vegetative,No,Poor,9976.53,-12.88,Very Dry,2022-10,22,5,10,0,324.6666666666667,271.25,157.0,26.942857142857143,28.444322,17.459999999999997,0.061621621621621624,0,0,1
2022-10-08 22:06:24,FARM_01,278,29.7,80.0,0.74,Vegetative,No,Poor,9977.17,-12.83,Dry,2022-10,22,5,10,0,360.3333333333333,280.25,-202.0,46.48571428571429,27.973,0.7399999999999964,0.1064516129032258,202,0,0
2022-10-08 22:06:24,FARM_01,243,29.7,91.8,0.0,Vegetative,No,Good,9976.83,-12.85,Wet,2022-10,22,5,10,0,333.6666666666667,269.0833333333333,-35.0,24.085714285714285,28.99193,0.7399999999999964,0.12172131147540984,237,0,3
2022-10-08 22:06:24,FARM_01,380,29.04,96.3,0.23,Vegetative,No,Poor,9974.99,-13.01,Very Dry,2022-10,22,5,10,0,300.3333333333333,268.5833333333333,137.0,17.228571428571428,28.733936,0.9699999999999964,0.07622047244094488,100,0,1
2022-10-08 22:06:24,FARM_01,386,29.11,84.2,0.0,Vegetative,No,Poor,9975.59,-12.96,Very Dry,2022-10,22,5,10,0,336.3333333333333,277.0,6.0,-0.5714285714285714,27.796941,0.22999999999999646,0.07521963824289406,94,0,1
2022-10-08 22:06:24,FARM_01,322,29.41,85.3,7.81,Vegetative,No,Poor,9974.86,-13.02,Dry,2022-10,22,5,10,0,362.6666666666667,289.6666666666667,-64.0,-9.399999999999999,28.1641015,8.039999999999996,0.09105263157894737,158,0,0
2022-10-08 22:06:24,FARM_01,380,29.19,74.6,0.0,Vegetative,No,Poor,9974.53,-13.05,Very Dry,2022-10,22,5,10,0,362.6666666666667,307.1666666666667,58.0,21.514285714285716,27.067957,7.809999999999996,0.07661417322834646,100,0,1
2022-10-08 22:06:24,FARM_01,379,29.52,80.4,0.0,Vegetative,No,Poor,9975.44,-12.97,Very Dry,2022-10,22,5,10,0,360.3333333333333,306.75,-1.0,17.6,27.846944,7.809999999999996,0.07768421052631579,101,0,1
2022-10-08 22:06:24,FARM_01,380,29.49,88.9,0.0,Vegetative,No,Poor,9975.3,-12.98,Very Dry,2022-10,22,5,10,0,379.6666666666667,324.3333333333333,1.0,1.0571428571428572,28.5443355,0.0,0.0774015748031496,100,0,1
2022-10-08 22:06:24,FARM_01,383,29.45,73.0,0.0,Vegetative,No,Poor,9975.34,-12.98,Very Dry,2022-10,22,5,10,0,380.6666666666667,342.0833333333333,3.0,4.514285714285714,27.155675,0.0,0.07669270833333333,97,0,1
2022-10-08 22:06:24,FARM_01,382,29.42,78.6,0.0,Vegetative,No,Poor,9975.2,-12.99,Very Dry,2022-10,22,5,10,0,381.6666666666667,359.6666666666667,-1.0,8.857142857142858,27.605066,0.0,0.07681462140992168,98,0,1
2022-10-08 22:06:24,FARM_01,383,29.07,83.8,0.0,Vegetative,No,Poor,9975.14,-13.0,Very Dry,2022-10,22,5,10,0,382.6666666666667,364.6666666666667,1.0,0.7714285714285715,27.727263,0.0,0.075703125,97,0,1
2022-10-08 22:06:24,FARM_01,381,29.38,90.0,2.79,Vegetative,No,Poor,9975.41,-12.97,Very Dry,2022-10,22,5,10,0,382.0,356.4166666666667,-2.0,0.5142857142857142,28.5341,2.7899999999999965,0.0769109947643979,99,0,1
2022-10-08 22:06:24,FARM_01,382,29.3,87.6,0.0,Vegetative,No,Poor,9975.47,-12.97,Very Dry,2022-10,22,5,10,0,382.0,365.0833333333333,1.0,0.14285714285714285,28.25654,2.7899999999999965,0.07650130548302872,98,0,1
2022-10-08 22:06:24,FARM_01,315,29.7,80.4,0.71,Vegetative,No,Poor,9977.34,-12.81,Dry,2022-10,22,5,10,0,359.3333333333333,371.0833333333333,-67.0,-9.771428571428572,28.00754,3.4999999999999964,0.0939873417721519,165,0,0
2022-10-08 22:06:24,FARM_01,393,29.27,81.5,1.59,Vegetative,No,Poor,9975.84,-12.94,Very Dry,2022-10,22,5,10,0,363.3333333333333,372.1666666666667,78.0,-4.228571428571429,27.7162775,2.2999999999999963,0.07428934010152284,87,0,1
2022-10-08 22:06:24,FARM_01,383,29.21,76.5,0.69,Vegetative,No,Poor,9975.7,-12.95,Very Dry,2022-10,22,5,10,0,363.6666666666667,371.9166666666667,-10.0,-0.8857142857142857,27.244107500000002,2.9899999999999967,0.07606770833333333,97,0,1
2022-10-08 22:06:24,FARM_01,383,29.18,93.2,2.26,Vegetative,No,Poor,9975.73,-12.95,Very Dry,2022-10,22,5,10,0,386.3333333333333,377.0,0.0,2.6,28.612268,4.5399999999999965,0.07598958333333333,97,0,1
2022-10-08 22:06:24,FARM_01,383,29.14,89.7,0.0,Vegetative,No,Poor,9975.59,-12.96,Very Dry,2022-10,22,5,10,0,383.0,377.25,0.0,5.685714285714286,28.282319,2.9499999999999966,0.07588541666666666,97,0,1
2022-10-08 22:06:24,FARM_01,382,29.34,87.1,0.5,Vegetative,No,Poor,9975.58,-12.96,Very Dry,2022-10,22,5,10,0,382.6666666666667,377.5,-1.0,8.714285714285714,28.251627,2.7599999999999962,0.07660574412532636,98,0,1
2022-10-08 22:06:24,FARM_01,286,29.68,89.9,0.0,Vegetative,No,Poor,9976.86,-12.85,Dry,2022-10,22,5,10,0,350.3333333333333,369.6666666666667,-96.0,-15.371428571428572,28.808976,0.49999999999999645,0.10341463414634146,194,0,0
2022-10-08 22:06:24,FARM_01,477,29.66,83.4,2.32,Vegetative,No,Poor,9976.66,-12.87,Very Dry,2022-10,22,5,10,0,381.6666666666667,377.5,191.0,5.085714285714285,28.230242,2.8199999999999963,0.06205020920502092,3,0,1
2022-10-08 22:06:24,FARM_01,380,29.01,89.4,0.0,Vegetative,No,Poor,9974.67,-13.04,Very Dry,2022-10,22,5,10,0,381.0,377.3333333333333,-97.0,4.885714285714286,28.134917,2.3199999999999963,0.07614173228346457,100,0,1
2022-10-08 22:06:24,FARM_01,383,28.92,90.7,0.0,Vegetative,No,Poor,9974.22,-13.07,Very Dry,2022-10,22,5,10,0,413.3333333333333,377.3333333333333,3.0,5.285714285714286,28.156842,2.3199999999999963,0.0753125,97,0,1
2022-10-08 22:06:24,FARM_01,381,28.77,84.0,0.0,Vegetative,No,Poor,9973.95,-13.1,Very Dry,2022-10,22,5,10,0,381.3333333333333,377.3333333333333,-2.0,5.4,27.47024,0.0,0.07531413612565445,99,0,1
2022-10-08 22:06:24,FARM_01,383,28.91,85.1,0.0,Vegetative,No,Poor,9974.22,-13.07,Very Dry,2022-10,22,5,10,0,382.3333333333333,377.4166666666667,2.0,5.714285714285714,27.688125499999998,0.0,0.07528645833333333,97,0,1
2022-10-08 22:06:24,FARM_01,382,28.88,85.1,0.0,Vegetative,No,Poor,9974.05,-13.09,Very Dry,2022-10,22,5,10,0,382.0,383.0,-1.0,-13.371428571428572,27.660584,0.0,0.07540469973890339,98,0,1
2022-10-08 22:06:24,FARM_01,383,28.86,84.4,0.0,Vegetative,No,Poor,9973.73,-13.11,Very Dry,2022-10,22,5,10,0,382.6666666666667,382.1666666666667,1.0,0.4,27.585012,0.0,0.07515625,97,0,1
2022-10-08 22:06:24,FARM_01,381,28.83,88.9,5.25,Vegetative,No,Poor,9973.92,-13.1,Very Dry,2022-10,22,5,10,0,382.0,382.0,-2.0,-0.14285714285714285,27.924628499999997,5.2499999999999964,0.07547120418848167,99,0,1
2022-10-08 22:06:24,FARM_01,378,29.25,75.7,3.05,Vegetative,No,Poor,9975.7,-12.95,Very Dry,2022-10,22,5,10,0,380.6666666666667,381.5833333333333,-3.0,-0.5714285714285714,27.2118375,8.299999999999997,0.07717678100263853,102,0,1
2022-10-08 22:06:24,FARM_01,381,28.62,84.4,1.02,Vegetative,No,Poor,9973.36,-13.15,Very Dry,2022-10,22,5,10,0,380.0,381.4166666666667,3.0,-0.6857142857142857,27.365604,9.319999999999997,0.07492146596858638,99,0,1
2022-10-08 22:06:24,FARM_01,381,28.75,89.9,0.0,Vegetative,No,Poor,9973.46,-13.14,Very Dry,2022-10,22,5,10,0,380.0,381.3333333333333,0.0,-0.4,27.9306375,4.069999999999997,0.07526178010471204,99,0,1
2022-10-08 22:06:24,FARM_01,377,28.63,86.5,0.0,Vegetative,No,Poor,9973.16,-13.16,Very Dry,2022-10,22,5,10,0,379.6666666666667,388.9166666666667,-4.0,-0.7714285714285715,27.543722499999998,1.0199999999999965,0.07574074074074073,103,0,1
2022-10-08 22:06:24,FARM_01,383,28.71,87.8,0.0,Vegetative,No,Poor,9973.31,-13.15,Very Dry,2022-10,22,5,10,0,380.3333333333333,381.0833333333333,6.0,0.2,27.722959,0.0,0.074765625,97,0,1
2022-10-08 22:06:24,FARM_01,384,28.7,88.5,0.0,Vegetative,No,Poor,9974.68,-13.15,Very Dry,2022-10,22,5,10,0,381.3333333333333,381.4166666666667,1.0,0.9142857142857143,27.770225,0.0,0.07454545454545454,96,0,1
2022-10-08 22:06:24,FARM_01,382,28.68,78.5,0.0,Vegetative,No,Poor,9973.16,-13.16,Very Dry,2022-10,22,5,10,0,383.0,381.3333333333333,-2.0,0.5714285714285714,26.94409,0.0,0.07488250652741514,98,0,1
2022-10-08 22:06:24,FARM_01,379,28.59,79.2,0.0,Vegetative,No,Poor,9973.55,-13.13,Very Dry,2022-10,22,5,10,0,381.6666666666667,381.1666666666667,-3.0,0.17142857142857143,26.920904,0.0,0.07523684210526316,101,0,1
2022-10-08 22:06:24,FARM_01,379,29.05,82.7,1.36,Vegetative,No,Poor,9974.11,-13.08,Very Dry,2022-10,22,5,10,0,380.0,380.8333333333333,0.0,-0.11428571428571428,27.6179925,1.3599999999999965,0.07644736842105264,101,0,1
2022-10-08 22:06:24,FARM_01,377,28.7,85.7,0.0,Vegetative,No,Poor,9973.48,-13.14,Very Dry,2022-10,22,5,10,0,378.3333333333333,380.4166666666667,-2.0,-1.3714285714285714,27.543844999999997,1.3599999999999965,0.07592592592592592,103,0,1
2022-10-08 22:06:24,FARM_01,384,28.98,86.4,10.9,Vegetative,No,Poor,9974.67,-13.04,Very Dry,2022-10,22,5,10,0,380.0,380.5,7.0,-0.42857142857142855,27.859496,12.259999999999996,0.07527272727272727,96,0,1
2022-10-08 22:06:24,FARM_01,381,28.95,81.9,0.0,Vegetative,No,Poor,9974.36,-13.06,Very Dry,2022-10,22,5,10,0,380.6666666666667,380.5,-3.0,0.22857142857142856,27.4617275,10.899999999999997,0.07578534031413613,99,0,1
2022-10-08 22:06:24,FARM_01,376,28.51,83.3,4.37,Vegetative,No,Poor,9972.73,-13.2,Very Dry,2022-10,22,5,10,0,380.3333333333333,380.3333333333333,-5.0,-0.05714285714285714,27.177256500000002,15.269999999999996,0.07562334217506632,104,0,1
2022-10-08 22:06:24,FARM_01,377,28.57,89.2,4.95,Vegetative,No,Poor,9973.2,-13.16,Very Dry,2022-10,22,5,10,0,378.0,380.0,1.0,-0.45714285714285713,27.704542,9.319999999999997,0.07558201058201058,103,0,1
2022-10-08 22:06:24,FARM_01,378,28.56,90.1,0.0,Vegetative,No,Poor,9973.23,-13.16,Very Dry,2022-10,22,5,10,0,377.0,379.75,1.0,-0.6,27.767207999999997,9.319999999999997,0.07535620052770448,102,0,1
2022-10-08 22:06:24,FARM_01,377,28.55,90.9,0.8,Vegetative,No,Poor,9972.86,-13.19,Very Dry,2022-10,22,5,10,0,377.3333333333333,379.75,-1.0,-1.2285714285714286,27.8217725,5.7499999999999964,0.07552910052910053,103,0,1
2022-10-08 22:06:24,FARM_01,378,28.54,89.0,0.0,Vegetative,No,Poor,9973.03,-13.17,Very Dry,2022-10,22,5,10,0,377.6666666666667,379.3333333333333,1.0,-0.3142857142857143,27.66033,0.7999999999999965,0.07530343007915567,102,0,1
2022-10-08 22:06:24,FARM_01,384,28.73,84.1,8.4,Vegetative,No,Poor,9973.12,-13.17,Very Dry,2022-10,22,5,10,0,379.6666666666667,379.3333333333333,6.0,1.2,27.4418615,9.199999999999998,0.07462337662337662,96,0,1
2022-10-08 22:06:24,FARM_01,377,28.53,87.5,10.52,Vegetative,No,Poor,9973.22,-13.16,Very Dry,2022-10,22,5,10,0,379.6666666666667,378.9166666666667,-7.0,0.5428571428571428,27.5310625,18.919999999999995,0.07547619047619047,103,0,1
2022-10-08 22:06:24,FARM_01,377,28.5,91.2,0.68,Vegetative,No,Poor,9972.9,-13.18,Very Dry,2022-10,22,5,10,0,379.3333333333333,378.75,0.0,0.02857142857142857,27.7982,19.599999999999998,0.07539682539682539,103,0,1
2022-10-08 22:06:24,FARM_01,381,28.6,86.2,0.0,Vegetative,No,Poor,9973.19,-13.16,Very Dry,2022-10,22,5,10,0,378.3333333333333,378.9166666666667,4.0,0.2857142857142857,27.491860000000003,11.199999999999996,0.07486910994764398,99,0,1
2022-10-08 22:06:24,FARM_01,378,28.48,97.3,0.0,Vegetative,No,Poor,9972.56,-13.21,Very Dry,2022-10,22,5,10,0,378.6666666666667,379.0,-3.0,-0.2571428571428571,28.264972,0.6799999999999965,0.07514511873350924,102,0,1
2022-10-08 22:06:24,FARM_01,377,28.47,80.6,2.88,Vegetative,No,Poor,9972.92,-13.18,Very Dry,2022-10,22,5,10,0,378.6666666666667,378.4166666666667,-1.0,-0.8,26.926050999999998,2.8799999999999963,0.07531746031746031,103,0,1
2022-10-08 22:06:24,FARM_01,377,28.46,87.9,0.0,Vegetative,No,Poor,9973.09,-13.17,Very Dry,2022-10,22,5,10,0,377.3333333333333,378.0833333333333,0.0,-0.08571428571428572,27.497687,2.8799999999999963,0.0752910052910053,103,0,1
2022-10-08 22:06:24,FARM_01,283,29.58,88.5,0.0,Vegetative,No,Poor,9974.71,-13.03,Dry,2022-10,22,5,10,0,345.6666666666667,370.3333333333333,-94.0,-13.8,28.594565,2.8799999999999963,0.10415492957746478,197,0,0
2022-10-08 22:06:24,FARM_01,382,28.66,90.8,0.0,Vegetative,No,Poor,9973.13,-13.17,Very Dry,2022-10,22,5,10,0,347.3333333333333,370.75,99.0,-8.0,27.918204,0.0,0.07483028720626632,98,0,1
2022-10-08 22:06:24,FARM_01,248,29.7,83.9,0.0,Vegetative,No,Good,9974.94,-13.01,Wet,2022-10,22,5,10,0,304.3333333333333,359.9166666666667,-134.0,-20.82857142857143,28.309765,0.0,0.11927710843373494,232,0,3
2022-10-08 22:06:24,FARM_01,172,30.7,83.5,3.11,Vegetative,No,Good,9975.61,-12.96,Very Wet,2022-10,22,5,10,0,267.3333333333333,342.8333333333333,-76.0,-37.51428571428571,29.184475,3.1099999999999963,0.17745664739884393,308,0,2
2022-10-08 22:06:24,FARM_01,169,29.65,85.5,6.62,Vegetative,No,Good,9975.66,-12.95,Very Wet,2022-10,22,5,10,0,196.33333333333334,325.4166666666667,-3.0,-43.05714285714286,28.401912499999998,9.729999999999997,0.17441176470588235,311,0,2
2022-10-08 22:06:24,FARM_01,171,29.91,80.1,4.95,Vegetative,No,Good,9975.93,-12.93,Very Wet,2022-10,22,5,10,0,170.66666666666666,307.6666666666667,2.0,-36.42857142857143,28.1686505,14.679999999999996,0.1738953488372093,309,0,2
2022-10-08 22:06:24,FARM_01,216,29.79,86.1,0.0,Vegetative,No,Good,9974.83,-13.02,Wet,2022-10,22,5,10,0,185.33333333333334,294.25,45.0,-30.4,28.5828545,11.569999999999997,0.13728110599078341,264,0,3
2022-10-08 22:06:24,FARM_01,194,29.85,81.7,0.0,Vegetative,No,Good,9974.61,-13.04,Very Wet,2022-10,22,5,10,0,193.66666666666666,279.0,-22.0,-3.8857142857142857,28.254697500000002,4.949999999999996,0.15307692307692308,286,0,2
2022-10-08 22:06:24,FARM_01,377,28.52,84.1,0.0,Vegetative,No,Poor,9972.88,-13.19,Very Dry,2022-10,22,5,10,0,262.3333333333333,278.6666666666667,183.0,32.714285714285715,27.250225999999998,0.0,0.07544973544973545,103,0,1
2022-10-08 22:06:24,FARM_01,177,29.89,86.8,4.71,Vegetative,No,Good,9974.74,-13.03,Very Wet,2022-10,22,5,10,0,249.33333333333334,261.9166666666667,-200.0,18.17142857142857,28.736386,4.7099999999999955,0.16792134831460676,303,0,2
2022-10-08 22:06:24,FARM_01,365,29.68,83.8,0.0,Vegetative,No,Poor,9977.17,-12.83,Very Dry,2022-10,22,5,10,0,306.3333333333333,260.9166666666667,188.0,29.6,28.282912,4.7099999999999955,0.08109289617486339,115,0,1
2022-10-08 22:06:24,FARM_01,170,29.61,91.1,4.85,Vegetative,No,Good,9975.7,-12.95,Very Wet,2022-10,22,5,10,0,237.33333333333334,243.66666666666666,-195.0,2.3714285714285714,28.8458905,9.559999999999995,0.1731578947368421,310,0,2
2022-10-08 22:06:24,FARM_01,170,29.68,84.1,0.0,Vegetative,Yes,Poor,9975.66,-12.95,Very Wet,2022-10,22,5,10,0,235.0,234.25,0.0,-15.8,28.308784,4.849999999999995,0.17356725146198831,310,0,2
2022-10-08 22:06:24,FARM_01,170,29.86,78.4,0.15,Vegetative,No,Good,9976.15,-12.91,Very Wet,2022-10,22,5,10,0,170.0,216.58333333333334,0.0,-35.74285714285714,27.975832,4.999999999999996,0.17461988304093568,310,0,2
2022-10-08 22:06:24,FARM_01,170,29.83,75.4,3.77,Vegetative,No,Good,9975.67,-12.95,Very Wet,2022-10,22,5,10,0,170.0,210.08333333333334,0.0,-17.714285714285715,27.688201,3.9199999999999955,0.17444444444444443,310,0,2
2022-10-08 22:06:24,FARM_01,170,29.79,86.9,0.0,Vegetative,Yes,Poor,9975.69,-12.95,Very Wet,2022-10,22,5,10,0,170.0,209.91666666666666,0.0,-27.857142857142858,28.6523305,3.9199999999999955,0.17421052631578948,310,0,2
2022-10-08 22:06:24,FARM_01,171,29.92,82.8,0.0,Vegetative,Yes,Poor,9975.76,-12.94,Very Wet,2022-10,22,5,10,0,170.33333333333334,210.08333333333334,1.0,0.14285714285714285,28.413968,3.7699999999999956,0.17395348837209304,309,0,2
2022-10-08 22:06:24,FARM_01,170,29.76,75.7,0.0,Vegetative,Yes,Poor,9975.89,-12.93,Very Wet,2022-10,22,5,10,0,170.33333333333334,210.0,-1.0,0.08571428571428572,27.653676,0.0,0.17403508771929826,310,0,2
2022-10-08 22:06:24,FARM_01,169,29.13,86.0,0.0,Vegetative,Yes,Poor,9975.45,-12.97,Very Wet,2022-10,22,5,10,0,170.0,206.08333333333334,-1.0,-0.11428571428571428,27.96499,0.0,0.17135294117647057,311,0,2
2022-10-08 22:06:24,FARM_01,170,29.54,87.2,0.0,Vegetative,Yes,Poor,9975.27,-12.99,Very Wet,2022-10,22,5,10,0,169.66666666666666,204.08333333333334,1.0,-0.11428571428571428,28.445984,0.0,0.1727485380116959,310,0,2
2022-10-08 22:06:24,FARM_01,170,29.5,80.1,0.11,Vegetative,No,Good,9975.12,-13.0,Very Wet,2022-10,22,5,10,0,169.66666666666666,186.83333333333334,0.0,-0.11428571428571428,27.803525,0.10999999999999556,0.17251461988304093,310,0,2
2022-10-08 22:06:24,FARM_01,170,29.49,85.4,0.0,Vegetative,Yes,Poor,9974.96,-13.01,Very Wet,2022-10,22,5,10,0,170.0,186.25,0.0,-0.11428571428571428,28.246153,0.10999999999999556,0.1724561403508772,310,0,2
2022-10-08 22:06:24,FARM_01,170,29.45,78.5,0.0,Vegetative,Yes,Poor,9974.83,-13.02,Very Wet,2022-10,22,5,10,0,170.0,170.0,0.0,0.08571428571428572,27.6230375,0.10999999999999556,0.17222222222222222,310,0,2
2022-10-08 22:06:24,FARM_01,170,29.42,76.6,0.46,Vegetative,No,Good,9974.86,-13.02,Very Wet,2022-10,22,5,10,0,170.0,170.0,0.0,0.14285714285714285,27.435446,0.4599999999999956,0.172046783625731,310,0,2
2022-10-08 22:06:24,FARM_01,170,29.12,82.6,0.0,Vegetative,Yes,Poor,9975.42,-12.97,Very Wet,2022-10,22,5,10,0,170.0,170.0,0.0,0.0,27.673016,0.4599999999999956,0.17029239766081872,310,0,2
2022-10-08 22:06:24,FARM_01,170,29.31,79.7,6.14,Vegetative,No,Good,9975.44,-12.97,Very Wet,2022-10,22,5,10,0,170.0,170.0,0.0,0.0,27.6006385,6.599999999999995,0.1714035087719298,310,0,2
2022-10-08 22:06:24,FARM_01,170,29.28,85.7,7.33,Vegetative,No,Good,9975.33,-12.98,Very Wet,2022-10,22,5,10,0,170.0,170.0,0.0,0.0,28.078228,13.469999999999995,0.1712280701754386,310,0,2
2022-10-08 22:06:24,FARM_01,171,29.25,83.8,0.0,Vegetative,Yes,Poor,9975.88,-12.93,Very Wet,2022-10,22,5,10,0,170.33333333333334,170.08333333333334,1.0,0.14285714285714285,27.891225,13.469999999999995,0.17005813953488372,309,0,2
2022-10-08 22:06:24,FARM_01,169,29.22,83.0,0.0,Vegetative,Yes,Poor,9975.53,-12.96,Very Wet,2022-10,22,5,10,0,170.0,169.91666666666666,-2.0,-0.05714285714285714,27.79693,7.329999999999996,0.17188235294117646,311,0,2
2022-10-08 22:06:24,FARM_01,170,29.19,84.7,0.0,Vegetative,Yes,Poor,9975.73,-12.95,Very Wet,2022-10,22,5,10,0,170.0,169.91666666666666,1.0,-0.05714285714285714,27.9117615,0.0,0.1707017543859649,310,0,2
2022-10-08 22:06:24,FARM_01,169,29.16,83.5,0.0,Vegetative,Yes,Poor,9975.42,-12.97,Very Wet,2022-10,22,5,10,0,169.33333333333334,169.91666666666666,-1.0,-0.2,27.78423,0.0,0.17152941176470587,311,0,2
2022-10-08 22:06:24,FARM_01,169,29.35,79.6,0.0,Vegetative,Yes,Poor,9975.09,-13.0,Very Wet,2022-10,22,5,10,0,169.33333333333334,169.83333333333334,0.0,-0.2857142857142857,27.62773,0.0,0.17264705882352943,311,0,2
2022-10-08 22:06:24,FARM_01,170,29.72,80.7,2.81,Vegetative,No,Good,9975.59,-12.96,Very Wet,2022-10,22,5,10,0,169.33333333333334,169.83333333333334,1.0,-0.17142857142857143,28.051322,2.8099999999999956,0.17380116959064326,310,0,2
2022-10-08 22:06:24,FARM_01,170,30.54,86.0,0.0,Vegetative,Yes,Poor,9975.31,-12.98,Very Wet,2022-10,22,5,10,0,169.66666666666666,169.83333333333334,0.0,0.14285714285714285,29.26642,2.8099999999999956,0.17859649122807017,310,0,2
2022-10-08 22:06:24,FARM_01,170,30.85,81.3,0.0,Vegetative,Yes,Poor,9976.25,-12.9,Very Wet,2022-10,22,5,10,0,170.0,169.83333333333334,0.0,0.11428571428571428,29.1169775,2.8099999999999956,0.1804093567251462,310,0,2
2022-10-08 22:06:24,FARM_01,173,30.08,77.1,0.0,Vegetative,Yes,Poor,9979.84,-12.6,Very Wet,2022-10,22,5,10,0,171.0,170.08333333333334,3.0,0.6571428571428571,28.054723999999997,0.0,0.17287356321839079,307,0,2
2022-10-08 22:06:24,FARM_01,170,30.35,91.5,0.0,Vegetative,Yes,Poor,9978.83,-12.69,Very Wet,2022-10,22,5,10,0,171.0,170.08333333333334,-3.0,0.4,29.5856375,0.0,0.17748538011695908,310,0,2
2022-10-08 22:06:24,FARM_01,171,30.55,85.2,8.72,Vegetative,No,Good,9978.58,-12.71,Very Wet,2022-10,22,5,10,0,171.33333333333334,170.16666666666666,1.0,0.22857142857142856,29.20283,8.719999999999995,0.17761627906976746,309,0,2
2022-10-08 22:06:24,FARM_01,171,30.68,73.4,0.0,Vegetative,Yes,Poor,9977.69,-12.78,Very Wet,2022-10,22,5,10,0,170.66666666666666,170.25,0.0,0.14285714285714285,28.239716,8.719999999999997,0.17837209302325582,309,0,2
2022-10-08 22:06:24,FARM_01,170,30.48,90.6,0.0,Vegetative,Yes,Poor,9975.58,-12.96,Very Wet,2022-10,22,5,10,0,170.66666666666666,170.16666666666666,-1.0,-0.14285714285714285,29.627983999999998,8.719999999999997,0.17824561403508773,310,0,2
2022-10-08 22:06:24,FARM_01,170,30.77,83.3,0.0,Vegetative,Yes,Poor,9977.2,-12.82,Very Wet,2022-10,22,5,10,0,170.33333333333334,170.25,0.0,-0.42857142857142855,29.2296755,0.0,0.17994152046783626,310,0,2
2022-10-08 22:06:24,FARM_01,170,29.89,83.7,0.0,Vegetative,Yes,Poor,9976.25,-12.9,Very Wet,2022-10,22,5,10,0,170.0,170.25,0.0,-0.11428571428571428,28.4654615,0.0,0.1747953216374269,310,0,2
2022-10-08 22:06:24,FARM_01,171,29.88,74.1,0.0,Vegetative,Yes,Poor,9976.28,-12.9,Very Wet,2022-10,22,5,10,0,170.33333333333334,170.41666666666666,1.0,-0.08571428571428572,27.617894,0.0,0.17372093023255814,309,0,2
2022-10-08 22:06:24,FARM_01,371,29.64,81.9,0.0,Vegetative,No,Poor,9977.22,-12.82,Very Dry,2022-10,22,5,10,0,237.33333333333334,187.25,200.0,28.65714285714286,28.083038000000002,0.0,0.07967741935483871,109,0,1
2022-10-08 22:06:24,FARM_01,171,30.6,85.9,10.39,Vegetative,No,Good,9975.25,-12.99,Very Wet,2022-10,22,5,10,0,237.66666666666666,187.33333333333334,-200.0,17.4,29.31267,10.389999999999997,0.17790697674418607,309,0,2
2022-10-08 22:06:24,FARM_01,170,30.83,80.7,0.0,Vegetative,Yes,Poor,9975.95,-12.93,Very Wet,2022-10,22,5,10,0,237.33333333333334,187.33333333333334,-1.0,5.800000000000001,29.0434955,10.389999999999997,0.1802923976608187,310,0,2
2022-10-08 22:06:24,FARM_01,170,30.75,82.4,0.0,Vegetative,Yes,Poor,9976.2,-12.91,Very Wet,2022-10,22,5,10,0,170.33333333333334,187.33333333333334,0.0,-5.8,29.1286,10.389999999999997,0.17982456140350878,310,0,2
2022-10-08 22:06:24,FARM_01,170,30.82,79.3,0.0,Vegetative,Yes,Poor,9976.64,-12.87,Very Wet,2022-10,22,5,10,0,170.0,187.08333333333334,0.0,-17.4,28.905043,0.0,0.18023391812865497,310,0,2
2022-10-08 22:06:24,FARM_01,170,30.42,82.1,0.0,Vegetative,Yes,Poor,9975.47,-12.97,Very Wet,2022-10,22,5,10,0,170.0,187.08333333333334,0.0,-28.8,28.803451000000003,0.0,0.17789473684210527,310,0,2
2022-10-08 22:06:24,FARM_01,170,29.64,81.1,0.0,Vegetative,Yes,Poor,9973.95,-13.1,Very Wet,2022-10,22,5,10,0,170.0,187.0,0.0,-0.14285714285714285,28.014222,0.0,0.17333333333333334,310,0,2
2022-10-08 22:06:24,FARM_01,171,29.68,74.7,0.0,Vegetative,Yes,Poor,9973.75,-13.11,Very Wet,2022-10,22,5,10,0,170.33333333333334,187.0,1.0,0.14285714285714285,27.498128,0.0,0.17255813953488372,309,0,2
2022-10-08 22:06:24,FARM_01,297,31.76,89.0,7.42,Vegetative,No,Poor,9971.59,-13.29,Dry,2022-10,22,5,10,0,212.66666666666666,197.58333333333334,126.0,18.228571428571428,30.68552,7.419999999999996,0.10657718120805369,183,0,0
2022-10-08 22:06:24,FARM_01,168,29.7,81.8,0.0,Vegetative,Yes,Poor,9979.74,-12.61,Very Wet,2022-10,22,5,10,0,212.0,197.41666666666666,-129.0,10.628571428571428,28.128429999999998,7.419999999999996,0.1757396449704142,312,0,2
2022-10-08 22:06:24,FARM_01,171,30.36,87.7,0.0,Vegetative,Yes,Poor,9975.39,-12.98,Very Wet,2022-10,22,5,10,0,212.0,197.5,3.0,3.5714285714285716,29.253246,7.419999999999996,0.17651162790697675,309,0,2
2022-10-08 22:06:24,FARM_01,171,30.3,90.9,0.0,Vegetative,Yes,Poor,9975.63,-12.96,Very Wet,2022-10,22,5,10,0,170.0,197.5,0.0,-3.5428571428571427,29.484185,0.0,0.17616279069767443,309,0,2
2022-10-08 22:06:24,FARM_01,171,30.24,79.5,3.51,Vegetative,No,Good,9975.52,-12.96,Very Wet,2022-10,22,5,10,0,171.0,180.83333333333334,0.0,-10.714285714285714,28.408939999999998,3.5099999999999962,0.1758139534883721,309,0,2
2022-10-08 22:06:24,FARM_01,169,30.21,84.5,4.98,Vegetative,No,Good,9975.38,-12.98,Very Wet,2022-10,22,5,10,0,170.33333333333334,180.66666666666666,-2.0,-18.02857142857143,28.828097500000002,8.489999999999997,0.17770588235294119,311,0,2
2022-10-08 22:06:24,FARM_01,172,30.09,88.6,0.0,Vegetative,Yes,Poor,9975.17,-12.99,Very Wet,2022-10,22,5,10,0,170.66666666666666,180.83333333333334,3.0,0.4,29.081156999999997,8.489999999999997,0.1739306358381503,308,0,2
2022-10-08 22:06:24,FARM_01,171,30.04,80.4,0.0,Vegetative,Yes,Poor,9974.77,-13.03,Very Wet,2022-10,22,5,10,0,170.66666666666666,180.91666666666666,-1.0,0.02857142857142857,28.310888,4.979999999999997,0.17465116279069767,309,0,2
2022-10-08 22:06:24,FARM_01,170,30.8,77.5,7.34,Vegetative,No,Good,9975.98,-12.93,Very Wet,2022-10,22,5,10,0,171.0,180.91666666666666,-1.0,-0.05714285714285714,28.721,7.339999999999996,0.18011695906432748,310,0,2
2022-10-08 22:06:24,FARM_01,170,29.98,84.4,1.81,Vegetative,No,Good,9974.8,-13.02,Very Wet,2022-10,22,5,10,0,170.33333333333334,180.91666666666666,0.0,-0.08571428571428572,28.608916,9.149999999999997,0.1753216374269006,310,0,2
2022-10-08 22:06:24,FARM_01,171,29.83,85.9,0.0,Vegetative,Yes,Poor,9974.3,-13.07,Very Wet,2022-10,22,5,10,0,170.33333333333334,181.0,1.0,0.08571428571428572,28.6023835,9.149999999999997,0.17343023255813952,309,0,2
2022-10-08 22:06:24,FARM_01,170,29.77,94.7,0.0,Vegetative,Yes,Poor,9974.0,-13.09,Very Wet,2022-10,22,5,10,0,170.33333333333334,180.91666666666666,-1.0,-0.2857142857142857,29.3103045,1.8099999999999965,0.174093567251462,310,0,2
2022-10-08 22:06:24,FARM_01,170,29.73,85.1,8.85,Vegetative,No,Good,9974.05,-13.09,Very Wet,2022-10,22,5,10,0,170.33333333333334,170.33333333333334,0.0,-0.11428571428571428,28.4409265,8.849999999999996,0.17385964912280702,310,0,2
2022-10-08 22:06:24,FARM_01,170,30.65,82.0,0.0,Vegetative,Yes,Poor,9975.33,-12.98,Very Wet,2022-10,22,5,10,0,170.0,170.5,0.0,-0.02857142857142857,29.001649999999998,8.849999999999996,0.17923976608187134,310,0,2
2022-10-08 22:06:24,FARM_01,383,28.65,86.4,0.06,Vegetative,No,Poor,9973.33,-13.15,Very Dry,2022-10,22,5,10,0,241.0,188.16666666666666,213.0,30.34285714285714,27.55418,8.909999999999997,0.07460937499999999,97,0,1
2022-10-08 22:06:24,FARM_01,171,29.61,86.4,7.31,Vegetative,No,Good,9973.64,-13.12,Very Wet,2022-10,22,5,10,0,241.33333333333334,188.16666666666666,-212.0,18.257142857142856,28.442372,7.369999999999996,0.17215116279069767,309,0,2
2022-10-08 22:06:24,FARM_01,170,29.57,80.9,0.0,Vegetative,Yes,Poor,9973.53,-13.13,Very Wet,2022-10,22,5,10,0,241.33333333333334,188.08333333333334,-1.0,6.171428571428571,27.9343715,7.369999999999996,0.17292397660818715,310,0,2
2022-10-08 22:06:24,FARM_01,170,29.46,85.7,0.52,Vegetative,No,Good,9973.3,-13.15,Very Wet,2022-10,22,5,10,0,170.33333333333334,188.16666666666666,0.0,-6.057142857142857,28.244071,7.8299999999999965,0.17228070175438598,310,0,2
2022-10-08 22:06:24,FARM_01,171,29.42,84.9,0.0,Vegetative,Yes,Poor,9973.14,-13.16,Very Wet,2022-10,22,5,10,0,170.33333333333334,188.08333333333334,1.0,-18.142857142857142,28.139369000000002,0.5199999999999965,0.171046511627907,309,0,2
2022-10-08 22:06:24,FARM_01,171,29.39,89.4,0.0,Vegetative,Yes,Poor,9973.52,-13.13,Very Wet,2022-10,22,5,10,0,170.66666666666666,188.08333333333334,0.0,-30.285714285714285,28.492763,0.5199999999999965,0.17087209302325582,309,0,2
2022-10-08 22:06:24,FARM_01,171,29.35,90.6,0.0,Vegetative,Yes,Poor,9973.72,-13.12,Very Wet,2022-10,22,5,10,0,171.0,188.16666666666666,0.0,0.11428571428571428,28.556405,0.0,0.17063953488372094,309,0,2
2022-10-08 22:06:24,FARM_01,170,29.24,89.2,7.23,Vegetative,No,Good,9975.02,-13.01,Very Wet,2022-10,22,5,10,0,170.66666666666666,188.16666666666666,-1.0,0.08571428571428572,28.334743999999997,7.229999999999997,0.17099415204678362,310,0,2
2022-10-08 22:06:24,FARM_01,171,29.31,73.7,0.0,Vegetative,Yes,Poor,9973.38,-13.14,Very Wet,2022-10,22,5,10,0,170.66666666666666,188.16666666666666,1.0,0.05714285714285714,27.095408499999998,7.229999999999997,0.17040697674418603,309,0,2
2022-10-08 22:06:24,FARM_01,170,29.93,86.1,0.0,Vegetative,Yes,Poor,9974.36,-13.06,Very Wet,2022-10,22,5,10,0,170.33333333333334,188.16666666666666,-1.0,-0.17142857142857143,28.7121515,7.229999999999997,0.17502923976608187,310,0,2
2022-10-08 22:06:24,FARM_01,169,30.85,86.8,7.56,Vegetative,No,Good,9975.91,-12.93,Very Wet,2022-10,22,5,10,0,170.0,188.08333333333334,-1.0,-0.34285714285714286,29.62669,7.559999999999996,0.18147058823529413,311,0,2
2022-10-08 22:06:24,FARM_01,236,28.78,86.1,0.0,Vegetative,No,Good,9983.0,-12.33,Wet,2022-10,22,5,10,0,191.66666666666666,193.58333333333334,67.0,9.17142857142857,27.650069000000002,7.559999999999996,0.12143459915611815,244,0,3
2022-10-08 22:06:24,FARM_01,171,29.14,87.9,0.0,Vegetative,Yes,Poor,9974.91,-13.02,Very Wet,2022-10,22,5,10,0,192.0,175.91666666666666,-65.0,5.685714285714286,28.132433,7.559999999999996,0.1694186046511628,309,0,2
2022-10-08 22:06:24,FARM_01,332,29.1,85.1,0.0,Vegetative,No,Poor,9969.45,-13.47,Very Dry,2022-10,22,5,10,0,246.33333333333334,189.33333333333334,161.0,25.0,27.862555,0.0,0.0873873873873874,148,0,1
2022-10-08 22:06:24,FARM_01,170,29.95,78.0,0.0,Vegetative,Yes,Poor,9975.52,-12.96,Very Wet,2022-10,22,5,10,0,224.33333333333334,189.33333333333334,-162.0,12.114285714285714,28.020049999999998,0.0,0.17514619883040936,310,0,2
2022-10-08 22:06:24,FARM_01,170,30.32,84.7,1.62,Vegetative,No,Good,9975.41,-12.97,Very Wet,2022-10,22,5,10,0,224.0,189.33333333333334,0.0,-0.9142857142857143,28.946672,1.6199999999999966,0.17730994152046783,310,0,2
2022-10-08 22:06:24,FARM_01,170,30.6,78.2,0.0,Vegetative,Yes,Poor,9975.39,-12.98,Very Wet,2022-10,22,5,10,0,170.0,189.25,0.0,-14.142857142857142,28.60966,1.6199999999999966,0.17894736842105263,310,0,2
2022-10-08 22:06:24,FARM_01,170,30.71,93.9,0.0,Vegetative,Yes,Poor,9975.44,-12.97,Very Wet,2022-10,22,5,10,0,170.0,189.16666666666666,0.0,-14.028571428571428,30.149379500000002,1.6199999999999966,0.1795906432748538,310,0,2
2022-10-08 22:06:24,FARM_01,170,30.87,90.9,0.0,Vegetative,Yes,Poor,9975.01,-13.01,Very Wet,2022-10,22,5,10,0,170.0,189.08333333333334,0.0,-23.142857142857142,30.0256565,0.0,0.1805263157894737,310,0,2
2022-10-08 22:06:24,FARM_01,163,30.84,90.8,0.0,Vegetative,Yes,Poor,9974.03,-13.09,Very Wet,2022-10,22,5,10,0,167.66666666666666,188.5,-7.0,-1.0,29.987896,0.0,0.18804878048780488,317,0,2
2022-10-08 22:06:24,FARM_01,170,30.97,94.8,13.02,Vegetative,No,Good,9974.5,-13.05,Very Wet,2022-10,22,5,10,0,167.66666666666666,188.41666666666666,7.0,-0.6,30.484658,13.019999999999996,0.1811111111111111,310,0,2
2022-10-08 22:06:24,FARM_01,171,31.07,80.1,0.0,Vegetative,Yes,Poor,9974.53,-13.05,Very Wet,2022-10,22,5,10,0,168.0,188.5,1.0,-0.05714285714285714,29.2016885,13.019999999999996,0.18063953488372092,309,0,2
2022-10-08 22:06:24,FARM_01,171,31.06,80.0,0.0,Vegetative,Yes,Poor,9973.69,-13.12,Very Wet,2022-10,22,5,10,0,170.66666666666666,188.66666666666666,0.0,0.42857142857142855,29.1834,13.019999999999996,0.18058139534883721,309,0,2
2022-10-08 22:06:24,FARM_01,171,31.03,85.6,8.36,Vegetative,No,Good,9973.7,-13.12,Very Wet,2022-10,22,5,10,0,171.0,183.25,0.0,0.8571428571428571,29.681224,8.359999999999996,0.18040697674418604,309,0,2
2022-10-08 22:06:24,FARM_01,169,30.99,77.8,0.0,Vegetative,Yes,Poor,9973.94,-13.1,Very Wet,2022-10,22,5,10,0,170.33333333333334,183.08333333333334,-2.0,0.9428571428571428,28.915521,8.359999999999996,0.1822941176470588,311,0,2
2022-10-08 22:06:24,FARM_01,167,30.94,85.2,0.0,Vegetative,Yes,Poor,9974.03,-13.09,Very Wet,2022-10,22,5,10,0,169.0,169.33333333333334,-2.0,-0.6,29.561084,8.359999999999996,0.18416666666666667,313,0,2
2022-10-08 22:06:24,FARM_01,170,31.04,78.9,0.0,Vegetative,Yes,Poor,9974.59,-13.04,Very Wet,2022-10,22,5,10,0,168.66666666666666,169.33333333333334,3.0,-0.5428571428571428,29.062508,0.0,0.1815204678362573,310,0,2
2022-10-08 22:06:24,FARM_01,230,29.25,81.2,0.0,Vegetative,No,Good,9971.59,-13.3,Wet,2022-10,22,5,10,0,189.0,174.33333333333334,60.0,8.285714285714286,27.67315,0.0,0.1266233766233766,250,0,3
2022-10-08 22:06:24,FARM_01,170,29.05,97.3,1.89,Vegetative,No,Good,9975.14,-13.0,Very Wet,2022-10,22,5,10,0,190.0,174.33333333333334,-60.0,5.171428571428572,28.8265075,1.8899999999999963,0.16988304093567252,310,0,2
2022-10-08 22:06:24,FARM_01,159,30.74,76.4,1.49,Vegetative,No,Good,9974.18,-13.08,Very Wet,2022-10,22,5,10,0,186.33333333333334,173.41666666666666,-11.0,0.5428571428571428,28.567148,3.3799999999999963,0.192125,321,0,2
2022-10-08 22:06:24,FARM_01,243,30.17,93.7,0.0,Vegetative,No,Good,9974.42,-13.06,Wet,2022-10,22,5,10,0,190.66666666666666,179.5,84.0,8.2,29.6097095,3.3799999999999963,0.12364754098360656,237,0,3
2022-10-08 22:06:24,FARM_01,160,30.55,91.8,0.0,Vegetative,Yes,Poor,9974.8,-13.02,Very Wet,2022-10,22,5,10,0,187.33333333333334,179.25,-83.0,-0.6285714285714286,29.803595,1.4899999999999964,0.18975155279503106,320,0,2
2022-10-08 22:06:24,FARM_01,161,30.48,79.1,0.0,Vegetative,Yes,Poor,9974.55,-13.05,Very Wet,2022-10,22,5,10,0,188.0,178.5,1.0,-8.314285714285715,28.585624,0.0,0.18814814814814815,319,0,2
2022-10-08 22:06:24,FARM_01,176,30.42,75.2,0.0,Vegetative,No,Good,9974.62,-13.04,Very Wet,2022-10,22,5,10,0,165.66666666666666,178.91666666666666,15.0,-1.3428571428571427,28.180312,0.0,0.17186440677966103,304,0,2
2022-10-08 22:06:24,FARM_01,209,30.35,94.7,0.0,Vegetative,No,Good,9974.52,-13.05,Wet,2022-10,22,5,10,0,182.0,182.08333333333334,33.0,1.4285714285714286,29.873397500000003,0.0,0.14452380952380953,271,0,3
2022-10-08 22:06:24,FARM_01,195,30.29,83.4,0.0,Vegetative,No,Good,9974.45,-13.05,Very Wet,2022-10,22,5,10,0,193.33333333333334,184.08333333333334,-14.0,-2.2285714285714295,28.802723,0.0,0.1545408163265306,285,0,2
2022-10-08 22:06:24,FARM_01,160,30.61,83.8,0.0,Vegetative,Yes,Poor,9974.53,-13.05,Very Wet,2022-10,22,5,10,0,188.0,183.33333333333334,-35.0,3.857142857142857,29.130049,0.0,0.19012422360248446,320,0,2
2022-10-08 22:06:24,FARM_01,282,30.23,78.5,0.0,Vegetative,No,Poor,9974.69,-13.03,Dry,2022-10,22,5,10,0,212.33333333333334,192.91666666666666,122.0,15.514285714285714,28.3108025,0.0,0.10681978798586572,198,0,0
2022-10-08 22:06:24,FARM_01,206,29.8,92.7,0.0,Vegetative,No,Good,9972.45,-13.22,Wet,2022-10,22,5,10,0,216.0,195.91666666666666,-76.0,9.542857142857143,29.16563,0.0,0.14396135265700483,274,0,3
2022-10-08 22:06:24,FARM_01,249,30.06,79.6,0.0,Vegetative,No,Good,9974.05,-13.09,Wet,2022-10,22,5,10,0,245.66666666666666,197.5,43.0,10.142857142857142,28.258067999999998,0.0,0.12024,231,0,3
2022-10-08 22:06:24,FARM_01,336,30.04,72.0,0.85,Vegetative,No,Poor,9974.06,-13.09,Very Dry,2022-10,22,5,10,0,263.6666666666667,211.33333333333334,87.0,25.6,27.56984,0.8499999999999964,0.08913946587537092,144,0,1
2022-10-08 22:06:24,FARM_01,231,29.02,88.4,8.81,Vegetative,No,Good,9973.11,-13.17,Wet,2022-10,22,5,10,0,272.0,217.33333333333334,-105.0,16.0,28.061723999999998,9.659999999999997,0.12508620689655173,249,0,3
2022-10-08 22:06:24,FARM_01,159,30.77,86.0,0.49,Vegetative,No,Good,9973.94,-13.1,Very Wet,2022-10,22,5,10,0,242.0,210.33333333333334,-72.0,-12.942857142857143,29.47871,10.149999999999997,0.1923125,321,0,2
2022-10-08 22:06:24,FARM_01,176,30.89,85.8,3.16,Vegetative,No,Good,9973.94,-13.1,Very Wet,2022-10,22,5,10,0,188.66666666666666,211.66666666666666,17.0,-15.0,29.570891,12.459999999999997,0.17451977401129945,304,0,2
2022-10-08 22:06:24,FARM_01,372,29.99,87.0,0.0,Vegetative,No,Poor,9973.94,-13.1,Very Dry,2022-10,22,5,10,0,235.66666666666666,229.25,196.0,1.8,28.846715,3.649999999999997,0.08040214477211796,108,0,1
2022-10-08 22:06:24,FARM_01,316,29.94,73.4,0.0,Vegetative,No,Poor,9973.32,-13.15,Dry,2022-10,22,5,10,0,288.0,240.91666666666666,-56.0,9.714285714285714,27.607978000000003,3.1599999999999966,0.09444794952681389,164,0,0
2022-10-08 22:06:24,FARM_01,232,29.68,95.0,0.0,Vegetative,No,Good,9972.2,-13.24,Wet,2022-10,22,5,10,0,306.6666666666667,242.83333333333334,-84.0,19.2,29.2488,0.0,0.12738197424892703,248,0,3
2022-10-08 22:06:24,FARM_01,231,29.27,92.6,0.0,Vegetative,No,Good,9971.05,-13.34,Wet,2022-10,22,5,10,0,259.6666666666667,245.83333333333334,-1.0,13.485714285714286,28.648511,0.0,0.12616379310344827,249,0,3
2022-10-08 22:06:24,FARM_01,158,30.68,81.6,0.0,Vegetative,Yes,Poor,9974.25,-13.07,Very Wet,2022-10,22,5,10,0,207.0,245.66666666666666,-73.0,-17.057142857142857,28.991984,0.0,0.1929559748427673,322,0,2
2022-10-08 22:06:24,FARM_01,232,29.46,84.4,0.0,Vegetative,No,Good,9971.42,-13.31,Wet,2022-10,22,5,10,0,207.0,241.5,74.0,-33.57142857142857,28.133532000000002,0.0,0.12643776824034336,248,0,3
2022-10-08 22:06:24,FARM_01,231,29.64,79.0,1.92,Vegetative,No,Good,9971.89,-13.27,Wet,2022-10,22,5,10,0,207.0,243.58333333333334,-1.0,-14.228571428571428,27.83358,1.9199999999999964,0.12775862068965518,249,0,3
2022-10-08 22:06:24,FARM_01,231,29.61,91.9,10.45,Vegetative,No,Good,9971.62,-13.29,Wet,2022-10,22,5,10,0,231.33333333333334,242.08333333333334,0.0,1.9714285714285715,28.9145745,12.369999999999996,0.12762931034482758,249,0,3
2022-10-08 22:06:24,FARM_01,231,29.57,88.0,13.46,Vegetative,No,Good,9971.48,-13.3,Wet,2022-10,22,5,10,0,231.0,233.33333333333334,0.0,6.228571428571429,28.54238,25.83,0.12745689655172415,249,0,3
2022-10-08 22:06:24,FARM_01,231,29.55,86.1,0.0,Vegetative,No,Good,9971.63,-13.29,Wet,2022-10,22,5,10,0,231.0,233.33333333333334,0.0,10.342857142857143,28.3612025,23.909999999999997,0.12737068965517243,249,0,3
2022-10-08 22:06:24,FARM_01,231,29.52,91.5,0.0,Vegetative,No,Good,9971.67,-13.29,Wet,2022-10,22,5,10,0,231.0,239.33333333333334,0.0,-0.14285714285714285,28.79444,13.459999999999997,0.12724137931034482,249,0,3
2022-10-08 22:06:24,FARM_01,230,29.49,79.2,0.0,Vegetative,No,Good,9971.53,-13.3,Wet,2022-10,22,5,10,0,230.66666666666666,243.83333333333334,-1.0,-0.14285714285714285,27.717944,0.0,0.12766233766233764,250,0,3
2022-10-08 22:06:24,FARM_01,230,29.43,89.0,0.0,Vegetative,No,Good,9971.39,-13.31,Wet,2022-10,22,5,10,0,230.33333333333334,232.0,0.0,-0.22857142857142856,28.496485,0.0,0.1274025974025974,250,0,3
2022-10-08 22:06:24,FARM_01,231,29.4,86.3,0.93,Vegetative,No,Good,9971.25,-13.32,Wet,2022-10,22,5,10,0,230.33333333333334,224.91666666666666,1.0,-0.11428571428571428,28.23961,0.9299999999999965,0.1267241379310345,249,0,3
2022-10-08 22:06:24,FARM_01,222,30.12,81.5,0.0,Vegetative,No,Good,9974.31,-13.07,Wet,2022-10,22,5,10,0,227.66666666666666,224.08333333333334,-9.0,-1.2857142857142858,28.47979,0.9299999999999965,0.13506726457399104,258,0,3
2022-10-08 22:06:24,FARM_01,231,29.38,83.8,10.22,Vegetative,No,Good,9970.95,-13.35,Wet,2022-10,22,5,10,0,228.0,224.08333333333334,9.0,-0.6571428571428571,28.009642,11.149999999999997,0.12663793103448276,249,0,3
2022-10-08 22:06:24,FARM_01,230,29.33,80.6,0.0,Vegetative,No,Good,9970.98,-13.35,Wet,2022-10,22,5,10,0,227.66666666666666,230.08333333333334,-1.0,-0.17142857142857143,27.694288999999998,10.219999999999997,0.12696969696969695,250,0,3
2022-10-08 22:06:24,FARM_01,230,29.3,88.0,0.0,Vegetative,No,Good,9971.02,-13.34,Wet,2022-10,22,5,10,0,230.33333333333334,229.91666666666666,0.0,0.17142857142857143,28.290200000000002,10.219999999999997,0.12683982683982684,250,0,3
2022-10-08 22:06:24,FARM_01,231,29.24,90.9,0.0,Vegetative,No,Good,9971.59,-13.31,Wet,2022-10,22,5,10,0,230.33333333333334,229.91666666666666,1.0,0.6571428571428571,28.477238,0.0,0.12603448275862067,249,0,3
2022-10-08 22:06:24,FARM_01,230,29.19,82.7,0.0,Vegetative,No,Good,9971.62,-13.29,Wet,2022-10,22,5,10,0,230.33333333333334,229.83333333333334,-1.0,1.1428571428571428,27.744671500000003,0.0,0.12636363636363637,250,0,3
2022-10-08 22:06:24,FARM_01,171,28.48,90.2,1.44,Vegetative,No,Good,9969.81,-13.44,Very Wet,2022-10,22,5,10,0,210.66666666666666,224.83333333333334,-59.0,-8.542857142857143,27.699528,1.4399999999999964,0.1655813953488372,309,0,2
2022-10-08 22:06:24,FARM_01,229,28.88,83.8,0.0,Vegetative,No,Good,9973.02,-13.17,Wet,2022-10,22,5,10,0,210.0,224.66666666666666,58.0,-5.228571428571429,27.554192,1.4399999999999964,0.12556521739130436,251,0,3
2022-10-08 22:06:24,FARM_01,230,29.04,82.2,11.43,Vegetative,No,Good,9972.77,-13.2,Wet,2022-10,22,5,10,0,210.0,224.58333333333334,1.0,-1.8571428571428572,27.567584,12.869999999999996,0.12571428571428572,250,0,3
2022-10-08 22:06:24,FARM_01,229,29.17,87.0,0.31,Vegetative,No,Good,9971.8,-13.28,Wet,2022-10,22,5,10,0,229.33333333333334,224.5,-1.0,1.3714285714285714,28.085345,11.739999999999997,0.12682608695652176,251,0,3
2022-10-08 22:06:24,FARM_01,231,29.15,84.1,14.87,Vegetative,No,Good,9972.16,-13.25,Wet,2022-10,22,5,10,0,230.0,224.58333333333334,2.0,5.142857142857143,27.8251325,26.609999999999996,0.1256465517241379,249,0,3
2022-10-08 22:06:24,FARM_01,231,29.12,86.5,0.0,Vegetative,No,Good,9972.02,-13.26,Wet,2022-10,22,5,10,0,230.33333333333334,224.58333333333334,0.0,8.714285714285714,27.99734,15.179999999999996,0.12551724137931036,249,0,3
2022-10-08 22:06:24,FARM_01,231,29.1,83.0,0.0,Vegetative,No,Good,9972.37,-13.23,Wet,2022-10,22,5,10,0,231.0,225.33333333333334,0.0,0.42857142857142855,27.68815,14.869999999999996,0.12543103448275864,249,0,3
2022-10-08 22:06:24,FARM_01,228,28.86,79.8,3.47,Vegetative,No,Good,9973.05,-13.17,Wet,2022-10,22,5,10,0,230.0,225.08333333333334,-3.0,-0.11428571428571428,27.209054,3.4699999999999966,0.12602620087336244,252,0,3
2022-10-08 22:06:24,FARM_01,229,29.08,86.0,8.84,Vegetative,No,Good,9972.53,-13.22,Wet,2022-10,22,5,10,0,229.33333333333334,225.0,1.0,-0.2571428571428571,27.91884,12.309999999999997,0.12643478260869565,251,0,3
2022-10-08 22:06:24,FARM_01,231,29.35,84.4,1.86,Vegetative,No,Good,9970.98,-13.35,Wet,2022-10,22,5,10,0,229.33333333333334,225.08333333333334,2.0,-0.2571428571428571,28.032970000000002,14.169999999999996,0.12650862068965518,249,0,3
2022-10-08 22:06:24,FARM_01,273,29.89,90.9,0.0,Vegetative,No,Poor,9972.85,-13.19,Dry,2022-10,22,5,10,0,244.33333333333334,228.58333333333334,42.0,6.0285714285714285,29.0947055,10.699999999999996,0.10908759124087591,207,0,0
2022-10-08 22:06:24,FARM_01,231,28.9,83.6,2.82,Vegetative,No,Good,9973.39,-13.14,Wet,2022-10,22,5,10,0,245.0,228.66666666666666,-42.0,3.914285714285714,27.556019999999997,4.679999999999996,0.12456896551724138,249,0,3
2022-10-08 22:06:24,FARM_01,229,29.0,81.6,0.43,Vegetative,No,Good,9973.11,-13.17,Wet,2022-10,22,5,10,0,244.33333333333334,233.5,-2.0,1.5142857142857142,27.482,3.249999999999996,0.12608695652173912,251,0,3
2022-10-08 22:06:24,FARM_01,230,28.98,87.7,0.0,Vegetative,No,Good,9973.14,-13.16,Wet,2022-10,22,5,10,0,230.0,233.58333333333334,1.0,-1.2285714285714286,27.966603,3.2499999999999964,0.12545454545454546,250,0,3
2022-10-08 22:06:24,FARM_01,289,31.8,77.2,0.0,Vegetative,No,Poor,9971.5,-13.3,Dry,2022-10,22,5,10,0,249.33333333333334,238.5,59.0,4.542857142857143,29.567880000000002,0.429999999999996,0.1096551724137931,191,0,0
2022-10-08 22:06:24,FARM_01,230,28.95,77.0,0.0,Vegetative,No,Good,9973.34,-13.15,Wet,2022-10,22,5,10,0,249.66666666666666,238.58333333333334,-59.0,-1.1428571428571428,27.058825,0.0,0.1253246753246753,250,0,3
2022-10-08 22:06:24,FARM_01,230,29.06,86.8,0.0,Vegetative,No,Good,9972.73,-13.2,Wet,2022-10,22,5,10,0,249.66666666666666,238.5,0.0,1.6285714285714286,27.966644,0.0,0.1258008658008658,250,0,3
2022-10-08 22:06:24,FARM_01,230,28.84,84.6,2.74,Vegetative,No,Good,9972.88,-13.19,Wet,2022-10,22,5,10,0,230.0,238.41666666666666,0.0,-1.542857142857143,27.583052,2.739999999999996,0.12484848484848485,250,0,3
2022-10-08 22:06:24,FARM_01,171,28.65,79.2,0.0,Vegetative,Yes,Poor,9971.45,-13.31,Very Wet,2022-10,22,5,10,0,210.33333333333334,233.41666666666666,-59.0,-13.485714285714286,26.97404,2.739999999999996,0.16656976744186044,309,0,2
2022-10-08 22:06:24,FARM_01,170,29.53,82.8,7.52,Vegetative,No,Good,9973.2,-13.16,Very Wet,2022-10,22,5,10,0,190.33333333333334,228.58333333333334,-1.0,-22.057142857142857,28.060862,10.259999999999996,0.17269005847953217,310,0,2
2022-10-08 22:06:24,FARM_01,231,29.22,95.7,0.0,Vegetative,No,Good,9971.77,-13.28,Wet,2022-10,22,5,10,0,190.66666666666666,228.75,61.0,-6.685714285714285,28.860046999999998,7.519999999999996,0.12594827586206897,249,0,3
2022-10-08 22:06:24,FARM_01,230,28.83,85.6,0.36,Vegetative,No,Good,9972.89,-13.19,Wet,2022-10,22,5,10,0,210.33333333333334,228.66666666666666,-1.0,0.05714285714285714,27.655464,7.879999999999996,0.1248051948051948,250,0,3
2022-10-08 22:06:24,FARM_01,229,28.81,74.3,0.0,Vegetative,No,Good,9972.73,-13.2,Wet,2022-10,22,5,10,0,230.0,225.0,-1.0,6.6571428571428575,26.716606499999997,0.35999999999999643,0.1252608695652174,251,0,3
2022-10-08 22:06:24,FARM_01,230,28.8,84.8,0.0,Vegetative,No,Good,9972.75,-13.2,Wet,2022-10,22,5,10,0,229.66666666666666,224.91666666666666,1.0,13.457142857142857,27.56272,0.35999999999999643,0.12467532467532468,250,0,3
2022-10-08 22:06:24,FARM_01,229,28.78,86.6,0.0,Vegetative,No,Good,9972.72,-13.2,Wet,2022-10,22,5,10,0,229.33333333333334,224.91666666666666,-1.0,8.314285714285715,27.690714,0.0,0.1251304347826087,251,0,3
2022-10-08 22:06:24,FARM_01,230,28.77,85.5,5.85,Vegetative,No,Good,9972.75,-13.2,Wet,2022-10,22,5,10,0,229.66666666666666,224.91666666666666,1.0,-0.2,27.5920925,5.849999999999996,0.12454545454545454,250,0,3
2022-10-08 22:06:24,FARM_01,231,28.76,80.7,0.0,Vegetative,No,Good,9972.75,-13.2,Wet,2022-10,22,5,10,0,230.0,220.08333333333334,1.0,0.2,27.193226000000003,5.849999999999996,0.12396551724137932,249,0,3
2022-10-08 22:06:24,FARM_01,230,28.74,87.0,0.0,Vegetative,No,Good,9972.77,-13.2,Wet,2022-10,22,5,10,0,230.33333333333334,220.08333333333334,-1.0,0.2571428571428571,27.68609,5.849999999999996,0.12441558441558441,250,0,3
2022-10-08 22:06:24,FARM_01,230,28.73,87.6,4.21,Vegetative,No,Good,9972.44,-13.22,Wet,2022-10,22,5,10,0,230.33333333333334,220.08333333333334,0.0,0.11428571428571428,27.725414,4.209999999999996,0.12437229437229437,250,0,3
2022-10-08 22:06:24,FARM_01,186,28.7,82.7,0.0,Vegetative,No,Good,9972.28,-13.24,Very Wet,2022-10,22,5,10,0,215.33333333333334,216.41666666666666,-44.0,-6.171428571428572,27.301295,4.209999999999996,0.153475935828877,294,0,2
2022-10-08 22:06:24,FARM_01,174,28.69,88.7,0.0,Vegetative,Yes,Poor,9971.97,-13.26,Very Wet,2022-10,22,5,10,0,196.66666666666666,216.66666666666666,-12.0,-11.857142857142858,27.777016500000002,4.209999999999996,0.16394285714285714,306,0,2
2022-10-08 22:06:24,FARM_01,170,28.68,85.9,0.0,Vegetative,Yes,Poor,9971.8,-13.28,Very Wet,2022-10,22,5,10,0,176.66666666666666,216.66666666666666,-4.0,-14.771428571428572,27.541566,0.0,0.16771929824561405,310,0,2
2022-10-08 22:06:24,FARM_01,170,28.67,86.1,1.07,Vegetative,No,Good,9971.42,-13.31,Very Wet,2022-10,22,5,10,0,171.33333333333334,211.58333333333334,0.0,-14.057142857142857,27.5484785,1.0699999999999965,0.16766081871345032,310,0,2
2022-10-08 22:06:24,FARM_01,231,28.93,88.6,0.0,Vegetative,No,Good,9973.34,-13.15,Wet,2022-10,22,5,10,0,190.33333333333334,211.66666666666666,61.0,-1.3428571428571427,27.993889,1.0699999999999965,0.12469827586206897,249,0,3
2022-10-08 22:06:24,FARM_01,228,28.92,80.6,0.0,Vegetative,No,Good,9973.53,-13.13,Wet,2022-10,22,5,10,0,209.66666666666666,211.58333333333334,-3.0,10.885714285714286,27.328036,1.0699999999999965,0.12628820960698692,252,0,3
2022-10-08 22:06:24,FARM_01,171,28.63,94.3,0.0,Vegetative,Yes,Poor,9971.3,-13.32,Very Wet,2022-10,22,5,10,0,210.0,206.66666666666666,-57.0,6.285714285714285,28.171349499999998,0.0,0.166453488372093,309,0,2
2022-10-08 22:06:24,FARM_01,170,28.55,88.8,1.15,Vegetative,No,Good,9970.97,-13.35,Very Wet,2022-10,22,5,10,0,189.66666666666666,201.75,-1.0,0.0,27.65372,1.1499999999999964,0.1669590643274854,310,0,2
2022-10-08 22:06:24,FARM_01,170,28.6,84.8,0.0,Vegetative,Yes,Poor,9971.3,-13.32,Very Wet,2022-10,22,5,10,0,170.33333333333334,196.75,0.0,-6.857142857142857,27.379440000000002,1.1499999999999964,0.1672514619883041,310,0,2
2022-10-08 22:06:24,FARM_01,172,28.58,81.2,0.51,Vegetative,No,Good,9971.15,-13.33,Very Wet,2022-10,22,5,10,0,170.66666666666666,191.83333333333334,2.0,-13.428571428571429,27.072428,1.6599999999999964,0.16520231213872832,308,0,2
2022-10-08 22:06:24,FARM_01,171,28.61,80.9,11.26,Vegetative,No,Good,9971.13,-13.33,Very Wet,2022-10,22,5,10,0,171.0,186.91666666666666,-1.0,-8.057142857142857,27.0752195,11.769999999999996,0.16633720930232557,309,0,2
2022-10-08 22:06:24,FARM_01,170,28.56,86.5,3.65,Vegetative,No,Good,9971.0,-13.34,Very Wet,2022-10,22,5,10,0,171.0,181.91666666666666,-1.0,0.0,27.47892,15.419999999999996,0.16701754385964912,310,0,2
2022-10-08 22:06:24,FARM_01,170,28.47,80.0,0.0,Vegetative,Yes,Poor,9970.02,-13.43,Very Wet,2022-10,22,5,10,0,170.33333333333334,180.58333333333334,0.0,-0.02857142857142857,26.8783,14.909999999999997,0.16649122807017544,310,0,2
2022-10-08 22:06:24,FARM_01,171,28.52,90.6,0.0,Vegetative,Yes,Poor,9970.66,-13.37,Very Wet,2022-10,22,5,10,0,170.33333333333334,180.33333333333334,1.0,-0.05714285714285714,27.769316,3.6499999999999964,0.16581395348837208,309,0,2
2022-10-08 22:06:24,FARM_01,171,28.49,87.9,0.0,Vegetative,Yes,Poor,9969.98,-13.43,Very Wet,2022-10,22,5,10,0,170.66666666666666,180.41666666666666,0.0,-0.14285714285714285,27.5256905,0.0,0.16563953488372093,309,0,2
2022-10-08 22:06:24,FARM_01,230,28.97,81.6,0.0,Vegetative,No,Good,9972.97,-13.18,Wet,2022-10,22,5,10,0,190.66666666666666,185.41666666666666,59.0,8.542857142857143,27.455036,0.0,0.12541125541125542,250,0,3
2022-10-08 22:06:24,FARM_01,233,29.76,78.3,0.49,Vegetative,No,Good,9972.13,-13.25,Wet,2022-10,22,5,10,0,211.33333333333334,185.58333333333334,3.0,14.142857142857142,27.879044,0.48999999999999644,0.12717948717948718,247,0,3
2022-10-08 22:06:24,FARM_01,172,28.51,77.5,0.0,Vegetative,Yes,Poor,9970.5,-13.39,Very Wet,2022-10,22,5,10,0,211.66666666666666,180.91666666666666,-61.0,7.285714285714285,26.7143875,0.48999999999999644,0.1647976878612717,308,0,2
2022-10-08 22:06:24,FARM_01,169,31.26,84.0,0.64,Vegetative,No,Good,9970.44,-13.39,Very Wet,2022-10,22,5,10,0,191.33333333333334,180.75,-3.0,-0.11428571428571428,29.741120000000002,1.1299999999999963,0.18388235294117647,311,0,2
2022-10-08 22:06:24,FARM_01,170,28.62,85.1,0.0,Vegetative,Yes,Poor,9971.13,-13.33,Very Wet,2022-10,22,5,10,0,170.33333333333334,180.75,1.0,-7.114285714285714,27.421891000000002,0.6399999999999965,0.16736842105263158,310,0,2
2022-10-08 22:06:24,FARM_01,173,31.3,74.2,0.0,Vegetative,Yes,Poor,9973.09,-13.17,Very Wet,2022-10,22,5,10,0,170.66666666666666,181.0,3.0,-13.628571428571428,28.84513,0.6399999999999965,0.17988505747126438,307,0,2
2022-10-08 22:06:24,FARM_01,167,29.88,77.6,0.0,Vegetative,Yes,Poor,9972.34,-13.23,Very Wet,2022-10,22,5,10,0,170.0,180.58333333333334,-6.0,-9.314285714285715,27.923583999999998,0.0,0.17785714285714285,313,0,2
2022-10-08 22:06:24,FARM_01,172,30.55,90.3,0.0,Vegetative,Yes,Poor,9972.53,-13.22,Very Wet,2022-10,22,5,10,0,170.66666666666666,180.66666666666666,5.0,-0.08571428571428572,29.667057500000002,0.0,0.17658959537572255,308,0,2
2022-10-08 22:06:24,FARM_01,171,30.69,82.9,0.0,Vegetative,Yes,Poor,9972.87,-13.19,Very Wet,2022-10,22,5,10,0,170.0,180.75,-1.0,0.2857142857142857,29.1203055,0.0,0.17843023255813953,309,0,2
2022-10-08 22:06:24,FARM_01,171,31.0,79.3,7.11,Vegetative,No,Good,9973.41,-13.14,Very Wet,2022-10,22,5,10,0,171.33333333333334,180.83333333333334,0.0,0.11428571428571428,29.06455,7.109999999999997,0.18023255813953487,309,0,2
2022-10-08 22:06:24,FARM_01,173,31.51,87.7,0.0,Vegetative,Yes,Poor,9973.26,-13.15,Very Wet,2022-10,22,5,10,0,171.66666666666666,181.0,2.0,0.3142857142857143,30.3254485,7.109999999999997,0.18109195402298853,307,0,2
2022-10-08 22:06:24,FARM_01,172,28.66,88.3,0.0,Vegetative,Yes,Poor,9970.59,-13.38,Very Wet,2022-10,22,5,10,0,172.0,181.08333333333334,-1.0,0.8,27.716629,7.109999999999997,0.16566473988439306,308,0,2
2022-10-08 22:06:24,FARM_01,173,31.66,86.0,0.0,Vegetative,Yes,Poor,9973.14,-13.16,Very Wet,2022-10,22,5,10,0,172.66666666666666,176.33333333333334,1.0,0.2857142857142857,30.30018,0.0,0.18195402298850574,307,0,2
2022-10-08 22:06:24,FARM_01,173,31.75,83.1,0.0,Vegetative,Yes,Poor,9972.81,-13.19,Very Wet,2022-10,22,5,10,0,172.66666666666666,171.33333333333334,0.0,0.42857142857142855,30.1001375,0.0,0.1824712643678161,307,0,2
2022-10-08 22:06:24,FARM_01,171,31.8,84.5,0.0,Vegetative,Yes,Poor,9972.52,-13.22,Very Wet,2022-10,22,5,10,0,172.33333333333334,171.25,-2.0,0.02857142857142857,30.28255,0.0,0.18488372093023256,309,0,2
2022-10-08 22:06:24,FARM_01,173,31.82,84.1,3.56,Vegetative,No,Good,9971.98,-13.26,Very Wet,2022-10,22,5,10,0,172.33333333333334,171.58333333333334,2.0,-0.08571428571428572,30.261641,3.5599999999999965,0.1828735632183908,307,0,2
2022-10-08 22:06:24,FARM_01,171,31.82,81.9,0.0,Vegetative,Yes,Poor,9971.61,-13.29,Very Wet,2022-10,22,5,10,0,171.66666666666666,171.66666666666666,-2.0,-0.2,30.046019,3.5599999999999965,0.185,309,0,2
2022-10-08 22:06:24,FARM_01,172,28.63,80.1,8.78,Vegetative,No,Good,9971.3,-13.32,Very Wet,2022-10,22,5,10,0,172.0,171.58333333333334,1.0,-0.2571428571428571,27.028746499999997,12.339999999999996,0.16549132947976877,308,0,2
2022-10-08 22:06:24,FARM_01,261,31.71,87.3,6.36,Vegetative,No,Good,9971.16,-13.33,Wet,2022-10,22,5,10,0,201.33333333333334,179.41666666666666,89.0,12.6,30.472956500000002,15.139999999999997,0.12103053435114504,219,0,3
2022-10-08 22:06:24,FARM_01,167,28.74,79.8,5.32,Vegetative,No,Good,9970.72,-13.37,Very Wet,2022-10,22,5,10,0,200.0,179.0,-94.0,7.000000000000001,27.102386,20.459999999999997,0.17107142857142857,313,0,2
2022-10-08 22:06:24,FARM_01,334,30.44,81.9,0.0,Vegetative,No,Poor,9970.28,-13.41,Very Dry,2022-10,22,5,10,0,254.0,192.58333333333334,167.0,25.2,28.803398,11.679999999999996,0.09086567164179105,146,0,1
2022-10-08 22:06:24,FARM_01,404,30.5,81.2,1.02,Vegetative,No,Poor,9970.73,-13.37,Very Dry,2022-10,22,5,10,0,301.6666666666667,212.0,70.0,44.48571428571429,28.7939,6.339999999999996,0.07530864197530865,76,0,1
2022-10-08 22:06:24,FARM_01,170,31.11,70.6,0.0,Vegetative,Yes,Poor,9970.48,-13.39,Very Wet,2022-10,22,5,10,0,302.6666666666667,211.75,-234.0,16.742857142857144,28.343313,1.0199999999999965,0.1819298245614035,310,0,2
2022-10-08 22:06:24,FARM_01,183,31.56,87.0,5.92,Vegetative,No,Good,9970.92,-13.35,Very Wet,2022-10,22,5,10,0,252.33333333333334,212.66666666666666,13.0,-8.885714285714286,30.30446,6.939999999999996,0.17152173913043478,297,0,2
2022-10-08 22:06:24,FARM_01,172,31.49,77.2,1.06,Vegetative,No,Good,9970.7,-13.37,Very Wet,2022-10,22,5,10,0,175.0,212.58333333333334,-11.0,-18.914285714285715,29.296754,6.979999999999997,0.18202312138728322,308,0,2
2022-10-08 22:06:24,FARM_01,170,31.42,86.4,0.0,Vegetative,Yes,Poor,9970.49,-13.39,Very Wet,2022-10,22,5,10,0,175.0,212.33333333333334,-2.0,-42.94285714285714,30.116984000000002,6.979999999999997,0.18374269005847954,310,0,2
2022-10-08 22:06:24,FARM_01,329,30.38,87.5,0.0,Vegetative,No,Poor,9970.57,-13.38,Dry,2022-10,22,5,10,0,223.66666666666666,225.5,159.0,-11.028571428571428,29.253875,1.0599999999999965,0.09206060606060605,151,0,0
2022-10-08 22:06:24,FARM_01,169,31.34,84.2,10.57,Vegetative,No,Good,9970.28,-13.41,Very Wet,2022-10,22,5,10,0,222.66666666666666,225.16666666666666,-160.0,12.314285714285715,29.833154,10.569999999999997,0.18435294117647058,311,0,2
2022-10-08 22:06:24,FARM_01,170,31.18,79.8,0.0,Vegetative,Yes,Poor,9970.39,-13.4,Very Wet,2022-10,22,5,10,0,222.66666666666666,225.08333333333334,1.0,2.4285714285714284,29.271302,10.569999999999997,0.18233918128654972,310,0,2
2022-10-08 22:06:24,FARM_01,170,31.03,86.0,0.0,Vegetative,Yes,Poor,9970.44,-13.39,Very Wet,2022-10,22,5,10,0,169.66666666666666,224.91666666666666,0.0,-4.857142857142857,29.718690000000002,10.569999999999997,0.18146198830409357,310,0,2
2022-10-08 22:06:24,FARM_01,400,30.56,92.5,0.0,Vegetative,No,Poor,9970.64,-13.37,Very Dry,2022-10,22,5,10,0,246.66666666666666,236.5,230.0,19.257142857142856,29.8769,0.0,0.07620947630922693,80,0,1
2022-10-08 22:06:24,FARM_01,169,30.95,82.6,0.0,Vegetative,Yes,Poor,9969.91,-13.44,Very Wet,2022-10,22,5,10,0,246.33333333333334,236.66666666666666,-231.0,-3.057142857142857,29.327885,0.0,0.18205882352941177,311,0,2
2022-10-08 22:06:24,FARM_01,172,28.47,81.0,13.2,Vegetative,No,Good,9970.01,-13.43,Very Wet,2022-10,22,5,10,0,247.0,223.16666666666666,3.0,6.9142857142857155,26.957884999999997,13.199999999999996,0.1645664739884393,308,0,2
2022-10-08 22:06:24,FARM_01,170,28.54,89.9,0.0,Vegetative,Yes,Poor,9971.17,-13.33,Very Wet,2022-10,22,5,10,0,170.33333333333334,203.66666666666666,-2.0,-6.428571428571429,27.732302999999998,13.199999999999996,0.16690058479532163,310,0,2
2022-10-08 22:06:24,FARM_01,171,29.11,84.5,0.0,Vegetative,Yes,Poor,9975.08,-13.0,Very Wet,2022-10,22,5,10,0,171.0,203.75,1.0,-19.485714285714284,27.821872499999998,13.199999999999996,0.16924418604651162,309,0,2
2022-10-08 22:06:24,FARM_01,175,30.88,73.8,0.0,Vegetative,No,Good,9970.02,-13.43,Very Wet,2022-10,22,5,10,0,172.0,203.08333333333334,4.0,-32.02857142857143,28.447592,0.0,0.17545454545454545,305,0,2
2022-10-08 22:06:24,FARM_01,171,28.5,83.5,0.0,Vegetative,Yes,Poor,9981.29,-12.48,Very Wet,2022-10,22,5,10,0,172.33333333333334,203.0,-4.0,0.5714285714285714,27.184124999999998,0.0,0.16569767441860464,309,0,2
2022-10-08 22:06:24,FARM_01,321,30.32,81.0,0.0,Vegetative,No,Poor,9970.27,-13.41,Dry,2022-10,22,5,10,0,222.33333333333334,215.58333333333334,150.0,21.485714285714284,28.61456,0.0,0.09416149068322982,159,0,0
2022-10-08 22:06:24,FARM_01,323,30.26,88.3,0.0,Vegetative,No,Poor,9970.17,-13.41,Dry,2022-10,22,5,10,0,271.6666666666667,215.08333333333334,2.0,34.6,29.213669000000003,0.0,0.09339506172839507,157,0,0
2022-10-08 22:06:24,FARM_01,323,30.21,75.1,0.0,Vegetative,No,Poor,9970.06,-13.42,Dry,2022-10,22,5,10,0,322.3333333333333,227.91666666666666,0.0,38.68571428571428,27.9900405,0.0,0.09324074074074075,157,0,0
2022-10-08 22:06:24,FARM_01,322,30.16,77.3,0.0,Vegetative,No,Poor,9970.14,-13.42,Dry,2022-10,22,5,10,0,322.6666666666667,240.58333333333334,-1.0,34.08571428571429,28.142424,0.0,0.09337461300309598,158,0,0
2022-10-08 22:06:24,FARM_01,326,29.76,77.5,0.0,Vegetative,No,Poor,9969.2,-13.5,Dry,2022-10,22,5,10,0,323.6666666666667,253.58333333333334,4.0,22.228571428571428,27.809700000000003,0.0,0.09100917431192661,154,0,0
2022-10-08 22:06:24,FARM_01,321,30.11,95.3,0.0,Vegetative,No,Poor,9970.19,-13.41,Dry,2022-10,22,5,10,0,323.0,247.0,-5.0,0.22857142857142856,29.6935565,0.0,0.09350931677018634,159,0,0
2022-10-08 22:06:24,FARM_01,323,30.05,81.9,0.0,Vegetative,No,Poor,9970.45,-13.39,Dry,2022-10,22,5,10,0,323.3333333333333,259.8333333333333,2.0,-0.05714285714285714,28.4522225,0.0,0.09274691358024692,157,0,0
2022-10-08 22:06:24,FARM_01,325,30.0,87.9,0.0,Vegetative,No,Poor,9970.15,-13.42,Dry,2022-10,22,5,10,0,323.0,272.5833333333333,2.0,0.22857142857142856,28.935200000000002,0.0,0.09202453987730061,155,0,0
2022-10-08 22:06:24,FARM_01,324,29.96,82.1,0.0,Vegetative,No,Poor,9970.02,-13.43,Dry,2022-10,22,5,10,0,324.0,285.4166666666667,-1.0,0.2571428571428571,28.388738,0.0,0.09218461538461539,156,0,0
2022-10-08 22:06:24,FARM_01,323,29.92,81.6,4.81,Vegetative,No,Poor,9970.27,-13.41,Dry,2022-10,22,5,10,0,324.0,298.0833333333333,-1.0,-0.11428571428571428,28.308896,4.809999999999996,0.09234567901234568,157,0,0
2022-10-08 22:06:24,FARM_01,328,29.88,84.1,7.09,Vegetative,No,Poor,9970.28,-13.41,Dry,2022-10,22,5,10,0,325.0,310.8333333333333,5.0,0.9714285714285714,28.491294,11.899999999999995,0.09082066869300912,152,0,0
2022-10-08 22:06:24,FARM_01,327,29.84,85.5,7.31,Vegetative,No,Poor,9969.81,-13.44,Dry,2022-10,22,5,10,0,326.0,323.8333333333333,-1.0,0.8,28.57676,19.209999999999994,0.09097560975609756,153,0,0
2022-10-08 22:06:24,FARM_01,320,30.09,84.0,4.77,Vegetative,No,Poor,9970.4,-13.4,Dry,2022-10,22,5,10,0,325.0,323.75,-7.0,-0.3142857142857143,28.67408,19.169999999999995,0.09373831775700935,160,0,0
2022-10-08 22:06:24,FARM_01,326,28.83,83.2,0.0,Vegetative,No,Poor,9970.33,-13.4,Dry,2022-10,22,5,10,0,324.3333333333333,324.0,6.0,0.0,27.459708,12.079999999999997,0.0881651376146789,154,0,0
2022-10-08 22:06:24,FARM_01,169,30.7,88.0,2.13,Vegetative,No,Good,9970.12,-13.42,Very Wet,2022-10,22,5,10,0,271.6666666666667,311.1666666666667,-157.0,-22.37142857142857,29.5978,6.899999999999996,0.18058823529411763,311,0,2
2022-10-08 22:06:24,FARM_01,330,29.71,82.2,3.39,Vegetative,No,Poor,9969.11,-13.5,Very Dry,2022-10,22,5,10,0,275.0,311.8333333333333,161.0,-13.085714285714285,28.171991000000002,5.519999999999996,0.0897583081570997,150,0,1
2022-10-08 22:06:24,FARM_01,334,29.6,79.1,0.0,Vegetative,No,Poor,9968.88,-13.52,Very Dry,2022-10,22,5,10,0,277.6666666666667,312.5,4.0,-2.6285714285714286,27.80678,5.519999999999996,0.08835820895522388,146,0,1
2022-10-08 22:06:24,FARM_01,332,29.37,82.6,2.53,Vegetative,No,Poor,9968.38,-13.57,Very Dry,2022-10,22,5,10,0,332.0,313.4166666666667,-2.0,7.0,27.899091,5.919999999999996,0.0881981981981982,148,0,1
2022-10-08 22:06:24,FARM_01,333,29.57,91.0,22.64,Vegetative,No,Poor,9968.88,-13.52,Very Dry,2022-10,22,5,10,0,333.0,314.25,1.0,15.085714285714285,28.799285,25.169999999999998,0.08853293413173653,147,0,1
2022-10-08 22:06:24,FARM_01,335,29.53,94.7,13.74,Vegetative,No,Poor,9968.92,-13.52,Very Dry,2022-10,22,5,10,0,333.3333333333333,315.0833333333333,2.0,23.914285714285715,29.077300500000003,38.91,0.08788690476190476,145,0,1
2022-10-08 22:06:24,FARM_01,334,29.5,75.1,9.01,Vegetative,No,Poor,9968.61,-13.55,Very Dry,2022-10,22,5,10,0,334.0,315.9166666666667,-1.0,0.6857142857142857,27.377274999999997,45.39,0.0880597014925373,146,0,1
2022-10-08 22:06:24,FARM_01,333,29.47,86.2,0.0,Vegetative,No,Poor,9968.65,-13.54,Very Dry,2022-10,22,5,10,0,334.0,316.75,-1.0,0.08571428571428572,28.295827,22.749999999999996,0.08823353293413173,147,0,1
2022-10-08 22:06:24,FARM_01,333,29.14,86.4,0.85,Vegetative,No,Poor,9969.25,-13.49,Very Dry,2022-10,22,5,10,0,333.3333333333333,317.1666666666667,0.0,0.11428571428571428,28.007528,9.859999999999996,0.08724550898203592,147,0,1
2022-10-08 22:06:24,FARM_01,331,29.43,86.4,0.0,Vegetative,No,Poor,9968.31,-13.57,Very Dry,2022-10,22,5,10,0,332.3333333333333,317.5,-2.0,-0.4857142857142857,28.275836,0.8499999999999964,0.08864457831325301,149,0,1
2022-10-08 22:06:24,FARM_01,332,29.36,88.5,0.0,Vegetative,No,Poor,9968.41,-13.56,Very Dry,2022-10,22,5,10,0,332.0,318.5,1.0,-0.6857142857142857,28.38848,0.8499999999999964,0.08816816816816817,148,0,1
2022-10-08 22:06:24,FARM_01,329,29.16,84.9,6.62,Vegetative,No,Poor,9968.91,-13.52,Dry,2022-10,22,5,10,0,330.6666666666667,318.75,-3.0,-0.8571428571428571,27.900962,6.6199999999999966,0.08836363636363637,151,0,0
2022-10-08 22:06:24,FARM_01,331,29.33,94.1,0.0,Vegetative,No,Poor,9968.41,-13.56,Very Dry,2022-10,22,5,10,0,330.6666666666667,332.25,2.0,-0.6,28.832541499999998,6.6199999999999966,0.0883433734939759,149,0,1
2022-10-08 22:06:24,FARM_01,170,30.79,92.6,0.0,Vegetative,Yes,Poor,9971.86,-13.27,Very Wet,2022-10,22,5,10,0,276.6666666666667,318.9166666666667,-161.0,-23.37142857142857,30.106647,6.6199999999999966,0.18005847953216375,310,0,2
2022-10-08 22:06:24,FARM_01,169,30.63,74.4,0.0,Vegetative,Yes,Poor,9970.56,-13.38,Very Wet,2022-10,22,5,10,0,223.33333333333334,305.1666666666667,-1.0,-36.97142857142857,28.288496,0.0,0.1801764705882353,311,0,2
2022-10-08 22:06:24,FARM_01,324,28.81,80.9,0.0,Vegetative,No,Poor,9970.67,-13.37,Dry,2022-10,22,5,10,0,221.0,304.5,155.0,-19.457142857142856,27.254209499999998,0.0,0.08864615384615385,156,0,0
2022-10-08 22:06:24,FARM_01,331,29.3,81.0,4.47,Vegetative,No,Poor,9968.61,-13.55,Very Dry,2022-10,22,5,10,0,274.6666666666667,304.3333333333333,7.0,-0.34285714285714286,27.701150000000002,4.469999999999996,0.08825301204819277,149,0,1
2022-10-08 22:06:24,FARM_01,334,29.27,85.6,1.0,Vegetative,No,Poor,9968.64,-13.54,Very Dry,2022-10,22,5,10,0,329.6666666666667,304.25,3.0,18.65714285714286,28.060616,5.469999999999996,0.0873731343283582,146,0,1
2022-10-08 22:06:24,FARM_01,325,28.84,86.5,0.0,Vegetative,No,Poor,9970.3,-13.4,Dry,2022-10,22,5,10,0,330.0,303.5,-9.0,36.48571428571429,27.738129999999998,5.469999999999996,0.08846625766871166,155,0,0
2022-10-08 22:06:24,FARM_01,324,28.87,85.7,0.0,Vegetative,No,Poor,9970.47,-13.39,Dry,2022-10,22,5,10,0,327.6666666666667,302.75,-1.0,22.314285714285713,27.700474500000002,0.9999999999999964,0.08883076923076923,156,0,0
2022-10-08 22:06:24,FARM_01,334,29.67,76.1,0.0,Vegetative,No,Poor,9969.11,-13.5,Very Dry,2022-10,22,5,10,0,327.6666666666667,302.8333333333333,10.0,0.5714285714285714,27.6101785,0.0,0.08856716417910449,146,0,1
2022-10-08 22:06:24,FARM_01,331,29.64,80.7,0.0,Vegetative,No,Poor,9968.98,-13.51,Very Dry,2022-10,22,5,10,0,329.6666666666667,302.8333333333333,-3.0,-0.02857142857142857,27.979814,0.0,0.08927710843373494,149,0,1
2022-10-08 22:06:24,FARM_01,328,28.97,94.4,0.0,Vegetative,No,Poor,9970.73,-13.37,Dry,2022-10,22,5,10,0,331.0,302.5,-3.0,-0.05714285714285714,28.508924,0.0,0.08805471124620061,152,0,0
2022-10-08 22:06:24,FARM_01,333,29.08,82.0,0.0,Vegetative,No,Poor,9969.63,-13.46,Very Dry,2022-10,22,5,10,0,330.6666666666667,302.8333333333333,5.0,1.4,27.587079999999997,0.0,0.08706586826347305,147,0,1
2022-10-08 22:06:24,FARM_01,333,29.06,87.5,0.0,Vegetative,No,Poor,9969.48,-13.47,Very Dry,2022-10,22,5,10,0,331.3333333333333,303.0,0.0,1.1142857142857143,28.024625,0.0,0.0870059880239521,147,0,1
2022-10-08 22:06:24,FARM_01,332,29.04,74.3,0.0,Vegetative,No,Poor,9969.51,-13.47,Very Dry,2022-10,22,5,10,0,332.6666666666667,316.5,-1.0,0.02857142857142857,26.914096,0.0,0.0872072072072072,148,0,1
2022-10-08 22:06:24,FARM_01,332,29.03,85.9,0.0,Vegetative,No,Poor,9969.85,-13.44,Very Dry,2022-10,22,5,10,0,332.3333333333333,330.0833333333333,0.0,0.4857142857142857,27.8644235,0.0,0.08717717717717718,148,0,1
2022-10-08 22:06:24,FARM_01,331,29.01,79.1,0.0,Vegetative,No,Poor,9970.05,-13.42,Very Dry,2022-10,22,5,10,0,331.6666666666667,330.6666666666667,-1.0,0.3142857142857143,27.2846005,0.0,0.08737951807228916,149,0,1
2022-10-08 22:06:24,FARM_01,332,28.99,100.0,0.0,Vegetative,No,Poor,9970.37,-13.4,Very Dry,2022-10,22,5,10,0,331.6666666666667,330.75,1.0,-0.3142857142857143,28.99,0.0,0.08705705705705705,148,0,1
2022-10-08 22:06:24,FARM_01,327,28.95,92.9,0.0,Vegetative,No,Poor,9970.59,-13.38,Dry,2022-10,22,5,10,0,330.0,330.1666666666667,-5.0,-0.8857142857142857,28.3662025,0.0,0.08826219512195121,153,0,0
2022-10-08 22:06:24,FARM_01,332,29.4,81.6,0.0,Vegetative,No,Poor,9968.34,-13.57,Very Dry,2022-10,22,5,10,0,330.3333333333333,330.75,5.0,-0.4,27.84152,0.0,0.08828828828828829,148,0,1
2022-10-08 22:06:24,FARM_01,332,29.12,91.5,3.61,Vegetative,No,Poor,9969.25,-13.49,Very Dry,2022-10,22,5,10,0,330.3333333333333,331.4166666666667,0.0,-0.05714285714285714,28.413140000000002,3.6099999999999963,0.08744744744744745,148,0,1
2022-10-08 22:06:24,FARM_01,327,28.91,87.6,7.55,Vegetative,No,Poor,9970.8,-13.36,Dry,2022-10,22,5,10,0,330.3333333333333,330.8333333333333,-5.0,-0.42857142857142855,27.893138,11.159999999999997,0.08814024390243902,153,0,0
2022-10-08 22:06:24,FARM_01,325,28.9,92.0,9.58,Vegetative,No,Poor,9970.63,-13.38,Dry,2022-10,22,5,10,0,328.0,330.3333333333333,-2.0,-1.0,28.2444,20.739999999999995,0.08865030674846626,155,0,0
2022-10-08 22:06:24,FARM_01,324,28.89,87.3,7.3,Vegetative,No,Poor,9970.62,-13.38,Dry,2022-10,22,5,10,0,325.3333333333333,330.0,-1.0,-1.1714285714285715,27.8499335,24.429999999999996,0.08889230769230769,156,0,0
2022-10-08 22:06:24,FARM_01,325,28.79,83.5,9.04,Vegetative,No,Poor,9970.7,-13.37,Dry,2022-10,22,5,10,0,324.6666666666667,329.3333333333333,1.0,-1.7428571428571429,27.4478075,25.919999999999995,0.08831288343558281,155,0,0
2022-10-08 22:06:24,FARM_01,332,29.21,83.5,0.0,Vegetative,No,Poor,9968.84,-13.53,Very Dry,2022-10,22,5,10,0,327.0,329.25,7.0,-0.2,27.8296925,16.339999999999996,0.08771771771771772,148,0,1
2022-10-08 22:06:24,FARM_01,324,28.82,92.8,0.0,Vegetative,No,Poor,9970.33,-13.4,Dry,2022-10,22,5,10,0,327.0,328.5833333333333,-8.0,0.2,28.233128,9.039999999999996,0.08867692307692308,156,0,0
2022-10-08 22:06:24,FARM_01,318,31.07,88.5,1.22,Vegetative,No,Poor,9970.92,-13.35,Dry,2022-10,22,5,10,0,324.6666666666667,327.4166666666667,-6.0,-0.8,29.9903225,1.2199999999999964,0.09739811912225706,162,0,0
2022-10-08 22:06:24,FARM_01,161,30.82,80.8,0.29,Vegetative,No,Good,9972.18,-13.25,Very Wet,2022-10,22,5,10,0,267.6666666666667,313.25,-157.0,-24.114285714285714,29.043808,1.5099999999999965,0.19024691358024692,319,0,2
2022-10-08 22:06:24,FARM_01,264,30.52,87.5,1.57,Vegetative,No,Good,9972.06,-13.26,Wet,2022-10,22,5,10,0,247.66666666666666,307.5833333333333,103.0,-23.542857142857144,29.384249999999998,3.0799999999999965,0.11516981132075471,216,0,3
2022-10-08 22:06:24,FARM_01,325,29.02,83.2,3.19,Vegetative,No,Poor,9970.87,-13.36,Dry,2022-10,22,5,10,0,250.0,307.4166666666667,61.0,-10.62857142857143,27.632152,5.049999999999996,0.08901840490797545,155,0,0
2022-10-08 22:06:24,FARM_01,327,29.31,82.7,3.92,Vegetative,No,Poor,9971.52,-13.3,Dry,2022-10,22,5,10,0,305.3333333333333,307.0,2.0,3.9714285714285715,27.8532535,8.679999999999996,0.08935975609756097,153,0,0
2022-10-08 22:06:24,FARM_01,327,29.64,74.5,0.0,Vegetative,No,Poor,9972.24,-13.24,Dry,2022-10,22,5,10,0,326.3333333333333,306.5833333333333,0.0,17.257142857142856,27.44649,7.109999999999996,0.09036585365853658,153,0,0
2022-10-08 22:06:24,FARM_01,328,29.81,82.7,12.28,Vegetative,No,Poor,9972.25,-13.24,Dry,2022-10,22,5,10,0,327.3333333333333,306.6666666666667,1.0,29.314285714285713,28.3056785,16.199999999999996,0.09060790273556231,152,0,0
2022-10-08 22:06:24,FARM_01,326,28.93,79.5,0.0,Vegetative,No,Poor,9970.42,-13.39,Dry,2022-10,22,5,10,0,327.0,306.75,-2.0,9.114285714285714,27.2466425,12.279999999999996,0.08847094801223242,154,0,0
2022-10-08 22:06:24,FARM_01,332,29.24,90.2,0.0,Vegetative,No,Poor,9968.5,-13.56,Very Dry,2022-10,22,5,10,0,328.6666666666667,307.4166666666667,6.0,0.9428571428571428,28.418564,12.279999999999996,0.08780780780780781,148,0,1
2022-10-08 22:06:24,FARM_01,335,30.12,85.0,4.26,Vegetative,No,Poor,9972.77,-13.2,Very Dry,2022-10,22,5,10,0,331.0,308.25,3.0,1.5142857142857142,28.790100000000002,4.259999999999996,0.08964285714285715,145,0,1
2022-10-08 22:06:24,FARM_01,234,30.65,83.6,0.06,Vegetative,No,Good,9971.89,-13.27,Wet,2022-10,22,5,10,0,300.3333333333333,300.0833333333333,-101.0,-12.514285714285714,29.148169999999997,4.319999999999996,0.13042553191489362,246,0,3
2022-10-08 22:06:24,FARM_01,167,30.84,76.6,0.0,Vegetative,Yes,Poor,9971.97,-13.26,Very Wet,2022-10,22,5,10,0,245.33333333333334,287.0,-67.0,-30.8,28.672691999999998,4.319999999999996,0.18357142857142858,313,0,2
2022-10-08 22:06:24,FARM_01,318,30.97,89.0,3.84,Vegetative,No,Poor,9970.89,-13.35,Dry,2022-10,22,5,10,0,239.66666666666666,287.0,151.0,-18.17142857142857,29.943315,3.8999999999999964,0.0970846394984326,162,0,0
2022-10-08 22:06:24,FARM_01,188,30.81,87.1,0.0,Vegetative,No,Good,9971.84,-13.27,Very Wet,2022-10,22,5,10,0,224.33333333333334,289.25,-130.0,-23.942857142857143,29.617330499999998,3.8399999999999963,0.163015873015873,292,0,2
2022-10-08 22:06:24,FARM_01,174,30.85,89.5,0.0,Vegetative,Yes,Poor,9972.13,-13.25,Very Wet,2022-10,22,5,10,0,226.66666666666666,281.75,-14.0,-22.62857142857143,29.876912500000003,3.8399999999999963,0.1762857142857143,306,0,2
2022-10-08 22:06:24,FARM_01,309,30.35,82.1,0.0,Vegetative,No,Poor,9972.31,-13.23,Dry,2022-10,22,5,10,0,223.66666666666666,280.4166666666667,135.0,7.6,28.7403425,0.0,0.09790322580645162,171,0,0
2022-10-08 22:06:24,FARM_01,168,30.87,85.7,0.0,Vegetative,Yes,Poor,9971.73,-13.28,Very Wet,2022-10,22,5,10,0,217.0,267.1666666666667,-141.0,-1.0285714285714285,29.5431745,0.0,0.18266272189349114,312,0,2
2022-10-08 22:06:24,FARM_01,168,30.74,74.7,0.27,Vegetative,No,Good,9971.6,-13.29,Very Wet,2022-10,22,5,10,0,215.0,253.91666666666666,0.0,-19.285714285714285,28.410629,0.26999999999999647,0.18189349112426034,312,0,2
2022-10-08 22:06:24,FARM_01,166,29.99,83.3,1.84,Vegetative,No,Good,9972.05,-13.26,Very Wet,2022-10,22,5,10,0,167.33333333333334,240.41666666666666,-2.0,-7.685714285714286,28.5213185,2.1099999999999968,0.17958083832335328,314,0,2
2022-10-08 22:06:24,FARM_01,168,30.4,84.7,3.67,Vegetative,No,Good,9972.94,-13.18,Very Wet,2022-10,22,5,10,0,167.33333333333334,227.25,2.0,-13.114285714285714,29.01994,5.779999999999997,0.17988165680473372,312,0,2
2022-10-08 22:06:24,FARM_01,168,30.69,83.6,0.0,Vegetative,Yes,Poor,9971.67,-13.29,Very Wet,2022-10,22,5,10,0,167.33333333333334,213.58333333333334,0.0,-20.2,29.184562,5.509999999999996,0.18159763313609467,312,0,2
2022-10-08 22:06:24,FARM_01,168,30.64,81.3,9.57,Vegetative,No,Good,9971.73,-13.28,Very Wet,2022-10,22,5,10,0,168.0,199.66666666666666,0.0,0.05714285714285714,28.928576,13.239999999999997,0.181301775147929,312,0,2
2022-10-08 22:06:24,FARM_01,167,30.58,87.3,0.0,Vegetative,Yes,Poor,9972.0,-13.26,Very Wet,2022-10,22,5,10,0,167.66666666666666,194.08333333333334,-1.0,0.02857142857142857,29.421886999999998,9.569999999999997,0.1820238095238095,313,0,2
2022-10-08 22:06:24,FARM_01,168,30.52,79.2,1.45,Vegetative,No,Good,9972.41,-13.23,Very Wet,2022-10,22,5,10,0,167.66666666666666,194.16666666666666,1.0,0.2,28.630112,11.019999999999996,0.18059171597633136,312,0,2
2022-10-08 22:06:24,FARM_01,167,30.46,90.5,0.0,Vegetative,Yes,Poor,9972.47,-13.22,Very Wet,2022-10,22,5,10,0,167.33333333333334,181.58333333333334,-1.0,-0.17142857142857143,29.599965,1.4499999999999964,0.1813095238095238,313,0,2
2022-10-08 22:06:24,FARM_01,167,30.41,85.5,0.0,Vegetative,Yes,Poor,9972.22,-13.24,Very Wet,2022-10,22,5,10,0,167.33333333333334,179.83333333333334,0.0,-0.2,29.1013025,1.4499999999999964,0.18101190476190476,313,0,2
2022-10-08 22:06:24,FARM_01,168,30.3,91.5,0.0,Vegetative,Yes,Poor,9972.2,-13.24,Very Wet,2022-10,22,5,10,0,167.33333333333334,179.33333333333334,1.0,-0.02857142857142857,29.537975,0.0,0.17928994082840238,312,0,2
2022-10-08 22:06:24,FARM_01,167,30.24,78.9,1.05,Vegetative,No,Good,9972.08,-13.25,Very Wet,2022-10,22,5,10,0,167.33333333333334,167.5,-1.0,0.0,28.355348,1.0499999999999965,0.18,313,0,2
2022-10-08 22:06:24,FARM_01,167,30.21,82.5,0.0,Vegetative,Yes,Poor,9971.95,-13.26,Very Wet,2022-10,22,5,10,0,167.33333333333334,167.41666666666666,0.0,-0.11428571428571428,28.6497875,1.0499999999999965,0.17982142857142858,313,0,2
2022-10-08 22:06:24,FARM_01,164,30.15,90.1,0.0,Vegetative,Yes,Poor,9972.03,-13.26,Very Wet,2022-10,22,5,10,0,166.0,167.08333333333334,-3.0,-0.45714285714285713,29.270632499999998,1.0499999999999965,0.1827272727272727,316,0,2
2022-10-08 22:06:24,FARM_01,166,30.1,84.8,0.0,Vegetative,Yes,Poor,9971.91,-13.27,Very Wet,2022-10,22,5,10,0,165.66666666666666,167.08333333333334,2.0,-0.4857142857142857,28.75404,0.0,0.18023952095808385,314,0,2
2022-10-08 22:06:24,FARM_01,167,30.05,88.7,0.0,Vegetative,Yes,Poor,9971.99,-13.26,Very Wet,2022-10,22,5,10,0,165.66666666666666,167.0,1.0,-0.3142857142857143,29.0524925,0.0,0.17886904761904762,313,0,2
2022-10-08 22:06:24,FARM_01,168,30.35,83.8,0.0,Vegetative,Yes,Poor,9972.28,-13.24,Very Wet,2022-10,22,5,10,0,167.0,167.0,1.0,0.2,28.893215,0.0,0.17958579881656805,312,0,2
2022-10-08 22:06:24,FARM_01,170,30.86,85.2,1.07,Vegetative,No,Good,9971.75,-13.28,Very Wet,2022-10,22,5,10,0,168.33333333333334,167.16666666666666,2.0,0.8,29.487596,1.0699999999999965,0.18046783625730994,310,0,2
2022-10-08 22:06:24,FARM_01,165,30.16,81.3,0.0,Vegetative,Yes,Poor,9972.55,-13.21,Very Wet,2022-10,22,5,10,0,167.66666666666666,167.0,-5.0,0.5142857142857142,28.497944,1.0699999999999965,0.1816867469879518,315,0,2
2022-10-08 22:06:24,FARM_01,166,30.67,79.3,0.0,Vegetative,Yes,Poor,9973.23,-13.16,Very Wet,2022-10,22,5,10,0,167.0,166.83333333333334,1.0,-0.11428571428571428,28.7721205,1.0699999999999965,0.18365269461077846,314,0,2
2022-10-08 22:06:24,FARM_01,316,30.9,88.9,0.0,Vegetative,No,Poor,9970.83,-13.36,Dry,2022-10,22,5,10,0,215.66666666666666,179.25,150.0,20.97142857142857,29.868254999999998,0.0,0.0974763406940063,164,0,0
2022-10-08 22:06:24,FARM_01,321,31.39,85.6,0.0,Vegetative,No,Poor,9971.92,-13.27,Dry,2022-10,22,5,10,0,267.6666666666667,192.08333333333334,5.0,34.4,30.012712,0.0,0.09748447204968945,159,0,0
2022-10-08 22:06:24,FARM_01,353,31.12,76.1,3.45,Vegetative,No,Poor,9973.58,-13.13,Very Dry,2022-10,22,5,10,0,330.0,207.5,32.0,43.8,28.869576,3.4499999999999966,0.08790960451977402,127,0,1
2022-10-08 22:06:24,FARM_01,409,31.25,88.0,0.0,Vegetative,No,Poor,9973.52,-13.13,Very Dry,2022-10,22,5,10,0,361.0,227.66666666666666,56.0,51.02857142857143,30.1115,3.4499999999999966,0.07621951219512195,71,0,1
2022-10-08 22:06:24,FARM_01,327,31.3,85.1,0.0,Vegetative,No,Poor,9973.13,-13.17,Dry,2022-10,22,5,10,0,363.0,241.0,-82.0,31.885714285714286,29.882265,3.4499999999999966,0.09542682926829268,153,0,0
2022-10-08 22:06:24,FARM_01,319,30.83,82.2,0.0,Vegetative,No,Poor,9970.8,-13.36,Dry,2022-10,22,5,10,0,351.6666666666667,253.91666666666666,-8.0,2.5428571428571427,29.182343,0.0,0.09634374999999999,161,0,0
2022-10-08 22:06:24,FARM_01,209,30.75,80.7,0.0,Vegetative,No,Good,9972.09,-13.25,Wet,2022-10,22,5,10,0,285.0,257.5,-110.0,-21.257142857142856,28.9719875,0.0,0.14642857142857144,271,0,3
2022-10-08 22:06:24,FARM_01,326,29.73,84.6,0.0,Vegetative,No,Poor,9969.41,-13.48,Dry,2022-10,22,5,10,0,284.6666666666667,270.75,117.0,-21.228571428571428,28.397669,0.0,0.09091743119266055,154,0,0
2022-10-08 22:06:24,FARM_01,320,31.36,80.7,0.0,Vegetative,No,Poor,9972.47,-13.22,Dry,2022-10,22,5,10,0,285.0,283.4166666666667,-6.0,-15.942857142857143,29.517236,0.0,0.09769470404984423,160,0,0
2022-10-08 22:06:24,FARM_01,327,29.8,79.6,0.0,Vegetative,No,Poor,9969.36,-13.48,Dry,2022-10,22,5,10,0,324.3333333333333,296.5,7.0,3.4285714285714284,28.02724,0.0,0.09085365853658536,153,0,0
2022-10-08 22:06:24,FARM_01,317,31.32,80.1,0.0,Vegetative,No,Poor,9971.36,-13.31,Dry,2022-10,22,5,10,0,321.3333333333333,309.1666666666667,-10.0,9.657142857142857,29.424326,0.0,0.09849056603773584,163,0,0
2022-10-08 22:06:24,FARM_01,318,31.27,69.9,0.0,Vegetative,No,Poor,9971.09,-13.34,Dry,2022-10,22,5,10,0,320.6666666666667,321.8333333333333,1.0,15.0,28.4109515,0.0,0.09802507836990595,162,0,0
2022-10-08 22:06:24,FARM_01,317,31.21,78.4,0.0,Vegetative,No,Poor,9970.86,-13.36,Dry,2022-10,22,5,10,0,317.3333333333333,321.9166666666667,-1.0,-1.7428571428571429,29.165452000000002,0.0,0.09814465408805031,163,0,0
2022-10-08 22:06:24,FARM_01,320,31.14,77.1,0.0,Vegetative,No,Poor,9970.77,-13.36,Dry,2022-10,22,5,10,0,318.3333333333333,321.8333333333333,3.0,-0.8285714285714286,28.981217,0.0,0.09700934579439252,160,0,0
2022-10-08 22:06:24,FARM_01,321,31.41,83.0,0.0,Vegetative,No,Poor,9972.05,-13.26,Dry,2022-10,22,5,10,0,319.3333333333333,319.1666666666667,1.0,-0.6285714285714286,29.782165,0.0,0.09754658385093168,159,0,0
2022-10-08 22:06:24,FARM_01,315,30.76,87.8,0.94,Vegetative,No,Poor,9970.53,-13.38,Dry,2022-10,22,5,10,0,318.6666666666667,311.3333333333333,-6.0,0.05714285714285714,29.635404,0.9399999999999964,0.09734177215189874,165,0,0
2022-10-08 22:06:24,FARM_01,328,29.9,98.6,0.19,Vegetative,No,Poor,9970.08,-13.42,Dry,2022-10,22,5,10,0,321.3333333333333,311.4166666666667,13.0,1.2857142857142858,29.777569999999997,1.1299999999999963,0.09088145896656534,152,0,0
2022-10-08 22:06:24,FARM_01,328,29.94,84.0,1.03,Vegetative,No,Poor,9970.06,-13.42,Dry,2022-10,22,5,10,0,323.6666666666667,312.1666666666667,0.0,2.085714285714286,28.537280000000003,2.1599999999999966,0.09100303951367782,152,0,0
2022-10-08 22:06:24,FARM_01,230,31.66,85.6,0.0,Vegetative,No,Good,9971.42,-13.31,Wet,2022-10,22,5,10,0,295.3333333333333,313.9166666666667,-98.0,-11.885714285714286,30.261328,1.2199999999999964,0.13705627705627707,250,0,3
2022-10-08 22:06:24,FARM_01,166,30.94,79.5,8.84,Vegetative,No,Good,9973.55,-13.13,Very Wet,2022-10,22,5,10,0,241.33333333333334,300.5833333333333,-64.0,-29.428571428571427,29.030015000000002,9.869999999999996,0.1852694610778443,314,0,2
2022-10-08 22:06:24,FARM_01,316,30.69,85.7,2.32,Vegetative,No,Poor,9970.81,-13.36,Dry,2022-10,22,5,10,0,237.33333333333334,300.25,150.0,-16.542857142857144,29.3773315,11.159999999999997,0.09681388012618297,164,0,0
2022-10-08 22:06:24,FARM_01,316,30.62,88.0,0.0,Vegetative,No,Poor,9971.09,-13.34,Dry,2022-10,22,5,10,0,266.0,299.3333333333333,0.0,-4.571428571428571,29.52308,11.159999999999997,0.09659305993690852,164,0,0
2022-10-08 22:06:24,FARM_01,315,30.54,83.1,7.16,Vegetative,No,Poor,9971.19,-13.33,Dry,2022-10,22,5,10,0,315.6666666666667,299.1666666666667,-1.0,9.8,29.002606999999998,9.479999999999997,0.09664556962025316,165,0,0
2022-10-08 22:06:24,FARM_01,312,30.47,89.1,0.0,Vegetative,No,Poor,9970.95,-13.35,Dry,2022-10,22,5,10,0,314.3333333333333,298.6666666666667,-3.0,24.485714285714284,29.4826235,7.159999999999997,0.09734824281150159,168,0,0
2022-10-08 22:06:24,FARM_01,313,30.41,86.6,0.0,Vegetative,No,Poor,9971.02,-13.34,Dry,2022-10,22,5,10,0,313.3333333333333,298.3333333333333,1.0,20.62857142857143,29.200583,7.159999999999997,0.09684713375796178,167,0,0
2022-10-08 22:06:24,FARM_01,311,30.35,91.7,0.0,Vegetative,No,Poor,9971.08,-13.34,Dry,2022-10,22,5,10,0,312.0,297.5833333333333,-2.0,-1.0571428571428572,29.6036225,0.0,0.09727564102564103,169,0,0
2022-10-08 22:06:24,FARM_01,309,30.32,85.4,0.0,Vegetative,No,Poor,9971.13,-13.33,Dry,2022-10,22,5,10,0,311.0,296.5833333333333,-2.0,-1.3142857142857143,29.009504,0.0,0.09780645161290323,171,0,0
2022-10-08 22:06:24,FARM_01,310,30.26,79.3,6.31,Vegetative,No,Poor,9970.72,-13.37,Dry,2022-10,22,5,10,0,310.0,296.1666666666667,1.0,-1.0285714285714285,28.408799000000002,6.309999999999996,0.09729903536977492,170,0,0
2022-10-08 22:06:24,FARM_01,308,30.2,85.4,0.0,Vegetative,No,Poor,9970.77,-13.36,Dry,2022-10,22,5,10,0,309.0,294.5,-2.0,-0.8857142857142857,28.89914,6.309999999999996,0.0977346278317152,172,0,0
2022-10-08 22:06:24,FARM_01,304,30.15,86.7,0.0,Vegetative,No,Poor,9970.52,-13.39,Dry,2022-10,22,5,10,0,307.3333333333333,292.5,-4.0,-1.5142857142857142,28.9686275,6.309999999999996,0.09885245901639343,176,0,0
2022-10-08 22:06:24,FARM_01,310,30.09,85.3,10.3,Vegetative,No,Poor,9970.37,-13.4,Dry,2022-10,22,5,10,0,307.3333333333333,299.1666666666667,6.0,-0.6285714285714286,28.7891235,10.299999999999997,0.0967524115755627,170,0,0
2022-10-08 22:06:24,FARM_01,310,30.04,80.8,0.0,Vegetative,No,Poor,9970.28,-13.41,Dry,2022-10,22,5,10,0,308.0,311.1666666666667,0.0,0.02857142857142857,28.346176,10.299999999999997,0.09659163987138264,170,0,0
2022-10-08 22:06:24,FARM_01,326,29.99,86.4,0.0,Vegetative,No,Poor,9970.33,-13.4,Dry,2022-10,22,5,10,0,315.3333333333333,312.0,16.0,2.6285714285714286,28.793948,10.299999999999997,0.09171253822629968,154,0,0
2022-10-08 22:06:24,FARM_01,318,31.04,88.2,5.77,Vegetative,No,Poor,9970.8,-13.36,Dry,2022-10,22,5,10,0,318.0,312.1666666666667,-8.0,3.3142857142857145,29.934103999999998,5.769999999999996,0.09730407523510971,162,0,0
2022-10-08 22:06:24,FARM_01,332,29.19,84.2,0.0,Vegetative,No,Poor,9968.88,-13.52,Very Dry,2022-10,22,5,10,0,325.3333333333333,313.5833333333333,14.0,5.142857142857143,27.869989,5.769999999999996,0.08765765765765766,148,0,1
2022-10-08 22:06:24,FARM_01,329,29.86,81.4,2.71,Vegetative,No,Poor,9970.48,-13.39,Dry,2022-10,22,5,10,0,326.3333333333333,315.0,-3.0,4.371428571428571,28.237522,8.479999999999997,0.09048484848484849,151,0,0
2022-10-08 22:06:24,FARM_01,329,29.84,81.6,0.0,Vegetative,No,Poor,9970.33,-13.4,Dry,2022-10,22,5,10,0,330.0,316.3333333333333,0.0,3.3714285714285714,28.236992,2.7099999999999964,0.09042424242424242,151,0,0
2022-10-08 22:06:24,FARM_01,325,29.27,80.7,1.99,Vegetative,No,Poor,9969.67,-13.46,Dry,2022-10,22,5,10,0,327.6666666666667,317.5,-4.0,0.7142857142857143,27.6490895,4.699999999999997,0.08978527607361964,155,0,0
2022-10-08 22:06:24,FARM_01,316,31.36,86.7,0.0,Vegetative,No,Poor,9971.77,-13.28,Dry,2022-10,22,5,10,0,323.3333333333333,318.0833333333333,-9.0,-0.8857142857142857,30.090116,1.9899999999999964,0.09892744479495268,164,0,0
2022-10-08 22:06:24,FARM_01,322,31.4,84.0,0.0,Vegetative,No,Poor,9972.26,-13.24,Dry,2022-10,22,5,10,0,321.0,319.0833333333333,6.0,-2.657142857142857,29.868799999999997,1.9899999999999964,0.09721362229102166,158,0,0
2022-10-08 22:06:24,FARM_01,259,29.5,72.7,1.84,Vegetative,No,Good,9985.41,-12.13,Wet,2022-10,22,5,10,0,299.0,315.0,-63.0,-10.857142857142858,27.172674999999998,1.8399999999999965,0.11346153846153846,221,0,3
2022-10-08 22:06:24,FARM_01,327,29.68,80.9,0.0,Vegetative,No,Poor,9969.83,-13.44,Dry,2022-10,22,5,10,0,302.6666666666667,316.9166666666667,68.0,-5.771428571428571,28.032816,1.8399999999999965,0.09048780487804878,153,0,0
2022-10-08 22:06:24,FARM_01,167,28.78,75.9,2.35,Vegetative,No,Good,9930.59,-16.75,Very Wet,2022-10,22,5,10,0,251.0,305.0,-160.0,-23.428571428571427,26.820911000000002,4.189999999999997,0.17130952380952383,313,0,2
2022-10-08 22:06:24,FARM_01,327,29.58,83.8,0.0,Vegetative,No,Poor,9969.39,-13.48,Dry,2022-10,22,5,10,0,273.6666666666667,306.4166666666667,160.0,-9.771428571428572,28.191822,2.3499999999999965,0.09018292682926829,153,0,0
2022-10-08 22:06:24,FARM_01,328,29.48,79.1,4.13,Vegetative,No,Poor,9968.64,-13.54,Dry,2022-10,22,5,10,0,274.0,306.5833333333333,1.0,2.1142857142857143,27.700574,6.479999999999996,0.0896048632218845,152,0,0
2022-10-08 22:06:24,FARM_01,326,29.3,91.1,0.42,Vegetative,No,Poor,9969.64,-13.46,Dry,2022-10,22,5,10,0,327.0,307.25,-2.0,14.228571428571428,28.551065,4.549999999999996,0.08960244648318043,154,0,0
2022-10-08 22:06:24,FARM_01,329,29.46,87.1,0.0,Vegetative,No,Poor,9968.81,-13.53,Dry,2022-10,22,5,10,0,327.6666666666667,307.0,3.0,13.942857142857143,28.363113000000002,4.549999999999996,0.08927272727272728,151,0,0
2022-10-08 22:06:24,FARM_01,328,29.43,82.0,1.52,Vegetative,No,Poor,9968.66,-13.54,Dry,2022-10,22,5,10,0,327.6666666666667,306.9166666666667,-1.0,23.114285714285714,27.90243,1.9399999999999964,0.08945288753799392,152,0,0
2022-10-08 22:06:24,FARM_01,328,29.41,77.5,18.13,Vegetative,No,Poor,9968.86,-13.52,Dry,2022-10,22,5,10,0,328.3333333333333,306.8333333333333,0.0,0.22857142857142856,27.5030125,19.649999999999995,0.08939209726443768,152,0,0
2022-10-08 22:06:24,FARM_01,325,29.38,83.9,0.0,Vegetative,No,Poor,9969.23,-13.49,Dry,2022-10,22,5,10,0,327.0,306.8333333333333,-3.0,-0.2857142857142857,28.018101,19.649999999999995,0.09012269938650307,155,0,0
2022-10-08 22:06:24,FARM_01,326,29.55,82.8,0.0,Vegetative,No,Poor,9969.06,-13.51,Dry,2022-10,22,5,10,0,326.3333333333333,307.6666666666667,1.0,-0.34285714285714286,28.07897,18.129999999999995,0.09036697247706423,154,0,0
2022-10-08 22:06:24,FARM_01,326,29.35,82.3,3.71,Vegetative,No,Poor,9968.92,-13.52,Dry,2022-10,22,5,10,0,325.6666666666667,308.0,0.0,-0.6857142857142857,27.855677500000002,3.7099999999999964,0.0897553516819572,154,0,0
2022-10-08 22:06:24,FARM_01,326,29.22,83.6,0.0,Vegetative,No,Poor,9970.02,-13.43,Dry,2022-10,22,5,10,0,326.0,313.5833333333333,0.0,-0.42857142857142855,27.847156,3.7099999999999964,0.08935779816513761,154,0,0
2022-10-08 22:06:24,FARM_01,327,28.98,81.1,0.0,Vegetative,No,Poor,9970.73,-13.37,Dry,2022-10,22,5,10,0,326.3333333333333,313.5833333333333,1.0,-0.05714285714285714,27.422829,3.7099999999999964,0.08835365853658536,153,0,0
2022-10-08 22:06:24,FARM_01,166,28.55,83.9,0.0,Vegetative,Yes,Poor,9970.3,-13.4,Very Wet,2022-10,22,5,10,0,273.0,313.5,-161.0,-22.62857142857143,27.2615975,0.0,0.17095808383233532,314,0,2
2022-10-08 22:06:24,FARM_01,329,29.21,77.0,0.0,Vegetative,No,Poor,9969.87,-13.44,Dry,2022-10,22,5,10,0,274.0,313.6666666666667,163.0,-13.257142857142858,27.285935000000002,0.0,0.08851515151515152,151,0,0
2022-10-08 22:06:24,FARM_01,325,29.25,84.6,10.2,Vegetative,No,Poor,9970.05,-13.42,Dry,2022-10,22,5,10,0,273.3333333333333,313.4166666666667,-4.0,-4.485714285714286,27.958325,10.199999999999996,0.0897239263803681,155,0,0
2022-10-08 22:06:24,FARM_01,326,29.19,85.9,0.0,Vegetative,No,Poor,9970.25,-13.41,Dry,2022-10,22,5,10,0,326.6666666666667,313.4166666666667,1.0,4.485714285714286,28.0120155,10.199999999999996,0.08926605504587157,154,0,0
2022-10-08 22:06:24,FARM_01,328,29.15,90.6,0.0,Vegetative,No,Poor,9970.28,-13.41,Dry,2022-10,22,5,10,0,326.3333333333333,313.3333333333333,2.0,13.742857142857142,28.366744999999998,10.199999999999996,0.08860182370820668,152,0,0
2022-10-08 22:06:24,FARM_01,327,29.13,81.0,0.0,Vegetative,No,Poor,9970.48,-13.39,Dry,2022-10,22,5,10,0,327.0,313.25,-1.0,22.942857142857143,27.548915,0.0,0.0888109756097561,153,0,0
2022-10-08 22:06:24,FARM_01,327,28.97,82.9,0.0,Vegetative,No,Poor,9970.91,-13.35,Dry,2022-10,22,5,10,0,327.3333333333333,313.1666666666667,0.0,-0.05714285714285714,27.5620715,0.0,0.08832317073170731,153,0,0
2022-10-08 22:06:24,FARM_01,326,29.11,77.3,0.0,Vegetative,No,Poor,9970.8,-13.36,Dry,2022-10,22,5,10,0,326.6666666666667,313.25,-1.0,0.2,27.2235165,0.0,0.08902140672782874,154,0,0
2022-10-08 22:06:24,FARM_01,327,29.07,85.5,0.0,Vegetative,No,Poor,9970.85,-13.36,Dry,2022-10,22,5,10,0,326.6666666666667,313.3333333333333,1.0,-0.02857142857142857,27.8681675,0.0,0.0886280487804878,153,0,0
2022-10-08 22:06:24,FARM_01,327,29.06,77.8,2.12,Vegetative,No,Poor,9971.2,-13.33,Dry,2022-10,22,5,10,0,326.6666666666667,313.4166666666667,0.0,-0.17142857142857143,27.221173999999998,2.1199999999999966,0.08859756097560975,153,0,0
2022-10-08 22:06:24,FARM_01,329,29.04,89.7,0.0,Vegetative,No,Poor,9970.87,-13.36,Dry,2022-10,22,5,10,0,327.6666666666667,313.6666666666667,2.0,0.3142857142857143,28.187984,2.1199999999999966,0.088,151,0,0
2022-10-08 22:06:24,FARM_01,328,29.02,85.4,0.0,Vegetative,No,Poor,9970.71,-13.37,Dry,2022-10,22,5,10,0,328.0,313.75,-1.0,0.4,27.813894,2.1199999999999966,0.08820668693009119,152,0,0
2022-10-08 22:06:24,FARM_01,328,29.01,93.0,0.0,Vegetative,No,Poor,9970.73,-13.37,Dry,2022-10,22,5,10,0,328.3333333333333,327.25,0.0,0.42857142857142855,28.432115000000003,0.0,0.08817629179331307,152,0,0
2022-10-08 22:06:24,FARM_01,330,29.0,86.3,0.0,Vegetative,No,Poor,9970.71,-13.37,Very Dry,2022-10,22,5,10,0,328.6666666666667,327.3333333333333,2.0,0.4857142857142857,27.86975,0.0,0.08761329305135952,150,0,1
2022-10-08 22:06:24,FARM_01,328,29.09,79.2,6.9,Vegetative,No,Poor,9971.0,-13.34,Dry,2022-10,22,5,10,0,328.6666666666667,327.5833333333333,-2.0,0.22857142857142856,27.363704,6.899999999999997,0.088419452887538,152,0,0
2022-10-08 22:06:24,FARM_01,324,29.32,90.1,2.48,Vegetative,No,Poor,9969.44,-13.48,Dry,2022-10,22,5,10,0,327.3333333333333,327.4166666666667,-4.0,-0.6571428571428571,28.485826,9.379999999999997,0.09021538461538461,156,0,0
2022-10-08 22:06:24,FARM_01,329,29.76,86.0,0.0,Vegetative,No,Poor,9969.89,-13.44,Dry,2022-10,22,5,10,0,327.0,327.5,5.0,-0.2571428571428571,28.546480000000003,9.379999999999997,0.09018181818181818,151,0,0
2022-10-08 22:06:24,FARM_01,327,29.17,89.4,0.0,Vegetative,No,Poor,9970.11,-13.42,Dry,2022-10,22,5,10,0,326.6666666666667,327.5,-2.0,-0.34285714285714286,28.285589,2.4799999999999964,0.0889329268292683,153,0,0
2022-10-08 22:06:24,FARM_01,330,29.61,77.6,0.0,Vegetative,No,Poor,9969.36,-13.48,Very Dry,2022-10,22,5,10,0,328.6666666666667,327.75,3.0,0.05714285714285714,27.686847999999998,0.0,0.08945619335347432,150,0,1
2022-10-08 22:06:24,FARM_01,328,28.94,92.8,0.0,Vegetative,No,Poor,9971.11,-13.33,Dry,2022-10,22,5,10,0,328.3333333333333,327.9166666666667,-2.0,0.45714285714285713,28.348376000000002,0.0,0.08796352583586627,152,0,0
2022-10-08 22:06:24,FARM_01,346,28.81,81.4,0.0,Vegetative,No,Poor,9969.98,-13.43,Very Dry,2022-10,22,5,10,0,334.6666666666667,329.5,18.0,3.142857142857143,27.294937,0.0,0.08302593659942363,134,0,1
2022-10-08 22:06:24,FARM_01,335,28.86,82.8,0.0,Vegetative,No,Poor,9970.3,-13.4,Very Dry,2022-10,22,5,10,0,336.3333333333333,330.1666666666667,-11.0,2.4285714285714284,27.454244,0.0,0.08589285714285715,145,0,1
2022-10-08 22:06:24,FARM_01,350,28.84,78.8,0.0,Vegetative,No,Poor,9969.96,-13.43,Very Dry,2022-10,22,5,10,0,343.6666666666667,331.9166666666667,15.0,4.228571428571429,27.109655999999998,0.0,0.08216524216524217,130,0,1
2022-10-08 22:06:24,FARM_01,329,28.91,90.6,17.75,Vegetative,No,Poor,9970.97,-13.35,Dry,2022-10,22,5,10,0,338.0,332.0,-21.0,1.4285714285714286,28.139153,17.749999999999996,0.0876060606060606,151,0,0
2022-10-08 22:06:24,FARM_01,357,28.83,82.8,11.22,Vegetative,No,Poor,9970.16,-13.42,Very Dry,2022-10,22,5,10,0,345.3333333333333,334.4166666666667,28.0,3.1142857142857143,27.427082,28.97,0.08053072625698324,123,0,1
2022-10-08 22:06:24,FARM_01,167,28.73,82.9,2.14,Vegetative,No,Good,9970.55,-13.38,Very Wet,2022-10,22,5,10,0,284.3333333333333,320.8333333333333,-190.0,-24.285714285714285,27.3446435,31.109999999999996,0.17101190476190475,313,0,2
2022-10-08 22:06:24,FARM_01,259,28.78,75.8,8.89,Vegetative,No,Good,9970.01,-13.43,Wet,2022-10,22,5,10,0,261.0,315.0833333333333,92.0,-25.742857142857144,26.812782000000002,22.25,0.1106923076923077,221,0,3
2022-10-08 22:06:24,FARM_01,232,28.77,78.5,0.79,Vegetative,No,Good,9970.19,-13.41,Wet,2022-10,22,5,10,0,219.33333333333334,307.4166666666667,-27.0,-28.285714285714285,27.0234475,11.819999999999997,0.12347639484978541,248,0,3
2022-10-08 22:06:24,FARM_01,206,28.76,85.3,0.0,Vegetative,No,Good,9970.01,-13.43,Wet,2022-10,22,5,10,0,232.33333333333334,297.1666666666667,-26.0,-25.65714285714286,27.566654,9.679999999999996,0.13893719806763286,274,0,3
2022-10-08 22:06:24,FARM_01,187,28.75,80.5,0.0,Vegetative,No,Good,9970.18,-13.41,Very Wet,2022-10,22,5,10,0,208.33333333333334,285.5,-19.0,-21.714285714285715,27.1680625,0.7899999999999965,0.1529255319148936,293,0,2
2022-10-08 22:06:24,FARM_01,298,28.8,84.2,0.0,Vegetative,No,Poor,9970.19,-13.41,Dry,2022-10,22,5,10,0,230.33333333333334,282.8333333333333,111.0,11.8,27.51388,0.0,0.09632107023411371,182,0,0
2022-10-08 22:06:24,FARM_01,168,28.72,78.9,0.0,Vegetative,Yes,Poor,9970.74,-13.37,Very Wet,2022-10,22,5,10,0,217.66666666666666,269.5,-130.0,-7.885714285714286,27.011744,0.0,0.16994082840236685,312,0,2
2022-10-08 22:06:24,FARM_01,165,28.7,87.2,0.0,Vegetative,Yes,Poor,9971.09,-13.34,Very Wet,2022-10,22,5,10,0,210.33333333333334,254.41666666666666,-3.0,-9.657142857142857,27.665119999999998,0.0,0.17289156626506025,315,0,2
2022-10-08 22:06:24,FARM_01,330,28.88,84.5,0.0,Vegetative,No,Poor,9970.96,-13.35,Very Dry,2022-10,22,5,10,0,221.0,254.0,165.0,12.114285714285714,27.61148,0.0,0.08725075528700905,150,0,1
2022-10-08 22:06:24,FARM_01,166,28.56,90.8,0.0,Vegetative,Yes,Poor,9970.48,-13.39,Very Wet,2022-10,22,5,10,0,220.33333333333334,238.66666666666666,-164.0,-0.34285714285714286,27.823263999999998,0.0,0.1710179640718563,314,0,2
2022-10-08 22:06:24,FARM_01,166,28.62,89.7,0.0,Vegetative,Yes,Poor,9970.61,-13.38,Very Wet,2022-10,22,5,10,0,220.66666666666666,225.08333333333334,0.0,-14.314285714285715,27.791777,0.0,0.17137724550898203,314,0,2
2022-10-08 22:06:24,FARM_01,167,28.68,81.3,0.0,Vegetative,Yes,Poor,9970.77,-13.36,Very Wet,2022-10,22,5,10,0,166.33333333333334,209.25,1.0,-4.742857142857143,27.170161999999998,0.0,0.1707142857142857,313,0,2
2022-10-08 22:06:24,FARM_01,166,28.67,81.7,0.0,Vegetative,Yes,Poor,9970.94,-13.35,Very Wet,2022-10,22,5,10,0,166.33333333333334,209.16666666666666,-1.0,-13.82857142857143,27.1934645,0.0,0.17167664670658683,314,0,2
2022-10-08 22:06:24,FARM_01,166,28.66,83.3,0.0,Vegetative,Yes,Poor,9970.56,-13.38,Very Wet,2022-10,22,5,10,0,166.33333333333334,201.41666666666666,0.0,-23.4,27.313479,0.0,0.17161676646706586,314,0,2
2022-10-08 22:06:24,FARM_01,167,28.65,80.0,0.0,Vegetative,Yes,Poor,9970.77,-13.36,Very Wet,2022-10,22,5,10,0,166.33333333333334,196.0,1.0,0.11428571428571428,27.0385,0.0,0.1705357142857143,313,0,2
2022-10-08 22:06:24,FARM_01,166,28.64,86.7,0.0,Vegetative,Yes,Poor,9970.59,-13.38,Very Wet,2022-10,22,5,10,0,166.33333333333334,192.66666666666666,-1.0,0.0,27.569084,0.0,0.17149700598802395,314,0,2
2022-10-08 22:06:24,FARM_01,165,28.63,91.0,0.0,Vegetative,Yes,Poor,9970.61,-13.38,Very Wet,2022-10,22,5,10,0,166.0,190.83333333333334,-1.0,-0.2571428571428571,27.905815,0.0,0.17246987951807227,315,0,2
2022-10-08 22:06:24,FARM_01,166,28.61,82.8,0.0,Vegetative,Yes,Poor,9970.44,-13.39,Very Wet,2022-10,22,5,10,0,165.66666666666666,179.83333333333334,1.0,-0.11428571428571428,27.227894,0.0,0.17131736526946106,314,0,2
2022-10-08 22:06:24,FARM_01,166,28.71,80.0,0.0,Vegetative,Yes,Poor,9970.91,-13.35,Very Wet,2022-10,22,5,10,0,165.66666666666666,179.66666666666666,0.0,-0.11428571428571428,27.091900000000003,0.0,0.17191616766467066,314,0,2
2022-10-08 22:06:24,FARM_01,165,28.6,77.7,0.0,Vegetative,Yes,Poor,9970.27,-13.41,Very Wet,2022-10,22,5,10,0,165.66666666666666,179.66666666666666,-1.0,-0.2571428571428571,26.80931,0.0,0.17228915662650604,315,0,2
2022-10-08 22:06:24,FARM_01,167,28.59,90.0,17.37,Vegetative,No,Good,9970.13,-13.42,Very Wet,2022-10,22,5,10,0,166.0,166.08333333333334,2.0,0.14285714285714285,27.78755,17.369999999999997,0.17017857142857143,313,0,2
2022-10-08 22:06:24,FARM_01,166,28.58,82.2,7.35,Vegetative,No,Good,9970.3,-13.4,Very Wet,2022-10,22,5,10,0,166.0,166.08333333333334,-1.0,0.2,27.152618,24.72,0.1711377245508982,314,0,2
2022-10-08 22:06:24,FARM_01,166,28.57,87.2,0.61,Vegetative,No,Good,9970.32,-13.4,Very Wet,2022-10,22,5,10,0,166.33333333333334,166.08333333333334,0.0,0.05714285714285714,27.544272,25.33,0.17107784431137724,314,0,2
2022-10-08 22:06:24,FARM_01,328,28.92,77.9,0.0,Vegetative,No,Poor,9971.13,-13.33,Dry,2022-10,22,5,10,0,220.0,179.5,162.0,23.2,27.106474000000002,7.959999999999996,0.08790273556231004,152,0,0
2022-10-08 22:06:24,FARM_01,329,28.9,85.7,0.0,Vegetative,No,Poor,9971.16,-13.33,Dry,2022-10,22,5,10,0,274.3333333333333,193.08333333333334,1.0,37.22857142857143,27.728115,0.6099999999999964,0.08757575757575757,151,0,0
2022-10-08 22:06:24,FARM_01,164,28.53,75.6,0.0,Vegetative,Yes,Poor,9970.66,-13.37,Very Wet,2022-10,22,5,10,0,273.6666666666667,192.91666666666666,-165.0,18.17142857142857,26.580074,0.0,0.17290909090909093,316,0,2
2022-10-08 22:06:24,FARM_01,328,28.87,86.1,15.67,Vegetative,No,Poor,9970.8,-13.36,Dry,2022-10,22,5,10,0,273.6666666666667,206.33333333333334,164.0,23.0,27.7331885,15.669999999999996,0.08775075987841946,152,0,0
2022-10-08 22:06:24,FARM_01,332,30.55,79.9,7.08,Vegetative,No,Poor,9970.47,-13.39,Very Dry,2022-10,22,5,10,0,274.6666666666667,220.16666666666666,4.0,19.0,28.7203975,22.749999999999996,0.09174174174174174,148,0,1
2022-10-08 22:06:24,FARM_01,331,29.83,91.5,0.0,Vegetative,No,Poor,9971.05,-13.34,Very Dry,2022-10,22,5,10,0,330.3333333333333,234.0,-1.0,5.371428571428571,29.089947499999997,22.749999999999996,0.08984939759036144,149,0,1
2022-10-08 22:06:24,FARM_01,166,28.52,89.3,6.39,Vegetative,No,Good,9970.66,-13.37,Very Wet,2022-10,22,5,10,0,276.3333333333333,234.0,-165.0,-8.857142857142858,27.665498,13.469999999999995,0.17077844311377247,314,0,2
2022-10-08 22:06:24,FARM_01,165,28.52,92.5,0.0,Vegetative,Yes,Poor,9970.48,-13.39,Very Wet,2022-10,22,5,10,0,220.66666666666666,233.91666666666666,-1.0,-13.771428571428572,27.92105,6.389999999999996,0.17180722891566264,315,0,2
2022-10-08 22:06:24,FARM_01,166,28.51,88.2,5.39,Vegetative,No,Good,9970.34,-13.4,Very Wet,2022-10,22,5,10,0,165.66666666666666,234.0,1.0,-42.17142857142857,27.568301,11.779999999999996,0.1707185628742515,314,0,2
2022-10-08 22:06:24,FARM_01,167,28.5,85.7,3.81,Vegetative,No,Good,9970.5,-13.39,Very Wet,2022-10,22,5,10,0,166.0,234.0,1.0,-37.74285714285714,27.359575,9.199999999999996,0.16964285714285715,313,0,2
2022-10-08 22:06:24,FARM_01,167,28.39,86.8,8.79,Vegetative,No,Good,9970.91,-13.35,Very Wet,2022-10,22,5,10,0,166.66666666666666,234.08333333333334,0.0,-23.314285714285713,27.345286,17.989999999999995,0.16898809523809524,313,0,2
2022-10-08 22:06:24,FARM_01,166,28.49,79.0,0.0,Vegetative,Yes,Poor,9970.33,-13.4,Very Wet,2022-10,22,5,10,0,166.66666666666666,234.08333333333334,-1.0,0.2,26.816405,12.599999999999994,0.17059880239520958,314,0,2
2022-10-08 22:06:24,FARM_01,166,28.46,83.6,0.0,Vegetative,Yes,Poor,9970.19,-13.41,Very Wet,2022-10,22,5,10,0,166.33333333333334,220.58333333333334,0.0,0.14285714285714285,27.155708,8.789999999999996,0.17041916167664672,314,0,2
2022-10-08 22:06:24,FARM_01,166,28.45,76.8,0.0,Vegetative,Yes,Poor,9970.2,-13.41,Very Wet,2022-10,22,5,10,0,166.0,207.0,0.0,-0.11428571428571428,26.60618,0.0,0.17035928143712575,314,0,2
2022-10-08 22:06:24,FARM_01,166,28.44,83.1,0.0,Vegetative,Yes,Poor,9970.18,-13.41,Very Wet,2022-10,22,5,10,0,166.0,207.16666666666666,0.0,-0.22857142857142856,27.097802,0.0,0.1702994011976048,314,0,2
2022-10-08 22:06:24,FARM_01,165,28.43,86.0,0.0,Vegetative,Yes,Poor,9970.17,-13.41,Very Wet,2022-10,22,5,10,0,165.66666666666666,193.58333333333334,-1.0,-0.2857142857142857,27.31889,0.0,0.17126506024096386,315,0,2
2022-10-08 22:06:24,FARM_01,167,28.48,87.2,2.61,Vegetative,No,Good,9970.33,-13.4,Very Wet,2022-10,22,5,10,0,166.0,179.83333333333334,2.0,0.05714285714285714,27.460608,2.6099999999999963,0.16952380952380952,313,0,2
2022-10-08 22:06:24,FARM_01,167,28.38,91.1,3.0,Vegetative,No,Good,9970.73,-13.37,Very Wet,2022-10,22,5,10,0,166.33333333333334,166.16666666666666,0.0,0.2,27.676098999999997,5.609999999999996,0.16892857142857143,313,0,2
2022-10-08 22:06:24,FARM_01,331,28.32,78.2,0.0,Vegetative,No,Poor,9969.03,-13.51,Very Dry,2022-10,22,5,10,0,221.66666666666666,179.91666666666666,164.0,23.714285714285715,26.603032,5.609999999999996,0.08530120481927711,149,0,1
2022-10-08 22:06:24,FARM_01,166,28.47,88.7,0.32,Vegetative,No,Good,9970.19,-13.41,Very Wet,2022-10,22,5,10,0,221.33333333333334,180.0,-165.0,14.228571428571428,27.5706895,3.3199999999999963,0.17047904191616767,314,0,2
2022-10-08 22:06:24,FARM_01,344,28.27,83.2,0.0,Vegetative,No,Poor,9969.05,-13.51,Very Dry,2022-10,22,5,10,0,280.3333333333333,194.83333333333334,178.0,30.17142857142857,26.951452,0.31999999999999645,0.08194202898550725,136,0,1
2022-10-08 22:06:24,FARM_01,165,28.37,80.7,1.24,Vegetative,No,Good,9970.22,-13.41,Very Wet,2022-10,22,5,10,0,225.0,194.66666666666666,-179.0,10.17142857142857,26.844624500000002,1.5599999999999965,0.17090361445783134,315,0,2
2022-10-08 22:06:24,FARM_01,165,28.36,87.5,0.0,Vegetative,Yes,Poor,9970.38,-13.4,Very Wet,2022-10,22,5,10,0,224.66666666666666,194.5,0.0,-9.428571428571429,27.37275,1.2399999999999964,0.1708433734939759,315,0,2
2022-10-08 22:06:24,FARM_01,166,28.35,78.5,3.69,Vegetative,No,Good,9970.23,-13.41,Very Wet,2022-10,22,5,10,0,165.33333333333334,194.5,1.0,-28.771428571428572,26.653112500000002,4.929999999999996,0.16976047904191618,314,0,2
2022-10-08 22:06:24,FARM_01,165,28.34,83.5,21.18,Vegetative,No,Good,9969.89,-13.44,Very Wet,2022-10,22,5,10,0,165.33333333333334,194.41666666666666,-1.0,-15.4,27.038645,24.869999999999997,0.17072289156626505,315,0,2
2022-10-08 22:06:24,FARM_01,167,28.34,87.0,0.0,Vegetative,Yes,Poor,9969.72,-13.45,Very Wet,2022-10,22,5,10,0,166.0,194.5,2.0,-25.257142857142856,27.31469,24.869999999999997,0.1686904761904762,313,0,2
2022-10-08 22:06:24,FARM_01,167,28.33,87.6,0.0,Vegetative,Yes,Poor,9969.86,-13.44,Very Wet,2022-10,22,5,10,0,166.33333333333334,194.58333333333334,0.0,0.42857142857142855,27.352693999999996,21.18,0.16863095238095238,313,0,2
2022-10-08 22:06:24,FARM_01,165,28.32,89.5,0.0,Vegetative,Yes,Poor,9969.38,-13.48,Very Wet,2022-10,22,5,10,0,166.33333333333334,194.58333333333334,-2.0,0.14285714285714285,27.49302,0.0,0.17060240963855422,315,0,2
2022-10-08 22:06:24,FARM_01,166,28.31,82.8,3.8,Vegetative,No,Good,9969.38,-13.48,Very Wet,2022-10,22,5,10,0,166.0,194.5,1.0,0.0,26.956273999999997,3.8,0.16952095808383233,314,0,2
2022-10-08 22:06:24,FARM_01,166,28.3,81.9,0.0,Vegetative,Yes,Poor,9969.55,-13.47,Very Wet,2022-10,22,5,10,0,165.66666666666666,194.41666666666666,0.0,0.0,26.876435,3.8,0.1694610778443114,314,0,2
2022-10-08 22:06:24,FARM_01,206,28.29,91.1,0.0,Vegetative,No,Good,9969.56,-13.47,Wet,2022-10,22,5,10,0,179.33333333333334,184.0,40.0,5.514285714285714,27.590504499999998,3.8,0.13666666666666666,274,0,3
2022-10-08 22:06:24,FARM_01,426,28.29,86.8,0.0,Vegetative,No,Poor,9969.56,-13.47,Very Dry,2022-10,22,5,10,0,266.0,205.66666666666666,220.0,40.51428571428571,27.252546,0.0,0.06625292740046838,54,0,1
2022-10-08 22:06:24,FARM_01,419,28.28,81.1,0.0,Vegetative,No,Poor,9969.22,-13.49,Very Dry,2022-10,22,5,10,0,350.3333333333333,211.91666666666666,-7.0,59.714285714285715,26.795594,0.0,0.06733333333333334,61,0,1
2022-10-08 22:06:24,FARM_01,167,28.42,94.2,0.0,Vegetative,Yes,Poor,9970.2,-13.41,Very Wet,2022-10,22,5,10,0,337.3333333333333,212.08333333333334,-252.0,28.114285714285714,27.960002000000003,0.0,0.1691666666666667,313,0,2
2022-10-08 22:06:24,FARM_01,167,28.54,95.8,0.0,Vegetative,Yes,Poor,9970.66,-13.37,Very Wet,2022-10,22,5,10,0,251.0,212.25,0.0,-3.4,28.204126,0.0,0.16988095238095238,313,0,2
2022-10-08 22:06:24,FARM_01,203,31.63,88.1,0.0,Vegetative,No,Good,9971.31,-13.32,Wet,2022-10,22,5,10,0,179.0,215.33333333333334,36.0,-29.82857142857143,30.476116499999996,0.0,0.15504901960784312,277,0,3
2022-10-08 22:06:24,FARM_01,330,28.91,87.5,0.0,Vegetative,No,Poor,9969.77,-13.45,Very Dry,2022-10,22,5,10,0,233.33333333333334,229.08333333333334,127.0,-32.22857142857143,27.8849375,0.0,0.08734138972809667,150,0,1
2022-10-08 22:06:24,FARM_01,331,28.57,89.6,3.72,Vegetative,No,Poor,9969.3,-13.49,Very Dry,2022-10,22,5,10,0,288.0,242.75,1.0,2.4285714285714284,27.736596,3.72,0.08605421686746988,149,0,1
2022-10-08 22:06:24,FARM_01,332,30.11,89.4,1.17,Vegetative,No,Poor,9970.87,-13.36,Very Dry,2022-10,22,5,10,0,331.0,256.5,1.0,41.25714285714286,29.170787,4.890000000000001,0.09042042042042042,148,0,1
2022-10-08 22:06:24,FARM_01,331,30.31,82.4,10.48,Vegetative,No,Poor,9971.33,-13.32,Very Dry,2022-10,22,5,10,0,331.3333333333333,270.3333333333333,-1.0,34.51428571428571,28.731192,15.370000000000001,0.09129518072289156,149,0,1
2022-10-08 22:06:24,FARM_01,331,30.46,74.8,0.0,Vegetative,No,Poor,9971.13,-13.33,Very Dry,2022-10,22,5,10,0,331.3333333333333,284.0833333333333,0.0,18.4,28.178644000000002,11.65,0.09174698795180723,149,0,1
2022-10-08 22:06:24,FARM_01,332,30.56,80.3,7.7,Vegetative,No,Poor,9970.98,-13.35,Very Dry,2022-10,22,5,10,0,331.3333333333333,297.9166666666667,1.0,0.2571428571428571,28.765724,18.18,0.09177177177177177,148,0,1
2022-10-08 22:06:24,FARM_01,331,29.65,86.7,0.0,Vegetative,No,Poor,9970.86,-13.36,Very Dry,2022-10,22,5,10,0,331.3333333333333,308.3333333333333,-1.0,0.0,28.5052025,7.7,0.08930722891566265,149,0,1
2022-10-08 22:06:24,FARM_01,330,30.62,87.2,0.0,Vegetative,No,Poor,9970.91,-13.35,Very Dry,2022-10,22,5,10,0,331.0,300.3333333333333,-1.0,-0.2571428571428571,29.449952,7.7,0.09250755287009063,150,0,1
2022-10-08 22:06:24,FARM_01,331,30.51,88.6,0.0,Vegetative,No,Poor,9970.37,-13.4,Very Dry,2022-10,22,5,10,0,330.6666666666667,293.0,1.0,-0.11428571428571428,29.474823,0.0,0.09189759036144579,149,0,1
2022-10-08 22:06:24,FARM_01,332,30.67,85.0,0.0,Vegetative,No,Poor,9970.65,-13.37,Very Dry,2022-10,22,5,10,0,331.0,306.75,1.0,0.02857142857142857,29.294725,0.0,0.09210210210210211,148,0,1
2022-10-08 22:06:24,FARM_01,333,30.66,83.5,0.0,Vegetative,No,Poor,9970.83,-13.36,Very Dry,2022-10,22,5,10,0,332.0,320.5833333333333,1.0,0.2571428571428571,29.148105,0.0,0.09179640718562875,147,0,1
2022-10-08 22:06:24,FARM_01,333,30.64,73.3,0.0,Vegetative,No,Poor,9970.7,-13.37,Very Dry,2022-10,22,5,10,0,332.6666666666667,331.4166666666667,0.0,0.5714285714285714,28.196416,0.0,0.09173652694610779,147,0,1
2022-10-08 22:06:24,FARM_01,333,30.63,87.0,0.0,Vegetative,No,Poor,9970.91,-13.35,Very Dry,2022-10,22,5,10,0,333.0,331.6666666666667,0.0,0.6285714285714286,29.440955,0.0,0.0917065868263473,147,0,1
2022-10-08 22:06:24,FARM_01,332,30.59,84.0,0.0,Vegetative,No,Poor,9970.79,-13.36,Very Dry,2022-10,22,5,10,0,332.6666666666667,331.75,-1.0,0.22857142857142856,29.13008,0.0,0.09186186186186186,148,0,1
2022-10-08 22:06:24,FARM_01,332,30.47,86.2,0.0,Vegetative,No,Poor,9970.75,-13.37,Very Dry,2022-10,22,5,10,0,332.3333333333333,331.75,0.0,-0.08571428571428572,29.219927,0.0,0.09150150150150149,148,0,1
2022-10-08 22:06:24,FARM_01,332,30.37,81.6,0.0,Vegetative,No,Poor,9970.92,-13.35,Very Dry,2022-10,22,5,10,0,332.0,331.8333333333333,0.0,-0.2571428571428571,28.713356,0.0,0.0912012012012012,148,0,1
2022-10-08 22:06:24,FARM_01,170,31.01,83.5,0.0,Vegetative,Yes,Poor,9970.66,-13.37,Very Wet,2022-10,22,5,10,0,278.0,318.4166666666667,-162.0,-23.37142857142857,29.4663425,0.0,0.1813450292397661,310,0,2
2022-10-08 22:06:24,FARM_01,330,29.28,84.2,2.69,Vegetative,No,Poor,9970.36,-13.4,Very Dry,2022-10,22,5,10,0,277.3333333333333,318.25,160.0,-14.314285714285717,27.952168,2.69,0.08845921450151058,150,0,1
2022-10-08 22:06:24,FARM_01,173,30.57,83.9,0.0,Vegetative,Yes,Poor,9971.14,-13.33,Very Wet,2022-10,22,5,10,0,224.33333333333334,305.0833333333333,-157.0,-27.514285714285716,29.1027265,2.69,0.1756896551724138,307,0,2
2022-10-08 22:06:24,FARM_01,296,30.33,76.9,0.0,Vegetative,No,Poor,9971.12,-13.33,Dry,2022-10,22,5,10,0,266.3333333333333,302.25,123.0,-14.199999999999998,28.255273499999998,2.69,0.10212121212121211,184,0,0
2022-10-08 22:06:24,FARM_01,256,30.28,80.2,0.0,Vegetative,No,Good,9970.85,-13.36,Wet,2022-10,22,5,10,0,241.66666666666666,296.0,-40.0,-4.542857142857143,28.507108000000002,0.0,0.11782101167315176,224,0,3
2022-10-08 22:06:24,FARM_01,235,30.23,89.4,2.0,Vegetative,No,Good,9970.91,-13.35,Wet,2022-10,22,5,10,0,262.3333333333333,287.9166666666667,-21.0,6.457142857142858,29.283791,2.0,0.12809322033898304,245,0,3
2022-10-08 22:06:24,FARM_01,207,30.19,85.5,0.0,Vegetative,No,Good,9970.78,-13.36,Wet,2022-10,22,5,10,0,232.66666666666666,277.4166666666667,-28.0,-13.4,28.898847500000002,2.0,0.14514423076923078,273,0,3
2022-10-08 22:06:24,FARM_01,182,30.2,77.3,0.0,Vegetative,No,Good,9970.78,-13.36,Very Wet,2022-10,22,5,10,0,208.0,264.8333333333333,-25.0,-6.942857142857142,28.17743,2.0,0.16502732240437157,298,0,2
2022-10-08 22:06:24,FARM_01,174,30.35,80.7,0.0,Vegetative,Yes,Poor,9970.94,-13.35,Very Wet,2022-10,22,5,10,0,187.66666666666666,251.58333333333334,-8.0,-24.571428571428573,28.6144475,0.0,0.17342857142857143,306,0,2
2022-10-08 22:06:24,FARM_01,175,30.75,87.2,0.0,Vegetative,No,Good,9971.05,-13.34,Very Wet,2022-10,22,5,10,0,177.0,238.5,1.0,-17.514285714285716,29.5708,0.0,0.1747159090909091,305,0,2
2022-10-08 22:06:24,FARM_01,332,30.42,77.3,0.0,Vegetative,No,Poor,9970.49,-13.39,Very Dry,2022-10,22,5,10,0,227.0,238.5,157.0,10.885714285714286,28.369963000000002,0.0,0.09135135135135136,148,0,1
2022-10-08 22:06:24,FARM_01,186,30.88,90.9,0.0,Vegetative,No,Good,9971.05,-13.34,Very Wet,2022-10,22,5,10,0,231.0,226.33333333333334,-146.0,9.885714285714286,30.035156,0.0,0.1651336898395722,294,0,2
2022-10-08 22:06:24,FARM_01,170,30.96,82.6,0.0,Vegetative,Yes,Poor,9971.1,-13.34,Very Wet,2022-10,22,5,10,0,229.33333333333334,226.33333333333334,-16.0,3.7999999999999994,29.336928,0.0,0.18105263157894738,310,0,2
2022-10-08 22:06:24,FARM_01,170,31.0,92.3,0.31,Vegetative,No,Good,9971.18,-13.33,Very Wet,2022-10,22,5,10,0,175.33333333333334,213.0,0.0,-5.171428571428572,30.28005,0.31,0.18128654970760233,310,0,2
2022-10-08 22:06:24,FARM_01,330,30.66,87.8,2.14,Vegetative,No,Poor,9970.34,-13.4,Very Dry,2022-10,22,5,10,0,223.33333333333334,226.08333333333334,160.0,7.8,29.542114,2.45,0.09262839879154079,150,0,1
2022-10-08 22:06:24,FARM_01,166,28.4,85.2,0.0,Vegetative,Yes,Poor,9970.87,-13.36,Very Wet,2022-10,22,5,10,0,222.0,215.25,-164.0,-11.371428571428572,27.227839999999997,2.45,0.17005988023952096,314,0,2
2022-10-08 22:06:24,FARM_01,172,31.03,79.5,0.0,Vegetative,Yes,Poor,9971.13,-13.33,Very Wet,2022-10,22,5,10,0,222.66666666666666,208.25,6.0,2.2285714285714286,29.1098675,2.14,0.179364161849711,308,0,2
2022-10-08 22:06:24,FARM_01,171,30.98,73.4,0.0,Vegetative,Yes,Poor,9970.88,-13.35,Very Wet,2022-10,22,5,10,0,169.66666666666666,202.91666666666666,-1.0,-4.371428571428571,28.495826,0.0,0.18011627906976743,309,0,2
2022-10-08 22:06:24,FARM_01,167,29.1,90.2,0.0,Vegetative,Yes,Poor,9967.57,-13.63,Very Wet,2022-10,22,5,10,0,170.0,199.58333333333334,-4.0,-13.885714285714286,28.28611,0.0,0.1732142857142857,313,0,2
2022-10-08 22:06:24,FARM_01,170,30.76,77.6,2.54,Vegetative,No,Good,9970.53,-13.38,Very Wet,2022-10,22,5,10,0,169.33333333333334,198.58333333333334,3.0,-22.8,28.695168,2.54,0.17988304093567253,310,0,2
2022-10-08 22:06:24,FARM_01,174,30.7,85.2,0.0,Vegetative,Yes,Poor,9970.63,-13.38,Very Wet,2022-10,22,5,10,0,170.33333333333334,198.58333333333334,4.0,0.8571428571428571,29.340619999999998,2.54,0.17542857142857143,306,0,2
2022-10-08 22:06:24,FARM_01,170,29.91,89.9,0.52,Vegetative,No,Good,9969.23,-13.49,Very Wet,2022-10,22,5,10,0,171.33333333333334,198.16666666666666,-4.0,0.05714285714285714,29.0261995,3.06,0.17491228070175438,310,0,2
2022-10-08 22:06:24,FARM_01,170,30.59,83.9,1.07,Vegetative,No,Good,9970.63,-13.38,Very Wet,2022-10,22,5,10,0,171.33333333333334,184.66666666666666,0.0,0.22857142857142856,29.1209555,1.59,0.17888888888888888,310,0,2
2022-10-08 22:06:24,FARM_01,171,30.4,80.7,9.15,Vegetative,No,Good,9970.87,-13.36,Very Wet,2022-10,22,5,10,0,170.33333333333334,183.41666666666666,1.0,0.45714285714285713,28.65914,10.74,0.17674418604651163,309,0,2
2022-10-08 22:06:24,FARM_01,170,30.02,76.6,0.0,Vegetative,Yes,Poor,9969.97,-13.43,Very Wet,2022-10,22,5,10,0,170.33333333333334,183.41666666666666,-1.0,-0.2571428571428571,27.958226,10.22,0.17555555555555555,310,0,2
2022-10-08 22:06:24,FARM_01,171,30.34,87.5,0.0,Vegetative,Yes,Poor,9971.11,-13.33,Very Wet,2022-10,22,5,10,0,170.66666666666666,183.5,1.0,-0.4,29.216625,9.15,0.1763953488372093,309,0,2
2022-10-08 22:06:24,FARM_01,170,30.28,89.2,0.0,Vegetative,Yes,Poor,9970.85,-13.36,Very Wet,2022-10,22,5,10,0,170.33333333333334,170.16666666666666,-1.0,0.05714285714285714,29.312968,0.0,0.17707602339181286,310,0,2
2022-10-08 22:06:24,FARM_01,170,30.19,81.6,3.94,Vegetative,No,Good,9970.95,-13.35,Very Wet,2022-10,22,5,10,0,170.33333333333334,170.5,0.0,-0.05714285714285714,28.551572,3.94,0.17654970760233918,310,0,2
2022-10-08 22:06:24,FARM_01,171,30.52,83.1,0.0,Vegetative,Yes,Poor,9970.69,-13.37,Very Wet,2022-10,22,5,10,0,170.33333333333334,170.41666666666666,1.0,-0.02857142857142857,28.984465999999998,3.94,0.17744186046511629,309,0,2
2022-10-08 22:06:24,FARM_01,170,30.14,88.0,1.95,Vegetative,No,Good,9970.7,-13.37,Very Wet,2022-10,22,5,10,0,170.33333333333334,170.33333333333334,-1.0,0.0,29.07476,5.89,0.17625730994152047,310,0,2
2022-10-08 22:06:24,FARM_01,170,29.33,84.3,0.0,Vegetative,Yes,Poor,9967.72,-13.62,Very Wet,2022-10,22,5,10,0,170.33333333333334,170.58333333333334,0.0,-0.11428571428571428,28.006254499999997,1.95,0.1715204678362573,310,0,2
2022-10-08 22:06:24,FARM_01,240,28.65,85.3,0.0,Vegetative,No,Good,9969.05,-13.51,Wet,2022-10,22,5,10,0,193.33333333333334,176.41666666666666,70.0,9.971428571428572,27.4655475,1.95,0.11887966804979253,240,0,3
2022-10-08 22:06:24,FARM_01,171,30.46,87.4,0.0,Vegetative,Yes,Poor,9970.93,-13.35,Very Wet,2022-10,22,5,10,0,193.66666666666666,176.16666666666666,-69.0,6.057142857142857,29.319322000000003,0.0,0.17709302325581397,309,0,2
2022-10-08 22:06:24,FARM_01,171,29.81,81.9,3.22,Vegetative,No,Good,9968.65,-13.54,Very Wet,2022-10,22,5,10,0,194.0,176.25,0.0,2.085714285714286,28.2361145,3.22,0.17331395348837209,309,0,2
2022-10-08 22:06:24,FARM_01,170,29.67,84.7,0.53,Vegetative,No,Good,9968.09,-13.59,Very Wet,2022-10,22,5,10,0,170.66666666666666,176.25,-1.0,-1.8857142857142857,28.3513695,3.75,0.17350877192982458,310,0,2
2022-10-08 22:06:24,FARM_01,170,29.63,88.0,2.27,Vegetative,No,Good,9967.81,-13.61,Very Wet,2022-10,22,5,10,0,170.33333333333334,176.16666666666666,0.0,-6.0,28.598419999999997,6.0200000000000005,0.17327485380116958,310,0,2
2022-10-08 22:06:24,FARM_01,171,29.53,79.2,14.23,Vegetative,No,Good,9967.89,-13.61,Very Wet,2022-10,22,5,10,0,170.33333333333334,176.25,1.0,-9.971428571428572,27.753368000000002,17.03,0.17168604651162792,309,0,2
2022-10-08 22:06:24,FARM_01,170,29.43,85.7,3.78,Vegetative,No,Good,9967.99,-13.6,Very Wet,2022-10,22,5,10,0,170.33333333333334,176.16666666666666,-1.0,-0.14285714285714285,28.2164305,20.28,0.17210526315789473,310,0,2
2022-10-08 22:06:24,FARM_01,170,29.39,86.8,0.0,Vegetative,Yes,Poor,9967.86,-13.61,Very Wet,2022-10,22,5,10,0,170.33333333333334,176.16666666666666,0.0,-0.11428571428571428,28.272686,18.01,0.17187134502923976,310,0,2
2022-10-08 22:06:24,FARM_01,170,29.36,76.3,0.0,Vegetative,Yes,Poor,9967.89,-13.61,Very Wet,2022-10,22,5,10,0,170.0,176.16666666666666,0.0,-0.02857142857142857,27.357824,3.78,0.17169590643274854,310,0,2
2022-10-08 22:06:24,FARM_01,171,29.24,93.5,0.0,Vegetative,Yes,Poor,9969.19,-13.5,Very Wet,2022-10,22,5,10,0,170.33333333333334,176.16666666666666,1.0,0.05714285714285714,28.695169999999997,0.0,0.16999999999999998,309,0,2
2022-10-08 22:06:24,FARM_01,170,29.02,80.9,0.0,Vegetative,Yes,Poor,9970.54,-13.38,Very Wet,2022-10,22,5,10,0,170.33333333333334,176.16666666666666,-1.0,-0.05714285714285714,27.442149,0.0,0.16970760233918128,310,0,2
2022-10-08 22:06:24,FARM_01,176,29.17,85.6,0.0,Vegetative,No,Good,9969.59,-13.46,Very Wet,2022-10,22,5,10,0,172.33333333333334,176.66666666666666,6.0,0.8857142857142857,27.968536,0.0,0.16480225988700567,304,0,2
2022-10-08 22:06:24,FARM_01,170,29.14,81.1,2.84,Vegetative,No,Good,9969.77,-13.45,Very Wet,2022-10,22,5,10,0,172.0,170.83333333333334,-6.0,0.4857142857142857,27.566197,2.84,0.1704093567251462,310,0,2
2022-10-08 22:06:24,FARM_01,171,29.12,87.3,0.0,Vegetative,Yes,Poor,9969.94,-13.43,Very Wet,2022-10,22,5,10,0,172.33333333333334,170.83333333333334,1.0,0.22857142857142856,28.063868,2.84,0.16930232558139535,309,0,2
2022-10-08 22:06:24,FARM_01,170,29.07,81.6,0.0,Vegetative,Yes,Poor,9970.51,-13.39,Very Wet,2022-10,22,5,10,0,170.33333333333334,170.75,-1.0,-0.22857142857142856,27.544916,2.84,0.17,310,0,2
2022-10-08 22:06:24,FARM_01,238,28.55,81.7,0.0,Vegetative,No,Good,9968.23,-13.58,Wet,2022-10,22,5,10,0,193.0,176.41666666666666,68.0,9.228571428571428,27.085542500000003,0.0,0.1194560669456067,242,0,3
2022-10-08 22:06:24,FARM_01,171,29.71,84.7,0.0,Vegetative,Yes,Poor,9968.24,-13.58,Very Wet,2022-10,22,5,10,0,193.0,176.5,-67.0,5.085714285714285,28.3880035,0.0,0.1727325581395349,309,0,2
2022-10-08 22:06:24,FARM_01,170,30.92,86.7,0.0,Vegetative,Yes,Poor,9970.64,-13.37,Very Wet,2022-10,22,5,10,0,193.0,176.41666666666666,-1.0,1.9428571428571428,29.682302,0.0,0.1808187134502924,310,0,2
2022-10-08 22:06:24,FARM_01,171,29.05,78.3,12.74,Vegetative,No,Good,9970.34,-13.4,Very Wet,2022-10,22,5,10,0,170.66666666666666,176.5,1.0,-1.9142857142857144,27.2537825,12.74,0.1688953488372093,309,0,2
2022-10-08 22:06:24,FARM_01,392,28.87,89.8,0.0,Vegetative,No,Poor,9971.13,-13.33,Very Dry,2022-10,22,5,10,0,244.33333333333334,195.0,221.0,25.942857142857143,28.035793,12.74,0.07346055979643766,88,0,1
2022-10-08 22:06:24,FARM_01,172,29.0,75.5,0.0,Vegetative,Yes,Poor,9970.71,-13.37,Very Wet,2022-10,22,5,10,0,245.0,195.16666666666666,-220.0,9.542857142857143,26.978749999999998,12.74,0.1676300578034682,308,0,2
2022-10-08 22:06:24,FARM_01,362,28.85,77.7,3.15,Vegetative,No,Poor,9970.98,-13.35,Very Dry,2022-10,22,5,10,0,308.6666666666667,211.08333333333334,190.0,33.77142857142857,27.0286475,3.15,0.07947658402203857,118,0,1
2022-10-08 22:06:24,FARM_01,259,28.82,80.2,0.0,Vegetative,No,Good,9970.5,-13.39,Wet,2022-10,22,5,10,0,264.3333333333333,218.5,-103.0,22.8,27.206102,3.15,0.11084615384615384,221,0,3
2022-10-08 22:06:24,FARM_01,323,28.73,81.3,0.0,Vegetative,No,Poor,9970.2,-13.41,Dry,2022-10,22,5,10,0,314.6666666666667,230.75,64.0,15.742857142857142,27.2150195,3.15,0.08867283950617284,157,0,0
2022-10-08 22:06:24,FARM_01,246,28.8,90.5,0.0,Vegetative,No,Good,9970.19,-13.41,Wet,2022-10,22,5,10,0,276.0,237.08333333333334,-77.0,-10.857142857142858,28.0267,0.0,0.11659919028340081,234,0,3
2022-10-08 22:06:24,FARM_01,310,28.79,84.3,0.93,Vegetative,No,Poor,9970.52,-13.38,Dry,2022-10,22,5,10,0,293.0,248.66666666666666,64.0,11.600000000000001,27.512883499999997,0.93,0.09257234726688103,170,0,0
2022-10-08 22:06:24,FARM_01,423,28.77,97.6,0.0,Vegetative,No,Poor,9970.35,-13.4,Very Dry,2022-10,22,5,10,0,326.3333333333333,269.75,113.0,10.885714285714286,28.575036,0.93,0.06785377358490566,57,0,1
2022-10-08 22:06:24,FARM_01,424,28.77,85.4,0.0,Vegetative,No,Poor,9970.52,-13.39,Very Dry,2022-10,22,5,10,0,385.6666666666667,285.25,1.0,33.97142857142857,27.583969,0.93,0.06769411764705882,56,0,1
2022-10-08 22:06:24,FARM_01,349,28.75,81.9,0.0,Vegetative,No,Poor,9970.52,-13.39,Very Dry,2022-10,22,5,10,0,398.6666666666667,300.0833333333333,-75.0,22.2,27.281637500000002,0.0,0.08214285714285714,131,0,1
2022-10-08 22:06:24,FARM_01,340,28.74,88.3,8.51,Vegetative,No,Poor,9970.37,-13.4,Very Dry,2022-10,22,5,10,0,371.0,314.25,-9.0,16.8,27.791480999999997,8.51,0.08428152492668621,140,0,1
2022-10-08 22:06:24,FARM_01,276,28.72,80.5,0.0,Vegetative,No,Poor,9969.89,-13.44,Dry,2022-10,22,5,10,0,321.6666666666667,323.0,-64.0,-14.114285714285714,27.14128,8.51,0.10368231046931407,204,0,0
2022-10-08 22:06:24,FARM_01,302,28.83,85.7,0.0,Vegetative,No,Poor,9970.84,-13.36,Dry,2022-10,22,5,10,0,306.0,315.5,26.0,-30.228571428571428,27.663620499999997,8.51,0.09514851485148515,178,0,0
2022-10-08 22:06:24,FARM_01,170,28.95,86.0,0.0,Vegetative,Yes,Poor,9970.59,-13.38,Very Wet,2022-10,22,5,10,0,249.33333333333334,315.3333333333333,-132.0,-42.142857142857146,27.798849999999998,0.0,0.1692982456140351,310,0,2
2022-10-08 22:06:24,FARM_01,243,28.7,87.3,0.0,Vegetative,No,Good,9969.55,-13.47,Wet,2022-10,22,5,10,0,238.33333333333334,305.4166666666667,73.0,-28.97142857142857,27.673205,0.0,0.11762295081967213,237,0,3
2022-10-08 22:06:24,FARM_01,241,28.68,80.1,0.0,Vegetative,No,Good,9969.23,-13.49,Wet,2022-10,22,5,10,0,218.0,303.9166666666667,-2.0,-20.742857142857144,27.073273999999998,0.0,0.11851239669421487,239,0,3
2022-10-08 22:06:24,FARM_01,241,28.67,90.1,0.0,Vegetative,No,Good,9968.88,-13.52,Wet,2022-10,22,5,10,0,241.66666666666666,297.0833333333333,0.0,-8.142857142857142,27.8712185,0.0,0.1184710743801653,239,0,3
2022-10-08 22:06:24,FARM_01,242,28.67,79.9,0.0,Vegetative,No,Good,9968.86,-13.52,Wet,2022-10,22,5,10,0,241.33333333333334,296.75,1.0,-2.5428571428571423,27.0482315,0.0,0.11798353909465022,238,0,3
2022-10-08 22:06:24,FARM_01,239,28.64,82.5,0.0,Vegetative,No,Good,9969.05,-13.51,Wet,2022-10,22,5,10,0,240.66666666666666,290.8333333333333,-3.0,9.771428571428572,27.2309,0.0,0.11933333333333333,241,0,3
2022-10-08 22:06:24,FARM_01,204,28.89,76.2,2.8,Vegetative,No,Good,9970.96,-13.35,Wet,2022-10,22,5,10,0,228.33333333333334,272.5833333333333,-35.0,-5.714285714285714,26.940899,2.8,0.1409268292682927,276,0,3
2022-10-08 22:06:24,FARM_01,240,28.64,82.6,0.0,Vegetative,No,Good,9969.22,-13.49,Wet,2022-10,22,5,10,0,227.66666666666666,257.25,36.0,-3.4,27.238952,2.8,0.11883817427385893,240,0,3
2022-10-08 22:06:24,FARM_01,223,29.76,85.6,0.0,Vegetative,No,Good,9967.15,-13.67,Wet,2022-10,22,5,10,0,222.33333333333334,246.75,-17.0,-3.742857142857143,28.511808000000002,2.8,0.13285714285714287,257,0,3
2022-10-08 22:06:24,FARM_01,239,28.56,87.2,2.58,Vegetative,No,Good,9968.44,-13.56,Wet,2022-10,22,5,10,0,234.0,238.33333333333334,16.0,-0.7714285714285715,27.534976,2.58,0.119,241,0,3
2022-10-08 22:06:24,FARM_01,239,28.62,80.7,0.0,Vegetative,No,Good,9968.91,-13.52,Wet,2022-10,22,5,10,0,233.66666666666666,235.25,0.0,2.5142857142857142,27.068087000000002,2.58,0.11925000000000001,241,0,3
2022-10-08 22:06:24,FARM_01,240,28.6,82.0,4.3,Vegetative,No,Good,9968.56,-13.55,Wet,2022-10,22,5,10,0,239.33333333333334,230.08333333333334,1.0,5.514285714285714,27.154600000000002,6.88,0.11867219917012449,240,0,3
2022-10-08 22:06:24,FARM_01,237,28.59,90.8,2.46,Vegetative,No,Good,9968.23,-13.58,Wet,2022-10,22,5,10,0,238.66666666666666,235.66666666666666,-3.0,1.0285714285714285,27.851746,6.76,0.12012605042016807,243,0,3
2022-10-08 22:06:24,FARM_01,238,28.57,82.1,8.83,Vegetative,No,Good,9968.27,-13.57,Wet,2022-10,22,5,10,0,238.33333333333334,235.25,1.0,2.0,27.1355835,15.59,0.1195397489539749,242,0,3
2022-10-08 22:06:24,FARM_01,238,28.5,82.2,0.0,Vegetative,No,Good,9967.59,-13.63,Wet,2022-10,22,5,10,0,237.66666666666666,235.0,0.0,-0.3142857142857143,27.08045,11.29,0.1192468619246862,242,0,3
2022-10-08 22:06:24,FARM_01,213,28.69,98.0,0.0,Vegetative,No,Good,9969.05,-13.51,Wet,2022-10,22,5,10,0,229.66666666666666,232.66666666666666,-25.0,-3.857142857142857,28.52841,8.83,0.13406542056074766,267,0,3
2022-10-08 22:06:24,FARM_01,170,28.96,89.7,6.53,Vegetative,No,Good,9970.56,-13.38,Very Wet,2022-10,22,5,10,0,207.0,226.66666666666666,-43.0,-12.057142857142857,28.112516,6.53,0.16935672514619884,310,0,2
2022-10-08 22:06:24,FARM_01,238,28.54,97.1,0.0,Vegetative,No,Good,9968.41,-13.56,Wet,2022-10,22,5,10,0,207.0,226.58333333333334,68.0,-6.3999999999999995,28.308087,6.53,0.11941422594142259,242,0,3
2022-10-08 22:06:24,FARM_01,239,28.53,86.3,0.0,Vegetative,No,Good,9967.92,-13.6,Wet,2022-10,22,5,10,0,215.66666666666666,229.5,1.0,-1.0857142857142856,27.4351645,6.53,0.11887500000000001,241,0,3
2022-10-08 22:06:24,FARM_01,240,28.52,87.3,0.0,Vegetative,No,Good,9967.91,-13.6,Wet,2022-10,22,5,10,0,239.0,229.5,1.0,4.457142857142857,27.505778,0.0,0.1183402489626556,240,0,3
2022-10-08 22:06:24,FARM_01,240,29.5,82.2,3.54,Vegetative,No,Good,9966.9,-13.69,Wet,2022-10,22,5,10,0,239.66666666666666,230.91666666666666,0.0,9.885714285714286,27.98255,3.54,0.12240663900414937,240,0,3
2022-10-08 22:06:24,FARM_01,239,28.55,81.7,0.0,Vegetative,No,Good,9968.23,-13.58,Wet,2022-10,22,5,10,0,239.66666666666666,230.91666666666666,-1.0,10.057142857142857,27.085542500000003,3.54,0.11895833333333333,241,0,3
2022-10-08 22:06:24,FARM_01,239,28.51,86.8,1.21,Vegetative,No,Good,9967.77,-13.62,Wet,2022-10,22,5,10,0,239.33333333333334,230.91666666666666,0.0,0.14285714285714285,27.456574,4.75,0.11879166666666667,241,0,3
2022-10-08 22:06:24,FARM_01,239,28.48,88.0,0.0,Vegetative,No,Good,9967.45,-13.64,Wet,2022-10,22,5,10,0,239.0,230.83333333333334,0.0,-0.11428571428571428,27.52432,1.21,0.11866666666666667,241,0,3
2022-10-08 22:06:24,FARM_01,239,28.34,77.3,3.29,Vegetative,No,Good,9965.95,-13.77,Wet,2022-10,22,5,10,0,239.0,231.0,0.0,-0.22857142857142856,26.549651,4.5,0.11808333333333333,241,0,3
2022-10-08 22:06:24,FARM_01,239,28.45,93.8,2.08,Vegetative,No,Good,9966.76,-13.7,Wet,2022-10,22,5,10,0,239.0,231.08333333333334,0.0,-0.14285714285714285,27.957255,5.37,0.11854166666666667,241,0,3
2022-10-08 22:06:24,FARM_01,240,28.45,84.7,0.0,Vegetative,No,Good,9967.12,-13.67,Wet,2022-10,22,5,10,0,239.33333333333334,231.25,1.0,0.14285714285714285,27.234032499999998,5.37,0.11804979253112033,240,0,3
2022-10-08 22:06:24,FARM_01,238,28.44,81.2,0.0,Vegetative,No,Good,9966.92,-13.69,Wet,2022-10,22,5,10,0,239.0,233.33333333333334,-2.0,-0.05714285714285714,26.946904,2.08,0.1189958158995816,242,0,3
2022-10-08 22:06:24,FARM_01,240,28.43,78.0,1.84,Vegetative,No,Good,9966.58,-13.72,Wet,2022-10,22,5,10,0,239.33333333333334,239.16666666666666,2.0,0.08571428571428572,26.68397,1.84,0.11796680497925312,240,0,3
2022-10-08 22:06:24,FARM_01,239,28.42,80.9,36.58,Vegetative,No,Good,9966.75,-13.7,Wet,2022-10,22,5,10,0,239.0,239.25,-1.0,0.02857142857142857,26.905179,38.42,0.11841666666666667,241,0,3
2022-10-08 22:06:24,FARM_01,238,28.41,84.0,0.0,Vegetative,No,Good,9966.6,-13.71,Wet,2022-10,22,5,10,0,239.0,239.16666666666666,-1.0,-0.17142857142857143,27.14192,38.42,0.11887029288702929,242,0,3
2022-10-08 22:06:24,FARM_01,238,28.46,85.9,7.16,Vegetative,No,Good,9966.93,-13.69,Wet,2022-10,22,5,10,0,238.33333333333334,239.0,0.0,-0.3142857142857143,27.338627000000002,43.739999999999995,0.11907949790794979,242,0,3
2022-10-08 22:06:24,FARM_01,237,28.4,94.9,2.54,Vegetative,No,Good,9966.6,-13.71,Wet,2022-10,22,5,10,0,237.66666666666666,238.75,-1.0,-0.34285714285714286,27.99608,9.7,0.11932773109243697,243,0,3
2022-10-08 22:06:24,FARM_01,239,28.39,86.6,0.0,Vegetative,No,Good,9966.45,-13.73,Wet,2022-10,22,5,10,0,238.0,238.75,2.0,-0.3142857142857143,27.329457,9.7,0.11829166666666667,241,0,3
2022-10-08 22:06:24,FARM_01,239,28.38,86.3,0.0,Vegetative,No,Good,9966.45,-13.73,Wet,2022-10,22,5,10,0,238.33333333333334,238.75,0.0,0.05714285714285714,27.296467,2.54,0.11825,241,0,3
2022-10-08 22:06:24,FARM_01,240,28.37,83.0,0.0,Vegetative,No,Good,9966.11,-13.76,Wet,2022-10,22,5,10,0,239.33333333333334,238.83333333333334,1.0,0.42857142857142855,27.026405,0.0,0.11771784232365146,240,0,3
2022-10-08 22:06:24,FARM_01,237,28.36,81.8,0.0,Vegetative,No,Good,9966.11,-13.76,Wet,2022-10,22,5,10,0,238.66666666666666,238.66666666666666,-3.0,0.11428571428571428,26.922563999999998,0.0,0.11915966386554622,243,0,3
2022-10-08 22:06:24,FARM_01,239,28.35,93.9,0.0,Vegetative,No,Good,9965.95,-13.77,Wet,2022-10,22,5,10,0,238.66666666666666,238.66666666666666,2.0,0.14285714285714285,27.8685575,0.0,0.11812500000000001,241,0,3
2022-10-08 22:06:24,FARM_01,237,28.34,92.6,14.09,Vegetative,No,Good,9965.78,-13.78,Wet,2022-10,22,5,10,0,237.66666666666666,238.41666666666666,-2.0,-0.37142857142857144,27.756362,14.09,0.11907563025210084,243,0,3
2022-10-08 22:06:24,FARM_01,238,28.39,88.2,0.27,Vegetative,No,Good,9966.43,-13.73,Wet,2022-10,22,5,10,0,238.0,238.41666666666666,1.0,-0.34285714285714286,27.456089000000002,14.36,0.11878661087866109,242,0,3
2022-10-08 22:06:24,FARM_01,238,28.33,79.3,0.0,Vegetative,No,Good,9965.61,-13.8,Wet,2022-10,22,5,10,0,237.66666666666666,238.25,0.0,-0.2571428571428571,26.6985295,14.36,0.11853556485355647,242,0,3
2022-10-08 22:06:24,FARM_01,239,28.31,88.3,0.0,Vegetative,No,Good,9965.78,-13.78,Wet,2022-10,22,5,10,0,238.33333333333334,238.25,1.0,0.22857142857142856,27.389151499999997,0.27,0.11795833333333333,241,0,3
2022-10-08 22:06:24,FARM_01,219,29.64,84.3,0.0,Vegetative,No,Good,9963.83,-13.95,Wet,2022-10,22,5,10,0,232.0,236.66666666666666,-20.0,-2.6857142857142855,28.289486,0.0,0.13472727272727272,261,0,3
2022-10-08 22:06:24,FARM_01,239,28.25,82.3,0.09,Vegetative,No,Good,9965.47,-13.81,Wet,2022-10,22,5,10,0,232.33333333333334,236.75,20.0,-1.3142857142857143,26.8627625,0.09,0.11770833333333333,241,0,3
2022-10-08 22:06:24,FARM_01,239,28.3,90.2,2.68,Vegetative,No,Good,9965.63,-13.8,Wet,2022-10,22,5,10,0,232.33333333333334,236.91666666666666,0.0,-0.34285714285714286,27.529230000000002,2.77,0.11791666666666667,241,0,3
2022-10-08 22:06:24,FARM_01,240,28.29,85.3,0.0,Vegetative,No,Good,9965.45,-13.81,Wet,2022-10,22,5,10,0,239.33333333333334,237.0,1.0,0.8571428571428571,27.1346535,2.77,0.11738589211618257,240,0,3
2022-10-08 22:06:24,FARM_01,238,28.28,89.4,0.0,Vegetative,No,Good,9964.94,-13.85,Wet,2022-10,22,5,10,0,239.0,236.91666666666666,-2.0,1.6571428571428573,27.447476,2.68,0.118326359832636,242,0,3
2022-10-08 22:06:24,FARM_01,239,28.27,86.3,0.0,Vegetative,No,Good,9965.11,-13.84,Wet,2022-10,22,5,10,0,239.0,236.83333333333334,1.0,2.8,27.1947555,0.0,0.11779166666666667,241,0,3
2022-10-08 22:06:24,FARM_01,180,30.1,91.5,9.89,Vegetative,No,Good,9968.14,-13.59,Very Wet,2022-10,22,5,10,0,219.0,232.08333333333334,-59.0,-8.485714285714286,29.347325,9.89,0.16629834254143647,300,0,2
2022-10-08 22:06:24,FARM_01,237,28.44,83.9,11.03,Vegetative,No,Good,9965.39,-13.82,Wet,2022-10,22,5,10,0,218.66666666666666,231.91666666666666,57.0,-5.4,27.161338,20.92,0.11949579831932773,243,0,3
2022-10-08 22:06:24,FARM_01,238,28.52,85.7,0.0,Vegetative,No,Good,9967.91,-13.6,Wet,2022-10,22,5,10,0,218.33333333333334,232.0,1.0,-2.057142857142857,27.378002,20.92,0.1193305439330544,242,0,3
2022-10-08 22:06:24,FARM_01,166,28.41,84.6,4.58,Vegetative,No,Good,9970.55,-13.38,Very Wet,2022-10,22,5,10,0,213.66666666666666,226.0,-72.0,-8.742857142857142,27.189473,15.61,0.17011976047904193,314,0,2
2022-10-08 22:06:24,FARM_01,200,29.96,91.7,1.76,Vegetative,No,Good,9967.97,-13.6,Wet,2022-10,22,5,10,0,201.33333333333334,222.83333333333334,34.0,-6.742857142857143,29.231426000000003,6.34,0.1490547263681592,280,0,3
2022-10-08 22:06:24,FARM_01,170,30.94,81.6,13.03,Vegetative,No,Good,9970.63,-13.38,Very Wet,2022-10,22,5,10,0,178.66666666666666,217.08333333333334,-30.0,-6.6571428571428575,29.225672,19.369999999999997,0.1809356725146199,310,0,2
2022-10-08 22:06:24,FARM_01,168,30.25,82.6,4.86,Vegetative,No,Good,9968.16,-13.58,Very Wet,2022-10,22,5,10,0,179.33333333333334,212.83333333333334,-2.0,-14.714285714285714,28.694875,19.65,0.17899408284023668,312,0,2
2022-10-08 22:06:24,FARM_01,167,29.84,82.3,0.0,Vegetative,Yes,Poor,9967.75,-13.62,Very Wet,2022-10,22,5,10,0,168.33333333333334,206.83333333333334,-1.0,-10.82857142857143,28.297976,17.889999999999997,0.17761904761904762,313,0,2
2022-10-08 22:06:24,FARM_01,238,28.3,83.8,5.8,Vegetative,No,Good,9965.6,-13.8,Wet,2022-10,22,5,10,0,191.0,206.75,71.0,7.4,27.02587,10.66,0.11841004184100419,242,0,3
2022-10-08 22:06:24,FARM_01,167,30.29,89.3,0.0,Vegetative,Yes,Poor,9968.45,-13.56,Very Wet,2022-10,22,5,10,0,190.66666666666666,200.66666666666666,-71.0,1.0857142857142856,29.3313335,5.8,0.18029761904761904,313,0,2
2022-10-08 22:06:24,FARM_01,166,30.3,79.4,0.0,Vegetative,Yes,Poor,9968.75,-13.53,Very Wet,2022-10,22,5,10,0,190.33333333333334,194.66666666666666,-1.0,1.3714285714285714,28.453210000000002,5.8,0.181437125748503,314,0,2
2022-10-08 22:06:24,FARM_01,167,30.3,92.1,0.0,Vegetative,Yes,Poor,9968.41,-13.56,Very Wet,2022-10,22,5,10,0,166.66666666666666,188.66666666666666,1.0,-2.257142857142857,29.591765,0.0,0.18035714285714285,313,0,2
2022-10-08 22:06:24,FARM_01,166,30.27,84.2,0.0,Vegetative,Yes,Poor,9968.45,-13.56,Very Wet,2022-10,22,5,10,0,166.33333333333334,187.5,-1.0,-6.257142857142857,28.856137,0.0,0.18125748502994013,314,0,2
2022-10-08 22:06:24,FARM_01,168,30.24,80.6,0.42,Vegetative,No,Good,9968.65,-13.54,Very Wet,2022-10,22,5,10,0,167.0,181.75,2.0,-10.057142857142857,28.507191999999996,0.42,0.17893491124260355,312,0,2
2022-10-08 22:06:24,FARM_01,167,30.2,79.4,0.0,Vegetative,Yes,Poor,9968.55,-13.55,Very Wet,2022-10,22,5,10,0,167.0,175.83333333333334,-1.0,0.14285714285714285,28.364539999999998,0.42,0.17976190476190476,313,0,2
2022-10-08 22:06:24,FARM_01,168,30.16,79.8,0.0,Vegetative,Yes,Poor,9968.59,-13.55,Very Wet,2022-10,22,5,10,0,167.66666666666666,176.0,1.0,0.34285714285714286,28.364624,0.42,0.17846153846153845,312,0,2
2022-10-08 22:06:24,FARM_01,168,30.12,77.7,11.77,Vegetative,No,Good,9968.81,-13.53,Very Wet,2022-10,22,5,10,0,167.66666666666666,173.33333333333334,0.0,0.2857142857142857,28.142882,11.77,0.1782248520710059,312,0,2
2022-10-08 22:06:24,FARM_01,166,30.07,83.0,1.83,Vegetative,No,Good,9968.7,-13.54,Very Wet,2022-10,22,5,10,0,167.33333333333334,173.0,-2.0,0.02857142857142857,28.567455,13.6,0.18005988023952096,314,0,2
2022-10-08 22:06:24,FARM_01,167,30.02,82.4,0.0,Vegetative,Yes,Poor,9968.42,-13.56,Very Wet,2022-10,22,5,10,0,167.0,172.91666666666666,1.0,-0.22857142857142856,28.469264,13.6,0.17869047619047618,313,0,2
2022-10-08 22:06:24,FARM_01,167,29.97,81.9,0.53,Vegetative,No,Good,9968.13,-13.59,Very Wet,2022-10,22,5,10,0,166.66666666666666,172.91666666666666,0.0,-0.14285714285714285,28.3801865,2.3600000000000003,0.17839285714285713,313,0,2
2022-10-08 22:06:24,FARM_01,167,29.92,92.4,0.0,Vegetative,Yes,Poor,9968.03,-13.59,Very Wet,2022-10,22,5,10,0,167.0,167.0,0.0,-0.2,29.254544000000003,0.53,0.1780952380952381,313,0,2
2022-10-08 22:06:24,FARM_01,167,29.89,91.8,0.0,Vegetative,Yes,Poor,9968.02,-13.6,Very Wet,2022-10,22,5,10,0,167.0,167.0,0.0,-0.05714285714285714,29.173361,0.53,0.17791666666666667,313,0,2
2022-10-08 22:06:24,FARM_01,239,28.63,83.3,0.0,Vegetative,No,Good,9968.91,-13.52,Wet,2022-10,22,5,10,0,191.0,173.08333333333334,72.0,10.428571428571429,27.2862345,0.0,0.11929166666666666,241,0,3
2022-10-08 22:06:24,FARM_01,167,29.79,86.6,7.33,Vegetative,No,Good,9967.62,-13.63,Very Wet,2022-10,22,5,10,0,191.0,173.08333333333334,-72.0,6.171428571428572,28.626276999999998,7.33,0.17732142857142857,313,0,2
2022-10-08 22:06:24,FARM_01,167,29.74,79.6,0.0,Vegetative,Yes,Poor,9967.53,-13.64,Very Wet,2022-10,22,5,10,0,191.0,173.16666666666666,0.0,2.057142857142857,27.973971999999996,7.33,0.17702380952380953,313,0,2
2022-10-08 22:06:24,FARM_01,168,29.69,85.5,6.95,Vegetative,No,Good,9967.25,-13.66,Very Wet,2022-10,22,5,10,0,167.33333333333334,173.16666666666666,1.0,-1.9142857142857144,28.4387225,14.280000000000001,0.17568047337278106,312,0,2
2022-10-08 22:06:24,FARM_01,168,29.36,85.0,11.26,Vegetative,No,Good,9966.69,-13.71,Very Wet,2022-10,22,5,10,0,167.66666666666666,173.25,0.0,-5.942857142857143,28.0928,18.21,0.17372781065088758,312,0,2
2022-10-08 22:06:24,FARM_01,168,29.59,88.7,0.0,Vegetative,Yes,Poor,9966.98,-13.68,Very Wet,2022-10,22,5,10,0,168.0,173.25,0.0,-10.028571428571428,28.6210815,18.21,0.1750887573964497,312,0,2
2022-10-08 22:06:24,FARM_01,168,29.55,76.3,0.0,Vegetative,Yes,Poor,9966.83,-13.7,Very Wet,2022-10,22,5,10,0,168.0,173.25,0.0,0.22857142857142856,27.5230575,11.26,0.17485207100591715,312,0,2
2022-10-08 22:06:24,FARM_01,167,29.5,79.5,4.74,Vegetative,No,Good,9966.9,-13.69,Very Wet,2022-10,22,5,10,0,167.66666666666666,173.33333333333334,-1.0,0.0,27.752375,4.739999999999998,0.17559523809523808,313,0,2
2022-10-08 22:06:24,FARM_01,167,29.46,82.5,0.0,Vegetative,Yes,Poor,9966.94,-13.69,Very Wet,2022-10,22,5,10,0,167.33333333333334,173.33333333333334,0.0,-0.22857142857142856,27.971975,4.739999999999998,0.17535714285714285,313,0,2
2022-10-08 22:06:24,FARM_01,167,29.42,83.8,1.59,Vegetative,No,Good,9966.97,-13.68,Very Wet,2022-10,22,5,10,0,167.0,173.33333333333334,0.0,-0.2571428571428571,28.046078,6.329999999999998,0.17511904761904762,313,0,2
2022-10-08 22:06:24,FARM_01,172,29.07,78.3,0.0,Vegetative,Yes,Poor,9967.59,-13.63,Very Wet,2022-10,22,5,10,0,168.66666666666666,173.75,5.0,0.4857142857142857,27.2713955,1.5899999999999983,0.16803468208092487,308,0,2
2022-10-08 22:06:24,FARM_01,167,29.38,92.3,1.61,Vegetative,No,Good,9966.83,-13.7,Very Wet,2022-10,22,5,10,0,168.66666666666666,173.75,-5.0,0.2857142857142857,28.728657,3.1999999999999984,0.1748809523809524,313,0,2
2022-10-08 22:06:24,FARM_01,238,29.13,91.0,0.0,Vegetative,No,Good,9966.7,-13.71,Wet,2022-10,22,5,10,0,192.33333333333334,173.66666666666666,71.0,10.285714285714286,28.381065,1.6099999999999983,0.12188284518828452,242,0,3
2022-10-08 22:06:24,FARM_01,238,28.77,80.3,0.0,Vegetative,No,Good,9966.23,-13.75,Wet,2022-10,22,5,10,0,214.33333333333334,179.58333333333334,0.0,16.085714285714285,27.1696705,1.6099999999999983,0.12037656903765691,242,0,3
2022-10-08 22:06:24,FARM_01,345,28.66,80.7,0.0,Vegetative,No,Poor,9942.83,-15.72,Very Dry,2022-10,22,5,10,0,273.6666666666667,194.41666666666666,107.0,33.114285714285714,27.103841,0.0,0.08283236994219653,135,0,1
2022-10-08 22:06:24,FARM_01,167,29.29,84.9,0.0,Vegetative,Yes,Poor,9967.24,-13.66,Very Wet,2022-10,22,5,10,0,250.0,194.33333333333334,-178.0,14.542857142857143,28.0201655,0.0,0.17434523809523808,313,0,2
2022-10-08 22:06:24,FARM_01,167,29.22,79.7,0.0,Vegetative,Yes,Poor,9967.3,-13.66,Very Wet,2022-10,22,5,10,0,226.33333333333334,194.25,0.0,-3.0285714285714294,27.520687,0.0,0.17392857142857143,313,0,2
2022-10-08 22:06:24,FARM_01,167,29.16,92.7,11.37,Vegetative,No,Good,9967.2,-13.66,Very Wet,2022-10,22,5,10,0,167.0,194.16666666666666,0.0,-21.314285714285713,28.551326,11.369999999999997,0.17357142857142857,313,0,2
2022-10-08 22:06:24,FARM_01,167,29.33,76.2,0.0,Vegetative,Yes,Poor,9967.21,-13.66,Very Wet,2022-10,22,5,10,0,167.0,194.08333333333334,0.0,-25.4,27.323303,11.369999999999997,0.1745833333333333,313,0,2
2022-10-08 22:06:24,FARM_01,167,29.13,91.4,0.0,Vegetative,Yes,Poor,9967.22,-13.66,Very Wet,2022-10,22,5,10,0,167.0,194.08333333333334,0.0,-25.428571428571427,28.414351,11.369999999999997,0.17339285714285713,313,0,2
2022-10-08 22:06:24,FARM_01,167,29.04,78.2,0.0,Vegetative,Yes,Poor,9967.45,-13.64,Very Wet,2022-10,22,5,10,0,167.0,194.08333333333334,0.0,0.0,27.236704,0.0,0.17285714285714285,313,0,2
2022-10-08 22:06:24,FARM_01,167,29.0,85.0,0.04,Vegetative,No,Good,9969.52,-13.61,Very Wet,2022-10,22,5,10,0,167.0,194.08333333333334,0.0,0.0,27.7625,0.039999999999998224,0.17261904761904762,313,0,2
2022-10-08 22:06:24,FARM_01,166,28.98,97.6,0.0,Vegetative,Yes,Poor,9968.0,-13.6,Very Wet,2022-10,22,5,10,0,166.66666666666666,193.58333333333334,-1.0,-0.14285714285714285,28.782264,0.039999999999998224,0.17353293413173654,314,0,2
2022-10-08 22:06:24,FARM_01,168,28.95,79.2,0.0,Vegetative,Yes,Poor,9967.85,-13.61,Very Wet,2022-10,22,5,10,0,167.0,193.66666666666666,2.0,0.05714285714285714,27.23972,0.039999999999998224,0.171301775147929,312,0,2
2022-10-08 22:06:24,FARM_01,167,28.93,83.4,0.0,Vegetative,Yes,Poor,9968.05,-13.59,Very Wet,2022-10,22,5,10,0,167.0,187.75,-1.0,0.05714285714285714,27.566891000000002,0.0,0.17220238095238094,313,0,2
2022-10-08 22:06:24,FARM_01,167,28.91,90.4,7.16,Vegetative,No,Good,9967.54,-13.64,Very Wet,2022-10,22,5,10,0,167.33333333333334,181.83333333333334,0.0,0.05714285714285714,28.122752,7.159999999999998,0.17208333333333334,313,0,2
2022-10-08 22:06:24,FARM_01,167,28.89,94.0,0.0,Vegetative,Yes,Poor,9967.36,-13.65,Very Wet,2022-10,22,5,10,0,167.0,167.0,0.0,0.05714285714285714,28.39863,7.159999999999998,0.1719642857142857,313,0,2
2022-10-08 22:06:24,FARM_01,167,28.87,88.2,0.0,Vegetative,Yes,Poor,9967.39,-13.65,Very Wet,2022-10,22,5,10,0,167.0,167.0,0.0,0.05714285714285714,27.904937,7.159999999999998,0.1718452380952381,313,0,2
2022-10-08 22:06:24,FARM_01,167,28.83,84.5,1.78,Vegetative,No,Good,9967.42,-13.65,Very Wet,2022-10,22,5,10,0,167.0,167.0,0.0,-0.14285714285714285,27.5657425,1.7799999999999983,0.17160714285714285,313,0,2
2022-10-08 22:06:24,FARM_01,167,28.81,71.3,0.0,Vegetative,Yes,Poor,9967.08,-13.67,Very Wet,2022-10,22,5,10,0,167.0,167.0,0.0,0.0,26.4722415,1.7799999999999983,0.17148809523809522,313,0,2
2022-10-08 22:06:24,FARM_01,169,29.19,82.1,0.0,Vegetative,Yes,Poor,9967.16,-13.67,Very Wet,2022-10,22,5,10,0,167.66666666666666,167.16666666666666,2.0,0.2857142857142857,27.6945445,1.7799999999999983,0.17170588235294118,311,0,2
2022-10-08 22:06:24,FARM_01,168,28.79,83.4,0.0,Vegetative,Yes,Poor,9966.76,-13.7,Very Wet,2022-10,22,5,10,0,168.0,167.25,-1.0,0.3142857142857143,27.439673,0.0,0.17035502958579882,312,0,2
2022-10-08 22:06:24,FARM_01,167,28.76,77.3,0.47,Vegetative,No,Good,9966.41,-13.73,Very Wet,2022-10,22,5,10,0,168.0,167.25,-1.0,0.14285714285714285,26.917214,0.4699999999999982,0.1711904761904762,313,0,2
2022-10-08 22:06:24,FARM_01,168,28.75,83.5,0.0,Vegetative,Yes,Poor,9966.23,-13.75,Very Wet,2022-10,22,5,10,0,167.66666666666666,167.33333333333334,1.0,0.11428571428571428,27.411437499999998,0.4699999999999982,0.17011834319526628,312,0,2
2022-10-08 22:06:24,FARM_01,167,28.84,83.6,1.65,Vegetative,No,Good,9967.22,-13.66,Very Wet,2022-10,22,5,10,0,167.33333333333334,167.41666666666666,-1.0,-0.11428571428571428,27.501432,2.1199999999999983,0.17166666666666666,313,0,2
2022-10-08 22:06:24,FARM_01,167,28.72,94.2,4.03,Vegetative,No,Good,9965.78,-13.78,Very Wet,2022-10,22,5,10,0,167.33333333333334,167.33333333333334,0.0,-0.34285714285714286,28.250432,5.679999999999999,0.17095238095238094,313,0,2
2022-10-08 22:06:24,FARM_01,167,28.7,87.2,9.56,Vegetative,No,Good,9965.6,-13.8,Very Wet,2022-10,22,5,10,0,167.0,167.33333333333334,0.0,-0.17142857142857143,27.665119999999998,15.239999999999998,0.17083333333333334,313,0,2
2022-10-08 22:06:24,FARM_01,167,28.69,80.9,2.24,Vegetative,No,Good,9965.63,-13.8,Very Wet,2022-10,22,5,10,0,167.0,167.33333333333334,0.0,-0.08571428571428572,27.146815500000002,15.83,0.17077380952380952,313,0,2
2022-10-08 22:06:24,FARM_01,167,28.64,86.7,0.0,Vegetative,Yes,Poor,9964.94,-13.85,Very Wet,2022-10,22,5,10,0,167.0,167.33333333333334,0.0,-0.14285714285714285,27.569084,11.8,0.17047619047619048,313,0,2
2022-10-08 22:06:24,FARM_01,167,28.63,82.6,0.0,Vegetative,Yes,Poor,9964.8,-13.87,Very Wet,2022-10,22,5,10,0,167.0,167.33333333333334,0.0,0.0,27.229909,2.24,0.17041666666666666,313,0,2
2022-10-08 22:06:24,FARM_01,167,28.61,79.9,0.0,Vegetative,Yes,Poor,9964.96,-13.85,Very Wet,2022-10,22,5,10,0,167.0,167.33333333333334,0.0,0.0,26.9948645,0.0,0.17029761904761903,313,0,2
2022-10-08 22:06:24,FARM_01,168,28.6,83.5,0.0,Vegetative,Yes,Poor,9964.98,-13.85,Very Wet,2022-10,22,5,10,0,167.33333333333334,167.41666666666666,1.0,0.14285714285714285,27.27505,0.0,0.16923076923076924,312,0,2
2022-10-08 22:06:24,FARM_01,167,28.58,82.3,12.34,Vegetative,No,Good,9965.16,-13.84,Very Wet,2022-10,22,5,10,0,167.33333333333334,167.25,-1.0,0.08571428571428572,27.160636999999998,12.34,0.17011904761904761,313,0,2
2022-10-08 22:06:24,FARM_01,166,28.8,90.0,7.24,Vegetative,No,Good,9965.05,-13.85,Very Wet,2022-10,22,5,10,0,167.0,167.08333333333334,-1.0,-0.11428571428571428,27.986,19.58,0.1724550898203593,314,0,2
2022-10-08 22:06:24,FARM_01,166,29.12,87.1,0.0,Vegetative,Yes,Poor,9965.52,-13.81,Very Wet,2022-10,22,5,10,0,166.33333333333334,167.0,0.0,-0.2571428571428571,28.047236,19.58,0.17437125748502993,314,0,2
2022-10-08 22:06:24,FARM_01,167,28.77,83.6,0.0,Vegetative,Yes,Poor,9966.58,-13.72,Very Wet,2022-10,22,5,10,0,166.33333333333334,166.91666666666666,1.0,-0.2,27.437746,7.24,0.17124999999999999,313,0,2
2022-10-08 22:06:24,FARM_01,167,29.47,82.2,0.0,Vegetative,Yes,Poor,9966.07,-13.76,Very Wet,2022-10,22,5,10,0,166.66666666666666,166.91666666666666,0.0,-0.14285714285714285,27.955486999999998,0.0,0.17541666666666667,313,0,2
2022-10-08 22:06:24,FARM_01,404,29.74,84.9,0.0,Vegetative,No,Poor,9966.16,-13.75,Very Dry,2022-10,22,5,10,0,246.0,186.66666666666666,237.0,33.97142857142857,28.432793,0.0,0.0734320987654321,76,0,1
2022-10-08 22:06:24,FARM_01,414,29.92,80.2,0.0,Vegetative,No,Poor,9966.12,-13.76,Very Dry,2022-10,22,5,10,0,328.3333333333333,207.25,10.0,55.82857142857143,28.186312,0.0,0.07209638554216868,66,0,1
2022-10-08 22:06:24,FARM_01,339,30.14,80.2,0.0,Vegetative,No,Poor,9965.55,-13.8,Very Dry,2022-10,22,5,10,0,385.6666666666667,221.58333333333334,-75.0,52.65714285714286,28.382354,0.0,0.08864705882352941,141,0,1
2022-10-08 22:06:24,FARM_01,337,30.2,86.1,2.57,Vegetative,No,Poor,9965.11,-13.84,Very Dry,2022-10,22,5,10,0,363.3333333333333,235.75,-2.0,39.31428571428572,28.96151,2.57,0.0893491124260355,143,0,1
2022-10-08 22:06:24,FARM_01,344,30.22,91.2,4.7,Vegetative,No,Poor,9964.73,-13.87,Very Dry,2022-10,22,5,10,0,340.0,250.5,7.0,17.4,29.434952,7.27,0.08759420289855072,136,0,1
2022-10-08 22:06:24,FARM_01,343,30.23,86.5,0.0,Vegetative,No,Poor,9964.73,-13.87,Very Dry,2022-10,22,5,10,0,341.3333333333333,265.1666666666667,-1.0,-14.771428571428572,29.0249225,7.2700000000000005,0.08787790697674419,137,0,1
2022-10-08 22:06:24,FARM_01,344,29.97,85.6,0.0,Vegetative,No,Poor,9964.36,-13.9,Very Dry,2022-10,22,5,10,0,343.6666666666667,279.8333333333333,1.0,-9.457142857142857,28.705175999999998,4.700000000000001,0.0868695652173913,136,0,1
2022-10-08 22:06:24,FARM_01,340,30.21,86.8,0.0,Vegetative,No,Poor,9964.73,-13.87,Very Dry,2022-10,22,5,10,0,342.3333333333333,294.25,-4.0,0.7142857142857143,29.033154,0.0,0.08859237536656892,140,0,1
2022-10-08 22:06:24,FARM_01,339,30.19,88.0,7.42,Vegetative,No,Poor,9964.78,-13.87,Very Dry,2022-10,22,5,10,0,341.0,308.6666666666667,-1.0,-0.02857142857142857,29.121460000000003,7.42,0.08879411764705883,141,0,1
2022-10-08 22:06:24,FARM_01,339,30.15,85.0,0.0,Vegetative,No,Poor,9964.68,-13.88,Very Dry,2022-10,22,5,10,0,339.3333333333333,323.0833333333333,0.0,-1.1714285714285715,28.817625,7.42,0.08867647058823529,141,0,1
2022-10-08 22:06:24,FARM_01,339,30.11,85.1,0.0,Vegetative,No,Poor,9964.7,-13.87,Very Dry,2022-10,22,5,10,0,339.0,337.4166666666667,0.0,-1.0285714285714285,28.7897855,7.42,0.08855882352941176,141,0,1
2022-10-08 22:06:24,FARM_01,342,30.07,96.7,0.0,Vegetative,No,Poor,9964.58,-13.89,Very Dry,2022-10,22,5,10,0,340.0,352.0,3.0,-0.37142857142857144,29.7783295,0.0,0.08766763848396501,138,0,1
2022-10-08 22:06:24,FARM_01,338,30.02,78.8,10.37,Vegetative,No,Poor,9964.66,-13.88,Very Dry,2022-10,22,5,10,0,339.6666666666667,346.5,-4.0,-0.02857142857142857,28.152068,10.37,0.08855457227138643,142,0,1
2022-10-08 22:06:24,FARM_01,342,29.92,85.9,0.0,Vegetative,No,Poor,9964.09,-13.93,Very Dry,2022-10,22,5,10,0,340.6666666666667,340.5,4.0,0.42857142857142855,28.685404000000002,10.37,0.08723032069970846,138,0,1
2022-10-08 22:06:24,FARM_01,342,30.23,84.1,0.0,Vegetative,No,Poor,9964.73,-13.87,Very Dry,2022-10,22,5,10,0,340.6666666666667,340.75,0.0,0.5714285714285714,28.8106865,10.37,0.08813411078717201,138,0,1
2022-10-08 22:06:24,FARM_01,352,30.06,88.6,0.0,Vegetative,No,Poor,9965.81,-13.78,Very Dry,2022-10,22,5,10,0,345.3333333333333,342.0,10.0,1.9714285714285715,29.053037999999997,0.0,0.0851558073654391,128,0,1
2022-10-08 22:06:24,FARM_01,340,29.86,87.8,3.1,Vegetative,No,Poor,9963.8,-13.95,Very Dry,2022-10,22,5,10,0,344.6666666666667,341.6666666666667,-12.0,0.9142857142857143,28.795794,3.1,0.08756598240469209,140,0,1
2022-10-08 22:06:24,FARM_01,336,29.78,75.6,3.77,Vegetative,No,Poor,9963.17,-14.0,Very Dry,2022-10,22,5,10,0,342.6666666666667,341.0833333333333,-4.0,-0.17142857142857143,27.662323999999998,6.87,0.0883679525222552,144,0,1
2022-10-08 22:06:24,FARM_01,339,29.73,78.3,0.0,Vegetative,No,Poor,9962.9,-14.03,Very Dry,2022-10,22,5,10,0,338.3333333333333,340.6666666666667,3.0,-1.2857142857142858,27.8526245,6.87,0.08744117647058823,141,0,1
2022-10-08 22:06:24,FARM_01,339,29.68,80.7,0.0,Vegetative,No,Poor,9962.77,-14.04,Very Dry,2022-10,22,5,10,0,338.0,340.5833333333333,0.0,-1.6571428571428573,28.015568000000002,3.77,0.08729411764705883,141,0,1
2022-10-08 22:06:24,FARM_01,339,29.63,93.9,4.94,Vegetative,No,Poor,9962.5,-14.06,Very Dry,2022-10,22,5,10,0,339.0,340.5833333333333,0.0,-1.8571428571428572,29.1056135,4.94,0.08714705882352941,141,0,1
2022-10-08 22:06:24,FARM_01,340,29.58,84.6,10.59,Vegetative,No,Poor,9962.39,-14.07,Very Dry,2022-10,22,5,10,0,339.3333333333333,340.6666666666667,1.0,0.2571428571428571,28.260374,15.530000000000001,0.08674486803519062,140,0,1
2022-10-08 22:06:24,FARM_01,168,29.64,84.4,1.11,Vegetative,No,Good,9967.09,-13.67,Very Wet,2022-10,22,5,10,0,282.3333333333333,326.4166666666667,-172.0,-23.914285714285715,28.298088,16.64,0.1753846153846154,312,0,2
2022-10-08 22:06:24,FARM_01,340,29.53,85.6,0.0,Vegetative,No,Poor,9962.41,-14.07,Very Dry,2022-10,22,5,10,0,282.6666666666667,326.25,172.0,-14.485714285714288,28.300024,11.7,0.08659824046920822,140,0,1
2022-10-08 22:06:24,FARM_01,340,29.43,83.9,0.0,Vegetative,No,Poor,9961.97,-14.1,Very Dry,2022-10,22,5,10,0,282.6666666666667,326.4166666666667,0.0,-4.685714285714286,28.0636735,1.11,0.0863049853372434,140,0,1
2022-10-08 22:06:24,FARM_01,342,29.17,85.7,9.8,Vegetative,No,Poor,9962.23,-14.08,Very Dry,2022-10,22,5,10,0,340.6666666666667,326.4166666666667,2.0,5.3428571428571425,27.976879500000003,9.8,0.08504373177842565,138,0,1
2022-10-08 22:06:24,FARM_01,344,29.39,93.1,0.0,Vegetative,No,Poor,9961.69,-14.13,Very Dry,2022-10,22,5,10,0,342.0,326.5833333333333,2.0,15.485714285714286,28.8059495,9.8,0.08518840579710145,136,0,1
2022-10-08 22:06:24,FARM_01,346,29.34,74.2,0.0,Vegetative,No,Poor,9961.52,-14.14,Very Dry,2022-10,22,5,10,0,344.0,326.0833333333333,2.0,25.82857142857143,27.163254,9.8,0.08455331412103746,134,0,1
2022-10-08 22:06:24,FARM_01,340,29.32,93.4,0.0,Vegetative,No,Poor,9961.73,-14.13,Very Dry,2022-10,22,5,10,0,343.3333333333333,326.0833333333333,-6.0,0.5714285714285714,28.763884,0.0,0.08598240469208211,140,0,1
2022-10-08 22:06:24,FARM_01,341,29.28,78.3,0.0,Vegetative,No,Poor,9961.95,-14.11,Very Dry,2022-10,22,5,10,0,342.3333333333333,326.5,1.0,0.02857142857142857,27.456332,0.0,0.0856140350877193,139,0,1
2022-10-08 22:06:24,FARM_01,339,29.81,92.0,0.0,Vegetative,No,Poor,9963.5,-13.98,Very Dry,2022-10,22,5,10,0,340.0,326.5,-2.0,-0.8571428571428571,29.114359999999998,0.0,0.08767647058823529,141,0,1
2022-10-08 22:06:24,FARM_01,342,29.24,87.7,0.0,Vegetative,No,Poor,9962.16,-14.09,Very Dry,2022-10,22,5,10,0,340.6666666666667,326.75,3.0,-0.8571428571428571,28.209014,0.0,0.08524781341107872,138,0,1
2022-10-08 22:06:24,FARM_01,340,28.91,84.3,0.0,Vegetative,No,Poor,9962.05,-14.1,Very Dry,2022-10,22,5,10,0,340.3333333333333,326.8333333333333,-2.0,-0.7428571428571429,27.6225215,0.0,0.08478005865102639,140,0,1
2022-10-08 22:06:24,FARM_01,341,29.2,76.9,10.88,Vegetative,No,Poor,9962.0,-14.1,Very Dry,2022-10,22,5,10,0,341.0,326.9166666666667,1.0,0.14285714285714285,27.26884,10.88,0.08538011695906432,139,0,1
2022-10-08 22:06:24,FARM_01,341,28.94,81.2,0.0,Vegetative,No,Poor,9962.03,-14.1,Very Dry,2022-10,22,5,10,0,340.6666666666667,341.3333333333333,0.0,0.11428571428571428,27.395204,10.88,0.08461988304093568,139,0,1
2022-10-08 22:06:24,FARM_01,342,29.1,89.9,0.0,Vegetative,No,Poor,9962.26,-14.08,Very Dry,2022-10,22,5,10,0,341.3333333333333,341.5,1.0,0.37142857142857144,28.261195,10.88,0.0848396501457726,138,0,1
2022-10-08 22:06:24,FARM_01,342,29.07,82.1,0.0,Vegetative,No,Poor,9962.12,-14.09,Very Dry,2022-10,22,5,10,0,341.6666666666667,341.6666666666667,0.0,0.17142857142857143,27.5863585,0.0,0.08475218658892128,138,0,1
2022-10-08 22:06:24,FARM_01,345,29.04,83.8,0.0,Vegetative,No,Poor,9962.14,-14.09,Very Dry,2022-10,22,5,10,0,343.0,341.9166666666667,3.0,0.8285714285714286,27.699935999999997,0.0,0.08393063583815029,135,0,1
2022-10-08 22:06:24,FARM_01,341,29.01,89.3,2.92,Vegetative,No,Poor,9962.34,-14.07,Very Dry,2022-10,22,5,10,0,342.6666666666667,341.6666666666667,-4.0,0.34285714285714286,28.1266615,2.92,0.08482456140350877,139,0,1
2022-10-08 22:06:24,FARM_01,340,28.98,78.5,0.0,Vegetative,No,Poor,9962.0,-14.1,Very Dry,2022-10,22,5,10,0,342.0,341.1666666666667,-1.0,-0.14285714285714285,27.208615,2.92,0.08498533724340177,140,0,1
2022-10-08 22:06:24,FARM_01,342,29.13,77.6,0.0,Vegetative,No,Poor,9962.25,-14.08,Very Dry,2022-10,22,5,10,0,341.0,341.3333333333333,2.0,-0.2857142857142857,27.265984,2.92,0.0849271137026239,138,0,1
2022-10-08 22:06:24,FARM_01,340,28.88,82.0,2.54,Vegetative,No,Poor,9961.88,-14.11,Very Dry,2022-10,22,5,10,0,340.6666666666667,341.25,-2.0,-0.5714285714285714,27.406879999999997,2.54,0.08469208211143694,140,0,1
2022-10-08 22:06:24,FARM_01,339,28.86,86.8,0.93,Vegetative,No,Poor,9962.25,-14.08,Very Dry,2022-10,22,5,10,0,340.3333333333333,341.25,-1.0,-0.8857142857142857,27.781164,3.47,0.08488235294117646,141,0,1
2022-10-08 22:06:24,FARM_01,342,28.56,84.7,2.41,Vegetative,No,Poor,9960.9,-14.19,Very Dry,2022-10,22,5,10,0,340.3333333333333,341.25,3.0,0.0,27.334775999999998,5.880000000000001,0.08326530612244898,138,0,1
2022-10-08 22:06:24,FARM_01,341,29.48,80.7,12.76,Vegetative,No,Poor,9961.95,-14.11,Very Dry,2022-10,22,5,10,0,340.6666666666667,341.3333333333333,-1.0,0.11428571428571428,27.836798,16.1,0.08619883040935673,139,0,1
2022-10-08 22:06:24,FARM_01,340,28.83,82.1,0.59,Vegetative,No,Poor,9962.11,-14.09,Very Dry,2022-10,22,5,10,0,341.0,341.25,-1.0,-0.11428571428571428,27.3699865,15.76,0.08454545454545453,140,0,1
2022-10-08 22:06:24,FARM_01,340,28.81,86.5,0.0,Vegetative,No,Poor,9962.11,-14.09,Very Dry,2022-10,22,5,10,0,340.3333333333333,341.1666666666667,0.0,0.05714285714285714,27.710357499999997,13.35,0.08448680351906158,140,0,1
2022-10-08 22:06:24,FARM_01,340,28.79,84.9,8.03,Vegetative,No,Poor,9961.95,-14.11,Very Dry,2022-10,22,5,10,0,340.0,341.0,0.0,-0.05714285714285714,27.5616905,8.62,0.08442815249266862,140,0,1
2022-10-08 22:06:24,FARM_01,342,28.76,83.9,0.0,Vegetative,No,Poor,9961.95,-14.11,Very Dry,2022-10,22,5,10,0,340.6666666666667,341.0,2.0,-0.08571428571428572,27.453002,8.03,0.08384839650145773,138,0,1
2022-10-08 22:06:24,FARM_01,343,28.74,85.6,0.0,Vegetative,No,Poor,9961.98,-14.1,Very Dry,2022-10,22,5,10,0,341.6666666666667,340.8333333333333,1.0,0.45714285714285713,27.572591999999997,8.03,0.08354651162790697,137,0,1
2022-10-08 22:06:24,FARM_01,339,28.73,88.5,0.0,Vegetative,No,Poor,9961.81,-14.12,Very Dry,2022-10,22,5,10,0,341.3333333333333,340.6666666666667,-4.0,0.17142857142857143,27.7983275,0.0,0.0845,141,0,1
2022-10-08 22:06:24,FARM_01,341,28.71,78.1,2.49,Vegetative,No,Poor,9961.67,-14.13,Very Dry,2022-10,22,5,10,0,341.0,340.75,2.0,0.08571428571428572,26.9381805,2.49,0.08394736842105263,139,0,1
2022-10-08 22:06:24,FARM_01,341,28.69,76.3,0.0,Vegetative,No,Poor,9961.66,-14.13,Very Dry,2022-10,22,5,10,0,340.3333333333333,340.6666666666667,0.0,-0.05714285714285714,26.7751585,2.49,0.08388888888888889,139,0,1
2022-10-08 22:06:24,FARM_01,341,28.67,86.4,0.0,Vegetative,No,Poor,9961.69,-14.13,Very Dry,2022-10,22,5,10,0,341.0,340.75,0.0,-0.2571428571428571,27.572684000000002,2.49,0.08383040935672516,139,0,1
2022-10-08 22:06:24,FARM_01,344,28.65,84.5,0.78,Vegetative,No,Poor,9961.52,-14.14,Very Dry,2022-10,22,5,10,0,342.0,341.1666666666667,3.0,0.3142857142857143,27.4010875,0.78,0.08304347826086957,136,0,1
2022-10-08 22:06:24,FARM_01,344,28.63,83.0,14.62,Vegetative,No,Poor,9961.17,-14.17,Very Dry,2022-10,22,5,10,0,343.0,341.3333333333333,0.0,0.9714285714285714,27.262095,15.399999999999999,0.08298550724637681,136,0,1
2022-10-08 22:06:24,FARM_01,342,28.62,85.6,15.14,Vegetative,No,Poor,9961.38,-14.15,Very Dry,2022-10,22,5,10,0,343.3333333333333,341.4166666666667,-2.0,0.4857142857142857,27.462096000000003,30.54,0.0834402332361516,138,0,1
2022-10-08 22:06:24,FARM_01,344,28.6,85.4,2.26,Vegetative,No,Poor,9961.22,-14.17,Very Dry,2022-10,22,5,10,0,343.3333333333333,341.75,2.0,0.5142857142857142,27.42762,32.019999999999996,0.08289855072463768,136,0,1
2022-10-08 22:06:24,FARM_01,343,28.58,90.4,0.0,Vegetative,No,Poor,9960.88,-14.2,Very Dry,2022-10,22,5,10,0,343.0,342.0,-1.0,0.22857142857142856,27.810176,17.4,0.0830813953488372,137,0,1
2022-10-08 22:06:24,FARM_01,341,28.97,86.4,0.0,Vegetative,No,Poor,9962.34,-14.07,Very Dry,2022-10,22,5,10,0,342.6666666666667,342.0833333333333,-2.0,-0.45714285714285713,27.850244,2.26,0.08470760233918129,139,0,1
2022-10-08 22:06:24,FARM_01,239,28.32,82.3,3.92,Vegetative,No,Good,9965.61,-13.8,Wet,2022-10,22,5,10,0,307.6666666666667,333.5,-102.0,-15.114285714285714,26.925947999999998,3.92,0.11800000000000001,241,0,3
2022-10-08 22:06:24,FARM_01,342,28.54,83.3,0.24,Vegetative,No,Poor,9961.05,-14.18,Very Dry,2022-10,22,5,10,0,307.3333333333333,333.4166666666667,103.0,-9.057142857142857,27.204501,4.16,0.08320699708454811,138,0,1
2022-10-08 22:06:24,FARM_01,341,28.52,87.9,0.0,Vegetative,No,Poor,9960.73,-14.21,Very Dry,2022-10,22,5,10,0,307.3333333333333,333.5833333333333,-1.0,-3.4285714285714284,27.553694,4.16,0.08339181286549707,139,0,1
2022-10-08 22:06:24,FARM_01,340,28.49,83.0,1.1,Vegetative,No,Poor,9960.75,-14.21,Very Dry,2022-10,22,5,10,0,341.0,333.5,-1.0,2.5142857142857142,27.135185,1.34,0.08354838709677419,140,0,1
2022-10-08 22:06:24,FARM_01,340,28.48,83.2,2.84,Vegetative,No,Poor,9960.77,-14.21,Very Dry,2022-10,22,5,10,0,340.3333333333333,333.4166666666667,0.0,8.485714285714286,27.142048000000003,3.94,0.08351906158357772,140,0,1
2022-10-08 22:06:24,FARM_01,168,29.87,85.6,0.0,Vegetative,Yes,Poor,9956.39,-14.57,Very Wet,2022-10,22,5,10,0,282.6666666666667,319.0,-172.0,-10.342857142857143,28.613096,3.94,0.17674556213017753,312,0,2
2022-10-08 22:06:24,FARM_01,339,28.56,91.1,0.0,Vegetative,No,Poor,9961.07,-14.18,Very Dry,2022-10,22,5,10,0,282.3333333333333,318.5833333333333,171.0,-15.257142857142858,27.847288,2.84,0.08399999999999999,141,0,1
2022-10-08 22:06:24,FARM_01,339,28.87,90.2,0.71,Vegetative,No,Poor,9962.59,-14.05,Very Dry,2022-10,22,5,10,0,282.0,318.1666666666667,0.0,-5.285714285714286,28.068507,0.71,0.08491176470588235,141,0,1
2022-10-08 22:06:24,FARM_01,340,29.24,71.4,0.0,Vegetative,No,Poor,9963.36,-13.99,Very Dry,2022-10,22,5,10,0,339.3333333333333,318.0,1.0,4.8,26.842748,0.71,0.08574780058651026,140,0,1
2022-10-08 22:06:24,FARM_01,341,29.58,77.5,3.98,Vegetative,No,Poor,9963.73,-13.96,Very Dry,2022-10,22,5,10,0,340.0,317.75,1.0,14.885714285714286,27.651975,4.6899999999999995,0.08649122807017544,139,0,1
2022-10-08 22:06:24,FARM_01,352,29.71,92.1,0.0,Vegetative,No,Poor,9963.78,-13.95,Very Dry,2022-10,22,5,10,0,344.3333333333333,318.5,11.0,26.485714285714284,29.0274005,3.98,0.0841643059490085,128,0,1
2022-10-08 22:06:24,FARM_01,339,29.92,85.0,6.56,Vegetative,No,Poor,9963.72,-13.96,Very Dry,2022-10,22,5,10,0,344.0,318.3333333333333,-13.0,1.1428571428571428,28.6066,10.54,0.08800000000000001,141,0,1
2022-10-08 22:06:24,FARM_01,288,30.07,80.9,0.0,Vegetative,No,Poor,9963.37,-13.99,Dry,2022-10,22,5,10,0,326.3333333333333,322.4166666666667,-51.0,-7.057142857142857,28.3818465,6.56,0.10404844290657439,192,0,0
2022-10-08 22:06:24,FARM_01,265,30.18,81.7,0.0,Vegetative,No,Good,9962.75,-14.04,Wet,2022-10,22,5,10,0,297.3333333333333,316.0,-23.0,-15.628571428571428,28.551483,6.5600000000000005,0.11345864661654136,215,0,3
2022-10-08 22:06:24,FARM_01,217,30.25,84.2,0.0,Vegetative,No,Good,9962.83,-14.03,Wet,2022-10,22,5,10,0,256.6666666666667,305.6666666666667,-48.0,-26.62857142857143,28.837875,0.0,0.13876146788990826,263,0,3
2022-10-08 22:06:24,FARM_01,194,30.29,81.7,0.0,Vegetative,No,Good,9962.78,-14.04,Very Wet,2022-10,22,5,10,0,225.33333333333334,293.5,-23.0,-33.68571428571428,28.6504115,0.0,0.15533333333333332,286,0,2
2022-10-08 22:06:24,FARM_01,214,30.31,81.5,0.0,Vegetative,No,Good,9963.08,-14.01,Wet,2022-10,22,5,10,0,208.33333333333334,283.0,20.0,-27.285714285714285,28.650457499999998,0.0,0.1409767441860465,266,0,3
2022-10-08 22:06:24,FARM_01,221,30.32,83.1,0.22,Vegetative,No,Good,9963.25,-14.0,Wet,2022-10,22,5,10,0,209.66666666666666,287.4166666666667,7.0,-14.6,28.803055999999998,0.22,0.13657657657657657,259,0,3
2022-10-08 22:06:24,FARM_01,341,28.5,81.0,0.0,Vegetative,No,Poor,9960.92,-14.19,Very Dry,2022-10,22,5,10,0,258.6666666666667,287.5833333333333,120.0,11.771428571428572,26.984750000000002,0.22,0.08333333333333333,139,0,1
2022-10-08 22:06:24,FARM_01,222,30.31,78.8,0.12,Vegetative,No,Good,9963.59,-13.97,Wet,2022-10,22,5,10,0,261.3333333333333,277.8333333333333,-119.0,13.514285714285714,28.408254,0.33999999999999997,0.13591928251121074,258,0,3
2022-10-08 22:06:24,FARM_01,221,30.26,93.2,0.0,Vegetative,No,Good,9963.69,-13.96,Wet,2022-10,22,5,10,0,261.3333333333333,267.9166666666667,-1.0,7.9714285714285715,29.651876,0.12,0.1363063063063063,259,0,3
2022-10-08 22:06:24,FARM_01,222,29.98,79.1,0.0,Vegetative,No,Good,9964.35,-13.9,Wet,2022-10,22,5,10,0,221.66666666666666,258.0,1.0,-2.257142857142857,28.143099,0.12,0.13443946188340808,258,0,3
2022-10-08 22:06:24,FARM_01,220,30.22,90.2,14.7,Vegetative,No,Good,9963.7,-13.96,Wet,2022-10,22,5,10,0,221.0,247.0,-2.0,-10.371428571428572,29.345741999999998,14.7,0.1367420814479638,260,0,3
2022-10-08 22:06:24,FARM_01,221,30.2,82.6,0.0,Vegetative,No,Good,9964.08,-13.93,Wet,2022-10,22,5,10,0,221.0,237.16666666666666,1.0,-17.285714285714285,28.649659999999997,14.7,0.13603603603603603,259,0,3
2022-10-08 22:06:24,FARM_01,220,30.16,86.6,0.0,Vegetative,No,Good,9964.13,-13.92,Wet,2022-10,22,5,10,0,220.33333333333334,231.5,-1.0,-0.34285714285714286,28.969008,14.7,0.13647058823529412,260,0,3
2022-10-08 22:06:24,FARM_01,220,30.11,88.0,0.0,Vegetative,No,Good,9964.19,-13.92,Wet,2022-10,22,5,10,0,220.33333333333334,227.75,0.0,-0.2857142857142857,29.04674,0.0,0.13624434389140272,260,0,3
2022-10-08 22:06:24,FARM_01,222,30.07,82.6,0.0,Vegetative,No,Good,9964.23,-13.91,Wet,2022-10,22,5,10,0,220.66666666666666,228.16666666666666,2.0,-0.02857142857142857,28.532101,0.0,0.13484304932735428,258,0,3
2022-10-08 22:06:24,FARM_01,220,30.02,83.3,0.0,Vegetative,No,Good,9964.3,-13.91,Wet,2022-10,22,5,10,0,220.66666666666666,230.33333333333334,-2.0,0.08571428571428572,28.548562999999998,0.0,0.13583710407239818,260,0,3
2022-10-08 22:06:24,FARM_01,217,29.93,88.0,15.14,Vegetative,No,Good,9964.41,-13.9,Wet,2022-10,22,5,10,0,219.66666666666666,230.58333333333334,-3.0,-0.5142857142857142,28.878619999999998,15.14,0.13729357798165137,263,0,3
2022-10-08 22:06:24,FARM_01,221,30.29,78.3,0.0,Vegetative,No,Good,9963.3,-13.99,Wet,2022-10,22,5,10,0,219.33333333333334,230.58333333333334,4.0,-0.17142857142857143,28.345788499999998,15.14,0.13644144144144144,259,0,3
2022-10-08 22:06:24,FARM_01,220,29.89,86.9,0.0,Vegetative,No,Good,9964.45,-13.9,Wet,2022-10,22,5,10,0,219.33333333333334,220.5,-1.0,-0.17142857142857143,28.7451255,15.14,0.13524886877828055,260,0,3
2022-10-08 22:06:24,FARM_01,222,29.84,81.9,0.0,Vegetative,No,Good,9964.66,-13.88,Wet,2022-10,22,5,10,0,221.0,220.5,2.0,0.11428571428571428,28.263128000000002,0.0,0.13381165919282512,258,0,3
2022-10-08 22:06:24,FARM_01,221,29.8,78.9,0.0,Vegetative,No,Good,9964.39,-13.9,Wet,2022-10,22,5,10,0,221.0,220.5,-1.0,0.5428571428571428,27.96641,0.0,0.13423423423423425,259,0,3
2022-10-08 22:06:24,FARM_01,220,29.75,88.1,6.16,Vegetative,No,Good,9964.23,-13.91,Wet,2022-10,22,5,10,0,221.0,220.33333333333334,-1.0,0.4857142857142857,28.7191625,6.16,0.1346153846153846,260,0,3
2022-10-08 22:06:24,FARM_01,220,29.71,90.9,0.0,Vegetative,No,Good,9964.13,-13.92,Wet,2022-10,22,5,10,0,220.33333333333334,220.33333333333334,0.0,-0.17142857142857143,28.923714500000003,6.16,0.1344343891402715,260,0,3
2022-10-08 22:06:24,FARM_01,220,29.69,89.2,0.0,Vegetative,No,Good,9964.0,-13.93,Wet,2022-10,22,5,10,0,220.0,220.25,0.0,-0.2,28.758014000000003,6.16,0.13434389140271494,260,0,3
2022-10-08 22:06:24,FARM_01,343,28.53,87.8,0.0,Vegetative,No,Poor,9960.73,-14.21,Very Dry,2022-10,22,5,10,0,261.0,230.5,123.0,17.2,27.555037000000002,0.0,0.0829360465116279,137,0,1
2022-10-08 22:06:24,FARM_01,220,29.51,90.5,0.0,Vegetative,No,Good,9963.46,-13.98,Wet,2022-10,22,5,10,0,261.0,230.5,-123.0,10.4,28.6996025,0.0,0.1335294117647059,260,0,3
2022-10-08 22:06:24,FARM_01,171,28.91,89.9,7.1,Vegetative,No,Good,9971.13,-13.33,Very Wet,2022-10,22,5,10,0,244.66666666666666,226.25,-49.0,-3.4857142857142867,28.0817495,7.1,0.1680813953488372,309,0,2
2022-10-08 22:06:24,FARM_01,219,29.01,82.6,5.05,Vegetative,No,Good,9965.41,-13.82,Wet,2022-10,22,5,10,0,203.33333333333334,226.16666666666666,48.0,-7.857142857142857,27.573543,12.149999999999999,0.13186363636363638,261,0,3
2022-10-08 22:06:24,FARM_01,164,29.31,81.2,0.0,Vegetative,Yes,Poor,9960.9,-14.19,Very Wet,2022-10,22,5,10,0,184.66666666666666,221.75,-55.0,-20.02857142857143,27.726945999999998,12.149999999999999,0.17763636363636362,316,0,2
2022-10-08 22:06:24,FARM_01,220,29.43,89.6,0.0,Vegetative,No,Good,9963.68,-13.96,Wet,2022-10,22,5,10,0,201.0,221.66666666666666,56.0,-21.0,28.547404,5.05,0.13316742081447963,260,0,3
2022-10-08 22:06:24,FARM_01,221,29.39,78.2,3.42,Vegetative,No,Good,9963.4,-13.98,Wet,2022-10,22,5,10,0,201.66666666666666,221.75,1.0,2.7714285714285714,27.544739,3.42,0.1323873873873874,259,0,3
2022-10-08 22:06:24,FARM_01,220,29.36,85.0,0.71,Vegetative,No,Good,9963.78,-13.95,Wet,2022-10,22,5,10,0,220.33333333333334,221.58333333333334,-1.0,8.771428571428572,28.0928,4.13,0.13285067873303166,260,0,3
2022-10-08 22:06:24,FARM_01,220,29.32,87.0,0.0,Vegetative,No,Good,9963.95,-13.94,Wet,2022-10,22,5,10,0,220.33333333333334,221.5,0.0,4.9714285714285715,28.22462,4.13,0.13266968325791856,260,0,3
2022-10-08 22:06:24,FARM_01,219,29.23,86.4,13.1,Vegetative,No,Good,9964.37,-13.9,Wet,2022-10,22,5,10,0,219.66666666666666,221.41666666666666,-1.0,7.828571428571428,28.090796,13.809999999999999,0.13286363636363638,261,0,3
2022-10-08 22:06:24,FARM_01,220,29.03,82.4,3.12,Vegetative,No,Good,9965.4,-13.82,Wet,2022-10,22,5,10,0,219.66666666666666,221.41666666666666,1.0,-0.17142857142857143,27.575096000000002,16.22,0.13135746606334842,260,0,3
2022-10-08 22:06:24,FARM_01,222,29.2,90.5,2.04,Vegetative,No,Good,9964.39,-13.9,Wet,2022-10,22,5,10,0,220.33333333333334,221.58333333333334,2.0,0.11428571428571428,28.4058,18.259999999999998,0.13094170403587443,258,0,3
2022-10-08 22:06:24,FARM_01,220,29.17,78.2,0.0,Vegetative,No,Good,9964.42,-13.9,Wet,2022-10,22,5,10,0,220.66666666666666,211.33333333333334,-2.0,0.2,27.351117000000002,5.160000000000002,0.13199095022624435,260,0,3
2022-10-08 22:06:24,FARM_01,220,29.14,79.1,0.0,Vegetative,No,Good,9964.97,-13.85,Wet,2022-10,22,5,10,0,220.66666666666666,211.33333333333334,0.0,0.14285714285714285,27.399657,2.040000000000002,0.13185520361990952,260,0,3
2022-10-08 22:06:24,FARM_01,220,29.11,82.9,0.0,Vegetative,No,Good,9964.8,-13.87,Wet,2022-10,22,5,10,0,220.0,215.41666666666666,0.0,0.08571428571428572,27.6889045,0.0,0.13171945701357465,260,0,3
2022-10-08 22:06:24,FARM_01,222,29.28,84.4,11.58,Vegetative,No,Good,9964.19,-13.92,Wet,2022-10,22,5,10,0,220.66666666666666,215.66666666666666,2.0,0.11428571428571428,27.968976,11.580000000000002,0.13130044843049327,258,0,3
2022-10-08 22:06:24,FARM_01,218,29.08,76.0,0.0,Vegetative,No,Good,9965.17,-13.84,Wet,2022-10,22,5,10,0,220.0,220.16666666666666,-4.0,-0.4,27.08944,11.580000000000002,0.13278538812785387,262,0,3
2022-10-08 22:06:24,FARM_01,220,28.96,89.0,0.0,Vegetative,No,Good,9965.63,-13.8,Wet,2022-10,22,5,10,0,220.0,220.16666666666666,2.0,-0.11428571428571428,28.05492,11.580000000000002,0.13104072398190045,260,0,3
2022-10-08 22:06:24,FARM_01,220,29.47,82.1,0.0,Vegetative,No,Good,9963.67,-13.96,Wet,2022-10,22,5,10,0,219.33333333333334,220.08333333333334,0.0,-0.11428571428571428,27.9469785,0.0,0.13334841628959276,260,0,3
2022-10-08 22:06:24,FARM_01,220,28.71,83.1,0.0,Vegetative,No,Good,9964.75,-13.87,Wet,2022-10,22,5,10,0,220.0,220.08333333333334,0.0,-0.11428571428571428,27.3427055,0.0,0.12990950226244344,260,0,3
2022-10-08 22:06:24,FARM_01,221,28.93,88.4,0.0,Vegetative,No,Good,9965.28,-13.83,Wet,2022-10,22,5,10,0,220.33333333333334,220.16666666666666,1.0,0.02857142857142857,27.977466,0.0,0.13031531531531532,259,0,3
2022-10-08 22:06:24,FARM_01,221,28.92,85.0,0.0,Vegetative,No,Good,9965.66,-13.79,Wet,2022-10,22,5,10,0,220.66666666666666,220.33333333333334,0.0,0.5142857142857142,27.6891,0.0,0.13027027027027027,259,0,3
2022-10-08 22:06:24,FARM_01,219,28.9,88.4,0.0,Vegetative,No,Good,9965.66,-13.79,Wet,2022-10,22,5,10,0,220.33333333333334,220.25,-2.0,-0.02857142857142857,27.949379999999998,0.0,0.13136363636363635,261,0,3
2022-10-08 22:06:24,FARM_01,218,28.88,84.6,1.87,Vegetative,No,Good,9965.83,-13.78,Wet,2022-10,22,5,10,0,219.33333333333334,219.91666666666666,-1.0,-0.37142857142857144,27.619664,1.8700000000000019,0.13187214611872144,262,0,3
2022-10-08 22:06:24,FARM_01,219,28.86,84.4,0.0,Vegetative,No,Good,9966.02,-13.76,Wet,2022-10,22,5,10,0,218.66666666666666,219.83333333333334,1.0,-0.45714285714285713,27.585012,1.8700000000000019,0.13118181818181818,261,0,3
2022-10-08 22:06:24,FARM_01,220,28.69,83.1,0.0,Vegetative,No,Good,9964.77,-13.87,Wet,2022-10,22,5,10,0,219.0,219.83333333333334,1.0,-0.34285714285714286,27.3245645,1.8700000000000019,0.12981900452488687,260,0,3
2022-10-08 22:06:24,FARM_01,220,28.84,83.8,5.94,Vegetative,No,Good,9965.68,-13.79,Wet,2022-10,22,5,10,0,219.66666666666666,219.83333333333334,0.0,-0.02857142857142857,27.517756,5.940000000000002,0.13049773755656108,260,0,3
2022-10-08 22:06:24,FARM_01,219,28.81,86.0,0.0,Vegetative,No,Good,9965.56,-13.8,Wet,2022-10,22,5,10,0,219.66666666666666,219.58333333333334,-1.0,0.2,27.669629999999998,5.940000000000002,0.13095454545454546,261,0,3
2022-10-08 22:06:24,FARM_01,221,28.79,89.9,1.15,Vegetative,No,Good,9965.73,-13.79,Wet,2022-10,22,5,10,0,220.0,219.83333333333334,2.0,0.42857142857142855,27.9684155,7.090000000000002,0.1296846846846847,259,0,3
2022-10-08 22:06:24,FARM_01,220,28.77,86.9,0.0,Vegetative,No,Good,9965.39,-13.82,Wet,2022-10,22,5,10,0,220.0,219.83333333333334,-1.0,0.2,27.7058215,1.1500000000000017,0.1301809954751131,260,0,3
2022-10-08 22:06:24,FARM_01,220,28.75,86.7,0.0,Vegetative,No,Good,9965.05,-13.85,Wet,2022-10,22,5,10,0,220.33333333333334,219.83333333333334,0.0,0.05714285714285714,27.6710375,1.1500000000000017,0.13009049773755657,260,0,3
2022-10-08 22:06:24,FARM_01,219,28.73,95.2,0.0,Vegetative,No,Good,9964.9,-13.86,Wet,2022-10,22,5,10,0,219.66666666666666,219.75,-1.0,-0.08571428571428572,28.341128,0.0,0.1305909090909091,261,0,3
2022-10-08 22:06:24,FARM_01,221,28.71,83.2,0.0,Vegetative,No,Good,9964.58,-13.89,Wet,2022-10,22,5,10,0,220.0,219.75,2.0,0.11428571428571428,27.350796000000003,0.0,0.12932432432432434,259,0,3
2022-10-08 22:06:24,FARM_01,165,31.24,83.7,0.0,Vegetative,Yes,Poor,9963.55,-13.97,Very Wet,2022-10,22,5,10,0,201.66666666666666,215.08333333333334,-56.0,-7.942857142857143,29.694433999999998,0.0,0.18819277108433735,315,0,2
2022-10-08 22:06:24,FARM_01,220,28.82,83.5,0.0,Vegetative,No,Good,9965.53,-13.8,Wet,2022-10,22,5,10,0,202.0,215.16666666666666,55.0,-4.6571428571428575,27.475085,0.0,0.13040723981900454,260,0,3
2022-10-08 22:06:24,FARM_01,221,29.06,90.5,0.0,Vegetative,No,Good,9965.2,-13.83,Wet,2022-10,22,5,10,0,202.0,215.41666666666666,1.0,-1.3714285714285714,28.273114999999997,0.0,0.1309009009009009,259,0,3
2022-10-08 22:06:24,FARM_01,220,28.67,70.6,0.0,Vegetative,No,Good,9964.59,-13.88,Wet,2022-10,22,5,10,0,220.33333333333334,215.5,-1.0,1.7142857142857142,26.297861,0.0,0.12972850678733033,260,0,3
2022-10-08 22:06:24,FARM_01,219,28.61,90.1,8.95,Vegetative,No,Good,9963.77,-13.95,Wet,2022-10,22,5,10,0,220.0,215.41666666666666,-1.0,4.457142857142857,27.8144855,8.950000000000001,0.13004545454545455,261,0,3
2022-10-08 22:06:24,FARM_01,220,28.57,78.7,0.0,Vegetative,No,Good,9963.3,-13.99,Wet,2022-10,22,5,10,0,219.66666666666666,215.41666666666666,1.0,7.742857142857143,26.8631245,8.950000000000001,0.1292760180995475,260,0,3
2022-10-08 22:06:24,FARM_01,221,28.55,92.7,0.0,Vegetative,No,Good,9962.92,-14.02,Wet,2022-10,22,5,10,0,220.0,215.58333333333334,1.0,0.02857142857142857,27.9658175,8.950000000000001,0.1286036036036036,259,0,3
2022-10-08 22:06:24,FARM_01,219,28.62,82.5,0.0,Vegetative,No,Good,9963.94,-13.94,Wet,2022-10,22,5,10,0,220.0,215.41666666666666,-2.0,-0.17142857142857143,27.212825000000002,0.0,0.1300909090909091,261,0,3
2022-10-08 22:06:24,FARM_01,219,28.54,82.4,0.0,Vegetative,No,Good,9962.78,-14.04,Wet,2022-10,22,5,10,0,219.66666666666666,215.33333333333334,0.0,-0.11428571428571428,27.132528,0.0,0.12972727272727272,261,0,3
2022-10-08 22:06:24,FARM_01,220,28.94,86.7,9.77,Vegetative,No,Good,9962.2,-14.09,Wet,2022-10,22,5,10,0,219.33333333333334,215.33333333333334,1.0,0.0,27.847139000000002,9.770000000000001,0.1309502262443439,260,0,3
2022-10-08 22:06:24,FARM_01,220,28.51,76.5,0.0,Vegetative,No,Good,9962.63,-14.05,Wet,2022-10,22,5,10,0,219.66666666666666,215.41666666666666,0.0,-0.08571428571428572,26.6345825,9.770000000000001,0.12900452488687783,260,0,3
2022-10-08 22:06:24,FARM_01,221,28.5,83.6,2.32,Vegetative,No,Good,9962.45,-14.06,Wet,2022-10,22,5,10,0,220.33333333333334,215.41666666666666,1.0,0.11428571428571428,27.1921,12.090000000000002,0.12837837837837837,259,0,3
2022-10-08 22:06:24,FARM_01,220,28.48,87.9,0.0,Vegetative,No,Good,9962.45,-14.06,Wet,2022-10,22,5,10,0,220.33333333333334,220.0,-1.0,0.3142857142857143,27.516356000000002,2.3200000000000016,0.128868778280543,260,0,3
2022-10-08 22:06:24,FARM_01,220,28.49,85.5,0.0,Vegetative,No,Good,9961.94,-14.11,Wet,2022-10,22,5,10,0,220.33333333333334,220.0,0.0,0.17142857142857143,27.3344225,2.3200000000000016,0.12891402714932126,260,0,3
2022-10-08 22:06:24,FARM_01,220,29.26,90.1,0.0,Vegetative,No,Good,9962.64,-14.05,Wet,2022-10,22,5,10,0,220.0,219.91666666666666,0.0,-0.02857142857142857,28.429093,0.0,0.1323981900452489,260,0,3
2022-10-08 22:06:24,FARM_01,219,29.92,84.3,0.0,Vegetative,No,Good,9963.2,-14.0,Wet,2022-10,22,5,10,0,219.66666666666666,219.83333333333334,-1.0,-0.22857142857142856,28.545308000000002,0.0,0.136,261,0,3
2022-10-08 22:06:24,FARM_01,164,31.32,83.2,0.0,Vegetative,Yes,Poor,9963.45,-13.98,Very Wet,2022-10,22,5,10,0,201.0,215.25,-55.0,-8.228571428571428,29.719632,0.0,0.18981818181818183,316,0,2
2022-10-08 22:06:24,FARM_01,220,28.65,88.7,1.99,Vegetative,No,Good,9964.09,-13.93,Wet,2022-10,22,5,10,0,201.0,215.25,56.0,-4.828571428571428,27.7395025,1.9900000000000018,0.12963800904977374,260,0,3
2022-10-08 22:06:24,FARM_01,220,28.64,83.0,0.0,Vegetative,No,Good,9963.91,-13.94,Wet,2022-10,22,5,10,0,201.33333333333334,215.16666666666666,0.0,-1.5714285714285714,27.271160000000002,1.9900000000000018,0.12959276018099547,260,0,3
2022-10-08 22:06:24,FARM_01,219,30.09,90.3,0.0,Vegetative,No,Good,9963.37,-13.99,Wet,2022-10,22,5,10,0,219.66666666666666,215.16666666666666,-1.0,1.542857142857143,29.2315985,1.9900000000000018,0.13677272727272727,261,0,3
2022-10-08 22:06:24,FARM_01,219,30.4,84.2,0.0,Vegetative,No,Good,9964.01,-13.93,Wet,2022-10,22,5,10,0,219.33333333333334,215.16666666666666,0.0,4.714285714285714,28.97484,0.0,0.13818181818181818,261,0,3
2022-10-08 22:06:24,FARM_01,218,30.7,80.9,0.0,Vegetative,No,Good,9964.45,-13.9,Wet,2022-10,22,5,10,0,218.66666666666666,215.0,-1.0,7.6,28.945664999999998,0.0,0.14018264840182648,262,0,3
2022-10-08 22:06:24,FARM_01,226,30.98,81.4,0.0,Vegetative,No,Good,9965.04,-13.85,Wet,2022-10,22,5,10,0,221.0,215.5,8.0,0.6857142857142857,29.242946,0.0,0.13647577092511012,254,0,3
2022-10-08 22:06:24,FARM_01,197,31.19,85.4,1.35,Vegetative,No,Good,9965.03,-13.85,Very Wet,2022-10,22,5,10,0,213.66666666666666,213.5,-29.0,-2.7142857142857144,29.809643,1.3500000000000019,0.15752525252525254,283,0,2
2022-10-08 22:06:24,FARM_01,184,31.34,86.6,0.9,Vegetative,No,Good,9965.13,-13.84,Very Wet,2022-10,22,5,10,0,202.33333333333334,210.5,-13.0,-6.6571428571428575,30.062041999999998,2.2500000000000018,0.1694054054054054,296,0,2
2022-10-08 22:06:24,FARM_01,166,31.48,86.0,1.23,Vegetative,No,Good,9964.35,-13.9,Very Wet,2022-10,22,5,10,0,182.33333333333334,206.0,-18.0,-11.314285714285715,30.13404,3.4800000000000018,0.18850299401197604,314,0,2
2022-10-08 22:06:24,FARM_01,222,29.59,81.4,0.0,Vegetative,No,Good,9962.87,-14.03,Wet,2022-10,22,5,10,0,190.66666666666666,206.16666666666666,56.0,-4.942857142857144,27.995143,2.1300000000000017,0.13269058295964126,258,0,3
2022-10-08 22:06:24,FARM_01,164,31.5,91.0,4.8,Vegetative,No,Good,9964.33,-13.91,Very Wet,2022-10,22,5,10,0,184.0,201.58333333333334,-58.0,-7.228571428571429,30.63375,6.030000000000001,0.19090909090909092,316,0,2
2022-10-08 22:06:24,FARM_01,164,31.49,91.4,1.85,Vegetative,No,Good,9964.17,-13.92,Very Wet,2022-10,22,5,10,0,183.33333333333334,201.58333333333334,0.0,-4.828571428571428,30.662723,6.650000000000002,0.19084848484848485,316,0,2
2022-10-08 22:06:24,FARM_01,164,31.46,76.2,0.0,Vegetative,Yes,Poor,9963.89,-13.94,Very Wet,2022-10,22,5,10,0,164.0,196.91666666666666,0.0,-4.685714285714286,29.174486,6.650000000000002,0.19066666666666668,316,0,2
2022-10-08 22:06:24,FARM_01,162,31.41,87.3,0.0,Vegetative,Yes,Poor,9963.79,-13.95,Very Wet,2022-10,22,5,10,0,163.33333333333334,192.08333333333334,-2.0,-5.542857142857143,30.1939115,1.8500000000000028,0.19269938650306748,318,0,2
2022-10-08 22:06:24,FARM_01,164,31.38,88.5,11.8,Vegetative,No,Good,9963.51,-13.98,Very Wet,2022-10,22,5,10,0,163.33333333333334,187.5,2.0,-8.457142857142857,30.280715,11.800000000000004,0.19018181818181817,316,0,2
2022-10-08 22:06:24,FARM_01,168,31.43,86.8,0.3,Vegetative,No,Good,9964.8,-13.87,Very Wet,2022-10,22,5,10,0,164.66666666666666,183.25,4.0,0.5142857142857142,30.164582,12.100000000000005,0.18597633136094674,312,0,2
2022-10-08 22:06:24,FARM_01,164,31.17,84.5,4.21,Vegetative,No,Good,9963.53,-13.97,Very Wet,2022-10,22,5,10,0,165.33333333333334,178.75,-4.0,0.4,29.7062575,16.310000000000002,0.18890909090909092,316,0,2
2022-10-08 22:06:24,FARM_01,219,28.67,85.0,0.0,Vegetative,No,Good,9962.01,-14.1,Wet,2022-10,22,5,10,0,183.66666666666666,178.16666666666666,55.0,8.142857142857142,27.459725000000002,4.510000000000003,0.13031818181818183,261,0,3
2022-10-08 22:06:24,FARM_01,164,31.08,74.2,0.0,Vegetative,Yes,Poor,9963.32,-13.99,Very Wet,2022-10,22,5,10,0,182.33333333333334,175.41666666666666,-55.0,4.885714285714286,28.656347999999998,4.2100000000000035,0.18836363636363634,316,0,2
2022-10-08 22:06:24,FARM_01,163,28.88,86.5,0.0,Vegetative,Yes,Poor,9963.08,-14.01,Very Wet,2022-10,22,5,10,0,182.0,173.66666666666666,-1.0,1.0857142857142856,27.77516,0.0,0.17609756097560975,317,0,2
2022-10-08 22:06:24,FARM_01,164,30.48,79.4,9.76,Vegetative,No,Good,9963.73,-13.96,Very Wet,2022-10,22,5,10,0,163.66666666666666,173.5,1.0,-2.2285714285714286,28.612816000000002,9.760000000000003,0.18472727272727274,316,0,2
2022-10-08 22:06:24,FARM_01,165,30.92,80.0,3.94,Vegetative,No,Good,9963.42,-13.98,Very Wet,2022-10,22,5,10,0,164.0,168.75,1.0,-4.6,29.0588,13.700000000000003,0.18626506024096387,315,0,2
2022-10-08 22:06:24,FARM_01,164,30.85,92.2,0.68,Vegetative,No,Good,9963.2,-14.0,Very Wet,2022-10,22,5,10,0,164.33333333333334,168.75,-1.0,-7.742857142857143,30.127135000000003,14.380000000000003,0.18696969696969698,316,0,2
2022-10-08 22:06:24,FARM_01,164,30.77,77.1,0.0,Vegetative,Yes,Poor,9962.97,-14.02,Very Wet,2022-10,22,5,10,0,164.33333333333334,168.75,0.0,0.11428571428571428,28.657818499999998,4.620000000000004,0.18648484848484848,316,0,2
2022-10-08 22:06:24,FARM_01,164,30.69,78.8,0.0,Vegetative,Yes,Poor,9963.42,-13.98,Very Wet,2022-10,22,5,10,0,164.0,168.75,0.0,0.11428571428571428,28.743946,0.6800000000000036,0.186,316,0,2
2022-10-08 22:06:24,FARM_01,164,30.62,84.4,1.25,Vegetative,No,Good,9963.02,-14.02,Very Wet,2022-10,22,5,10,0,164.0,168.91666666666666,0.0,-0.08571428571428572,29.194004000000003,1.2500000000000036,0.1855757575757576,316,0,2
2022-10-08 22:06:24,FARM_01,164,29.94,73.7,0.0,Vegetative,Yes,Poor,9963.37,-13.99,Very Wet,2022-10,22,5,10,0,164.0,168.91666666666666,0.0,-0.14285714285714285,27.634279,1.2500000000000036,0.18145454545454545,316,0,2
2022-10-08 22:06:24,FARM_01,164,30.55,83.4,0.0,Vegetative,Yes,Poor,9963.27,-14.0,Very Wet,2022-10,22,5,10,0,164.0,168.58333333333334,0.0,0.0,29.038985,1.2500000000000036,0.18515151515151515,316,0,2
2022-10-08 22:06:24,FARM_01,164,29.99,83.7,0.0,Vegetative,Yes,Poor,9963.29,-13.99,Very Wet,2022-10,22,5,10,0,164.0,168.58333333333334,0.0,0.0,28.556496499999998,0.0,0.18175757575757576,316,0,2
2022-10-08 22:06:24,FARM_01,164,30.38,91.2,0.0,Vegetative,Yes,Poor,9963.87,-13.94,Very Wet,2022-10,22,5,10,0,164.0,164.0,0.0,0.0,29.587208,0.0,0.1841212121212121,316,0,2
2022-10-08 22:06:24,FARM_01,163,30.31,82.9,0.05,Vegetative,No,Good,9963.94,-13.94,Very Wet,2022-10,22,5,10,0,163.66666666666666,163.91666666666666,-1.0,-0.14285714285714285,28.776044499999998,0.050000000000003555,0.1848170731707317,317,0,2
2022-10-08 22:06:24,FARM_01,164,30.24,87.9,0.0,Vegetative,Yes,Poor,9964.03,-13.93,Very Wet,2022-10,22,5,10,0,163.66666666666666,164.0,1.0,-0.08571428571428572,29.159228,0.050000000000003555,0.18327272727272725,316,0,2
2022-10-08 22:06:24,FARM_01,164,30.18,87.4,0.0,Vegetative,Yes,Poor,9963.75,-13.95,Very Wet,2022-10,22,5,10,0,163.66666666666666,164.0,0.0,-0.02857142857142857,29.058726,0.050000000000003555,0.1829090909090909,316,0,2
2022-10-08 22:06:24,FARM_01,164,30.12,78.3,0.0,Vegetative,Yes,Poor,9963.84,-13.95,Very Wet,2022-10,22,5,10,0,164.0,163.91666666666666,0.0,0.02857142857142857,28.196078,0.0,0.18254545454545454,316,0,2
2022-10-08 22:06:24,FARM_01,169,30.44,85.0,0.0,Vegetative,Yes,Poor,9963.58,-13.97,Very Wet,2022-10,22,5,10,0,165.66666666666666,164.33333333333334,5.0,0.8,29.0837,0.0,0.17905882352941177,311,0,2
2022-10-08 22:06:24,FARM_01,164,30.06,90.4,0.0,Vegetative,Yes,Poor,9963.75,-13.95,Very Wet,2022-10,22,5,10,0,165.66666666666666,164.33333333333334,-5.0,0.5714285714285714,29.212032,0.0,0.18218181818181817,316,0,2
2022-10-08 22:06:24,FARM_01,164,29.88,81.3,0.0,Vegetative,Yes,Poor,9962.91,-14.03,Very Wet,2022-10,22,5,10,0,165.66666666666666,164.33333333333334,0.0,0.14285714285714285,28.246741999999998,0.0,0.18109090909090908,316,0,2
2022-10-08 22:06:24,FARM_01,163,29.26,92.9,0.0,Vegetative,Yes,Poor,9960.59,-14.22,Very Wet,2022-10,22,5,10,0,163.66666666666666,164.25,-1.0,-0.2857142857142857,28.664097,0.0,0.17841463414634148,317,0,2
2022-10-08 22:06:24,FARM_01,164,29.77,87.5,0.0,Vegetative,Yes,Poor,9962.52,-14.06,Very Wet,2022-10,22,5,10,0,163.66666666666666,164.25,1.0,-0.5142857142857142,28.6858125,0.0,0.18042424242424243,316,0,2
2022-10-08 22:06:24,FARM_01,164,29.75,87.3,10.28,Vegetative,No,Good,9962.03,-14.1,Very Wet,2022-10,22,5,10,0,163.66666666666666,164.25,0.0,-0.7428571428571429,28.6498625,10.280000000000003,0.1803030303030303,316,0,2
2022-10-08 22:06:24,FARM_01,164,29.7,91.5,3.18,Vegetative,No,Good,9962.08,-14.1,Very Wet,2022-10,22,5,10,0,164.0,164.25,0.0,0.02857142857142857,28.966025,13.460000000000003,0.18,316,0,2
2022-10-08 22:06:24,FARM_01,164,29.65,96.8,1.01,Vegetative,No,Good,9961.95,-14.11,Very Wet,2022-10,22,5,10,0,164.0,164.25,0.0,0.08571428571428572,29.37456,14.470000000000002,0.1796969696969697,316,0,2
2022-10-08 22:06:24,FARM_01,165,29.61,89.7,24.14,Vegetative,No,Good,9961.98,-14.1,Very Wet,2022-10,22,5,10,0,164.33333333333334,164.41666666666666,1.0,0.2857142857142857,28.7256935,28.330000000000005,0.1783734939759036,315,0,2
2022-10-08 22:06:24,FARM_01,164,29.57,76.3,0.0,Vegetative,Yes,Poor,9961.68,-14.13,Very Wet,2022-10,22,5,10,0,164.33333333333334,164.41666666666666,-1.0,0.08571428571428572,27.5404505,25.150000000000006,0.1792121212121212,316,0,2
2022-10-08 22:06:24,FARM_01,164,29.83,77.9,4.12,Vegetative,No,Good,9962.47,-14.06,Very Wet,2022-10,22,5,10,0,164.33333333333334,164.41666666666666,0.0,0.02857142857142857,27.9058635,28.260000000000005,0.18078787878787878,316,0,2
2022-10-08 22:06:24,FARM_01,164,29.52,77.6,0.0,Vegetative,Yes,Poor,9961.2,-14.17,Very Wet,2022-10,22,5,10,0,164.0,164.41666666666666,0.0,-0.02857142857142857,27.607936,4.120000000000004,0.1789090909090909,316,0,2
2022-10-08 22:06:24,FARM_01,164,29.45,72.1,2.81,Vegetative,No,Good,9961.45,-14.15,Very Wet,2022-10,22,5,10,0,164.0,164.0,0.0,-0.08571428571428572,27.0791975,6.930000000000003,0.17848484848484847,316,0,2
2022-10-08 22:06:24,FARM_01,165,29.42,83.0,0.0,Vegetative,Yes,Poor,9961.48,-14.15,Very Wet,2022-10,22,5,10,0,164.33333333333334,164.08333333333334,1.0,0.0,27.97823,2.8100000000000036,0.17722891566265062,315,0,2
2022-10-08 22:06:24,FARM_01,164,29.38,89.5,10.21,Vegetative,No,Good,9961.34,-14.16,Very Wet,2022-10,22,5,10,0,164.33333333333334,164.08333333333334,-1.0,0.08571428571428572,28.491805,13.020000000000005,0.17806060606060606,316,0,2
2022-10-08 22:06:24,FARM_01,164,29.35,95.9,10.23,Vegetative,No,Good,9961.2,-14.17,Very Wet,2022-10,22,5,10,0,164.33333333333334,164.16666666666666,0.0,0.02857142857142857,29.003857500000002,20.440000000000005,0.1778787878787879,316,0,2
2022-10-08 22:06:24,FARM_01,167,29.25,84.0,0.0,Vegetative,Yes,Poor,9967.3,-13.66,Very Wet,2022-10,22,5,10,0,165.0,164.41666666666666,3.0,0.4,27.908,20.440000000000005,0.17410714285714285,313,0,2
2022-10-08 22:06:24,FARM_01,164,29.3,89.7,0.0,Vegetative,Yes,Poor,9960.9,-14.19,Very Wet,2022-10,22,5,10,0,165.0,164.41666666666666,-3.0,0.17142857142857143,28.433255000000003,10.230000000000004,0.17757575757575758,316,0,2
2022-10-08 22:06:24,FARM_01,164,29.49,96.1,5.13,Vegetative,No,Good,9961.24,-14.17,Very Wet,2022-10,22,5,10,0,165.0,164.41666666666666,0.0,-0.05714285714285714,29.157739499999998,5.1300000000000034,0.1787272727272727,316,0,2
2022-10-08 22:06:24,FARM_01,164,29.23,89.5,1.43,Vegetative,No,Good,9960.63,-14.22,Very Wet,2022-10,22,5,10,0,164.0,164.41666666666666,0.0,-0.08571428571428572,28.3504675,6.560000000000003,0.17715151515151514,316,0,2
2022-10-08 22:06:24,FARM_01,164,29.18,83.5,0.0,Vegetative,Yes,Poor,9961.68,-14.13,Very Wet,2022-10,22,5,10,0,164.0,164.33333333333334,0.0,-0.2571428571428571,27.802415,6.560000000000003,0.17684848484848484,316,0,2
2022-10-08 22:06:24,FARM_01,220,29.56,86.8,0.59,Vegetative,No,Good,9963.74,-13.96,Wet,2022-10,22,5,10,0,182.66666666666666,169.0,56.0,7.571428571428571,28.430343999999998,2.0200000000000036,0.13375565610859727,260,0,3
2022-10-08 22:06:24,FARM_01,164,29.01,87.2,0.0,Vegetative,Yes,Poor,9963.37,-13.99,Very Wet,2022-10,22,5,10,0,182.66666666666666,169.0,-56.0,4.8,27.953296,0.5900000000000035,0.17581818181818182,316,0,2
2022-10-08 22:06:24,FARM_01,164,29.14,89.0,0.0,Vegetative,Yes,Poor,9962.59,-14.05,Very Wet,2022-10,22,5,10,0,182.66666666666666,169.0,0.0,1.6,28.22403,0.5900000000000035,0.1766060606060606,316,0,2
2022-10-08 22:06:24,FARM_01,164,29.11,85.8,0.0,Vegetative,Yes,Poor,9962.57,-14.05,Very Wet,2022-10,22,5,10,0,164.0,169.0,0.0,-1.6,27.929909,0.0,0.17642424242424243,316,0,2
2022-10-08 22:06:24,FARM_01,164,29.09,83.7,0.0,Vegetative,Yes,Poor,9962.94,-14.02,Very Wet,2022-10,22,5,10,0,164.0,168.91666666666666,0.0,-4.8,27.737181500000002,0.0,0.1763030303030303,316,0,2
2022-10-08 22:06:24,FARM_01,164,29.07,94.3,0.0,Vegetative,Yes,Poor,9963.31,-13.99,Very Wet,2022-10,22,5,10,0,164.0,168.91666666666666,0.0,-8.0,28.5975555,0.0,0.1761818181818182,316,0,2
2022-10-08 22:06:24,FARM_01,164,28.84,85.5,0.0,Vegetative,Yes,Poor,9962.94,-14.02,Very Wet,2022-10,22,5,10,0,164.0,168.91666666666666,0.0,0.0,27.65651,0.0,0.1747878787878788,316,0,2
2022-10-08 22:06:24,FARM_01,165,29.02,79.5,6.16,Vegetative,No,Good,9963.34,-13.99,Very Wet,2022-10,22,5,10,0,164.33333333333334,168.75,1.0,0.14285714285714285,27.326495,6.160000000000004,0.17481927710843373,315,0,2
2022-10-08 22:06:24,FARM_01,164,28.86,79.6,0.0,Vegetative,Yes,Poor,9963.11,-14.01,Very Wet,2022-10,22,5,10,0,164.33333333333334,168.75,-1.0,0.08571428571428572,27.192708,6.160000000000004,0.1749090909090909,316,0,2
2022-10-08 22:06:24,FARM_01,164,28.97,90.3,0.0,Vegetative,Yes,Poor,9963.55,-13.97,Very Wet,2022-10,22,5,10,0,164.33333333333334,168.75,0.0,0.02857142857142857,28.1713505,6.160000000000004,0.17557575757575758,316,0,2
2022-10-08 22:06:24,FARM_01,164,28.95,84.0,1.17,Vegetative,No,Good,9963.23,-14.0,Very Wet,2022-10,22,5,10,0,164.0,168.75,0.0,-0.02857142857142857,27.6344,1.1700000000000035,0.17545454545454545,316,0,2
2022-10-08 22:06:24,FARM_01,164,28.94,95.2,0.0,Vegetative,Yes,Poor,9963.23,-14.0,Very Wet,2022-10,22,5,10,0,164.0,168.75,0.0,-0.08571428571428572,28.545584,1.1700000000000035,0.1753939393939394,316,0,2
2022-10-08 22:06:24,FARM_01,164,28.92,70.3,0.0,Vegetative,Yes,Poor,9963.42,-13.98,Very Wet,2022-10,22,5,10,0,164.0,164.08333333333334,0.0,-0.14285714285714285,26.482818,1.1700000000000035,0.17527272727272727,316,0,2
2022-10-08 22:06:24,FARM_01,164,28.9,89.7,0.0,Vegetative,Yes,Poor,9963.11,-14.01,Very Wet,2022-10,22,5,10,0,164.0,164.08333333333334,0.0,0.0,28.055915,0.0,0.17515151515151514,316,0,2
2022-10-08 22:06:24,FARM_01,164,28.99,87.8,0.0,Vegetative,Yes,Poor,9963.52,-13.97,Very Wet,2022-10,22,5,10,0,164.0,164.08333333333334,0.0,0.0,27.984171,0.0,0.17569696969696968,316,0,2
2022-10-08 22:06:24,FARM_01,164,28.83,86.6,20.98,Vegetative,No,Good,9962.63,-14.05,Very Wet,2022-10,22,5,10,0,164.0,164.08333333333334,0.0,0.0,27.737029,20.980000000000004,0.1747272727272727,316,0,2
2022-10-08 22:06:24,FARM_01,164,28.82,96.8,0.0,Vegetative,Yes,Poor,9962.63,-14.05,Very Wet,2022-10,22,5,10,0,164.0,164.08333333333334,0.0,0.0,28.559168,20.980000000000004,0.17466666666666666,316,0,2
2022-10-08 22:06:24,FARM_01,164,28.63,84.5,0.9,Vegetative,No,Good,9960.52,-14.23,Very Wet,2022-10,22,5,10,0,164.0,164.08333333333334,0.0,0.0,27.382792499999997,21.880000000000003,0.1735151515151515,316,0,2
2022-10-08 22:06:24,FARM_01,164,29.16,92.8,0.0,Vegetative,Yes,Poor,9961.88,-14.11,Very Wet,2022-10,22,5,10,0,164.0,164.08333333333334,0.0,0.0,28.559663999999998,0.9000000000000036,0.17672727272727273,316,0,2
2022-10-08 22:06:24,FARM_01,164,28.8,86.9,0.0,Vegetative,Yes,Poor,9962.48,-14.06,Very Wet,2022-10,22,5,10,0,164.0,164.0,0.0,0.0,27.73366,0.9000000000000036,0.17454545454545456,316,0,2
2022-10-08 22:06:24,FARM_01,163,28.79,86.4,0.0,Vegetative,Yes,Poor,9962.48,-14.06,Very Wet,2022-10,22,5,10,0,163.66666666666666,163.91666666666666,-1.0,-0.14285714285714285,27.683708,0.0,0.17554878048780487,317,0,2
2022-10-08 22:06:24,FARM_01,164,28.78,86.4,9.14,Vegetative,No,Good,9961.95,-14.11,Very Wet,2022-10,22,5,10,0,163.66666666666666,163.91666666666666,1.0,-0.08571428571428572,27.674456000000003,9.140000000000004,0.17442424242424243,316,0,2
2022-10-08 22:06:24,FARM_01,163,28.76,84.5,8.31,Vegetative,No,Good,9962.13,-14.09,Very Wet,2022-10,22,5,10,0,163.33333333333334,163.83333333333334,-1.0,-0.17142857142857143,27.501710000000003,17.450000000000003,0.1753658536585366,317,0,2
2022-10-08 22:06:24,FARM_01,164,28.75,81.0,0.0,Vegetative,Yes,Poor,9961.95,-14.11,Very Wet,2022-10,22,5,10,0,163.66666666666666,163.83333333333334,1.0,-0.05714285714285714,27.208625,17.450000000000003,0.17424242424242425,316,0,2
2022-10-08 22:06:24,FARM_01,164,28.74,86.3,2.55,Vegetative,No,Good,9961.98,-14.1,Very Wet,2022-10,22,5,10,0,163.66666666666666,163.83333333333334,0.0,0.05714285714285714,27.629340999999997,10.860000000000003,0.17418181818181816,316,0,2
2022-10-08 22:06:24,FARM_01,163,28.73,79.1,0.0,Vegetative,Yes,Poor,9961.98,-14.1,Very Wet,2022-10,22,5,10,0,163.66666666666666,163.75,-1.0,0.02857142857142857,27.036786499999998,2.5500000000000034,0.17518292682926828,317,0,2
2022-10-08 22:06:24,FARM_01,163,28.71,93.0,6.67,Vegetative,No,Good,9962.02,-14.1,Very Wet,2022-10,22,5,10,0,163.33333333333334,163.66666666666666,0.0,-0.14285714285714285,28.143665000000002,9.220000000000002,0.17506097560975611,317,0,2
2022-10-08 22:06:24,FARM_01,219,29.25,76.9,0.8,Vegetative,No,Good,9964.56,-13.89,Wet,2022-10,22,5,10,0,181.66666666666666,168.25,56.0,7.885714285714286,27.3124875,7.470000000000003,0.13295454545454546,261,0,3
2022-10-08 22:06:24,FARM_01,164,28.7,79.1,0.0,Vegetative,Yes,Poor,9961.66,-14.13,Very Wet,2022-10,22,5,10,0,182.0,168.25,-55.0,4.714285714285714,27.010234999999998,7.470000000000003,0.17393939393939392,316,0,2
2022-10-08 22:06:24,FARM_01,163,28.69,88.0,0.0,Vegetative,Yes,Poor,9961.52,-14.14,Very Wet,2022-10,22,5,10,0,182.0,168.16666666666666,-1.0,1.542857142857143,27.720460000000003,0.8000000000000036,0.17493902439024392,317,0,2
2022-10-08 22:06:24,FARM_01,163,28.67,90.7,0.0,Vegetative,Yes,Poor,9961.17,-14.17,Very Wet,2022-10,22,5,10,0,163.33333333333334,168.08333333333334,0.0,-1.5714285714285714,27.919629500000003,0.0,0.17481707317073172,317,0,2
2022-10-08 22:06:24,FARM_01,166,31.0,88.8,0.0,Vegetative,Yes,Poor,9963.27,-13.99,Very Wet,2022-10,22,5,10,0,164.0,168.25,3.0,-4.4,29.9528,0.0,0.18562874251497005,314,0,2
2022-10-08 22:06:24,FARM_01,164,28.62,87.0,0.96,Vegetative,No,Good,9960.69,-14.21,Very Wet,2022-10,22,5,10,0,164.33333333333334,168.33333333333334,-2.0,-7.685714285714286,27.57467,0.9600000000000035,0.17345454545454547,316,0,2
2022-10-08 22:06:24,FARM_01,164,28.6,93.5,0.38,Vegetative,No,Good,9960.68,-14.21,Very Wet,2022-10,22,5,10,0,164.66666666666666,168.33333333333334,0.0,0.17142857142857143,28.07805,1.3400000000000034,0.17333333333333334,316,0,2
2022-10-08 22:06:24,FARM_01,164,28.59,95.5,0.0,Vegetative,Yes,Poor,9960.19,-14.25,Very Wet,2022-10,22,5,10,0,164.0,168.41666666666666,0.0,0.17142857142857143,28.2288975,1.3400000000000034,0.17327272727272727,316,0,2
2022-10-08 22:06:24,FARM_01,165,28.5,82.1,0.0,Vegetative,Yes,Poor,9959.55,-14.31,Very Wet,2022-10,22,5,10,0,164.33333333333334,168.5,1.0,0.11428571428571428,27.072475,0.38000000000000356,0.1716867469879518,315,0,2
2022-10-08 22:06:24,FARM_01,164,28.57,84.5,0.0,Vegetative,Yes,Poor,9960.05,-14.27,Very Wet,2022-10,22,5,10,0,164.33333333333334,168.5,-1.0,-0.2,27.3279075,0.0,0.17315151515151514,316,0,2
2022-10-08 22:06:24,FARM_01,163,28.55,92.7,0.0,Vegetative,Yes,Poor,9959.84,-14.28,Very Wet,2022-10,22,5,10,0,164.0,168.5,-1.0,-0.11428571428571428,27.9658175,0.0,0.17408536585365855,317,0,2
2022-10-08 22:06:24,FARM_01,163,28.54,86.7,4.16,Vegetative,No,Good,9959.67,-14.3,Very Wet,2022-10,22,5,10,0,163.33333333333334,168.5,0.0,-0.2571428571428571,27.476399,4.160000000000004,0.17402439024390243,317,0,2
2022-10-08 22:06:24,FARM_01,162,28.52,77.2,5.68,Vegetative,No,Good,9959.36,-14.32,Very Wet,2022-10,22,5,10,0,162.66666666666666,163.75,-1.0,-0.4857142857142857,26.699192,9.840000000000003,0.17496932515337424,318,0,2
2022-10-08 22:06:24,FARM_01,164,28.38,94.3,9.44,Vegetative,No,Good,9958.92,-14.36,Very Wet,2022-10,22,5,10,0,163.0,163.75,2.0,-0.3142857142857143,27.929187,19.28,0.172,316,0,2
2022-10-08 22:06:24,FARM_01,165,28.51,90.8,0.0,Vegetative,Yes,Poor,9959.21,-14.34,Very Wet,2022-10,22,5,10,0,163.66666666666666,163.91666666666666,1.0,0.2,27.775794,15.120000000000003,0.17174698795180723,315,0,2
2022-10-08 22:06:24,FARM_01,164,28.39,85.6,0.0,Vegetative,Yes,Poor,9958.55,-14.39,Very Wet,2022-10,22,5,10,0,164.33333333333334,164.0,-1.0,0.37142857142857144,27.250312,9.440000000000003,0.17206060606060605,316,0,2
2022-10-08 22:06:24,FARM_01,164,28.47,79.7,0.0,Vegetative,Yes,Poor,9959.23,-14.33,Very Wet,2022-10,22,5,10,0,164.33333333333334,163.83333333333334,0.0,0.34285714285714286,26.8544245,0.0,0.17254545454545453,316,0,2
2022-10-08 22:06:24,FARM_01,164,28.64,85.8,0.0,Vegetative,Yes,Poor,9960.83,-14.2,Very Wet,2022-10,22,5,10,0,164.0,163.83333333333334,0.0,0.2571428571428571,27.496616,0.0,0.17357575757575758,316,0,2
2022-10-08 22:06:24,FARM_01,164,28.46,90.2,3.97,Vegetative,No,Good,9959.05,-14.35,Very Wet,2022-10,22,5,10,0,164.0,163.83333333333334,0.0,-0.08571428571428572,27.680606,3.9700000000000037,0.1724848484848485,316,0,2
2022-10-08 22:06:24,FARM_01,164,28.43,82.6,0.0,Vegetative,Yes,Poor,9959.05,-14.35,Very Wet,2022-10,22,5,10,0,164.0,163.83333333333334,0.0,-0.14285714285714285,27.049049,3.9700000000000037,0.1723030303030303,316,0,2
2022-10-08 22:06:24,FARM_01,164,28.42,85.8,2.76,Vegetative,No,Good,9959.07,-14.35,Very Wet,2022-10,22,5,10,0,164.0,163.75,0.0,0.0,27.293798000000002,6.730000000000004,0.17224242424242425,316,0,2
2022-10-08 22:06:24,FARM_01,164,28.49,81.4,6.44,Vegetative,No,Good,9959.38,-14.32,Very Wet,2022-10,22,5,10,0,164.0,163.75,0.0,0.0,27.007673,9.200000000000003,0.17266666666666666,316,0,2
2022-10-08 22:06:24,FARM_01,164,28.4,87.9,0.0,Vegetative,Yes,Poor,9958.55,-14.39,Very Wet,2022-10,22,5,10,0,164.0,163.83333333333334,0.0,0.0,27.441679999999998,9.200000000000003,0.17212121212121212,316,0,2
2022-10-08 22:06:24,FARM_01,167,28.37,77.7,0.0,Vegetative,Yes,Poor,9958.75,-14.38,Very Wet,2022-10,22,5,10,0,165.0,164.16666666666666,3.0,0.42857142857142855,26.607519500000002,6.440000000000003,0.1688690476190476,313,0,2
2022-10-08 22:06:24,FARM_01,164,28.23,87.1,0.0,Vegetative,Yes,Poor,9957.45,-14.48,Very Wet,2022-10,22,5,10,0,165.0,164.33333333333334,-3.0,0.2571428571428571,27.220381500000002,0.0,0.1710909090909091,316,0,2
2022-10-08 22:06:24,FARM_01,164,28.34,81.4,0.0,Vegetative,Yes,Poor,9958.77,-14.37,Very Wet,2022-10,22,5,10,0,165.0,164.33333333333334,0.0,0.08571428571428572,26.873018000000002,0.0,0.17175757575757575,316,0,2
2022-10-08 22:06:24,FARM_01,163,28.33,77.3,7.6,Vegetative,No,Good,9958.25,-14.42,Very Wet,2022-10,22,5,10,0,163.66666666666666,164.16666666666666,-1.0,-0.22857142857142856,26.5408995,7.600000000000002,0.17274390243902438,317,0,2
2022-10-08 22:06:24,FARM_01,164,28.32,79.6,0.0,Vegetative,Yes,Poor,9958.25,-14.42,Very Wet,2022-10,22,5,10,0,163.66666666666666,164.16666666666666,1.0,-0.34285714285714286,26.713296,7.600000000000002,0.17163636363636364,316,0,2
2022-10-08 22:06:24,FARM_01,164,28.31,94.1,0.0,Vegetative,Yes,Poor,9957.91,-14.45,Very Wet,2022-10,22,5,10,0,163.66666666666666,164.16666666666666,0.0,-0.45714285714285713,27.8456405,7.600000000000002,0.17157575757575758,316,0,2
2022-10-08 22:06:24,FARM_01,164,28.3,84.4,0.0,Vegetative,Yes,Poor,9957.59,-14.47,Very Wet,2022-10,22,5,10,0,164.0,164.16666666666666,0.0,0.02857142857142857,27.07306,0.0,0.1715151515151515,316,0,2
2022-10-08 22:06:24,FARM_01,166,28.36,73.9,0.0,Vegetative,Yes,Poor,9958.92,-14.36,Very Wet,2022-10,22,5,10,0,164.66666666666666,164.33333333333334,2.0,0.37142857142857144,26.298622,0.0,0.16982035928143713,314,0,2
2022-10-08 22:06:24,FARM_01,235,29.83,84.7,0.67,Vegetative,No,Good,9957.83,-14.45,Wet,2022-10,22,5,10,0,188.33333333333334,170.25,69.0,10.457142857142857,28.497905499999998,0.6700000000000027,0.12639830508474575,245,0,3
2022-10-08 22:06:24,FARM_01,164,28.44,85.8,0.0,Vegetative,Yes,Poor,9958.88,-14.37,Very Wet,2022-10,22,5,10,0,188.33333333333334,170.25,-71.0,6.142857142857142,27.312236000000002,0.6700000000000027,0.17236363636363636,316,0,2
2022-10-08 22:06:24,FARM_01,164,28.65,90.1,0.0,Vegetative,Yes,Poor,9960.83,-14.2,Very Wet,2022-10,22,5,10,0,187.66666666666666,170.25,0.0,1.9714285714285715,27.8523075,0.6700000000000027,0.17363636363636362,316,0,2
2022-10-08 22:06:24,FARM_01,164,28.29,88.2,1.62,Vegetative,No,Good,9957.92,-14.45,Very Wet,2022-10,22,5,10,0,164.0,170.25,0.0,-2.2,27.362579,1.6200000000000028,0.17145454545454544,316,0,2
2022-10-08 22:06:24,FARM_01,163,28.27,78.5,0.0,Vegetative,Yes,Poor,9957.58,-14.47,Very Wet,2022-10,22,5,10,0,163.66666666666666,169.91666666666666,-1.0,-6.514285714285714,26.5825725,1.6200000000000028,0.1723780487804878,317,0,2
2022-10-08 22:06:24,FARM_01,164,28.24,82.4,0.0,Vegetative,Yes,Poor,9957.59,-14.47,Very Wet,2022-10,22,5,10,0,163.66666666666666,169.91666666666666,1.0,-10.228571428571428,26.861568,1.6200000000000028,0.17115151515151514,316,0,2
2022-10-08 22:06:24,FARM_01,164,28.28,89.3,7.02,Vegetative,No,Good,9957.41,-14.49,Very Wet,2022-10,22,5,10,0,163.66666666666666,169.91666666666666,0.0,-0.02857142857142857,27.439622,7.020000000000002,0.1713939393939394,316,0,2
2022-10-08 22:06:24,FARM_01,165,28.22,86.3,3.28,Vegetative,No,Good,9957.28,-14.5,Very Wet,2022-10,22,5,10,0,164.33333333333334,170.08333333333334,1.0,0.17142857142857143,27.148522999999997,10.300000000000002,0.16999999999999998,315,0,2
2022-10-08 22:06:24,FARM_01,164,28.22,84.5,8.31,Vegetative,No,Good,9957.42,-14.49,Very Wet,2022-10,22,5,10,0,164.33333333333334,170.08333333333334,-1.0,0.17142857142857143,27.007745,18.610000000000003,0.17103030303030303,316,0,2
2022-10-08 22:06:24,FARM_01,164,28.21,92.8,0.0,Vegetative,Yes,Poor,9957.08,-14.52,Very Wet,2022-10,22,5,10,0,164.33333333333334,170.08333333333334,0.0,0.17142857142857143,27.647284,11.590000000000003,0.17096969696969697,316,0,2
2022-10-08 22:06:24,FARM_01,164,28.2,90.8,0.0,Vegetative,Yes,Poor,9957.27,-14.5,Very Wet,2022-10,22,5,10,0,164.0,170.08333333333334,0.0,-0.02857142857142857,27.481479999999998,8.310000000000004,0.1709090909090909,316,0,2
2022-10-08 22:06:24,FARM_01,164,28.19,90.3,0.0,Vegetative,Yes,Poor,9956.92,-14.53,Very Wet,2022-10,22,5,10,0,164.0,169.91666666666666,0.0,-0.08571428571428572,27.4329635,0.0,0.17084848484848486,316,0,2
2022-10-08 22:06:24,FARM_01,163,28.19,89.0,0.0,Vegetative,Yes,Poor,9956.92,-14.53,Very Wet,2022-10,22,5,10,0,163.66666666666666,163.91666666666666,-1.0,-0.2857142857142857,27.331505,0.0,0.17189024390243904,317,0,2
2022-10-08 22:06:24,FARM_01,166,28.18,90.5,0.0,Vegetative,Yes,Poor,9956.92,-14.53,Very Wet,2022-10,22,5,10,0,164.33333333333334,164.08333333333334,3.0,0.2,27.439095,0.0,0.16874251497005988,314,0,2
2022-10-08 22:06:24,FARM_01,162,28.17,87.9,0.0,Vegetative,Yes,Poor,9956.78,-14.54,Very Wet,2022-10,22,5,10,0,163.66666666666666,163.91666666666666,-4.0,-0.14285714285714285,27.226986500000002,0.0,0.17282208588957057,318,0,2
2022-10-08 22:06:24,FARM_01,164,28.17,91.9,0.0,Vegetative,Yes,Poor,9956.61,-14.56,Very Wet,2022-10,22,5,10,0,164.0,163.91666666666666,2.0,-0.08571428571428572,27.538726500000003,0.0,0.17072727272727273,316,0,2
2022-10-08 22:06:24,FARM_01,163,28.16,83.2,4.94,Vegetative,No,Good,9956.6,-14.56,Very Wet,2022-10,22,5,10,0,163.0,163.91666666666666,-1.0,-0.17142857142857143,26.851616,4.940000000000004,0.17170731707317075,317,0,2
2022-10-08 22:06:24,FARM_01,163,28.25,88.5,1.53,Vegetative,No,Good,9957.77,-14.46,Very Wet,2022-10,22,5,10,0,163.33333333333334,163.83333333333334,0.0,-0.2,27.3486875,6.470000000000004,0.1722560975609756,317,0,2
2022-10-08 22:06:24,FARM_01,163,28.15,88.4,9.65,Vegetative,No,Good,9956.26,-14.59,Very Wet,2022-10,22,5,10,0,163.0,163.75,0.0,-0.37142857142857144,27.24723,16.120000000000005,0.17164634146341462,317,0,2
2022-10-08 22:06:24,FARM_01,164,28.14,82.5,0.0,Vegetative,Yes,Poor,9956.45,-14.57,Very Wet,2022-10,22,5,10,0,163.33333333333334,163.66666666666666,1.0,0.2,26.779025,11.180000000000003,0.17054545454545456,316,0,2
2022-10-08 22:06:24,FARM_01,162,28.13,82.3,0.0,Vegetative,Yes,Poor,9956.11,-14.6,Very Wet,2022-10,22,5,10,0,163.0,163.5,-2.0,-0.2,26.754444499999998,9.650000000000004,0.1725766871165644,318,0,2
2022-10-08 22:06:24,FARM_01,164,28.13,97.6,0.0,Vegetative,Yes,Poor,9956.28,-14.58,Very Wet,2022-10,22,5,10,0,163.33333333333334,163.5,2.0,0.08571428571428572,27.943483999999998,0.0,0.1704848484848485,316,0,2
2022-10-08 22:06:24,FARM_01,163,28.13,87.9,6.74,Vegetative,No,Good,9956.27,-14.58,Very Wet,2022-10,22,5,10,0,163.0,163.41666666666666,-1.0,0.02857142857142857,27.1896485,6.740000000000004,0.17152439024390242,317,0,2
2022-10-08 22:06:24,FARM_01,162,28.12,84.1,0.0,Vegetative,Yes,Poor,9956.1,-14.6,Very Wet,2022-10,22,5,10,0,163.0,163.25,-1.0,-0.17142857142857143,26.885206,6.740000000000004,0.1725153374233129,318,0,2
2022-10-08 22:06:24,FARM_01,408,28.11,85.7,0.0,Vegetative,No,Poor,9955.78,-14.63,Very Dry,2022-10,22,5,10,0,244.33333333333334,183.66666666666666,246.0,34.82857142857143,27.000248499999998,6.740000000000004,0.06872860635696822,72,0,1
2022-10-08 22:06:24,FARM_01,234,29.6,85.8,0.0,Vegetative,No,Good,9957.39,-14.49,Wet,2022-10,22,5,10,0,268.0,189.33333333333334,-174.0,31.17142857142857,28.38164,0.0,0.12595744680851065,246,0,3
2022-10-08 22:06:24,FARM_01,332,28.1,86.1,0.0,Vegetative,No,Poor,9955.59,-14.64,Very Dry,2022-10,22,5,10,0,324.6666666666667,203.5,98.0,37.114285714285714,27.022055,0.0,0.08438438438438439,148,0,1
2022-10-08 22:06:24,FARM_01,286,28.1,83.4,4.51,Vegetative,No,Poor,9955.24,-14.67,Dry,2022-10,22,5,10,0,284.0,213.66666666666666,-46.0,27.17142857142857,26.81267,4.510000000000003,0.09790940766550524,194,0,0
2022-10-08 22:06:24,FARM_01,250,28.23,95.7,3.53,Vegetative,No,Good,9955.39,-14.66,Wet,2022-10,22,5,10,0,289.3333333333333,220.91666666666666,-36.0,4.9142857142857155,27.8934605,8.040000000000003,0.11247011952191235,230,0,3
2022-10-08 22:06:24,FARM_01,216,28.53,88.1,0.0,Vegetative,No,Good,9955.76,-14.63,Wet,2022-10,22,5,10,0,250.66666666666666,225.33333333333334,-34.0,-27.37142857142857,27.5790115,8.040000000000003,0.1314746543778802,264,0,3
2022-10-08 22:06:24,FARM_01,234,28.9,88.5,0.0,Vegetative,No,Good,9956.6,-14.56,Wet,2022-10,22,5,10,0,233.33333333333334,231.25,18.0,-10.971428571428572,27.957575,3.5300000000000034,0.12297872340425531,246,0,3
2022-10-08 22:06:24,FARM_01,234,29.27,77.9,0.0,Vegetative,No,Good,9956.81,-14.54,Wet,2022-10,22,5,10,0,228.0,237.08333333333334,0.0,-19.428571428571427,27.4139315,0.0,0.1245531914893617,246,0,3
2022-10-08 22:06:24,FARM_01,164,28.15,90.2,0.0,Vegetative,Yes,Poor,9956.59,-14.56,Very Wet,2022-10,22,5,10,0,210.66666666666666,237.25,-70.0,-18.285714285714285,27.387314999999997,0.0,0.1706060606060606,316,0,2
2022-10-08 22:06:24,FARM_01,164,28.26,82.1,3.42,Vegetative,No,Good,9957.61,-14.47,Very Wet,2022-10,22,5,10,0,187.33333333333334,237.25,0.0,-16.742857142857144,26.856103,3.4200000000000035,0.17127272727272727,316,0,2
2022-10-08 22:06:24,FARM_01,259,28.11,85.9,0.0,Vegetative,No,Good,9956.13,-14.6,Wet,2022-10,22,5,10,0,195.66666666666666,245.25,95.0,-1.8571428571428563,27.0157695,3.4200000000000035,0.10811538461538461,221,0,3
2022-10-08 22:06:24,FARM_01,234,29.93,90.9,0.44,Vegetative,No,Good,9958.05,-14.43,Wet,2022-10,22,5,10,0,219.0,251.25,-25.0,2.142857142857143,29.132703499999998,3.8600000000000034,0.12736170212765957,246,0,3
2022-10-08 22:06:24,FARM_01,234,30.07,84.6,17.77,Vegetative,No,Good,9958.39,-14.41,Wet,2022-10,22,5,10,0,242.33333333333334,236.75,0.0,8.714285714285714,28.708871,18.210000000000004,0.12795744680851065,246,0,3
2022-10-08 22:06:24,FARM_01,237,28.99,85.7,0.0,Vegetative,No,Good,9958.41,-14.4,Wet,2022-10,22,5,10,0,235.0,237.0,3.0,15.714285714285714,27.8110365,18.210000000000004,0.12180672268907562,243,0,3
2022-10-08 22:06:24,FARM_01,235,30.24,86.2,0.0,Vegetative,No,Good,9958.34,-14.41,Wet,2022-10,22,5,10,0,235.33333333333334,228.91666666666666,-2.0,8.257142857142858,29.007384,17.770000000000003,0.128135593220339,245,0,3
2022-10-08 22:06:24,FARM_01,239,30.28,80.3,0.0,Vegetative,No,Good,9958.66,-14.38,Wet,2022-10,22,5,10,0,237.0,225.0,4.0,-2.6857142857142855,28.516062,0.0,0.12616666666666668,241,0,3
2022-10-08 22:06:24,FARM_01,234,30.29,90.4,0.59,Vegetative,No,Good,9958.66,-14.38,Wet,2022-10,22,5,10,0,236.0,223.66666666666666,-5.0,0.37142857142857144,29.429888,0.5900000000000035,0.12889361702127658,246,0,3
2022-10-08 22:06:24,FARM_01,235,30.29,85.6,0.0,Vegetative,No,Good,9958.66,-14.38,Wet,2022-10,22,5,10,0,236.0,225.25,1.0,0.0,28.999831999999998,0.5900000000000035,0.12834745762711863,245,0,3
2022-10-08 22:06:24,FARM_01,163,28.58,83.6,0.0,Vegetative,Yes,Poor,9960.02,-14.27,Very Wet,2022-10,22,5,10,0,210.66666666666666,219.33333333333334,-72.0,-10.714285714285714,27.264884,0.5900000000000035,0.17426829268292682,317,0,2
2022-10-08 22:06:24,FARM_01,234,30.28,86.1,0.0,Vegetative,No,Good,9958.84,-14.37,Wet,2022-10,22,5,10,0,210.66666666666666,219.33333333333334,71.0,-6.628571428571428,29.035394,0.0,0.12885106382978723,246,0,3
2022-10-08 22:06:24,FARM_01,235,29.88,81.3,12.08,Vegetative,No,Good,9958.78,-14.37,Wet,2022-10,22,5,10,0,210.66666666666666,225.25,1.0,-2.6285714285714286,28.246741999999998,12.080000000000004,0.12661016949152543,245,0,3
2022-10-08 22:06:24,FARM_01,236,30.17,84.7,0.0,Vegetative,No,Good,9959.16,-14.34,Wet,2022-10,22,5,10,0,235.0,231.25,1.0,2.3142857142857145,28.8092945,12.080000000000004,0.12729957805907174,244,0,3
2022-10-08 22:06:24,FARM_01,235,30.12,89.1,0.0,Vegetative,No,Good,9959.2,-14.34,Wet,2022-10,22,5,10,0,235.33333333333334,229.25,-1.0,6.285714285714286,29.153606,12.080000000000004,0.1276271186440678,245,0,3
2022-10-08 22:06:24,FARM_01,235,30.1,91.4,0.0,Vegetative,No,Good,9959.39,-14.32,Wet,2022-10,22,5,10,0,235.33333333333334,229.33333333333334,0.0,10.4,29.33847,0.0,0.12754237288135595,245,0,3
2022-10-08 22:06:24,FARM_01,235,30.05,87.3,3.32,Vegetative,No,Good,9959.3,-14.33,Wet,2022-10,22,5,10,0,235.0,229.41666666666666,0.0,0.11428571428571428,28.9289075,3.3200000000000034,0.12733050847457628,245,0,3
2022-10-08 22:06:24,FARM_01,237,29.44,88.1,0.0,Vegetative,No,Good,9957.51,-14.48,Wet,2022-10,22,5,10,0,235.66666666666666,229.41666666666666,2.0,0.2,28.429452,3.3200000000000034,0.12369747899159664,243,0,3
2022-10-08 22:06:24,FARM_01,235,29.94,87.7,0.0,Vegetative,No,Good,9959.25,-14.33,Wet,2022-10,22,5,10,0,235.66666666666666,229.41666666666666,-2.0,0.02857142857142857,28.861659,3.3200000000000034,0.12686440677966102,245,0,3
2022-10-08 22:06:24,FARM_01,234,29.49,83.2,0.0,Vegetative,No,Good,9957.64,-14.47,Wet,2022-10,22,5,10,0,235.33333333333334,229.0,-1.0,-0.08571428571428572,28.058723999999998,0.0,0.12548936170212766,246,0,3
2022-10-08 22:06:24,FARM_01,234,29.67,83.3,0.0,Vegetative,No,Good,9958.14,-14.43,Wet,2022-10,22,5,10,0,234.33333333333334,229.0,0.0,-0.2857142857142857,28.2307105,0.0,0.12625531914893617,246,0,3
2022-10-08 22:06:24,FARM_01,235,29.61,74.4,0.0,Vegetative,No,Good,9958.04,-14.44,Wet,2022-10,22,5,10,0,234.33333333333334,229.0,1.0,-0.2857142857142857,27.412112,0.0,0.12546610169491526,245,0,3
2022-10-08 22:06:24,FARM_01,234,29.56,85.6,12.49,Vegetative,No,Good,9957.73,-14.46,Wet,2022-10,22,5,10,0,234.33333333333334,234.91666666666666,-1.0,-0.42857142857142855,28.327648,12.490000000000004,0.12578723404255318,246,0,3
2022-10-08 22:06:24,FARM_01,238,29.83,93.5,0.61,Vegetative,No,Good,9958.69,-14.38,Wet,2022-10,22,5,10,0,235.66666666666666,235.25,4.0,0.45714285714285713,29.2640775,13.100000000000003,0.12481171548117154,242,0,3
2022-10-08 22:06:24,FARM_01,236,29.4,86.6,0.0,Vegetative,No,Good,9957.38,-14.49,Wet,2022-10,22,5,10,0,236.0,235.33333333333334,-2.0,0.6,28.26502,13.100000000000003,0.1240506329113924,244,0,3
2022-10-08 22:06:24,FARM_01,238,29.36,89.1,1.93,Vegetative,No,Good,9957.27,-14.5,Wet,2022-10,22,5,10,0,237.33333333333334,235.5,2.0,0.7714285714285715,28.439168,2.5400000000000036,0.12284518828451882,242,0,3
2022-10-08 22:06:24,FARM_01,234,29.69,87.7,2.4,Vegetative,No,Good,9958.48,-14.4,Wet,2022-10,22,5,10,0,236.0,235.41666666666666,-4.0,0.14285714285714285,28.6285715,4.330000000000004,0.1263404255319149,246,0,3
2022-10-08 22:06:24,FARM_01,234,30.24,84.3,0.0,Vegetative,No,Good,9958.88,-14.36,Wet,2022-10,22,5,10,0,235.33333333333334,235.33333333333334,0.0,-0.2857142857142857,28.837676,4.330000000000004,0.1286808510638298,246,0,3
2022-10-08 22:06:24,FARM_01,238,29.31,81.8,0.0,Vegetative,No,Good,9957.13,-14.51,Wet,2022-10,22,5,10,0,235.33333333333334,235.58333333333334,4.0,-0.2857142857142857,27.777468999999996,2.4000000000000035,0.12263598326359833,242,0,3
2022-10-08 22:06:24,FARM_01,237,29.27,87.3,0.0,Vegetative,No,Good,9957.5,-14.48,Wet,2022-10,22,5,10,0,236.33333333333334,235.58333333333334,-1.0,0.14285714285714285,28.203390499999998,0.0,0.12298319327731093,243,0,3
2022-10-08 22:06:24,FARM_01,236,29.23,86.8,0.0,Vegetative,No,Good,9957.51,-14.48,Wet,2022-10,22,5,10,0,237.0,235.66666666666666,-1.0,0.08571428571428572,28.124302,0.0,0.12333333333333334,244,0,3
2022-10-08 22:06:24,FARM_01,237,29.2,83.1,0.0,Vegetative,No,Good,9957.71,-14.46,Wet,2022-10,22,5,10,0,236.66666666666666,235.91666666666666,1.0,0.5714285714285714,27.78716,0.0,0.1226890756302521,243,0,3
2022-10-08 22:06:24,FARM_01,237,29.16,82.3,0.0,Vegetative,No,Good,9958.11,-14.43,Wet,2022-10,22,5,10,0,236.66666666666666,236.16666666666666,0.0,0.3142857142857143,27.684174,0.0,0.12252100840336135,243,0,3
2022-10-08 22:06:24,FARM_01,237,29.13,81.4,0.0,Vegetative,No,Good,9958.14,-14.43,Wet,2022-10,22,5,10,0,237.0,236.33333333333334,0.0,-0.11428571428571428,27.582200999999998,0.0,0.12239495798319328,243,0,3
2022-10-08 22:06:24,FARM_01,236,29.06,93.4,0.0,Vegetative,No,Good,9958.52,-14.4,Wet,2022-10,22,5,10,0,236.66666666666666,236.5,-1.0,-0.05714285714285714,28.513322,0.0,0.12261603375527426,244,0,3
2022-10-08 22:06:24,FARM_01,235,30.17,82.4,5.86,Vegetative,No,Good,9958.29,-14.41,Wet,2022-10,22,5,10,0,236.0,236.25,-1.0,-0.22857142857142856,28.604744000000004,5.860000000000004,0.12783898305084745,245,0,3
2022-10-08 22:06:24,FARM_01,165,28.24,79.8,8.26,Vegetative,No,Good,9957.42,-14.49,Very Wet,2022-10,22,5,10,0,212.0,230.33333333333334,-70.0,-10.485714285714286,26.657936,14.120000000000005,0.17012048192771084,315,0,2
2022-10-08 22:06:24,FARM_01,237,29.09,85.7,0.0,Vegetative,No,Good,9958.31,-14.41,Wet,2022-10,22,5,10,0,212.33333333333334,230.25,72.0,-6.2,27.9031715,14.120000000000003,0.12222689075630253,243,0,3
2022-10-08 22:06:24,FARM_01,337,28.49,90.1,0.0,Vegetative,No,Poor,9950.3,-15.09,Very Dry,2022-10,22,5,10,0,246.33333333333334,238.83333333333334,100.0,12.371428571428572,27.701019499999997,8.260000000000002,0.08428994082840237,143,0,1
2022-10-08 22:06:24,FARM_01,234,29.14,82.0,4.89,Vegetative,No,Good,9958.14,-14.43,Wet,2022-10,22,5,10,0,269.3333333333333,238.83333333333334,-103.0,10.514285714285714,27.64114,4.890000000000003,0.124,246,0,3
2022-10-08 22:06:24,FARM_01,235,29.4,89.9,0.0,Vegetative,No,Good,9958.77,-14.37,Wet,2022-10,22,5,10,0,268.6666666666667,238.58333333333334,1.0,8.771428571428572,28.544529999999998,4.890000000000003,0.12457627118644067,245,0,3
2022-10-08 22:06:24,FARM_01,234,29.51,84.7,0.0,Vegetative,No,Good,9958.15,-14.43,Wet,2022-10,22,5,10,0,234.33333333333334,238.33333333333334,-1.0,6.742857142857144,28.2048335,4.890000000000003,0.1255744680851064,246,0,3
2022-10-08 22:06:24,FARM_01,221,29.6,84.5,0.0,Vegetative,No,Good,9963.91,-13.94,Wet,2022-10,22,5,10,0,230.0,237.08333333333334,-13.0,-11.085714285714285,28.2701,0.0,0.13333333333333333,259,0,3
2022-10-08 22:06:24,FARM_01,234,30.0,83.4,0.0,Vegetative,No,Good,9959.17,-14.34,Wet,2022-10,22,5,10,0,229.66666666666666,236.83333333333334,13.0,-15.857142857142858,28.5392,0.0,0.1276595744680851,246,0,3
2022-10-08 22:06:24,FARM_01,234,30.61,91.8,0.0,Vegetative,No,Good,9959.06,-14.35,Wet,2022-10,22,5,10,0,229.66666666666666,236.58333333333334,0.0,-0.45714285714285713,29.860889,0.0,0.13025531914893618,246,0,3
2022-10-08 22:06:24,FARM_01,232,31.11,80.8,10.31,Vegetative,No,Good,9959.31,-14.33,Wet,2022-10,22,5,10,0,233.33333333333334,236.16666666666666,-2.0,-0.05714285714285714,29.303183999999998,10.310000000000004,0.13351931330472103,248,0,3
2022-10-08 22:06:24,FARM_01,204,31.26,91.3,1.74,Vegetative,No,Good,9959.43,-14.32,Wet,2022-10,22,5,10,0,223.33333333333334,233.5,-28.0,-3.342857142857143,30.434109,12.050000000000004,0.15248780487804878,276,0,3
2022-10-08 22:06:24,FARM_01,182,31.32,83.7,2.05,Vegetative,No,Good,9959.33,-14.33,Very Wet,2022-10,22,5,10,0,206.0,229.08333333333334,-22.0,-8.2,29.767262000000002,14.100000000000005,0.17114754098360657,298,0,2
2022-10-08 22:06:24,FARM_01,172,31.39,87.6,0.0,Vegetative,Yes,Poor,9958.84,-14.37,Very Wet,2022-10,22,5,10,0,186.0,229.66666666666666,-10.0,-14.114285714285714,30.204002,3.7900000000000036,0.18144508670520232,308,0,2
2022-10-08 22:06:24,FARM_01,171,31.44,85.1,3.2,Vegetative,No,Good,9958.75,-14.38,Very Wet,2022-10,22,5,10,0,175.0,224.16666666666666,-1.0,-14.771428571428572,30.010792000000002,5.2500000000000036,0.1827906976744186,309,0,2
2022-10-08 22:06:24,FARM_01,171,31.46,90.7,5.68,Vegetative,No,Good,9958.55,-14.39,Very Wet,2022-10,22,5,10,0,171.33333333333334,210.33333333333334,0.0,-11.82857142857143,30.566921,8.880000000000003,0.18290697674418605,309,0,2
2022-10-08 22:06:24,FARM_01,170,31.45,93.1,0.0,Vegetative,Yes,Poor,9957.88,-14.45,Very Wet,2022-10,22,5,10,0,170.66666666666666,205.0,-1.0,-5.828571428571428,30.7877725,8.880000000000003,0.18391812865497076,310,0,2
2022-10-08 22:06:24,FARM_01,170,31.43,87.3,7.67,Vegetative,No,Good,9957.58,-14.47,Very Wet,2022-10,22,5,10,0,170.33333333333334,199.58333333333334,0.0,-1.8857142857142857,30.2125145,13.350000000000003,0.18380116959064327,310,0,2
2022-10-08 22:06:24,FARM_01,170,31.4,86.9,2.67,Vegetative,No,Good,9957.12,-14.51,Very Wet,2022-10,22,5,10,0,170.0,194.25,0.0,-0.4,30.14633,10.340000000000003,0.18362573099415203,310,0,2
2022-10-08 22:06:24,FARM_01,169,31.36,86.4,5.45,Vegetative,No,Good,9956.82,-14.54,Very Wet,2022-10,22,5,10,0,169.66666666666666,189.91666666666666,-1.0,-0.37142857142857144,30.061472000000002,15.790000000000003,0.1844705882352941,311,0,2
2022-10-08 22:06:24,FARM_01,167,31.31,85.8,0.0,Vegetative,Yes,Poor,9956.58,-14.56,Very Wet,2022-10,22,5,10,0,168.66666666666666,184.33333333333334,-2.0,-0.6571428571428571,29.958088999999998,8.120000000000005,0.1863690476190476,313,0,2
2022-10-08 22:06:24,FARM_01,167,31.26,89.7,0.0,Vegetative,Yes,Poor,9956.34,-14.58,Very Wet,2022-10,22,5,10,0,167.66666666666666,178.75,0.0,-0.7142857142857143,30.282221,5.450000000000004,0.18607142857142858,313,0,2
2022-10-08 22:06:24,FARM_01,167,31.2,83.7,0.0,Vegetative,Yes,Poor,9956.09,-14.6,Very Wet,2022-10,22,5,10,0,167.0,173.33333333333334,0.0,-0.7428571428571429,29.65802,0.0,0.18571428571428572,313,0,2
2022-10-08 22:06:24,FARM_01,166,31.13,91.4,0.0,Vegetative,Yes,Poor,9956.52,-14.56,Very Wet,2022-10,22,5,10,0,166.66666666666666,170.16666666666666,-1.0,-0.7428571428571429,30.319751,0.0,0.1864071856287425,314,0,2
2022-10-08 22:06:24,FARM_01,167,31.1,86.4,0.0,Vegetative,Yes,Poor,9956.43,-14.57,Very Wet,2022-10,22,5,10,0,166.66666666666666,168.91666666666666,1.0,-0.37142857142857144,29.82092,0.0,0.18511904761904763,313,0,2
2022-10-08 22:06:24,FARM_01,235,30.9,84.0,0.0,Vegetative,No,Good,9959.31,-14.33,Wet,2022-10,22,5,10,0,189.33333333333334,174.16666666666666,68.0,9.685714285714285,29.412799999999997,0.0,0.1309322033898305,245,0,3
2022-10-08 22:06:24,FARM_01,167,31.03,77.0,0.0,Vegetative,Yes,Poor,9956.19,-14.59,Very Wet,2022-10,22,5,10,0,189.66666666666666,173.83333333333334,-68.0,5.857142857142857,28.875705,0.0,0.18470238095238095,313,0,2
2022-10-08 22:06:24,FARM_01,167,30.88,84.9,0.0,Vegetative,Yes,Poor,9956.1,-14.6,Very Wet,2022-10,22,5,10,0,189.66666666666666,173.5,0.0,2.0285714285714285,29.478116,0.0,0.1838095238095238,313,0,2
2022-10-08 22:06:24,FARM_01,167,30.37,78.6,17.5,Vegetative,No,Good,9956.67,-14.55,Very Wet,2022-10,22,5,10,0,167.0,173.25,0.0,-1.8,28.443251,17.500000000000004,0.18077380952380953,313,0,2
2022-10-08 22:06:24,FARM_01,167,30.8,84.2,0.0,Vegetative,Yes,Poor,9956.19,-14.59,Very Wet,2022-10,22,5,10,0,167.0,173.0,0.0,-5.828571428571428,29.34008,17.500000000000004,0.18333333333333335,313,0,2
2022-10-08 22:06:24,FARM_01,168,30.73,84.0,0.0,Vegetative,Yes,Poor,9956.33,-14.58,Very Wet,2022-10,22,5,10,0,167.33333333333334,172.83333333333334,1.0,-9.571428571428571,29.25776,17.500000000000004,0.1818343195266272,312,0,2
2022-10-08 22:06:24,FARM_01,167,30.65,79.5,11.69,Vegetative,No,Good,9956.27,-14.58,Very Wet,2022-10,22,5,10,0,167.33333333333334,172.66666666666666,-1.0,0.08571428571428572,28.772712499999997,11.690000000000003,0.18244047619047618,313,0,2
2022-10-08 22:06:24,FARM_01,236,29.02,95.1,0.0,Vegetative,No,Good,9958.55,-14.39,Wet,2022-10,22,5,10,0,190.33333333333334,178.41666666666666,69.0,9.885714285714286,28.615211,11.690000000000003,0.12244725738396624,244,0,3
2022-10-08 22:06:24,FARM_01,237,29.05,81.3,8.61,Vegetative,No,Good,9958.69,-14.38,Wet,2022-10,22,5,10,0,213.33333333333334,184.25,1.0,15.885714285714286,27.5021075,20.300000000000004,0.12205882352941176,243,0,3
2022-10-08 22:06:24,FARM_01,338,28.48,82.6,0.0,Vegetative,No,Poor,9949.98,-15.11,Very Dry,2022-10,22,5,10,0,270.3333333333333,198.5,101.0,32.31428571428572,27.094264,8.610000000000003,0.0840117994100295,142,0,1
2022-10-08 22:06:24,FARM_01,170,30.51,88.3,0.0,Vegetative,Yes,Poor,9956.47,-14.57,Very Wet,2022-10,22,5,10,0,248.33333333333334,198.83333333333334,-168.0,14.971428571428572,29.447581500000002,8.610000000000003,0.17842105263157895,310,0,2
2022-10-08 22:06:24,FARM_01,167,30.95,72.1,0.0,Vegetative,Yes,Poor,9956.33,-14.58,Very Wet,2022-10,22,5,10,0,225.0,198.83333333333334,-3.0,-2.7714285714285705,28.3490225,0.0,0.18422619047619046,313,0,2
2022-10-08 22:06:24,FARM_01,166,30.15,82.2,14.97,Vegetative,No,Good,9956.45,-14.57,Very Wet,2022-10,22,5,10,0,167.66666666666666,193.08333333333334,-1.0,-20.8,28.568915,14.970000000000004,0.18053892215568862,314,0,2
2022-10-08 22:06:24,FARM_01,166,30.09,81.2,9.05,Vegetative,No,Good,9956.84,-14.54,Very Wet,2022-10,22,5,10,0,166.33333333333334,193.0,0.0,-24.97142857142857,28.426294,24.020000000000003,0.18017964071856288,314,0,2
2022-10-08 22:06:24,FARM_01,167,30.03,88.7,2.43,Vegetative,No,Good,9956.23,-14.59,Very Wet,2022-10,22,5,10,0,166.33333333333334,193.0,1.0,-24.8,29.033735500000002,26.450000000000006,0.17875000000000002,313,0,2
2022-10-08 22:06:24,FARM_01,166,29.97,81.1,0.0,Vegetative,Yes,Poor,9956.13,-14.6,Very Wet,2022-10,22,5,10,0,166.33333333333334,192.91666666666666,-1.0,-0.5714285714285714,28.3099185,11.480000000000004,0.17946107784431137,314,0,2
2022-10-08 22:06:24,FARM_01,234,30.31,88.8,0.0,Vegetative,No,Good,9959.14,-14.34,Wet,2022-10,22,5,10,0,189.0,198.5,68.0,9.6,29.305304,2.4300000000000037,0.1289787234042553,246,0,3
2022-10-08 22:06:24,FARM_01,164,29.21,88.9,0.0,Vegetative,Yes,Poor,9961.14,-14.17,Very Wet,2022-10,22,5,10,0,188.0,198.16666666666666,-70.0,5.514285714285713,28.2814295,0.0,0.17703030303030304,316,0,2
2022-10-08 22:06:24,FARM_01,166,29.82,85.8,0.0,Vegetative,Yes,Poor,9956.47,-14.57,Very Wet,2022-10,22,5,10,0,188.0,198.08333333333334,2.0,1.6857142857142857,28.584458,0.0,0.178562874251497,314,0,2
2022-10-08 22:06:24,FARM_01,342,29.67,95.9,6.2,Vegetative,No,Poor,9942.7,-15.73,Very Dry,2022-10,22,5,10,0,224.0,206.91666666666666,176.0,23.0,29.316641500000003,6.200000000000004,0.08650145772594753,138,0,1
2022-10-08 22:06:24,FARM_01,166,29.26,84.9,0.0,Vegetative,Yes,Poor,9955.62,-14.64,Very Wet,2022-10,22,5,10,0,224.66666666666666,201.0,-176.0,9.314285714285715,27.992657,6.200000000000004,0.17520958083832336,314,0,2
2022-10-08 22:06:24,FARM_01,167,29.52,85.4,0.0,Vegetative,Yes,Poor,9955.72,-14.63,Very Wet,2022-10,22,5,10,0,225.0,186.75,1.0,-4.371428571428571,28.273744,6.200000000000004,0.1757142857142857,313,0,2
2022-10-08 22:06:24,FARM_01,167,29.73,80.1,0.0,Vegetative,Yes,Poor,9956.2,-14.59,Very Wet,2022-10,22,5,10,0,166.66666666666666,186.5,0.0,-4.514285714285714,28.0083515,0.0,0.1769642857142857,313,0,2
2022-10-08 22:06:24,FARM_01,167,29.69,86.5,0.69,Vegetative,No,Good,9956.11,-14.6,Very Wet,2022-10,22,5,10,0,167.0,186.5,0.0,-14.82857142857143,28.5250175,0.6900000000000035,0.17672619047619048,313,0,2
2022-10-08 22:06:24,FARM_01,167,29.65,85.4,15.47,Vegetative,No,Good,9956.28,-14.58,Very Wet,2022-10,22,5,10,0,167.0,186.58333333333334,0.0,-24.914285714285715,28.393304999999998,16.160000000000004,0.17648809523809522,313,0,2
2022-10-08 22:06:24,FARM_01,166,30.21,75.0,0.0,Vegetative,Yes,Poor,9956.5,-14.57,Very Wet,2022-10,22,5,10,0,166.66666666666666,186.58333333333334,-1.0,0.0,27.981125,16.160000000000004,0.1808982035928144,314,0,2
2022-10-08 22:06:24,FARM_01,167,29.63,78.3,0.28,Vegetative,No,Good,9956.15,-14.59,Very Wet,2022-10,22,5,10,0,166.66666666666666,186.58333333333334,1.0,-0.08571428571428572,27.764559499999997,15.750000000000004,0.17636904761904762,313,0,2
2022-10-08 22:06:24,FARM_01,166,29.59,85.6,0.0,Vegetative,Yes,Poor,9956.36,-14.58,Very Wet,2022-10,22,5,10,0,166.33333333333334,186.58333333333334,-1.0,-0.17142857142857143,28.355272,0.2800000000000036,0.17718562874251498,314,0,2
2022-10-08 22:06:24,FARM_01,166,29.48,82.4,0.0,Vegetative,Yes,Poor,9955.95,-14.61,Very Wet,2022-10,22,5,10,0,166.33333333333334,180.91666666666666,0.0,-0.2,27.981536000000002,0.2800000000000036,0.17652694610778444,314,0,2
2022-10-08 22:06:24,FARM_01,166,29.27,77.1,6.02,Vegetative,No,Good,9955.45,-14.65,Very Wet,2022-10,22,5,10,0,166.0,181.08333333333334,0.0,-0.17142857142857143,27.3467435,6.020000000000003,0.1752694610778443,314,0,2
2022-10-08 22:06:24,FARM_01,167,29.45,80.4,11.02,Vegetative,No,Good,9955.79,-14.63,Very Wet,2022-10,22,5,10,0,166.33333333333334,181.16666666666666,1.0,0.05714285714285714,27.784489999999998,17.040000000000003,0.17529761904761904,313,0,2
2022-10-08 22:06:24,FARM_01,166,29.42,84.3,4.31,Vegetative,No,Good,9956.16,-14.59,Very Wet,2022-10,22,5,10,0,166.33333333333334,166.5,-1.0,-0.05714285714285714,28.088483,21.35,0.1761676646706587,314,0,2
2022-10-08 22:06:24,FARM_01,167,29.39,87.0,0.0,Vegetative,Yes,Poor,9956.2,-14.59,Very Wet,2022-10,22,5,10,0,166.66666666666666,166.58333333333334,1.0,0.17142857142857143,28.289615,15.330000000000002,0.1749404761904762,313,0,2
2022-10-08 22:06:24,FARM_01,166,29.36,88.2,0.0,Vegetative,Yes,Poor,9956.06,-14.6,Very Wet,2022-10,22,5,10,0,166.33333333333334,166.5,-1.0,0.05714285714285714,28.363136,4.310000000000003,0.17580838323353293,314,0,2
2022-10-08 22:06:24,FARM_01,167,29.55,88.9,0.0,Vegetative,Yes,Poor,9956.03,-14.6,Very Wet,2022-10,22,5,10,0,166.66666666666666,166.5,1.0,0.08571428571428572,28.6006725,0.0,0.17589285714285716,313,0,2
2022-10-08 22:06:24,FARM_01,165,29.2,86.5,0.0,Vegetative,Yes,Poor,9955.48,-14.65,Very Wet,2022-10,22,5,10,0,166.0,166.33333333333334,-2.0,-0.22857142857142856,28.0714,0.0,0.17590361445783131,315,0,2
2022-10-08 22:06:24,FARM_01,166,28.88,90.2,1.3,Vegetative,No,Good,9955.72,-14.63,Very Wet,2022-10,22,5,10,0,166.0,166.25,1.0,-0.14285714285714285,28.077968,1.3000000000000036,0.17293413173652694,314,0,2
2022-10-08 22:06:24,FARM_01,166,28.37,81.0,0.0,Vegetative,Yes,Poor,9950.19,-15.1,Very Wet,2022-10,22,5,10,0,165.66666666666666,166.25,0.0,-0.2,26.868335000000002,1.3000000000000036,0.1698802395209581,314,0,2
2022-10-08 22:06:24,FARM_01,166,29.17,88.5,1.72,Vegetative,No,Good,9955.69,-14.63,Very Wet,2022-10,22,5,10,0,166.0,166.16666666666666,0.0,-0.05714285714285714,28.210497500000002,3.0200000000000036,0.17467065868263473,314,0,2
2022-10-08 22:06:24,FARM_01,167,29.15,83.1,10.15,Vegetative,No,Good,9955.88,-14.62,Very Wet,2022-10,22,5,10,0,166.33333333333334,166.25,1.0,0.08571428571428572,27.741807499999997,11.870000000000005,0.17351190476190476,313,0,2
2022-10-08 22:06:24,FARM_01,167,29.23,79.0,0.0,Vegetative,Yes,Poor,9955.11,-14.68,Very Wet,2022-10,22,5,10,0,166.66666666666666,166.33333333333334,0.0,0.37142857142857144,27.470935,11.870000000000005,0.17398809523809525,313,0,2
2022-10-08 22:06:24,FARM_01,167,29.12,88.0,3.19,Vegetative,No,Good,9956.09,-14.6,Very Wet,2022-10,22,5,10,0,167.0,166.41666666666666,0.0,0.2571428571428571,28.12208,13.340000000000003,0.17333333333333334,313,0,2
2022-10-08 22:06:24,FARM_01,167,29.07,90.4,0.0,Vegetative,Yes,Poor,9956.12,-14.6,Very Wet,2022-10,22,5,10,0,167.0,166.41666666666666,0.0,0.22857142857142856,28.274304,3.1900000000000035,0.1730357142857143,313,0,2
2022-10-08 22:06:24,FARM_01,167,28.86,87.6,0.0,Vegetative,Yes,Poor,9955.58,-14.64,Very Wet,2022-10,22,5,10,0,167.0,166.5,0.0,0.14285714285714285,27.846548,3.1900000000000035,0.1717857142857143,313,0,2
2022-10-08 22:06:24,FARM_01,167,28.98,87.3,0.0,Vegetative,Yes,Poor,9956.17,-14.59,Very Wet,2022-10,22,5,10,0,167.0,166.5,0.0,0.0,27.933647,0.0,0.17250000000000001,313,0,2
2022-10-08 22:06:24,FARM_01,167,28.97,87.3,0.0,Vegetative,Yes,Poor,9956.34,-14.58,Very Wet,2022-10,22,5,10,0,167.0,166.58333333333334,0.0,0.0,27.924345499999998,0.0,0.17244047619047617,313,0,2
2022-10-08 22:06:24,FARM_01,167,28.94,80.1,1.47,Vegetative,No,Good,9956.2,-14.59,Very Wet,2022-10,22,5,10,0,167.0,166.58333333333334,0.0,0.0,27.304817,1.4700000000000035,0.17226190476190478,313,0,2
2022-10-08 22:06:24,FARM_01,167,28.92,77.9,0.0,Vegetative,Yes,Poor,9956.06,-14.6,Very Wet,2022-10,22,5,10,0,167.0,166.75,0.0,0.0,27.106474000000002,1.4700000000000035,0.17214285714285715,313,0,2
2022-10-08 22:06:24,FARM_01,167,28.9,90.0,0.0,Vegetative,Yes,Poor,9955.74,-14.63,Very Wet,2022-10,22,5,10,0,167.0,166.83333333333334,0.0,0.0,28.080499999999997,1.4700000000000035,0.17202380952380952,313,0,2
2022-10-08 22:06:24,FARM_01,167,29.02,100.0,0.0,Vegetative,Yes,Poor,9956.48,-14.57,Very Wet,2022-10,22,5,10,0,167.0,166.91666666666666,0.0,0.0,29.02,0.0,0.17273809523809525,313,0,2
2022-10-08 22:06:24,FARM_01,168,29.3,87.1,0.0,Vegetative,Yes,Poor,9955.75,-14.63,Very Wet,2022-10,22,5,10,0,167.33333333333334,167.08333333333334,1.0,0.14285714285714285,28.214465,0.0,0.17337278106508877,312,0,2
2022-10-08 22:06:24,FARM_01,166,28.84,79.4,5.17,Vegetative,No,Good,9955.43,-14.66,Very Wet,2022-10,22,5,10,0,167.0,167.0,-2.0,-0.05714285714285714,27.158628,5.1700000000000035,0.17269461077844311,314,0,2
2022-10-08 22:06:24,FARM_01,167,28.82,80.5,4.53,Vegetative,No,Good,9955.25,-14.67,Very Wet,2022-10,22,5,10,0,167.0,167.0,1.0,-0.05714285714285714,27.230555,9.700000000000003,0.17154761904761906,313,0,2
2022-10-08 22:06:24,FARM_01,167,28.75,88.1,0.0,Vegetative,Yes,Poor,9955.31,-14.67,Very Wet,2022-10,22,5,10,0,166.66666666666666,167.0,0.0,-0.05714285714285714,27.784612499999998,9.700000000000003,0.17113095238095238,313,0,2
2022-10-08 22:06:24,FARM_01,168,28.7,94.1,6.41,Vegetative,No,Good,9954.98,-14.69,Very Wet,2022-10,22,5,10,0,167.33333333333334,167.08333333333334,1.0,0.08571428571428572,28.222984999999998,10.940000000000005,0.16982248520710058,312,0,2
2022-10-08 22:06:24,FARM_01,166,28.78,90.6,7.72,Vegetative,No,Good,9955.28,-14.67,Very Wet,2022-10,22,5,10,0,167.0,167.0,-2.0,-0.11428571428571428,28.015874,14.130000000000003,0.17233532934131737,314,0,2
2022-10-08 22:06:24,FARM_01,165,28.59,86.3,6.91,Vegetative,No,Good,9953.86,-14.79,Very Wet,2022-10,22,5,10,0,166.33333333333334,166.83333333333334,-1.0,-0.2,27.4906435,21.040000000000003,0.1722289156626506,315,0,2
2022-10-08 22:06:24,FARM_01,165,29.04,87.6,0.0,Vegetative,Yes,Poor,9956.32,-14.58,Very Wet,2022-10,22,5,10,0,165.33333333333334,166.66666666666666,0.0,-0.5142857142857142,28.014272,14.630000000000003,0.17493975903614456,315,0,2
2022-10-08 22:06:24,FARM_01,167,28.8,87.9,7.49,Vegetative,No,Good,9955.28,-14.67,Very Wet,2022-10,22,5,10,0,165.66666666666666,166.66666666666666,2.0,-0.2857142857142857,27.81506,14.400000000000004,0.17142857142857143,313,0,2
2022-10-08 22:06:24,FARM_01,167,28.49,92.1,0.0,Vegetative,Yes,Poor,9953.05,-14.86,Very Wet,2022-10,22,5,10,0,166.33333333333334,166.66666666666666,0.0,-0.05714285714285714,27.8604095,7.490000000000004,0.16958333333333334,313,0,2
2022-10-08 22:06:24,FARM_01,167,28.47,89.0,0.0,Vegetative,Yes,Poor,9952.72,-14.88,Very Wet,2022-10,22,5,10,0,167.0,166.66666666666666,0.0,0.37142857142857144,27.594565,7.490000000000004,0.1694642857142857,313,0,2
2022-10-08 22:06:24,FARM_01,167,28.46,86.3,0.35,Vegetative,No,Good,9952.89,-14.87,Very Wet,2022-10,22,5,10,0,167.0,166.66666666666666,0.0,0.45714285714285713,27.370439,0.35000000000000353,0.16940476190476192,313,0,2
2022-10-08 22:06:24,FARM_01,167,28.43,84.5,0.0,Vegetative,Yes,Poor,9952.03,-14.97,Very Wet,2022-10,22,5,10,0,167.0,166.58333333333334,0.0,0.2857142857142857,27.1998425,0.35000000000000353,0.16922619047619047,313,0,2
2022-10-08 22:06:24,FARM_01,169,28.53,80.8,0.0,Vegetative,Yes,Poor,9953.36,-14.83,Very Wet,2022-10,22,5,10,0,167.66666666666666,166.83333333333334,2.0,0.2857142857142857,26.995632,0.35000000000000353,0.1678235294117647,311,0,2
2022-10-08 22:06:24,FARM_01,164,28.41,83.7,2.63,Vegetative,No,Good,9951.2,-15.01,Very Wet,2022-10,22,5,10,0,166.66666666666666,166.58333333333334,-5.0,-0.2571428571428571,27.118143500000002,2.6300000000000034,0.17218181818181819,316,0,2
2022-10-08 22:06:24,FARM_01,167,28.4,94.4,2.08,Vegetative,No,Good,9951.2,-15.01,Very Wet,2022-10,22,5,10,0,166.66666666666666,166.58333333333334,3.0,-0.2,27.95648,4.7100000000000035,0.16904761904761903,313,0,2
2022-10-08 22:06:24,FARM_01,168,28.39,89.0,0.0,Vegetative,Yes,Poor,9950.7,-15.05,Very Wet,2022-10,22,5,10,0,166.33333333333334,166.58333333333334,1.0,0.0,27.519405,4.7100000000000035,0.16798816568047337,312,0,2
2022-10-08 22:06:24,FARM_01,167,28.36,82.5,4.43,Vegetative,No,Good,9950.53,-15.07,Very Wet,2022-10,22,5,10,0,167.33333333333334,166.66666666666666,-1.0,0.0,26.97785,6.510000000000003,0.1688095238095238,313,0,2
2022-10-08 22:06:24,FARM_01,374,28.31,77.7,1.87,Vegetative,No,Poor,9950.55,-15.07,Very Dry,2022-10,22,5,10,0,236.33333333333334,184.08333333333334,207.0,29.571428571428573,26.554878499999997,6.300000000000003,0.07549333333333333,106,0,1
2022-10-08 22:06:24,FARM_01,166,28.34,85.6,1.22,Vegetative,No,Good,9950.38,-15.08,Very Wet,2022-10,22,5,10,0,235.66666666666666,184.16666666666666,-208.0,18.0,27.204272,7.520000000000003,0.16970059880239521,314,0,2
2022-10-08 22:06:24,FARM_01,199,28.32,93.1,4.74,Vegetative,No,Good,9950.72,-15.05,Very Wet,2022-10,22,5,10,0,246.33333333333334,186.83333333333334,33.0,10.314285714285715,27.776556,7.830000000000004,0.1416,281,0,2
2022-10-08 22:06:24,FARM_01,336,29.45,90.4,0.0,Vegetative,No,Poor,9953.56,-14.81,Very Dry,2022-10,22,5,10,0,233.66666666666666,200.91666666666666,137.0,20.8,28.63424,5.9600000000000035,0.08738872403560831,144,0,1
2022-10-08 22:06:24,FARM_01,168,28.5,83.5,1.72,Vegetative,No,Good,9953.38,-14.83,Very Wet,2022-10,22,5,10,0,234.33333333333334,201.0,-168.0,-2.1714285714285713,27.184124999999998,6.4600000000000035,0.16863905325443787,312,0,2
2022-10-08 22:06:24,FARM_01,402,28.31,78.7,0.0,Vegetative,No,Poor,9950.38,-15.08,Very Dry,2022-10,22,5,10,0,302.0,220.58333333333334,234.0,8.085714285714284,26.6335835,1.7200000000000035,0.07024813895781637,78,0,1
2022-10-08 22:06:24,FARM_01,166,30.24,82.1,0.0,Vegetative,Yes,Poor,9956.45,-14.57,Very Wet,2022-10,22,5,10,0,245.33333333333334,220.5,-236.0,12.6,28.641171999999997,1.7200000000000035,0.18107784431137725,314,0,2
2022-10-08 22:06:24,FARM_01,337,29.27,79.5,0.0,Vegetative,No,Poor,9953.73,-14.8,Very Dry,2022-10,22,5,10,0,301.6666666666667,234.5,171.0,11.82857142857143,27.5483075,0.0,0.08659763313609467,143,0,1
2022-10-08 22:06:24,FARM_01,328,28.29,80.3,0.0,Vegetative,No,Poor,9949.71,-15.14,Dry,2022-10,22,5,10,0,277.0,248.16666666666666,-9.0,6.6,26.7416785,0.0,0.08598784194528875,152,0,0
2022-10-08 22:06:24,FARM_01,329,28.67,87.0,0.29,Vegetative,No,Poor,9953.47,-14.82,Dry,2022-10,22,5,10,0,331.3333333333333,261.6666666666667,1.0,21.542857142857144,27.621095,0.29000000000000353,0.08687878787878789,151,0,0
2022-10-08 22:06:24,FARM_01,327,28.3,83.6,8.99,Vegetative,No,Poor,9950.38,-15.08,Dry,2022-10,22,5,10,0,328.0,274.9166666666667,-2.0,3.0,27.01014,9.280000000000003,0.08628048780487806,153,0,0
2022-10-08 22:06:24,FARM_01,335,29.01,81.2,0.0,Vegetative,No,Poor,9953.61,-14.81,Very Dry,2022-10,22,5,10,0,330.3333333333333,288.9166666666667,8.0,23.314285714285713,27.457966000000003,9.280000000000003,0.08633928571428572,145,0,1
2022-10-08 22:06:24,FARM_01,336,29.58,84.6,0.0,Vegetative,No,Poor,9953.62,-14.81,Very Dry,2022-10,22,5,10,0,332.6666666666667,285.75,1.0,0.4,28.260374,8.990000000000004,0.08777448071216616,144,0,1
2022-10-08 22:06:24,FARM_01,339,29.45,86.9,0.0,Vegetative,No,Poor,9951.84,-14.96,Very Dry,2022-10,22,5,10,0,336.6666666666667,300.1666666666667,3.0,2.4,28.3368275,0.0,0.08661764705882352,141,0,1
2022-10-08 22:06:24,FARM_01,336,29.77,85.9,0.0,Vegetative,No,Poor,9953.25,-14.84,Very Dry,2022-10,22,5,10,0,337.0,311.5833333333333,-3.0,2.057142857142857,28.5470365,0.0,0.08833827893175074,144,0,1
2022-10-08 22:06:24,FARM_01,335,29.78,87.5,0.0,Vegetative,No,Poor,9953.05,-14.86,Very Dry,2022-10,22,5,10,0,336.6666666666667,311.5,-1.0,1.3142857142857143,28.695125,0.0,0.08863095238095238,145,0,1
2022-10-08 22:06:24,FARM_01,327,29.77,74.8,0.0,Vegetative,No,Poor,9952.73,-14.88,Dry,2022-10,22,5,10,0,332.6666666666667,324.75,-8.0,-1.3142857142857143,27.584277999999998,0.0,0.09076219512195122,153,0,0
2022-10-08 22:06:24,FARM_01,335,29.76,95.2,1.13,Vegetative,No,Poor,9952.73,-14.88,Very Dry,2022-10,22,5,10,0,332.3333333333333,319.1666666666667,8.0,-1.2,29.343936000000003,1.1300000000000034,0.08857142857142858,145,0,1
2022-10-08 22:06:24,FARM_01,335,29.67,79.6,0.0,Vegetative,No,Poor,9953.17,-14.85,Very Dry,2022-10,22,5,10,0,332.3333333333333,333.25,0.0,-0.8857142857142857,27.911826,1.1300000000000034,0.08830357142857144,145,0,1
2022-10-08 22:06:24,FARM_01,337,29.74,78.3,0.0,Vegetative,No,Poor,9952.44,-14.91,Very Dry,2022-10,22,5,10,0,335.6666666666667,333.25,2.0,0.37142857142857144,27.861430999999996,1.1300000000000034,0.08798816568047337,143,0,1
2022-10-08 22:06:24,FARM_01,338,29.68,87.9,0.0,Vegetative,No,Poor,9952.13,-14.93,Very Dry,2022-10,22,5,10,0,336.6666666666667,334.0833333333333,1.0,1.2857142857142858,28.636496,0.0,0.08755162241887905,142,0,1
2022-10-08 22:06:24,FARM_01,338,29.64,85.1,0.0,Vegetative,No,Poor,9951.83,-14.96,Very Dry,2022-10,22,5,10,0,337.6666666666667,334.8333333333333,0.0,1.8857142857142857,28.358302000000002,0.0,0.08743362831858408,142,0,1
2022-10-08 22:06:24,FARM_01,336,29.6,82.6,2.68,Vegetative,No,Poor,9952.07,-14.94,Very Dry,2022-10,22,5,10,0,337.3333333333333,335.5833333333333,-2.0,0.42857142857142855,28.10708,2.6800000000000037,0.08783382789317508,144,0,1
2022-10-08 22:06:24,FARM_01,340,29.56,84.9,0.0,Vegetative,No,Poor,9951.73,-14.97,Very Dry,2022-10,22,5,10,0,338.0,336.0,4.0,0.6285714285714286,28.267742,2.6800000000000037,0.08668621700879765,140,0,1
2022-10-08 22:06:24,FARM_01,339,29.52,81.6,0.0,Vegetative,No,Poor,9951.95,-14.95,Very Dry,2022-10,22,5,10,0,338.3333333333333,336.25,-1.0,0.4,27.949375999999997,2.6800000000000037,0.0868235294117647,141,0,1
2022-10-08 22:06:24,FARM_01,339,29.49,85.6,4.69,Vegetative,No,Poor,9951.98,-14.95,Very Dry,2022-10,22,5,10,0,339.3333333333333,336.25,0.0,0.34285714285714286,28.263191999999997,4.690000000000004,0.08673529411764705,141,0,1
2022-10-08 22:06:24,FARM_01,336,29.71,92.5,0.03,Vegetative,No,Poor,9952.3,-14.92,Very Dry,2022-10,22,5,10,0,338.0,336.25,-3.0,-0.05714285714285714,29.0619625,4.720000000000004,0.08816023738872404,144,0,1
2022-10-08 22:06:24,FARM_01,339,29.41,91.0,3.6,Vegetative,No,Poor,9952.05,-14.94,Very Dry,2022-10,22,5,10,0,338.0,336.5833333333333,3.0,0.08571428571428572,28.647205,8.320000000000004,0.0865,141,0,1
2022-10-08 22:06:24,FARM_01,342,29.35,82.2,4.58,Vegetative,No,Poor,9951.78,-14.96,Very Dry,2022-10,22,5,10,0,339.0,337.8333333333333,3.0,0.2,27.847235,8.210000000000004,0.08556851311953353,138,0,1
2022-10-08 22:06:24,FARM_01,238,29.53,77.0,0.0,Vegetative,No,Good,9949.03,-15.19,Wet,2022-10,22,5,10,0,306.3333333333333,329.75,-104.0,-14.085714285714285,27.565455,8.180000000000003,0.12355648535564855,242,0,3
2022-10-08 22:06:24,FARM_01,342,29.05,95.4,0.0,Vegetative,No,Poor,9952.0,-14.94,Very Dry,2022-10,22,5,10,0,307.3333333333333,330.3333333333333,104.0,-7.885714285714286,28.669235,4.580000000000004,0.08469387755102041,138,0,1
2022-10-08 22:06:24,FARM_01,342,29.27,81.4,0.0,Vegetative,No,Poor,9951.67,-14.97,Very Dry,2022-10,22,5,10,0,307.3333333333333,330.75,0.0,-1.8571428571428572,27.707879,0.0,0.08533527696793003,138,0,1
2022-10-08 22:06:24,FARM_01,347,29.23,84.9,14.93,Vegetative,No,Poor,9951.51,-14.99,Very Dry,2022-10,22,5,10,0,343.6666666666667,331.5,5.0,4.114285714285714,27.9651485,14.930000000000003,0.08399425287356321,133,0,1
2022-10-08 22:06:24,FARM_01,345,29.19,85.8,0.0,Vegetative,No,Poor,9951.55,-14.98,Very Dry,2022-10,22,5,10,0,344.6666666666667,332.0833333333333,-2.0,9.771428571428572,28.003661,14.930000000000003,0.08436416184971099,135,0,1
2022-10-08 22:06:24,FARM_01,342,29.16,81.0,8.41,Vegetative,No,Poor,9951.77,-14.96,Very Dry,2022-10,22,5,10,0,344.6666666666667,332.5833333333333,-3.0,15.257142857142858,27.57578,23.340000000000003,0.08501457725947521,138,0,1
2022-10-08 22:06:24,FARM_01,341,29.12,88.1,0.72,Vegetative,No,Poor,9951.8,-14.96,Very Dry,2022-10,22,5,10,0,342.6666666666667,332.6666666666667,-1.0,-0.2,28.130396,9.130000000000004,0.08514619883040936,139,0,1
2022-10-08 22:06:24,FARM_01,339,28.81,87.9,0.0,Vegetative,No,Poor,9951.83,-14.96,Very Dry,2022-10,22,5,10,0,340.6666666666667,332.6666666666667,-2.0,-1.0285714285714285,27.8243945,9.130000000000004,0.08473529411764706,141,0,1
2022-10-08 22:06:24,FARM_01,327,28.29,68.7,0.0,Vegetative,No,Poor,9950.23,-15.09,Dry,2022-10,22,5,10,0,335.6666666666667,331.6666666666667,-12.0,-3.4,25.8299765,0.7200000000000035,0.08625,153,0,0
2022-10-08 22:06:24,FARM_01,330,28.51,88.7,1.67,Vegetative,No,Poor,9952.02,-14.94,Very Dry,2022-10,22,5,10,0,332.0,331.1666666666667,3.0,-3.4857142857142858,27.608203500000002,1.6700000000000035,0.08613293051359518,150,0,1
2022-10-08 22:06:24,FARM_01,167,30.44,88.1,0.0,Vegetative,Yes,Poor,9956.55,-14.56,Very Wet,2022-10,22,5,10,0,274.6666666666667,316.8333333333333,-163.0,-26.285714285714285,29.364002,1.6700000000000035,0.1811904761904762,313,0,2
2022-10-08 22:06:24,FARM_01,343,29.09,81.1,6.17,Vegetative,No,Poor,9952.14,-14.93,Very Dry,2022-10,22,5,10,0,280.0,316.9166666666667,176.0,-14.371428571428574,27.5213945,7.840000000000003,0.08456395348837209,137,0,1
2022-10-08 22:06:24,FARM_01,345,28.98,82.4,4.92,Vegetative,No,Poor,9952.23,-14.92,Very Dry,2022-10,22,5,10,0,285.0,325.8333333333333,2.0,-2.4285714285714284,27.529936,11.090000000000003,0.08375722543352601,135,0,1
2022-10-08 22:06:24,FARM_01,343,28.92,88.2,3.48,Vegetative,No,Poor,9952.46,-14.91,Very Dry,2022-10,22,5,10,0,343.6666666666667,325.9166666666667,-2.0,8.6,27.951692,14.570000000000004,0.08406976744186047,137,0,1
2022-10-08 22:06:24,FARM_01,344,28.89,75.4,0.28,Vegetative,No,Poor,9952.3,-14.92,Very Dry,2022-10,22,5,10,0,344.0,326.0833333333333,1.0,17.142857142857142,26.875383,8.680000000000003,0.08373913043478261,136,0,1
2022-10-08 22:06:24,FARM_01,342,29.04,79.3,0.0,Vegetative,No,Poor,9952.2,-14.93,Very Dry,2022-10,22,5,10,0,343.0,325.6666666666667,-2.0,25.02857142857143,27.327696,3.7600000000000033,0.08466472303206997,138,0,1
2022-10-08 22:06:24,FARM_01,338,28.79,74.7,0.0,Vegetative,No,Poor,9951.86,-14.96,Very Dry,2022-10,22,5,10,0,341.3333333333333,325.0833333333333,-4.0,-0.9428571428571428,26.7319715,0.2800000000000036,0.08492625368731563,142,0,1
2022-10-08 22:06:24,FARM_01,338,28.77,85.7,17.45,Vegetative,No,Poor,9951.52,-14.98,Very Dry,2022-10,22,5,10,0,339.3333333333333,324.75,0.0,-1.4857142857142858,27.6083395,17.450000000000003,0.08486725663716814,142,0,1
2022-10-08 22:06:24,FARM_01,338,28.56,81.5,0.2,Vegetative,No,Poor,9950.29,-15.09,Very Dry,2022-10,22,5,10,0,338.0,324.5,0.0,-1.3428571428571427,27.078519999999997,17.650000000000002,0.08424778761061946,142,0,1
2022-10-08 22:06:24,FARM_01,340,29.31,89.8,0.0,Vegetative,No,Poor,9951.47,-14.99,Very Dry,2022-10,22,5,10,0,338.6666666666667,324.5833333333333,2.0,-0.9142857142857143,28.451109,17.650000000000002,0.08595307917888563,140,0,1
2022-10-08 22:06:24,FARM_01,339,28.76,95.4,0.0,Vegetative,No,Poor,9951.34,-15.0,Very Dry,2022-10,22,5,10,0,339.0,325.5833333333333,-1.0,-0.2571428571428571,28.386572,0.20000000000000356,0.08458823529411766,141,0,1
2022-10-08 22:06:24,FARM_01,337,28.74,89.4,0.0,Vegetative,No,Poor,9951.2,-15.01,Very Dry,2022-10,22,5,10,0,338.6666666666667,326.1666666666667,-2.0,0.0,27.880657999999997,0.0,0.08502958579881656,143,0,1
2022-10-08 22:06:24,FARM_01,338,28.72,78.5,0.0,Vegetative,No,Poor,9950.69,-15.05,Very Dry,2022-10,22,5,10,0,338.0,340.4166666666667,1.0,-0.11428571428571428,26.97936,0.0,0.08471976401179941,142,0,1
2022-10-08 22:06:24,FARM_01,338,28.7,86.8,3.92,Vegetative,No,Poor,9950.7,-15.05,Very Dry,2022-10,22,5,10,0,337.6666666666667,340.0,0.0,-0.22857142857142856,27.63278,3.9200000000000035,0.08466076696165191,142,0,1
2022-10-08 22:06:24,FARM_01,338,28.69,93.6,2.99,Vegetative,No,Poor,9950.91,-15.04,Very Dry,2022-10,22,5,10,0,338.0,339.4166666666667,0.0,-0.34285714285714286,28.172912,6.910000000000004,0.08463126843657817,142,0,1
2022-10-08 22:06:24,FARM_01,339,28.67,81.5,1.81,Vegetative,No,Poor,9950.73,-15.05,Very Dry,2022-10,22,5,10,0,338.3333333333333,339.0833333333333,1.0,0.08571428571428572,27.1773275,8.720000000000004,0.08432352941176471,141,0,1
2022-10-08 22:06:24,FARM_01,343,28.95,76.7,0.0,Vegetative,No,Poor,9952.27,-14.92,Very Dry,2022-10,22,5,10,0,340.0,339.0,4.0,0.9428571428571428,27.0341575,4.800000000000004,0.08415697674418604,137,0,1
2022-10-08 22:06:24,FARM_01,336,28.66,82.4,0.0,Vegetative,No,Poor,9950.73,-15.05,Very Dry,2022-10,22,5,10,0,339.3333333333333,338.5,-7.0,0.17142857142857143,27.240912,1.8100000000000036,0.08504451038575668,144,0,1
2022-10-08 22:06:24,FARM_01,337,28.63,78.8,4.4,Vegetative,No,Poor,9950.75,-15.05,Very Dry,2022-10,22,5,10,0,338.6666666666667,338.4166666666667,1.0,-0.2,26.924142,4.400000000000004,0.08470414201183432,143,0,1
2022-10-08 22:06:24,FARM_01,337,28.62,89.2,0.0,Vegetative,No,Poor,9950.75,-15.05,Very Dry,2022-10,22,5,10,0,336.6666666666667,338.3333333333333,0.0,-0.5142857142857142,27.751572,4.400000000000004,0.08467455621301775,143,0,1
2022-10-08 22:06:24,FARM_01,336,28.61,87.4,0.34,Vegetative,No,Poor,9950.41,-15.08,Very Dry,2022-10,22,5,10,0,336.6666666666667,338.1666666666667,-1.0,-0.9142857142857143,27.597527,4.740000000000004,0.08489614243323441,144,0,1
2022-10-08 22:06:24,FARM_01,336,28.6,84.3,2.3,Vegetative,No,Poor,9950.61,-15.06,Very Dry,2022-10,22,5,10,0,336.3333333333333,337.8333333333333,0.0,-1.0,27.339290000000002,2.6400000000000032,0.08486646884272997,144,0,1
2022-10-08 22:06:24,FARM_01,337,28.58,80.9,0.0,Vegetative,No,Poor,9950.44,-15.08,Very Dry,2022-10,22,5,10,0,336.3333333333333,337.6666666666667,1.0,0.02857142857142857,27.048371,2.6400000000000032,0.08455621301775147,143,0,1
2022-10-08 22:06:24,FARM_01,336,28.57,89.1,7.0,Vegetative,No,Poor,9950.44,-15.08,Very Dry,2022-10,22,5,10,0,336.3333333333333,337.5833333333333,-1.0,-0.14285714285714285,27.6965285,9.300000000000004,0.08477744807121662,144,0,1
2022-10-08 22:06:24,FARM_01,335,28.55,78.7,0.0,Vegetative,No,Poor,9950.6,-15.06,Very Dry,2022-10,22,5,10,0,336.0,337.3333333333333,-1.0,-0.2571428571428571,26.8454675,7.0000000000000036,0.0849702380952381,145,0,1
2022-10-08 22:06:24,FARM_01,336,28.54,88.8,0.0,Vegetative,No,Poor,9950.59,-15.06,Very Dry,2022-10,22,5,10,0,335.6666666666667,337.1666666666667,1.0,-0.11428571428571428,27.644336,7.0000000000000036,0.08468842729970326,144,0,1
2022-10-08 22:06:24,FARM_01,336,28.53,86.2,2.84,Vegetative,No,Poor,9950.45,-15.07,Very Dry,2022-10,22,5,10,0,335.6666666666667,337.0,0.0,-0.11428571428571428,27.427173,2.8400000000000034,0.08465875370919881,144,0,1
2022-10-08 22:06:24,FARM_01,339,28.46,82.9,0.0,Vegetative,No,Poor,9949.64,-15.14,Very Dry,2022-10,22,5,10,0,337.0,337.0,3.0,0.3142857142857143,27.100037,2.8400000000000034,0.08370588235294119,141,0,1
2022-10-08 22:06:24,FARM_01,334,28.51,86.5,1.04,Vegetative,No,Poor,9950.11,-15.1,Very Dry,2022-10,22,5,10,0,336.3333333333333,336.25,-5.0,0.05714285714285714,27.4326325,3.8800000000000034,0.0851044776119403,146,0,1
2022-10-08 22:06:24,FARM_01,335,28.51,76.0,0.0,Vegetative,No,Poor,9950.13,-15.1,Very Dry,2022-10,22,5,10,0,336.0,336.1666666666667,1.0,-0.08571428571428572,26.59468,1.0400000000000036,0.08485119047619048,145,0,1
2022-10-08 22:06:24,FARM_01,335,28.5,86.6,0.0,Vegetative,No,Poor,9950.65,-15.06,Very Dry,2022-10,22,5,10,0,334.6666666666667,336.0,0.0,-0.37142857142857144,27.43135,1.0400000000000036,0.08482142857142858,145,0,1
2022-10-08 22:06:24,FARM_01,348,28.64,83.1,0.0,Vegetative,No,Poor,9950.73,-15.05,Very Dry,2022-10,22,5,10,0,339.3333333333333,336.9166666666667,13.0,1.4,27.279212,0.0,0.08206303724928367,132,0,1
2022-10-08 22:06:24,FARM_01,338,28.84,85.1,0.0,Vegetative,No,Poor,9952.34,-14.91,Very Dry,2022-10,22,5,10,0,340.3333333333333,337.0833333333333,-10.0,1.0571428571428572,27.623862,0.0,0.08507374631268437,142,0,1
2022-10-08 22:06:24,FARM_01,340,28.46,74.5,0.0,Vegetative,No,Poor,9960.59,-14.22,Very Dry,2022-10,22,5,10,0,342.0,337.4166666666667,2.0,1.4857142857142858,26.431985,0.0,0.08346041055718476,140,0,1
2022-10-08 22:06:24,FARM_01,339,28.38,81.5,0.0,Vegetative,No,Poor,9948.14,-15.27,Very Dry,2022-10,22,5,10,0,339.0,337.5833333333333,-1.0,0.7142857142857143,26.916835,0.0,0.08347058823529412,141,0,1
2022-10-08 22:06:24,FARM_01,162,30.21,79.7,0.0,Vegetative,Yes,Poor,9948.29,-15.26,Very Wet,2022-10,22,5,10,0,280.3333333333333,323.0833333333333,-177.0,-25.428571428571427,28.400153500000002,0.0,0.18533742331288344,318,0,2
2022-10-08 22:06:24,FARM_01,339,28.42,88.6,0.0,Vegetative,No,Poor,9948.46,-15.24,Very Dry,2022-10,22,5,10,0,280.0,323.4166666666667,177.0,-16.4,27.515866,0.0,0.08358823529411766,141,0,1
2022-10-08 22:06:24,FARM_01,339,28.41,85.9,0.0,Vegetative,No,Poor,9948.45,-15.24,Very Dry,2022-10,22,5,10,0,280.0,323.6666666666667,0.0,-5.0,27.2925045,0.0,0.08355882352941177,141,0,1
2022-10-08 22:06:24,FARM_01,341,28.4,78.2,0.0,Vegetative,No,Poor,9948.29,-15.26,Very Dry,2022-10,22,5,10,0,339.6666666666667,324.0833333333333,2.0,5.2,26.67344,0.0,0.08304093567251461,139,0,1
2022-10-08 22:06:24,FARM_01,339,28.45,77.5,1.14,Vegetative,No,Poor,9949.32,-15.17,Very Dry,2022-10,22,5,10,0,339.6666666666667,324.0833333333333,-2.0,15.342857142857143,26.6618125,1.1400000000000035,0.0836764705882353,141,0,1
2022-10-08 22:06:24,FARM_01,338,28.39,75.1,0.75,Vegetative,No,Poor,9948.11,-15.27,Very Dry,2022-10,22,5,10,0,339.3333333333333,324.4166666666667,-1.0,25.2,26.419289499999998,1.8900000000000035,0.08374631268436579,142,0,1
2022-10-08 22:06:24,FARM_01,339,28.37,88.0,0.0,Vegetative,No,Poor,9948.31,-15.25,Very Dry,2022-10,22,5,10,0,338.6666666666667,324.75,1.0,-0.14285714285714285,27.421580000000002,1.8900000000000035,0.08344117647058824,141,0,1
2022-10-08 22:06:24,FARM_01,339,28.27,89.6,0.0,Vegetative,No,Poor,9946.8,-15.38,Very Dry,2022-10,22,5,10,0,338.6666666666667,325.0833333333333,0.0,-0.2,27.453756,0.7500000000000036,0.08314705882352941,141,0,1
2022-10-08 22:06:24,FARM_01,342,28.35,81.7,3.25,Vegetative,No,Poor,9947.81,-15.3,Very Dry,2022-10,22,5,10,0,340.0,324.5833333333333,3.0,0.17142857142857143,26.9056725,3.2500000000000036,0.0826530612244898,138,0,1
2022-10-08 22:06:24,FARM_01,342,28.34,86.7,0.0,Vegetative,No,Poor,9947.98,-15.28,Very Dry,2022-10,22,5,10,0,341.0,324.9166666666667,0.0,0.7714285714285715,27.291028999999998,3.2500000000000036,0.08262390670553936,138,0,1
2022-10-08 22:06:24,FARM_01,343,28.33,84.5,0.0,Vegetative,No,Poor,9947.27,-15.34,Very Dry,2022-10,22,5,10,0,342.3333333333333,325.1666666666667,1.0,1.0571428571428572,27.1083675,3.2500000000000036,0.0823546511627907,137,0,1
2022-10-08 22:06:24,FARM_01,341,28.33,91.7,0.0,Vegetative,No,Poor,9947.3,-15.34,Very Dry,2022-10,22,5,10,0,342.0,325.3333333333333,-2.0,0.6285714285714286,27.675835499999998,0.0,0.08283625730994151,139,0,1
2022-10-08 22:06:24,FARM_01,342,28.32,89.0,15.52,Vegetative,No,Poor,9947.47,-15.33,Very Dry,2022-10,22,5,10,0,342.0,340.3333333333333,1.0,0.37142857142857144,27.45364,15.520000000000003,0.08256559766763849,138,0,1
2022-10-08 22:06:24,FARM_01,340,28.36,90.1,1.42,Vegetative,No,Poor,9947.98,-15.28,Very Dry,2022-10,22,5,10,0,341.0,340.4166666666667,-2.0,-0.34285714285714286,27.578097999999997,16.940000000000005,0.08316715542521994,140,0,1
2022-10-08 22:06:24,FARM_01,339,28.43,85.7,0.52,Vegetative,No,Poor,9948.78,-15.21,Very Dry,2022-10,22,5,10,0,340.3333333333333,340.4166666666667,-1.0,-0.6571428571428571,27.2950805,17.460000000000004,0.08361764705882353,141,0,1
2022-10-08 22:06:24,FARM_01,342,28.31,78.9,0.0,Vegetative,No,Poor,9947.3,-15.34,Very Dry,2022-10,22,5,10,0,340.3333333333333,340.5,3.0,-0.37142857142857144,26.6493245,1.9400000000000035,0.08253644314868805,138,0,1
2022-10-08 22:06:24,FARM_01,339,28.3,82.5,0.0,Vegetative,No,Poor,9947.48,-15.32,Very Dry,2022-10,22,5,10,0,340.0,340.5,-3.0,-0.3142857142857143,26.923625,0.5200000000000036,0.08323529411764706,141,0,1
2022-10-08 22:06:24,FARM_01,339,28.29,89.8,0.37,Vegetative,No,Poor,9947.31,-15.34,Very Dry,2022-10,22,5,10,0,340.0,340.5833333333333,0.0,-0.42857142857142855,27.488331,0.37000000000000355,0.08320588235294117,141,0,1
2022-10-08 22:06:24,FARM_01,339,28.28,83.4,0.0,Vegetative,No,Poor,9947.31,-15.34,Very Dry,2022-10,22,5,10,0,339.0,340.5833333333333,0.0,-0.22857142857142856,26.976236,0.37000000000000355,0.0831764705882353,141,0,1
2022-10-08 22:06:24,FARM_01,340,28.28,80.7,0.0,Vegetative,No,Poor,9947.14,-15.35,Very Dry,2022-10,22,5,10,0,339.3333333333333,340.6666666666667,1.0,-0.11428571428571428,26.764178,0.37000000000000355,0.08293255131964809,140,0,1
2022-10-08 22:06:24,FARM_01,337,28.26,78.8,0.0,Vegetative,No,Poor,9946.48,-15.41,Very Dry,2022-10,22,5,10,0,338.6666666666667,340.25,-3.0,-0.6285714285714286,26.597284000000002,0.0,0.08360946745562131,143,0,1
2022-10-08 22:06:24,FARM_01,339,28.26,89.0,10.69,Vegetative,No,Poor,9946.31,-15.42,Very Dry,2022-10,22,5,10,0,338.6666666666667,340.0,2.0,-0.14285714285714285,27.397270000000002,10.690000000000003,0.08311764705882353,141,0,1
2022-10-08 22:06:24,FARM_01,339,28.25,76.3,3.22,Vegetative,No,Poor,9946.14,-15.44,Very Dry,2022-10,22,5,10,0,338.3333333333333,339.6666666666667,0.0,-0.08571428571428572,26.3925125,13.910000000000004,0.08308823529411764,141,0,1
2022-10-08 22:06:24,FARM_01,339,28.24,75.4,0.0,Vegetative,No,Poor,9946.13,-15.44,Very Dry,2022-10,22,5,10,0,339.0,339.5,0.0,-0.02857142857142857,26.313328,13.910000000000004,0.08305882352941175,141,0,1
2022-10-08 22:06:24,FARM_01,342,28.23,82.6,1.54,Vegetative,No,Poor,9946.5,-15.41,Very Dry,2022-10,22,5,10,0,340.0,339.5,3.0,0.45714285714285713,26.868189,4.760000000000003,0.08230320699708454,138,0,1
2022-10-08 22:06:24,FARM_01,343,28.23,82.6,6.95,Vegetative,No,Poor,9946.67,-15.39,Very Dry,2022-10,22,5,10,0,341.3333333333333,339.75,1.0,1.1142857142857143,26.868189,8.490000000000004,0.08206395348837209,137,0,1
2022-10-08 22:06:24,FARM_01,341,28.23,87.6,0.0,Vegetative,No,Poor,9946.67,-15.39,Very Dry,2022-10,22,5,10,0,342.0,339.9166666666667,-2.0,0.7142857142857143,27.259514,8.490000000000004,0.08254385964912281,139,0,1
2022-10-08 22:06:24,FARM_01,340,28.22,82.1,0.0,Vegetative,No,Poor,9946.5,-15.41,Very Dry,2022-10,22,5,10,0,341.3333333333333,339.75,-1.0,0.34285714285714286,26.820041,6.950000000000004,0.0827565982404692,140,0,1
2022-10-08 22:06:24,FARM_01,350,30.67,85.8,0.0,Vegetative,No,Poor,9950.56,-15.06,Very Dry,2022-10,22,5,10,0,343.6666666666667,340.6666666666667,10.0,1.3428571428571427,29.368073000000003,0.0,0.08737891737891738,130,0,1
2022-10-08 22:06:24,FARM_01,340,28.3,84.0,1.39,Vegetative,No,Poor,9947.3,-15.34,Very Dry,2022-10,22,5,10,0,343.3333333333333,340.75,-10.0,0.2857142857142857,27.0416,1.3900000000000035,0.08299120234604106,140,0,1
2022-10-08 22:06:24,FARM_01,338,28.44,84.3,0.0,Vegetative,No,Poor,9949.3,-15.17,Very Dry,2022-10,22,5,10,0,342.6666666666667,340.6666666666667,-2.0,-0.5142857142857142,27.193106,1.3900000000000035,0.08389380530973452,142,0,1
2022-10-08 22:06:24,FARM_01,339,28.22,82.6,0.0,Vegetative,No,Poor,9946.5,-15.41,Very Dry,2022-10,22,5,10,0,339.0,340.5833333333333,1.0,-0.7428571428571429,26.859146,1.3900000000000035,0.08299999999999999,141,0,1
2022-10-08 22:06:24,FARM_01,337,28.22,92.8,2.26,Vegetative,No,Poor,9946.64,-15.39,Very Dry,2022-10,22,5,10,0,338.0,340.5833333333333,-2.0,-1.4285714285714286,27.656888,2.2600000000000033,0.08349112426035503,143,0,1
2022-10-08 22:06:24,FARM_01,335,28.21,88.2,4.05,Vegetative,No,Poor,9946.64,-15.39,Very Dry,2022-10,22,5,10,0,337.0,340.25,-2.0,-2.3714285714285714,27.287771,6.310000000000003,0.08395833333333333,145,0,1
2022-10-08 22:06:24,FARM_01,336,28.2,88.8,16.02,Vegetative,No,Poor,9947.34,-15.34,Very Dry,2022-10,22,5,10,0,336.0,340.0,1.0,-0.8857142857142857,27.32528,22.330000000000002,0.08367952522255193,144,0,1
2022-10-08 22:06:24,FARM_01,338,28.2,86.5,0.0,Vegetative,No,Poor,9947.34,-15.34,Very Dry,2022-10,22,5,10,0,336.3333333333333,339.9166666666667,2.0,-0.3142857142857143,27.14565,20.07,0.0831858407079646,142,0,1
2022-10-08 22:06:24,FARM_01,335,28.2,80.4,0.0,Vegetative,No,Poor,9947.0,-15.36,Very Dry,2022-10,22,5,10,0,336.3333333333333,339.3333333333333,-3.0,-0.45714285714285713,26.66924,16.020000000000003,0.08392857142857142,145,0,1
2022-10-08 22:06:24,FARM_01,298,28.18,79.7,0.0,Vegetative,No,Poor,9946.69,-15.39,Dry,2022-10,22,5,10,0,323.6666666666667,335.5833333333333,-37.0,-5.514285714285714,26.596803,0.0,0.09424749163879599,182,0,0
2022-10-08 22:06:24,FARM_01,336,28.19,84.9,0.0,Vegetative,No,Poor,9947.0,-15.36,Very Dry,2022-10,22,5,10,0,323.0,335.1666666666667,38.0,-3.2,27.011520500000003,0.0,0.08364985163204748,144,0,1
2022-10-08 22:06:24,FARM_01,334,28.19,94.2,4.16,Vegetative,No,Poor,9946.83,-15.38,Very Dry,2022-10,22,5,10,0,322.6666666666667,334.6666666666667,-2.0,-1.5142857142857142,27.737339000000002,4.160000000000004,0.08414925373134328,146,0,1
2022-10-08 22:06:24,FARM_01,336,28.18,83.5,0.0,Vegetative,No,Poor,9947.0,-15.36,Very Dry,2022-10,22,5,10,0,335.3333333333333,333.5,2.0,0.7142857142857143,26.893165,4.160000000000004,0.08362017804154302,144,0,1
2022-10-08 22:06:24,FARM_01,337,28.18,86.8,13.63,Vegetative,No,Poor,9946.83,-15.38,Very Dry,2022-10,22,5,10,0,335.6666666666667,333.25,1.0,3.4857142857142858,27.150532,17.790000000000006,0.08337278106508876,143,0,1
2022-10-08 22:06:24,FARM_01,254,28.18,79.2,0.0,Vegetative,No,Good,9946.69,-15.39,Wet,2022-10,22,5,10,0,309.0,326.25,-83.0,-6.142857142857143,26.557808,13.630000000000004,0.11050980392156863,226,0,3
2022-10-08 22:06:24,FARM_01,217,28.35,82.2,0.0,Vegetative,No,Good,9947.64,-15.31,Wet,2022-10,22,5,10,0,269.3333333333333,316.0833333333333,-37.0,-23.82857142857143,26.945135,13.630000000000004,0.13004587155963304,263,0,3
2022-10-08 22:06:24,FARM_01,194,28.51,77.7,0.0,Vegetative,No,Good,9947.91,-15.29,Very Wet,2022-10,22,5,10,0,221.66666666666666,304.1666666666667,-23.0,-32.57142857142857,26.7303485,0.0,0.1462051282051282,286,0,2
2022-10-08 22:06:24,FARM_01,338,28.21,83.8,0.0,Vegetative,No,Poor,9946.64,-15.39,Very Dry,2022-10,22,5,10,0,249.66666666666666,304.4166666666667,144.0,-13.02857142857143,26.943889,0.0,0.08321533923303835,142,0,1
2022-10-08 22:06:24,FARM_01,159,29.71,91.9,0.0,Vegetative,Yes,Poor,9951.78,-14.96,Very Wet,2022-10,22,5,10,0,230.33333333333334,289.6666666666667,-179.0,-18.885714285714286,29.010119500000002,0.0,0.1856875,321,0,2
2022-10-08 22:06:24,FARM_01,198,30.36,86.2,0.0,Vegetative,No,Good,9952.21,-14.93,Very Wet,2022-10,22,5,10,0,231.66666666666666,278.0,39.0,-8.857142857142858,29.118275999999998,0.0,0.15256281407035174,282,0,2
2022-10-08 22:06:24,FARM_01,335,28.52,92.5,0.0,Vegetative,No,Poor,9950.45,-15.07,Very Dry,2022-10,22,5,10,0,230.66666666666666,278.0,137.0,12.085714285714285,27.92105,0.0,0.08488095238095238,145,0,1
2022-10-08 22:06:24,FARM_01,200,30.57,84.1,0.0,Vegetative,No,Good,9952.43,-14.91,Wet,2022-10,22,5,10,0,244.33333333333334,269.8333333333333,-135.0,1.7142857142857142,29.1209535,0.0,0.15208955223880596,280,0,3
2022-10-08 22:06:24,FARM_01,411,30.8,92.1,0.0,Vegetative,No,Poor,9952.09,-14.94,Very Dry,2022-10,22,5,10,0,315.3333333333333,276.0833333333333,211.0,17.857142857142858,30.07004,0.0,0.07475728155339806,69,0,1
2022-10-08 22:06:24,FARM_01,346,30.78,87.2,4.08,Vegetative,No,Poor,9950.91,-15.04,Very Dry,2022-10,22,5,10,0,319.0,277.0833333333333,-65.0,41.114285714285714,29.598688000000003,4.080000000000004,0.08870317002881845,134,0,1
2022-10-08 22:06:24,FARM_01,342,30.85,77.2,0.0,Vegetative,No,Poor,9952.02,-14.94,Very Dry,2022-10,22,5,10,0,366.3333333333333,277.5833333333333,-4.0,27.542857142857144,28.73701,4.080000000000004,0.08994169096209913,138,0,1
2022-10-08 22:06:24,FARM_01,335,30.88,91.2,0.0,Vegetative,No,Poor,9951.8,-14.96,Very Dry,2022-10,22,5,10,0,341.0,277.4166666666667,-7.0,10.314285714285715,30.063008,4.080000000000004,0.0919047619047619,145,0,1
2022-10-08 22:06:24,FARM_01,334,30.88,79.7,0.08,Vegetative,No,Poor,9951.28,-15.0,Very Dry,2022-10,22,5,10,0,337.0,284.0833333333333,-1.0,12.514285714285714,28.995348,0.08000000000000355,0.09217910447761193,146,0,1
2022-10-08 22:06:24,FARM_01,333,30.88,88.2,0.0,Vegetative,No,Poor,9951.29,-15.0,Very Dry,2022-10,22,5,10,0,334.0,293.75,-1.0,-12.371428571428572,29.784488,0.08000000000000355,0.09245508982035928,147,0,1
2022-10-08 22:06:24,FARM_01,332,30.86,88.0,0.0,Vegetative,No,Poor,9951.13,-15.02,Very Dry,2022-10,22,5,10,0,333.0,305.25,-1.0,-2.8,29.747239999999998,0.08000000000000355,0.09267267267267267,148,0,1
2022-10-08 22:06:24,FARM_01,169,30.26,95.3,0.0,Vegetative,Yes,Poor,9951.32,-15.0,Very Wet,2022-10,22,5,10,0,278.0,291.1666666666667,-163.0,-25.0,29.839679,0.0,0.17800000000000002,311,0,2
2022-10-08 22:06:24,FARM_01,333,30.82,90.0,0.0,Vegetative,No,Poor,9951.22,-15.01,Very Dry,2022-10,22,5,10,0,278.0,305.6666666666667,164.0,-14.457142857142857,29.8949,0.0,0.09227544910179641,147,0,1
2022-10-08 22:06:24,FARM_01,174,30.32,84.2,0.0,Vegetative,Yes,Poor,9951.03,-15.03,Very Wet,2022-10,22,5,10,0,225.33333333333334,303.6666666666667,-159.0,-27.514285714285716,28.901792,0.0,0.17325714285714286,306,0,2
2022-10-08 22:06:24,FARM_01,162,30.08,77.4,0.0,Vegetative,Yes,Poor,9951.87,-14.96,Very Wet,2022-10,22,5,10,0,223.0,289.25,-12.0,-33.285714285714285,28.081256,0.0,0.1845398773006135,318,0,2
2022-10-08 22:06:24,FARM_01,338,28.22,83.8,2.3,Vegetative,No,Poor,9946.47,-15.41,Very Dry,2022-10,22,5,10,0,224.66666666666666,300.75,176.0,-4.285714285714286,26.952997999999997,2.3000000000000034,0.08324483775811209,142,0,1
2022-10-08 22:06:24,FARM_01,313,30.61,83.3,0.0,Vegetative,No,Poor,9950.66,-15.06,Dry,2022-10,22,5,10,0,271.0,292.5833333333333,-25.0,20.65714285714286,29.0843715,2.3000000000000034,0.09748407643312101,167,0,0
2022-10-08 22:06:24,FARM_01,268,30.54,96.6,0.0,Vegetative,No,Good,9950.58,-15.06,Wet,2022-10,22,5,10,0,306.3333333333333,286.0833333333333,-45.0,7.6571428571428575,30.230701999999997,2.3000000000000034,0.11353159851301114,212,0,3
2022-10-08 22:06:24,FARM_01,241,30.48,84.6,0.0,Vegetative,No,Good,9950.69,-15.05,Wet,2022-10,22,5,10,0,274.0,277.6666666666667,-27.0,17.942857142857143,29.084144,0.0,0.1259504132231405,239,0,3
2022-10-08 22:06:24,FARM_01,243,30.45,71.2,0.0,Vegetative,No,Good,9950.36,-15.08,Wet,2022-10,22,5,10,0,250.66666666666666,270.0,2.0,1.9714285714285715,27.84432,0.0,0.12479508196721312,237,0,3
2022-10-08 22:06:24,FARM_01,350,30.73,78.4,0.0,Vegetative,No,Poor,9950.66,-15.06,Very Dry,2022-10,22,5,10,0,278.0,271.3333333333333,107.0,-5.057142857142857,28.742476,0.0,0.08754985754985756,130,0,1
2022-10-08 22:06:24,FARM_01,168,30.2,79.5,0.0,Vegetative,Yes,Poor,9951.21,-15.01,Very Wet,2022-10,22,5,10,0,253.66666666666666,257.5833333333333,-182.0,-13.628571428571428,28.37345,0.0,0.178698224852071,312,0,2
2022-10-08 22:06:24,FARM_01,168,30.14,81.6,5.2,Vegetative,No,Good,9951.3,-15.0,Very Wet,2022-10,22,5,10,0,228.66666666666666,243.91666666666666,0.0,-17.485714285714284,28.506632,5.200000000000004,0.17834319526627218,312,0,2
2022-10-08 22:06:24,FARM_01,391,30.71,85.2,5.99,Vegetative,No,Poor,9952.24,-14.92,Very Dry,2022-10,22,5,10,0,242.33333333333334,262.4166666666667,223.0,9.799999999999999,29.349806,11.190000000000005,0.07834183673469387,89,0,1
2022-10-08 22:06:24,FARM_01,169,30.09,76.4,0.0,Vegetative,Yes,Poor,9951.35,-15.0,Very Wet,2022-10,22,5,10,0,242.66666666666666,248.75,-222.0,-7.057142857142857,28.001518,11.190000000000005,0.177,311,0,2
2022-10-08 22:06:24,FARM_01,169,30.03,91.0,0.0,Vegetative,Yes,Poor,9951.09,-15.02,Very Wet,2022-10,22,5,10,0,243.0,248.33333333333334,0.0,-19.4,29.236515,5.990000000000004,0.1766470588235294,311,0,2
2022-10-08 22:06:24,FARM_01,169,29.97,85.6,0.0,Vegetative,Yes,Poor,9950.97,-15.03,Very Wet,2022-10,22,5,10,0,169.0,248.91666666666666,0.0,-6.114285714285714,28.705175999999998,0.0,0.17629411764705882,311,0,2
2022-10-08 22:06:24,FARM_01,169,29.92,78.3,0.0,Vegetative,Yes,Poor,9950.88,-15.04,Very Wet,2022-10,22,5,10,0,169.0,234.83333333333334,0.0,-18.885714285714286,28.019948,0.0,0.17600000000000002,311,0,2
2022-10-08 22:06:24,FARM_01,168,29.86,88.6,0.0,Vegetative,Yes,Poor,9950.75,-15.05,Very Wet,2022-10,22,5,10,0,168.66666666666666,222.75,-1.0,-31.857142857142858,28.865578,0.0,0.17668639053254437,312,0,2
2022-10-08 22:06:24,FARM_01,170,29.81,82.9,0.0,Vegetative,Yes,Poor,9950.63,-15.06,Very Wet,2022-10,22,5,10,0,169.0,214.58333333333334,2.0,0.05714285714285714,28.3230695,0.0,0.17432748538011694,310,0,2
2022-10-08 22:06:24,FARM_01,167,29.76,80.6,7.93,Vegetative,No,Good,9950.5,-15.07,Very Wet,2022-10,22,5,10,0,168.33333333333334,208.41666666666666,-3.0,-0.22857142857142856,28.078408,7.930000000000003,0.17714285714285716,313,0,2
2022-10-08 22:06:24,FARM_01,168,29.72,92.3,1.29,Vegetative,No,Good,9950.41,-15.08,Very Wet,2022-10,22,5,10,0,168.33333333333334,202.16666666666666,1.0,-0.2571428571428571,29.054257999999997,9.220000000000002,0.17585798816568046,312,0,2
2022-10-08 22:06:24,FARM_01,170,29.69,79.9,6.1,Vegetative,No,Good,9950.59,-15.06,Very Wet,2022-10,22,5,10,0,168.33333333333334,187.16666666666666,2.0,0.05714285714285714,27.9554705,15.320000000000004,0.17362573099415204,310,0,2
2022-10-08 22:06:24,FARM_01,167,29.6,79.3,0.25,Vegetative,No,Good,9950.01,-15.11,Very Wet,2022-10,22,5,10,0,168.33333333333334,187.08333333333334,-3.0,-0.11428571428571428,27.82394,7.640000000000003,0.1761904761904762,313,0,2
2022-10-08 22:06:24,FARM_01,168,29.56,84.9,6.19,Vegetative,No,Good,9949.85,-15.12,Very Wet,2022-10,22,5,10,0,168.33333333333334,187.08333333333334,1.0,-0.22857142857142856,28.267742,12.540000000000003,0.1749112426035503,312,0,2
2022-10-08 22:06:24,FARM_01,168,29.52,76.8,0.0,Vegetative,Yes,Poor,9949.72,-15.14,Very Wet,2022-10,22,5,10,0,167.66666666666666,168.5,0.0,0.05714285714285714,27.539648,6.440000000000004,0.17467455621301775,312,0,2
2022-10-08 22:06:24,FARM_01,190,30.35,74.8,0.0,Vegetative,No,Good,9951.16,-15.02,Very Wet,2022-10,22,5,10,0,175.33333333333334,170.25,22.0,3.0,28.08389,6.190000000000004,0.15890052356020942,290,0,2
2022-10-08 22:06:24,FARM_01,341,29.39,83.6,0.0,Vegetative,No,Poor,9952.09,-14.94,Very Dry,2022-10,22,5,10,0,233.0,184.58333333333334,151.0,26.4,28.001822,0.0,0.08593567251461988,139,0,1
2022-10-08 22:06:24,FARM_01,168,29.4,84.2,0.0,Vegetative,Yes,Poor,9950.17,-15.1,Very Wet,2022-10,22,5,10,0,233.0,184.5,-173.0,15.6,28.06174,0.0,0.1739644970414201,312,0,2
2022-10-08 22:06:24,FARM_01,167,29.51,85.5,0.0,Vegetative,Yes,Poor,9950.09,-15.1,Very Wet,2022-10,22,5,10,0,225.33333333333334,184.33333333333334,-1.0,4.171428571428573,28.2730775,0.0,0.17565476190476192,313,0,2
2022-10-08 22:06:24,FARM_01,160,30.16,89.0,0.0,Vegetative,Yes,Poor,9950.23,-15.09,Very Wet,2022-10,22,5,10,0,165.0,183.66666666666666,-7.0,-8.057142857142857,29.18232,0.0,0.18732919254658384,320,0,2
2022-10-08 22:06:24,FARM_01,207,30.34,81.9,7.18,Vegetative,No,Good,9950.68,-15.06,Wet,2022-10,22,5,10,0,178.0,186.75,47.0,-13.114285714285714,28.713353,7.180000000000003,0.14586538461538462,273,0,3
2022-10-08 22:06:24,FARM_01,187,30.45,80.3,14.08,Vegetative,No,Good,9950.7,-15.05,Very Wet,2022-10,22,5,10,0,184.66666666666666,188.41666666666666,-20.0,-18.857142857142858,28.6676425,21.260000000000005,0.16196808510638297,293,0,2
2022-10-08 22:06:24,FARM_01,199,30.53,81.7,1.69,Vegetative,No,Good,9950.59,-15.06,Very Wet,2022-10,22,5,10,0,197.66666666666666,191.0,12.0,7.485714285714286,28.8662555,22.950000000000003,0.15265,281,0,2
2022-10-08 22:06:24,FARM_01,241,30.57,91.7,0.0,Vegetative,No,Good,9950.19,-15.1,Wet,2022-10,22,5,10,0,209.0,196.91666666666666,42.0,13.342857142857143,29.8135795,15.770000000000003,0.12632231404958677,239,0,3
2022-10-08 22:06:24,FARM_01,218,30.6,81.7,0.0,Vegetative,No,Good,9949.83,-15.13,Wet,2022-10,22,5,10,0,219.33333333333334,201.16666666666666,-23.0,11.542857142857143,28.92921,1.6900000000000035,0.13972602739726028,262,0,3
2022-10-08 22:06:24,FARM_01,309,30.6,86.1,0.0,Vegetative,No,Poor,9950.14,-15.1,Dry,2022-10,22,5,10,0,256.0,212.91666666666666,91.0,18.428571428571427,29.330930000000002,0.0,0.09870967741935484,171,0,0
2022-10-08 22:06:24,FARM_01,262,30.6,74.4,0.0,Vegetative,No,Good,9949.83,-15.13,Wet,2022-10,22,5,10,0,263.0,220.75,-47.0,19.485714285714284,28.26272,0.0,0.11634980988593156,218,0,3
2022-10-08 22:06:24,FARM_01,409,30.55,82.8,0.0,Vegetative,No,Poor,9950.38,-15.08,Very Dry,2022-10,22,5,10,0,326.6666666666667,239.0,147.0,34.4,28.98437,0.0,0.07451219512195122,71,0,1
2022-10-08 22:06:24,FARM_01,212,30.41,84.2,0.0,Vegetative,No,Good,9950.92,-15.03,Wet,2022-10,22,5,10,0,294.3333333333333,228.25,-197.0,10.885714285714288,28.983971,0.0,0.1427699530516432,268,0,3
2022-10-08 22:06:24,FARM_01,336,28.21,92.6,0.0,Vegetative,No,Poor,9946.64,-15.39,Very Dry,2022-10,22,5,10,0,319.0,242.25,124.0,12.742857142857142,27.631653,0.0,0.08370919881305638,144,0,1
2022-10-08 22:06:24,FARM_01,313,30.58,84.8,0.0,Vegetative,No,Poor,9949.98,-15.11,Dry,2022-10,22,5,10,0,287.0,254.41666666666666,-23.0,1.2857142857142858,29.193911999999997,0.0,0.09738853503184713,167,0,0
2022-10-08 22:06:24,FARM_01,238,29.01,76.7,5.13,Vegetative,No,Good,9948.61,-15.23,Wet,2022-10,22,5,10,0,295.6666666666667,260.9166666666667,-75.0,-8.114285714285714,27.086468500000002,5.1300000000000034,0.12138075313807532,242,0,3
2022-10-08 22:06:24,FARM_01,208,30.4,83.3,0.0,Vegetative,No,Good,9950.79,-15.05,Wet,2022-10,22,5,10,0,253.0,261.0,-30.0,-27.142857142857142,28.893659999999997,5.1300000000000034,0.14545454545454545,272,0,3
2022-10-08 22:06:24,FARM_01,167,29.77,87.1,1.09,Vegetative,No,Good,9949.98,-15.11,Very Wet,2022-10,22,5,10,0,204.33333333333334,259.3333333333333,-41.0,-19.542857142857144,28.6511185,6.220000000000003,0.17720238095238094,313,0,2
2022-10-08 22:06:24,FARM_01,236,30.35,84.9,0.0,Vegetative,No,Good,9951.19,-15.01,Wet,2022-10,22,5,10,0,203.66666666666666,262.4166666666667,69.0,-27.65714285714286,28.992132500000004,1.0900000000000036,0.1280590717299578,244,0,3
2022-10-08 22:06:24,FARM_01,238,30.23,89.2,0.0,Vegetative,No,Good,9951.51,-14.99,Wet,2022-10,22,5,10,0,213.66666666666666,262.1666666666667,2.0,-12.057142857142857,29.265938000000002,1.0900000000000036,0.12648535564853558,242,0,3
2022-10-08 22:06:24,FARM_01,237,29.85,93.9,2.26,Vegetative,No,Good,9950.08,-15.11,Wet,2022-10,22,5,10,0,237.0,263.75,-1.0,4.4,29.3182325,2.2600000000000033,0.1254201680672269,243,0,3
2022-10-08 22:06:24,FARM_01,238,30.17,86.4,0.0,Vegetative,No,Good,9951.25,-15.01,Wet,2022-10,22,5,10,0,237.66666666666666,257.8333333333333,1.0,10.342857142857143,28.960484,2.2600000000000033,0.12623430962343096,242,0,3
2022-10-08 22:06:24,FARM_01,238,30.06,80.4,9.57,Vegetative,No,Good,9951.05,-15.02,Wet,2022-10,22,5,10,0,237.66666666666666,255.83333333333334,0.0,10.285714285714286,28.328732,11.830000000000004,0.12577405857740584,242,0,3
2022-10-08 22:06:24,FARM_01,237,30.0,82.7,0.0,Vegetative,No,Good,9950.76,-15.05,Wet,2022-10,22,5,10,0,237.66666666666666,241.5,-1.0,0.17142857142857143,28.4776,9.570000000000004,0.12605042016806722,243,0,3
2022-10-08 22:06:24,FARM_01,236,29.9,77.4,0.0,Vegetative,No,Good,9950.52,-15.07,Wet,2022-10,22,5,10,0,237.0,243.5,-1.0,-0.2857142857142857,27.92363,9.570000000000004,0.1261603375527426,244,0,3
2022-10-08 22:06:24,FARM_01,237,29.83,83.3,0.0,Vegetative,No,Good,9950.11,-15.1,Wet,2022-10,22,5,10,0,236.66666666666666,235.25,1.0,-0.2,28.376014499999997,0.0,0.1253361344537815,243,0,3
2022-10-08 22:06:24,FARM_01,238,30.29,84.4,2.33,Vegetative,No,Good,9951.45,-14.99,Wet,2022-10,22,5,10,0,237.0,229.0,1.0,-0.11428571428571428,28.892318,2.3300000000000036,0.12673640167364017,242,0,3
2022-10-08 22:06:24,FARM_01,238,29.78,85.8,0.0,Vegetative,No,Good,9949.96,-15.12,Wet,2022-10,22,5,10,0,237.66666666666666,229.0,0.0,0.11428571428571428,28.547582000000002,2.3300000000000036,0.12460251046025105,242,0,3
2022-10-08 22:06:24,FARM_01,237,29.73,86.0,0.0,Vegetative,No,Good,9949.69,-15.14,Wet,2022-10,22,5,10,0,237.66666666666666,231.41666666666666,-1.0,0.2,28.51879,2.3300000000000036,0.12491596638655462,243,0,3
2022-10-08 22:06:24,FARM_01,237,29.69,77.2,10.94,Vegetative,No,Good,9949.75,-15.13,Wet,2022-10,22,5,10,0,237.33333333333334,237.25,0.0,0.14285714285714285,27.722474000000002,10.940000000000003,0.12474789915966387,243,0,3
2022-10-08 22:06:24,FARM_01,237,29.65,82.6,0.0,Vegetative,No,Good,9949.59,-15.15,Wet,2022-10,22,5,10,0,237.0,237.33333333333334,0.0,-0.11428571428571428,28.152295,10.940000000000003,0.1245798319327731,243,0,3
2022-10-08 22:06:24,FARM_01,237,29.61,82.9,1.31,Vegetative,No,Good,9949.3,-15.17,Wet,2022-10,22,5,10,0,237.0,237.25,0.0,-0.22857142857142856,28.1418795,12.250000000000004,0.12441176470588235,243,0,3
2022-10-08 22:06:24,FARM_01,237,29.57,81.1,0.0,Vegetative,No,Good,9949.19,-15.18,Wet,2022-10,22,5,10,0,237.0,237.25,0.0,-0.14285714285714285,27.9514985,1.3100000000000036,0.1242436974789916,243,0,3
2022-10-08 22:06:24,FARM_01,170,29.37,85.9,0.0,Vegetative,Yes,Poor,9950.38,-15.08,Very Wet,2022-10,22,5,10,0,214.66666666666666,231.58333333333334,-67.0,-9.571428571428571,28.1780565,1.3100000000000036,0.1717543859649123,310,0,2
2022-10-08 22:06:24,FARM_01,322,29.35,85.5,5.41,Vegetative,No,Poor,9935.33,-16.35,Dry,2022-10,22,5,10,0,243.0,238.58333333333334,152.0,6.4,28.125837500000003,5.410000000000004,0.09086687306501548,158,0,0
2022-10-08 22:06:24,FARM_01,236,29.42,88.9,4.52,Vegetative,No,Good,9948.8,-15.21,Wet,2022-10,22,5,10,0,242.66666666666666,238.5,-86.0,5.228571428571429,28.478609000000002,9.930000000000003,0.12413502109704642,244,0,3
2022-10-08 22:06:24,FARM_01,237,28.98,92.1,0.0,Vegetative,No,Good,9948.98,-15.2,Wet,2022-10,22,5,10,0,265.0,238.58333333333334,1.0,4.257142857142857,28.329119,9.930000000000003,0.12176470588235294,243,0,3
2022-10-08 22:06:24,FARM_01,238,29.21,84.6,0.0,Vegetative,No,Good,9948.11,-15.27,Wet,2022-10,22,5,10,0,237.0,238.66666666666666,1.0,3.4285714285714284,27.921713,4.520000000000003,0.12221757322175733,242,0,3
2022-10-08 22:06:24,FARM_01,237,29.39,89.0,0.0,Vegetative,No,Good,9949.0,-15.2,Wet,2022-10,22,5,10,0,237.33333333333334,238.58333333333334,-1.0,2.4,28.458905,0.0,0.1234873949579832,243,0,3
2022-10-08 22:06:24,FARM_01,237,29.37,93.1,13.17,Vegetative,No,Good,9948.83,-15.21,Wet,2022-10,22,5,10,0,237.33333333333334,238.5,0.0,-12.028571428571428,28.7867085,13.170000000000003,0.12340336134453782,243,0,3
2022-10-08 22:06:24,FARM_01,238,29.34,79.2,0.0,Vegetative,No,Good,9948.35,-15.25,Wet,2022-10,22,5,10,0,237.33333333333334,238.58333333333334,1.0,0.2571428571428571,27.585104,13.170000000000003,0.12276150627615062,242,0,3
2022-10-08 22:06:24,FARM_01,237,29.3,81.4,0.0,Vegetative,No,Good,9948.39,-15.25,Wet,2022-10,22,5,10,0,237.33333333333334,238.58333333333334,-1.0,0.0,27.73481,13.170000000000003,0.123109243697479,243,0,3
2022-10-08 22:06:24,FARM_01,235,28.96,85.1,0.0,Vegetative,No,Good,9949.02,-15.2,Wet,2022-10,22,5,10,0,236.66666666666666,238.41666666666666,-2.0,-0.4,27.734028000000002,0.0,0.12271186440677967,245,0,3
2022-10-08 22:06:24,FARM_01,232,29.27,77.5,2.84,Vegetative,No,Good,9948.08,-15.27,Wet,2022-10,22,5,10,0,234.66666666666666,238.0,-3.0,-0.9142857142857143,27.3803375,2.8400000000000034,0.12562231759656653,248,0,3
2022-10-08 22:06:24,FARM_01,282,30.47,88.4,0.0,Vegetative,No,Poor,9950.34,-15.08,Dry,2022-10,22,5,10,0,249.66666666666666,241.75,50.0,5.857142857142857,29.419214,2.8400000000000034,0.1076678445229682,198,0,0
2022-10-08 22:06:24,FARM_01,330,30.52,84.8,0.51,Vegetative,No,Poor,9950.63,-15.06,Very Dry,2022-10,22,5,10,0,281.3333333333333,255.08333333333334,48.0,16.914285714285715,29.138928,3.350000000000003,0.09220543806646525,150,0,1
2022-10-08 22:06:24,FARM_01,337,28.47,81.3,1.0,Vegetative,No,Poor,9949.98,-15.11,Very Dry,2022-10,22,5,10,0,316.3333333333333,256.3333333333333,7.0,23.857142857142858,26.9817605,1.5100000000000036,0.08423076923076923,143,0,1
2022-10-08 22:06:24,FARM_01,237,29.18,85.7,1.18,Vegetative,No,Good,9947.97,-15.28,Wet,2022-10,22,5,10,0,301.3333333333333,256.4166666666667,-100.0,10.657142857142857,27.986093,2.6900000000000035,0.12260504201680672,243,0,3
2022-10-08 22:06:24,FARM_01,159,28.67,90.3,0.0,Vegetative,Yes,Poor,9960.8,-14.2,Very Wet,2022-10,22,5,10,0,244.33333333333334,249.91666666666666,-78.0,-14.085714285714284,27.8873555,2.1800000000000033,0.1791875,321,0,2
2022-10-08 22:06:24,FARM_01,237,28.93,80.4,0.0,Vegetative,No,Good,9948.67,-15.22,Wet,2022-10,22,5,10,0,211.0,249.83333333333334,78.0,-23.942857142857143,27.320546,1.1800000000000035,0.1215546218487395,243,0,3
2022-10-08 22:06:24,FARM_01,161,30.96,86.9,0.0,Vegetative,Yes,Poor,9948.93,-15.2,Very Wet,2022-10,22,5,10,0,185.66666666666666,243.5,-76.0,-34.94285714285714,29.738032,0.0,0.19111111111111112,319,0,2
2022-10-08 22:06:24,FARM_01,339,29.12,80.5,0.0,Vegetative,No,Poor,9944.61,-15.57,Very Dry,2022-10,22,5,10,0,245.66666666666666,252.0,178.0,-4.0,27.49838,0.0,0.08564705882352941,141,0,1
2022-10-08 22:06:24,FARM_01,237,28.91,85.0,1.85,Vegetative,No,Good,9948.69,-15.22,Wet,2022-10,22,5,10,0,245.66666666666666,251.91666666666666,-102.0,13.257142857142858,27.679925,1.8500000000000036,0.12147058823529412,243,0,3
2022-10-08 22:06:24,FARM_01,237,29.46,82.2,0.0,Vegetative,No,Good,9949.95,-15.12,Wet,2022-10,22,5,10,0,271.0,251.91666666666666,0.0,16.228571428571428,27.946466,1.8500000000000036,0.12378151260504203,243,0,3
2022-10-08 22:06:24,FARM_01,237,29.82,81.3,0.0,Vegetative,No,Good,9950.8,-15.04,Wet,2022-10,22,5,10,0,237.0,252.08333333333334,0.0,3.6,28.192913,1.8500000000000036,0.12529411764705883,243,0,3
2022-10-08 22:06:24,FARM_01,163,30.93,91.8,0.0,Vegetative,Yes,Poor,9948.46,-15.24,Very Wet,2022-10,22,5,10,0,212.33333333333334,246.33333333333334,-74.0,-8.457142857142857,30.166456999999998,0.0,0.18859756097560976,317,0,2
2022-10-08 22:06:24,FARM_01,237,30.18,87.2,1.7,Vegetative,No,Good,9950.88,-15.04,Wet,2022-10,22,5,10,0,212.33333333333334,242.58333333333334,74.0,-20.914285714285715,29.040928,1.7000000000000035,0.12680672268907564,243,0,3
2022-10-08 22:06:24,FARM_01,216,30.57,93.9,9.53,Vegetative,No,Good,9950.54,-15.07,Wet,2022-10,22,5,10,0,205.33333333333334,233.08333333333334,-21.0,-5.114285714285714,30.0140765,11.230000000000002,0.14087557603686637,264,0,3
2022-10-08 22:06:24,FARM_01,191,30.73,88.9,2.97,Vegetative,No,Good,9950.31,-15.09,Very Wet,2022-10,22,5,10,0,214.66666666666666,220.91666666666666,-25.0,-6.257142857142857,29.7086335,14.200000000000003,0.16005208333333334,289,0,2
2022-10-08 22:06:24,FARM_01,173,30.85,77.3,0.0,Vegetative,Yes,Poor,9950.3,-15.09,Very Wet,2022-10,22,5,10,0,193.33333333333334,215.58333333333334,-18.0,-7.3428571428571425,28.7462775,12.500000000000004,0.17729885057471265,307,0,2
2022-10-08 22:06:24,FARM_01,164,30.92,79.8,9.03,Vegetative,No,Good,9950.02,-15.11,Very Wet,2022-10,22,5,10,0,176.0,216.0,-9.0,-6.057142857142857,29.040188,12.000000000000004,0.1873939393939394,316,0,2
2022-10-08 22:06:24,FARM_01,162,30.95,83.3,6.41,Vegetative,No,Good,9949.97,-15.11,Very Wet,2022-10,22,5,10,0,166.33333333333334,209.75,-2.0,-15.685714285714285,29.3931425,15.440000000000003,0.18987730061349692,318,0,2
2022-10-08 22:06:24,FARM_01,236,29.05,86.3,0.0,Vegetative,No,Good,9949.09,-15.19,Wet,2022-10,22,5,10,0,187.33333333333334,216.0,74.0,0.11428571428571428,27.915982500000002,15.440000000000003,0.12257383966244725,244,0,3
2022-10-08 22:06:24,FARM_01,161,30.97,79.0,0.0,Vegetative,Yes,Poor,9949.41,-15.16,Very Wet,2022-10,22,5,10,0,186.33333333333334,201.16666666666666,-75.0,1.0571428571428572,29.009964999999998,6.410000000000004,0.19117283950617284,319,0,2
2022-10-08 22:06:24,FARM_01,237,29.03,87.6,0.0,Vegetative,No,Good,9949.13,-15.19,Wet,2022-10,22,5,10,0,211.33333333333334,201.16666666666666,76.0,11.0,28.004954,0.0,0.12197478991596639,243,0,3
2022-10-08 22:06:24,FARM_01,162,30.9,83.0,0.0,Vegetative,Yes,Poor,9948.67,-15.22,Very Wet,2022-10,22,5,10,0,186.66666666666666,194.91666666666666,-75.0,4.0,29.31985,0.0,0.18957055214723925,318,0,2
2022-10-08 22:06:24,FARM_01,161,30.85,92.5,7.28,Vegetative,No,Good,9948.59,-15.23,Very Wet,2022-10,22,5,10,0,186.66666666666666,188.58333333333334,-1.0,-4.314285714285714,30.154937500000003,7.280000000000004,0.1904320987654321,319,0,2
2022-10-08 22:06:24,FARM_01,162,30.28,81.7,0.0,Vegetative,Yes,Poor,9948.2,-15.26,Very Wet,2022-10,22,5,10,0,161.66666666666666,188.5,1.0,-12.714285714285714,28.641418,7.280000000000004,0.18576687116564417,318,0,2
2022-10-08 22:06:24,FARM_01,162,30.69,86.8,0.0,Vegetative,Yes,Poor,9948.65,-15.23,Very Wet,2022-10,22,5,10,0,161.66666666666666,182.25,0.0,-6.314285714285714,29.478306,7.280000000000004,0.18828220858895706,318,0,2
2022-10-08 22:06:24,FARM_01,161,30.63,79.4,0.0,Vegetative,Yes,Poor,9948.41,-15.25,Very Wet,2022-10,22,5,10,0,161.66666666666666,177.66666666666666,-1.0,-10.82857142857143,28.745821,0.0,0.18907407407407406,319,0,2
2022-10-08 22:06:24,FARM_01,174,30.56,89.1,0.0,Vegetative,Yes,Poor,9948.31,-15.25,Very Wet,2022-10,22,5,10,0,165.66666666666666,176.25,13.0,1.7142857142857142,29.567227999999997,0.0,0.1746285714285714,306,0,2
2022-10-08 22:06:24,FARM_01,162,30.49,84.0,0.7,Vegetative,No,Good,9948.27,-15.26,Very Wet,2022-10,22,5,10,0,165.66666666666666,175.33333333333334,-12.0,1.1428571428571428,29.03888,0.7000000000000035,0.18705521472392636,318,0,2
2022-10-08 22:06:24,FARM_01,162,30.42,79.1,0.0,Vegetative,Yes,Poor,9948.34,-15.25,Very Wet,2022-10,22,5,10,0,166.0,175.16666666666666,0.0,0.37142857142857144,28.532521,0.7000000000000035,0.18662576687116567,318,0,2
2022-10-08 22:06:24,FARM_01,162,30.73,80.3,4.81,Vegetative,No,Good,9948.77,-15.22,Very Wet,2022-10,22,5,10,0,162.0,175.16666666666666,0.0,-0.2571428571428571,28.9173045,5.510000000000003,0.1885276073619632,318,0,2
2022-10-08 22:06:24,FARM_01,162,30.35,81.8,2.62,Vegetative,No,Good,9948.27,-15.26,Very Wet,2022-10,22,5,10,0,162.0,169.0,0.0,-0.8857142857142857,28.713365,7.430000000000003,0.18619631901840492,318,0,2
2022-10-08 22:06:24,FARM_01,162,29.8,86.3,0.0,Vegetative,Yes,Poor,9946.72,-15.39,Very Wet,2022-10,22,5,10,0,162.0,169.08333333333334,0.0,-1.7142857142857142,28.60947,7.430000000000003,0.18282208588957055,318,0,2
2022-10-08 22:06:24,FARM_01,339,30.8,86.2,0.48,Vegetative,No,Poor,9946.08,-15.44,Very Dry,2022-10,22,5,10,0,221.0,177.58333333333334,177.0,25.285714285714285,29.52488,3.1000000000000036,0.09058823529411765,141,0,1
2022-10-08 22:06:24,FARM_01,238,30.46,77.3,0.0,Vegetative,No,Good,9950.84,-15.04,Wet,2022-10,22,5,10,0,246.33333333333334,183.91666666666666,-101.0,26.02857142857143,28.404969,0.48000000000000353,0.12744769874476988,242,0,3
2022-10-08 22:06:24,FARM_01,238,29.24,80.9,0.0,Vegetative,No,Good,9948.11,-15.27,Wet,2022-10,22,5,10,0,271.6666666666667,190.33333333333334,0.0,22.428571428571427,27.639038,0.48000000000000353,0.12234309623430961,242,0,3
2022-10-08 22:06:24,FARM_01,161,30.14,87.8,0.0,Vegetative,Yes,Poor,9947.86,-15.29,Very Wet,2022-10,22,5,10,0,212.33333333333334,190.25,-77.0,3.4857142857142858,29.057006,0.0,0.1860493827160494,319,0,2
2022-10-08 22:06:24,FARM_01,161,30.01,84.0,12.13,Vegetative,No,Good,9947.47,-15.33,Very Wet,2022-10,22,5,10,0,186.66666666666666,190.16666666666666,0.0,-15.4,28.60112,12.130000000000004,0.18524691358024692,319,0,2
2022-10-08 22:06:24,FARM_01,161,29.75,84.0,0.0,Vegetative,Yes,Poor,9946.59,-15.4,Very Wet,2022-10,22,5,10,0,161.0,190.16666666666666,0.0,-34.22857142857143,28.364,12.130000000000004,0.18364197530864199,319,0,2
2022-10-08 22:06:24,FARM_01,161,29.65,79.4,2.49,Vegetative,No,Good,9946.34,-15.42,Very Wet,2022-10,22,5,10,0,161.0,189.08333333333334,0.0,-17.6,27.876855,14.620000000000005,0.18302469135802468,319,0,2
2022-10-08 22:06:24,FARM_01,408,29.15,81.9,0.0,Vegetative,No,Poor,9944.92,-15.54,Very Dry,2022-10,22,5,10,0,243.33333333333334,209.58333333333334,247.0,24.285714285714285,27.6418175,2.4900000000000038,0.07127139364303178,72,0,1
2022-10-08 22:06:24,FARM_01,160,30.79,91.1,0.0,Vegetative,Yes,Poor,9948.66,-15.22,Very Wet,2022-10,22,5,10,0,243.0,209.41666666666666,-248.0,21.02857142857143,29.9681295,2.4900000000000038,0.19124223602484472,320,0,2
2022-10-08 22:06:24,FARM_01,162,29.37,77.1,0.0,Vegetative,Yes,Poor,9945.43,-15.5,Very Wet,2022-10,22,5,10,0,243.33333333333334,209.41666666666666,2.0,7.114285714285714,27.4341485,0.0,0.1801840490797546,318,0,2
2022-10-08 22:06:24,FARM_01,163,29.6,73.1,0.0,Vegetative,Yes,Poor,9946.06,-15.44,Very Wet,2022-10,22,5,10,0,161.66666666666666,209.5,1.0,-6.714285714285714,27.291980000000002,0.0,0.1804878048780488,317,0,2
2022-10-08 22:06:24,FARM_01,161,29.55,83.2,6.57,Vegetative,No,Good,9945.91,-15.46,Very Wet,2022-10,22,5,10,0,162.0,209.41666666666666,-2.0,-20.942857142857143,28.11318,6.570000000000004,0.1824074074074074,319,0,2
2022-10-08 22:06:24,FARM_01,162,29.5,81.7,0.0,Vegetative,Yes,Poor,9945.46,-15.49,Very Wet,2022-10,22,5,10,0,162.0,194.66666666666666,1.0,-35.02857142857143,27.939925,6.570000000000004,0.18098159509202455,318,0,2
2022-10-08 22:06:24,FARM_01,161,29.46,82.0,0.0,Vegetative,Yes,Poor,9945.84,-15.46,Very Wet,2022-10,22,5,10,0,161.33333333333334,188.25,-1.0,0.08571428571428572,27.92946,6.570000000000004,0.18185185185185185,319,0,2
2022-10-08 22:06:24,FARM_01,161,29.42,88.4,1.89,Vegetative,No,Good,9945.7,-15.47,Very Wet,2022-10,22,5,10,0,161.33333333333334,181.83333333333334,0.0,-0.2857142857142857,28.436204,1.8900000000000035,0.18160493827160495,319,0,2
2022-10-08 22:06:24,FARM_01,162,29.38,87.7,3.18,Vegetative,No,Good,9945.23,-15.51,Very Wet,2022-10,22,5,10,0,161.33333333333334,181.91666666666666,1.0,-0.17142857142857143,28.339543,5.070000000000004,0.18024539877300613,318,0,2
2022-10-08 22:06:24,FARM_01,162,29.33,83.5,0.0,Vegetative,Yes,Poor,9944.92,-15.54,Very Wet,2022-10,22,5,10,0,161.66666666666666,182.0,0.0,0.14285714285714285,27.938802499999998,5.070000000000004,0.17993865030674847,318,0,2
2022-10-08 22:06:24,FARM_01,162,29.92,84.3,0.0,Vegetative,Yes,Poor,9947.25,-15.34,Very Wet,2022-10,22,5,10,0,162.0,182.08333333333334,0.0,0.11428571428571428,28.545308000000002,3.1800000000000037,0.18355828220858897,318,0,2
2022-10-08 22:06:24,FARM_01,160,29.7,84.0,0.2,Vegetative,No,Good,9946.47,-15.41,Very Wet,2022-10,22,5,10,0,161.33333333333334,182.0,-2.0,-0.05714285714285714,28.3184,0.20000000000000312,0.18447204968944098,320,0,2
2022-10-08 22:06:24,FARM_01,161,29.26,81.2,15.27,Vegetative,No,Good,9944.82,-15.55,Very Wet,2022-10,22,5,10,0,161.0,161.41666666666666,1.0,-0.17142857142857143,27.682116,15.470000000000002,0.1806172839506173,319,0,2
2022-10-08 22:06:24,FARM_01,161,29.23,84.8,0.0,Vegetative,Yes,Poor,9944.83,-15.55,Very Wet,2022-10,22,5,10,0,160.66666666666666,161.5,0.0,-0.2857142857142857,27.956772,15.470000000000002,0.1804320987654321,319,0,2
2022-10-08 22:06:24,FARM_01,353,29.17,78.7,0.0,Vegetative,No,Poor,9944.72,-15.56,Very Dry,2022-10,22,5,10,0,225.0,177.41666666666666,192.0,27.228571428571428,27.392834500000003,15.270000000000003,0.08240112994350283,127,0,1
2022-10-08 22:06:24,FARM_01,337,29.1,86.1,0.0,Vegetative,No,Poor,9944.61,-15.57,Very Dry,2022-10,22,5,10,0,283.6666666666667,191.91666666666666,-16.0,41.542857142857144,27.945605,0.0,0.08609467455621302,143,0,1
2022-10-08 22:06:24,FARM_01,161,29.86,86.4,0.0,Vegetative,Yes,Poor,9946.98,-15.37,Very Wet,2022-10,22,5,10,0,283.6666666666667,191.91666666666666,-176.0,20.714285714285715,28.673672,0.0,0.18432098765432098,319,0,2
2022-10-08 22:06:24,FARM_01,338,29.24,84.4,0.0,Vegetative,No,Poor,9945.37,-15.5,Very Dry,2022-10,22,5,10,0,278.6666666666667,206.58333333333334,177.0,24.82857142857143,27.932408,0.0,0.08625368731563421,142,0,1
2022-10-08 22:06:24,FARM_01,343,29.13,80.2,14.23,Vegetative,No,Poor,9942.89,-15.71,Very Dry,2022-10,22,5,10,0,280.6666666666667,221.75,5.0,19.685714285714287,27.482343,14.230000000000004,0.08468023255813953,137,0,1
2022-10-08 22:06:24,FARM_01,341,30.86,90.2,1.16,Vegetative,No,Poor,9945.63,-15.48,Very Dry,2022-10,22,5,10,0,340.6666666666667,236.75,-2.0,3.857142857142857,29.951246,15.390000000000004,0.09023391812865497,139,0,1
2022-10-08 22:06:24,FARM_01,336,29.99,88.8,0.0,Vegetative,No,Poor,9946.81,-15.38,Very Dry,2022-10,22,5,10,0,340.0,251.25,-5.0,15.428571428571429,29.005015999999998,15.390000000000004,0.08899109792284866,144,0,1
2022-10-08 22:06:24,FARM_01,336,30.31,94.8,5.11,Vegetative,No,Poor,9946.09,-15.44,Very Dry,2022-10,22,5,10,0,337.6666666666667,265.75,0.0,24.771428571428572,29.843534,6.270000000000004,0.0899406528189911,144,0,1
2022-10-08 22:06:24,FARM_01,337,30.53,85.8,1.67,Vegetative,No,Poor,9946.47,-15.41,Very Dry,2022-10,22,5,10,0,336.3333333333333,280.3333333333333,1.0,-0.8857142857142857,29.239007,6.780000000000004,0.09032544378698225,143,0,1
2022-10-08 22:06:24,FARM_01,339,30.69,82.2,0.0,Vegetative,No,Poor,9946.05,-15.45,Very Dry,2022-10,22,5,10,0,337.3333333333333,295.25,2.0,-0.9142857142857143,29.056049,6.780000000000004,0.09026470588235294,141,0,1
2022-10-08 22:06:24,FARM_01,341,30.68,82.2,0.0,Vegetative,No,Poor,9944.36,-15.59,Very Dry,2022-10,22,5,10,0,339.0,310.25,2.0,0.2857142857142857,29.047028,1.6700000000000035,0.08970760233918129,139,0,1
2022-10-08 22:06:24,FARM_01,161,29.29,85.7,0.0,Vegetative,Yes,Poor,9945.13,-15.52,Very Wet,2022-10,22,5,10,0,280.3333333333333,310.25,-180.0,-24.514285714285716,28.0874415,0.0,0.18080246913580247,319,0,2
2022-10-08 22:06:24,FARM_01,162,29.95,74.1,1.56,Vegetative,No,Good,9947.06,-15.36,Very Wet,2022-10,22,5,10,0,221.33333333333334,294.3333333333333,1.0,-39.885714285714286,27.677922499999998,1.5600000000000036,0.18374233128834355,318,0,2
2022-10-08 22:06:24,FARM_01,341,30.74,81.8,0.0,Vegetative,No,Poor,9944.46,-15.58,Very Dry,2022-10,22,5,10,0,221.33333333333334,294.6666666666667,179.0,-19.742857142857144,29.064325999999998,1.5600000000000036,0.08988304093567251,139,0,1
2022-10-08 22:06:24,FARM_01,339,30.92,82.2,4.38,Vegetative,No,Poor,9945.19,-15.52,Very Dry,2022-10,22,5,10,0,280.6666666666667,309.5,-2.0,0.02857142857142857,29.263532,5.940000000000003,0.09094117647058823,141,0,1
2022-10-08 22:06:24,FARM_01,341,30.91,85.9,0.0,Vegetative,No,Poor,9945.02,-15.53,Very Dry,2022-10,22,5,10,0,340.3333333333333,309.75,2.0,20.37142857142857,29.5986295,4.3800000000000034,0.09038011695906432,139,0,1
2022-10-08 22:06:24,FARM_01,342,29.28,85.1,3.17,Vegetative,No,Poor,9942.25,-15.77,Very Dry,2022-10,22,5,10,0,340.6666666666667,309.6666666666667,1.0,41.142857142857146,28.027804,7.550000000000004,0.08536443148688047,138,0,1
2022-10-08 22:06:24,FARM_01,342,30.88,90.1,0.0,Vegetative,No,Poor,9944.59,-15.57,Very Dry,2022-10,22,5,10,0,341.6666666666667,309.75,0.0,25.857142857142858,29.960883999999997,3.1700000000000035,0.09002915451895044,138,0,1
2022-10-08 22:06:24,FARM_01,343,30.84,83.5,0.16,Vegetative,No,Poor,9944.48,-15.58,Very Dry,2022-10,22,5,10,0,342.3333333333333,310.3333333333333,1.0,0.5714285714285714,29.31177,3.3300000000000036,0.08965116279069768,137,0,1
2022-10-08 22:06:24,FARM_01,339,30.9,82.1,23.12,Vegetative,No,Poor,9945.74,-15.47,Very Dry,2022-10,22,5,10,0,341.3333333333333,310.5833333333333,-4.0,0.17142857142857143,29.236195,23.280000000000005,0.09088235294117647,141,0,1
2022-10-08 22:06:24,FARM_01,343,30.79,84.7,0.0,Vegetative,No,Poor,9944.38,-15.59,Very Dry,2022-10,22,5,10,0,341.6666666666667,311.0833333333333,4.0,0.05714285714285714,29.377121499999998,23.280000000000005,0.08950581395348838,137,0,1
2022-10-08 22:06:24,FARM_01,344,30.63,74.1,0.0,Vegetative,No,Poor,9944.28,-15.59,Very Dry,2022-10,22,5,10,0,342.0,311.5,1.0,0.2571428571428571,28.2610565,23.120000000000005,0.08878260869565217,136,0,1
2022-10-08 22:06:24,FARM_01,341,29.76,75.2,0.0,Vegetative,No,Poor,9943.14,-15.69,Very Dry,2022-10,22,5,10,0,342.6666666666667,311.5,-3.0,0.05714285714285714,27.610336,0.0,0.08701754385964913,139,0,1
2022-10-08 22:06:24,FARM_01,344,30.5,87.5,0.0,Vegetative,No,Poor,9944.11,-15.61,Very Dry,2022-10,22,5,10,0,343.0,326.75,3.0,0.34285714285714286,29.365625,0.0,0.08840579710144927,136,0,1
2022-10-08 22:06:24,FARM_01,343,30.44,82.3,2.42,Vegetative,No,Poor,9944.02,-15.62,Very Dry,2022-10,22,5,10,0,342.6666666666667,341.8333333333333,-1.0,0.5714285714285714,28.839566,2.4200000000000035,0.08848837209302327,137,0,1
2022-10-08 22:06:24,FARM_01,343,30.38,86.1,0.13,Vegetative,No,Poor,9944.3,-15.59,Very Dry,2022-10,22,5,10,0,343.3333333333333,342.0,0.0,0.0,29.127748999999998,2.5500000000000034,0.0883139534883721,137,0,1
2022-10-08 22:06:24,FARM_01,341,30.35,90.1,1.3,Vegetative,No,Poor,9944.5,-15.58,Very Dry,2022-10,22,5,10,0,342.3333333333333,342.1666666666667,-2.0,-0.2857142857142857,29.4597425,3.8500000000000036,0.08874269005847954,139,0,1
2022-10-08 22:06:24,FARM_01,335,30.29,77.0,0.0,Vegetative,No,Poor,9944.58,-15.57,Very Dry,2022-10,22,5,10,0,339.6666666666667,341.6666666666667,-6.0,-1.1142857142857143,28.229315,1.4300000000000037,0.09014880952380952,145,0,1
2022-10-08 22:06:24,FARM_01,341,30.23,88.3,0.0,Vegetative,No,Poor,9944.48,-15.58,Very Dry,2022-10,22,5,10,0,339.0,341.5833333333333,6.0,-1.1714285714285715,29.185599500000002,1.3000000000000038,0.08839181286549708,139,0,1
2022-10-08 22:06:24,FARM_01,343,30.57,79.3,0.0,Vegetative,No,Poor,9944.36,-15.59,Very Dry,2022-10,22,5,10,0,339.6666666666667,341.6666666666667,2.0,-0.34285714285714286,28.6835055,0.0,0.08886627906976745,137,0,1
2022-10-08 22:06:24,FARM_01,339,30.16,85.6,0.0,Vegetative,No,Poor,9944.39,-15.58,Very Dry,2022-10,22,5,10,0,341.0,341.3333333333333,-4.0,-0.22857142857142856,28.880128,0.0,0.08870588235294118,141,0,1
2022-10-08 22:06:24,FARM_01,340,30.05,88.6,0.0,Vegetative,No,Poor,9944.19,-15.6,Very Dry,2022-10,22,5,10,0,340.6666666666667,341.4166666666667,1.0,0.2571428571428571,29.043665,0.0,0.08812316715542522,140,0,1
2022-10-08 22:06:24,FARM_01,341,29.99,83.4,0.0,Vegetative,No,Poor,9943.91,-15.63,Very Dry,2022-10,22,5,10,0,340.0,341.25,1.0,0.6571428571428571,28.530113,0.0,0.08769005847953217,139,0,1
2022-10-08 22:06:24,FARM_01,341,29.93,86.1,0.0,Vegetative,No,Poor,9943.64,-15.65,Very Dry,2022-10,22,5,10,0,340.6666666666667,341.0,0.0,-0.14285714285714285,28.7121515,0.0,0.08751461988304093,139,0,1
2022-10-08 22:06:24,FARM_01,341,29.88,92.9,0.0,Vegetative,No,Poor,9943.86,-15.63,Very Dry,2022-10,22,5,10,0,341.0,341.0,0.0,-0.08571428571428572,29.259885999999998,0.0,0.08736842105263158,139,0,1
2022-10-08 22:06:24,FARM_01,341,29.83,84.6,3.35,Vegetative,No,Poor,9943.42,-15.67,Very Dry,2022-10,22,5,10,0,341.0,340.75,0.0,0.37142857142857144,28.489199,3.3500000000000036,0.08722222222222221,139,0,1
2022-10-08 22:06:24,FARM_01,341,29.78,82.8,0.0,Vegetative,No,Poor,9943.27,-15.68,Very Dry,2022-10,22,5,10,0,341.0,340.5833333333333,0.0,0.14285714285714285,28.287212,3.3500000000000036,0.08707602339181286,139,0,1
2022-10-08 22:06:24,FARM_01,341,30.1,73.4,0.0,Vegetative,No,Poor,9944.28,-15.59,Very Dry,2022-10,22,5,10,0,341.0,340.4166666666667,0.0,0.0,27.744570000000003,3.3500000000000036,0.08801169590643275,139,0,1
2022-10-08 22:06:24,FARM_01,338,29.71,81.5,0.0,Vegetative,No,Poor,9942.86,-15.71,Very Dry,2022-10,22,5,10,0,340.0,340.1666666666667,-3.0,-0.42857142857142855,28.111507500000002,0.0,0.08764011799410029,142,0,1
2022-10-08 22:06:24,FARM_01,342,29.62,86.4,0.0,Vegetative,No,Poor,9942.77,-15.72,Very Dry,2022-10,22,5,10,0,340.3333333333333,340.75,4.0,-0.11428571428571428,28.451624000000002,0.0,0.08635568513119533,138,0,1
2022-10-08 22:06:24,FARM_01,341,29.35,84.9,1.85,Vegetative,No,Poor,9942.87,-15.71,Very Dry,2022-10,22,5,10,0,340.3333333333333,340.75,-1.0,0.0,28.0751825,1.8500000000000036,0.0858187134502924,139,0,1
2022-10-08 22:06:24,FARM_01,341,29.54,76.4,0.0,Vegetative,No,Poor,9942.68,-15.73,Very Dry,2022-10,22,5,10,0,341.3333333333333,340.5833333333333,0.0,0.11428571428571428,27.522908,1.8500000000000036,0.08637426900584795,139,0,1
2022-10-08 22:06:24,FARM_01,340,29.5,75.6,2.69,Vegetative,No,Poor,9942.89,-15.71,Very Dry,2022-10,22,5,10,0,340.6666666666667,340.6666666666667,-1.0,0.08571428571428572,27.4199,4.540000000000004,0.08651026392961877,140,0,1
2022-10-08 22:06:24,FARM_01,343,29.47,80.8,0.0,Vegetative,No,Poor,9942.92,-15.71,Very Dry,2022-10,22,5,10,0,341.3333333333333,340.9166666666667,3.0,0.5428571428571428,27.836368,2.6900000000000035,0.08566860465116279,137,0,1
2022-10-08 22:06:24,FARM_01,342,29.43,87.5,4.7,Vegetative,No,Poor,9943.11,-15.69,Very Dry,2022-10,22,5,10,0,341.6666666666667,341.0,-1.0,0.14285714285714285,28.3691875,7.390000000000004,0.08580174927113703,138,0,1
2022-10-08 22:06:24,FARM_01,342,29.08,86.0,0.0,Vegetative,No,Poor,9943.23,-15.68,Very Dry,2022-10,22,5,10,0,342.3333333333333,341.0833333333333,0.0,0.3142857142857143,27.91884,4.700000000000004,0.08478134110787172,138,0,1
2022-10-08 22:06:24,FARM_01,342,30.9,85.5,11.79,Vegetative,No,Poor,9944.7,-15.56,Very Dry,2022-10,22,5,10,0,342.0,341.1666666666667,0.0,0.2857142857142857,29.552225,16.490000000000002,0.09008746355685131,138,0,1
2022-10-08 22:06:24,FARM_01,237,29.1,90.3,0.0,Vegetative,No,Good,9948.55,-15.23,Wet,2022-10,22,5,10,0,307.0,332.5,-105.0,-14.8,28.294415,11.790000000000003,0.12226890756302522,243,0,3
2022-10-08 22:06:24,FARM_01,344,29.4,81.3,0.0,Vegetative,No,Poor,9942.83,-15.72,Very Dry,2022-10,22,5,10,0,307.6666666666667,332.75,107.0,-8.857142857142858,27.81611,11.790000000000003,0.08521739130434783,136,0,1
2022-10-08 22:06:24,FARM_01,237,29.07,100.0,0.0,Vegetative,No,Good,9948.75,-15.22,Wet,2022-10,22,5,10,0,272.6666666666667,324.0833333333333,-107.0,-17.82857142857143,29.07,0.0,0.12214285714285715,243,0,3
2022-10-08 22:06:24,FARM_01,342,29.25,79.8,0.0,Vegetative,No,Poor,9942.63,-15.73,Very Dry,2022-10,22,5,10,0,307.6666666666667,324.4166666666667,105.0,-5.942857142857143,27.555725,0.0,0.08527696793002916,138,0,1
2022-10-08 22:06:24,FARM_01,340,29.22,87.2,0.0,Vegetative,No,Poor,9942.63,-15.73,Very Dry,2022-10,22,5,10,0,306.3333333333333,324.25,-2.0,5.6571428571428575,28.148512,0.0,0.08568914956011729,140,0,1
2022-10-08 22:06:24,FARM_01,342,29.19,88.5,7.38,Vegetative,No,Poor,9943.0,-15.7,Very Dry,2022-10,22,5,10,0,341.3333333333333,324.3333333333333,2.0,17.65714285714286,28.229232500000002,7.3800000000000034,0.08510204081632654,138,0,1
2022-10-08 22:06:24,FARM_01,341,29.16,81.8,0.0,Vegetative,No,Poor,9943.03,-15.7,Very Dry,2022-10,22,5,10,0,341.0,324.3333333333333,-1.0,8.514285714285714,27.642484,7.3800000000000034,0.08526315789473685,139,0,1
2022-10-08 22:06:24,FARM_01,342,29.31,76.3,9.92,Vegetative,No,Poor,9942.38,-15.75,Very Dry,2022-10,22,5,10,0,341.6666666666667,324.5,1.0,14.971428571428572,27.314341499999998,17.300000000000004,0.08545189504373177,138,0,1
2022-10-08 22:06:24,FARM_01,345,29.07,80.2,0.0,Vegetative,No,Poor,9943.61,-15.65,Very Dry,2022-10,22,5,10,0,342.6666666666667,324.6666666666667,3.0,0.5714285714285714,27.428877,9.920000000000003,0.08401734104046243,135,0,1
2022-10-08 22:06:24,FARM_01,343,29.05,87.9,0.0,Vegetative,No,Poor,9943.61,-15.65,Very Dry,2022-10,22,5,10,0,343.3333333333333,324.75,-2.0,0.7142857142857143,28.0484225,9.920000000000002,0.08444767441860465,137,0,1
2022-10-08 22:06:24,FARM_01,345,28.77,76.5,0.0,Vegetative,No,Poor,9943.13,-15.69,Very Dry,2022-10,22,5,10,0,344.3333333333333,325.0,2.0,0.6857142857142857,26.8609775,0.0,0.08315028901734103,135,0,1
2022-10-08 22:06:24,FARM_01,342,29.58,87.5,0.0,Vegetative,No,Poor,9942.64,-15.73,Very Dry,2022-10,22,5,10,0,343.3333333333333,325.0,-3.0,0.34285714285714286,28.508875,0.0,0.08623906705539358,138,0,1
2022-10-08 22:06:24,FARM_01,345,29.02,80.7,0.0,Vegetative,No,Poor,9943.81,-15.63,Very Dry,2022-10,22,5,10,0,344.0,334.0,3.0,0.22857142857142856,27.425627,0.0,0.0838728323699422,135,0,1
2022-10-08 22:06:24,FARM_01,345,29.0,72.4,0.0,Vegetative,No,Poor,9943.98,-15.62,Very Dry,2022-10,22,5,10,0,344.0,334.0833333333333,0.0,0.08571428571428572,26.723,0.0,0.0838150289017341,135,0,1
2022-10-08 22:06:24,FARM_01,345,28.96,87.4,0.0,Vegetative,No,Poor,9944.19,-15.6,Very Dry,2022-10,22,5,10,0,345.0,343.0833333333333,0.0,0.37142857142857144,27.923272,0.0,0.08369942196531792,135,0,1
2022-10-08 22:06:24,FARM_01,345,28.94,79.1,0.0,Vegetative,No,Poor,9944.21,-15.6,Very Dry,2022-10,22,5,10,0,345.0,343.3333333333333,0.0,0.2571428571428571,27.222647000000002,0.0,0.08364161849710983,135,0,1
2022-10-08 22:06:24,FARM_01,345,28.9,81.9,1.17,Vegetative,No,Poor,9944.24,-15.6,Very Dry,2022-10,22,5,10,0,345.0,343.75,0.0,0.42857142857142855,27.416705,1.1700000000000035,0.08352601156069364,135,0,1
2022-10-08 22:06:24,FARM_01,345,28.88,89.8,0.0,Vegetative,No,Poor,9944.06,-15.61,Very Dry,2022-10,22,5,10,0,345.0,344.0,0.0,0.0,28.045232,1.1700000000000035,0.08346820809248555,135,0,1
2022-10-08 22:06:24,FARM_01,344,28.87,82.8,3.82,Vegetative,No,Poor,9944.06,-15.61,Very Dry,2022-10,22,5,10,0,344.6666666666667,344.25,-1.0,-0.14285714285714285,27.463298,4.990000000000004,0.08368115942028986,136,0,1
2022-10-08 22:06:24,FARM_01,344,28.85,80.5,0.0,Vegetative,No,Poor,9944.09,-15.61,Very Dry,2022-10,22,5,10,0,344.3333333333333,344.4166666666667,0.0,-0.22857142857142856,27.257337500000002,3.8200000000000034,0.0836231884057971,136,0,1
2022-10-08 22:06:24,FARM_01,342,28.83,85.0,0.0,Vegetative,No,Poor,9944.3,-15.59,Very Dry,2022-10,22,5,10,0,343.3333333333333,344.1666666666667,-2.0,-0.5428571428571428,27.606524999999998,3.8200000000000034,0.08405247813411078,138,0,1
2022-10-08 22:06:24,FARM_01,345,28.81,81.5,0.0,Vegetative,No,Poor,9943.78,-15.64,Very Dry,2022-10,22,5,10,0,343.6666666666667,344.3333333333333,3.0,-0.2571428571428571,27.3030825,0.0,0.08326589595375722,135,0,1
2022-10-08 22:06:24,FARM_01,344,28.8,78.7,0.0,Vegetative,No,Poor,9943.98,-15.62,Very Dry,2022-10,22,5,10,0,343.6666666666667,344.25,-1.0,-0.11428571428571428,27.06618,0.0,0.08347826086956522,136,0,1
2022-10-08 22:06:24,FARM_01,344,28.78,84.5,0.0,Vegetative,No,Poor,9943.27,-15.68,Very Dry,2022-10,22,5,10,0,344.3333333333333,344.4166666666667,0.0,0.08571428571428572,27.520005,0.0,0.08342028985507247,136,0,1
2022-10-08 22:06:24,FARM_01,336,29.51,83.4,0.0,Vegetative,No,Poor,9945.97,-15.45,Very Dry,2022-10,22,5,10,0,341.3333333333333,343.6666666666667,-8.0,-1.0,28.093937,0.0,0.08756676557863502,144,0,1
2022-10-08 22:06:24,FARM_01,344,28.75,84.5,0.0,Vegetative,No,Poor,9942.95,-15.71,Very Dry,2022-10,22,5,10,0,341.3333333333333,343.5833333333333,8.0,-0.4857142857142857,27.4925625,0.0,0.08333333333333333,136,0,1
2022-10-08 22:06:24,FARM_01,347,28.72,77.9,0.0,Vegetative,No,Poor,9942.8,-15.72,Very Dry,2022-10,22,5,10,0,342.3333333333333,343.75,3.0,0.05714285714285714,26.930784,0.0,0.08252873563218391,133,0,1
2022-10-08 22:06:24,FARM_01,343,28.62,82.5,1.42,Vegetative,No,Poor,9942.19,-15.77,Very Dry,2022-10,22,5,10,0,344.6666666666667,343.5833333333333,-4.0,0.34285714285714286,27.212825000000002,1.4200000000000035,0.08319767441860465,137,0,1
2022-10-08 22:06:24,FARM_01,345,28.7,82.3,0.0,Vegetative,No,Poor,9942.83,-15.72,Very Dry,2022-10,22,5,10,0,345.0,343.5833333333333,2.0,0.8285714285714286,27.268955,1.4200000000000035,0.08294797687861272,135,0,1
2022-10-08 22:06:24,FARM_01,346,28.69,86.0,0.0,Vegetative,No,Poor,9943.03,-15.7,Very Dry,2022-10,22,5,10,0,344.6666666666667,343.6666666666667,1.0,1.4,27.558870000000002,1.4200000000000035,0.08268011527377522,134,0,1
2022-10-08 22:06:24,FARM_01,345,28.68,86.0,0.0,Vegetative,No,Poor,9943.02,-15.7,Very Dry,2022-10,22,5,10,0,345.3333333333333,343.75,-1.0,0.11428571428571428,27.54964,0.0,0.08289017341040462,135,0,1
2022-10-08 22:06:24,FARM_01,344,29.11,88.5,2.13,Vegetative,No,Poor,9942.87,-15.71,Very Dry,2022-10,22,5,10,0,345.0,343.75,-1.0,-0.22857142857142856,28.1542925,2.1300000000000034,0.08437681159420289,136,0,1
2022-10-08 22:06:24,FARM_01,341,29.38,87.3,0.0,Vegetative,No,Poor,9942.83,-15.72,Very Dry,2022-10,22,5,10,0,343.3333333333333,343.6666666666667,-3.0,-0.4,28.305706999999998,2.1300000000000034,0.08590643274853801,139,0,1
2022-10-08 22:06:24,FARM_01,338,30.64,77.5,7.86,Vegetative,No,Poor,9924.72,-17.24,Very Dry,2022-10,22,5,10,0,341.0,343.0833333333333,-3.0,-1.457142857142857,28.5808,9.990000000000004,0.0903834808259587,142,0,1
2022-10-08 22:06:24,FARM_01,329,29.65,87.5,0.0,Vegetative,No,Poor,9969.67,-13.46,Dry,2022-10,22,5,10,0,336.0,341.8333333333333,-9.0,-3.1142857142857143,28.5740625,7.860000000000004,0.08984848484848484,151,0,0
2022-10-08 22:06:24,FARM_01,345,28.64,86.9,0.0,Vegetative,No,Poor,9942.68,-15.73,Very Dry,2022-10,22,5,10,0,337.3333333333333,341.9166666666667,16.0,-1.3714285714285714,27.585188000000002,7.860000000000004,0.08277456647398844,135,0,1
2022-10-08 22:06:24,FARM_01,346,28.59,89.7,0.0,Vegetative,No,Poor,9941.7,-15.81,Very Dry,2022-10,22,5,10,0,340.0,342.75,1.0,0.37142857142857144,27.7634765,0.0,0.08239193083573487,134,0,1
2022-10-08 22:06:24,FARM_01,345,28.58,81.5,0.0,Vegetative,No,Poor,9941.7,-15.81,Very Dry,2022-10,22,5,10,0,345.3333333333333,342.8333333333333,-1.0,1.7142857142857142,27.096484999999998,0.0,0.08260115606936416,135,0,1
2022-10-08 22:06:24,FARM_01,346,28.57,85.2,1.89,Vegetative,No,Poor,9941.7,-15.81,Very Dry,2022-10,22,5,10,0,345.6666666666667,342.75,1.0,2.5428571428571427,27.384002,1.8900000000000035,0.0823342939481268,134,0,1
2022-10-08 22:06:24,FARM_01,345,28.56,80.4,0.0,Vegetative,No,Poor,9941.55,-15.82,Very Dry,2022-10,22,5,10,0,345.3333333333333,342.9166666666667,-1.0,2.342857142857143,26.990432,1.8900000000000035,0.08254335260115607,135,0,1
2022-10-08 22:06:24,FARM_01,346,28.61,83.2,0.0,Vegetative,No,Poor,9942.19,-15.77,Very Dry,2022-10,22,5,10,0,345.6666666666667,343.0,1.0,0.08571428571428572,27.260036,1.8900000000000035,0.08244956772334294,134,0,1
2022-10-08 22:06:24,FARM_01,344,28.55,84.8,0.0,Vegetative,No,Poor,9941.53,-15.83,Very Dry,2022-10,22,5,10,0,345.0,342.8333333333333,-2.0,-0.22857142857142856,27.33362,0.0,0.0827536231884058,136,0,1
2022-10-08 22:06:24,FARM_01,346,28.51,77.6,0.0,Vegetative,No,Poor,9940.86,-15.88,Very Dry,2022-10,22,5,10,0,345.3333333333333,342.9166666666667,2.0,0.0,26.722368,0.0,0.08216138328530259,134,0,1
2022-10-08 22:06:24,FARM_01,347,28.38,81.3,0.0,Vegetative,No,Poor,9938.72,-16.06,Very Dry,2022-10,22,5,10,0,345.6666666666667,343.1666666666667,1.0,0.17142857142857143,26.901017,0.0,0.08155172413793103,133,0,1
2022-10-08 22:06:24,FARM_01,349,28.49,84.3,0.0,Vegetative,No,Poor,9940.37,-15.92,Very Dry,2022-10,22,5,10,0,347.3333333333333,343.8333333333333,2.0,0.7142857142857143,27.2387885,0.0,0.0814,131,0,1
2022-10-08 22:06:24,FARM_01,351,28.48,92.5,0.0,Vegetative,No,Poor,9940.4,-15.92,Very Dry,2022-10,22,5,10,0,349.0,344.9166666666667,2.0,1.1714285714285715,27.8827,0.0,0.08090909090909092,129,0,1
2022-10-08 22:06:24,FARM_01,353,28.47,87.5,0.0,Vegetative,No,Poor,9940.4,-15.92,Very Dry,2022-10,22,5,10,0,351.0,346.9166666666667,2.0,1.7714285714285714,27.4751875,0.0,0.08042372881355932,127,0,1
2022-10-08 22:06:24,FARM_01,353,28.46,80.7,0.22,Vegetative,No,Poor,9940.23,-15.93,Very Dry,2022-10,22,5,10,0,352.3333333333333,347.5833333333333,0.0,1.5714285714285714,26.925071000000003,0.22000000000000355,0.0803954802259887,127,0,1
2022-10-08 22:06:24,FARM_01,351,28.45,86.5,0.0,Vegetative,No,Poor,9940.05,-15.95,Very Dry,2022-10,22,5,10,0,352.3333333333333,348.0,-2.0,0.9714285714285714,27.3770875,0.22000000000000355,0.08082386363636364,129,0,1
2022-10-08 22:06:24,FARM_01,346,28.6,84.1,0.0,Vegetative,No,Poor,9942.22,-15.77,Very Dry,2022-10,22,5,10,0,350.0,348.0833333333333,-5.0,-0.42857142857142855,27.323230000000002,0.22000000000000355,0.08242074927953891,134,0,1
2022-10-08 22:06:24,FARM_01,350,28.45,83.4,1.2,Vegetative,No,Poor,9940.25,-15.93,Very Dry,2022-10,22,5,10,0,349.0,348.4166666666667,4.0,-0.8,27.130715,1.2000000000000035,0.08105413105413105,130,0,1
2022-10-08 22:06:24,FARM_01,346,28.44,84.8,0.0,Vegetative,No,Poor,9940.22,-15.94,Very Dry,2022-10,22,5,10,0,347.3333333333333,348.5,-4.0,-1.4,27.232816,1.2000000000000035,0.08195965417867436,134,0,1
2022-10-08 22:06:24,FARM_01,345,28.42,84.8,0.0,Vegetative,No,Poor,9940.39,-15.92,Very Dry,2022-10,22,5,10,0,347.0,348.4166666666667,-1.0,-1.457142857142857,27.214488000000003,1.2000000000000035,0.08213872832369942,135,0,1
2022-10-08 22:06:24,FARM_01,344,28.41,84.1,4.48,Vegetative,No,Poor,9939.91,-15.96,Very Dry,2022-10,22,5,10,0,345.0,348.4166666666667,-1.0,-1.2,27.149845499999998,4.480000000000004,0.08234782608695652,136,0,1
2022-10-08 22:06:24,FARM_01,345,28.41,89.2,0.0,Vegetative,No,Poor,9939.73,-15.98,Very Dry,2022-10,22,5,10,0,344.6666666666667,348.3333333333333,1.0,-0.6857142857142857,27.554046,4.480000000000004,0.08210982658959537,135,0,1
2022-10-08 22:06:24,FARM_01,343,28.4,92.3,0.0,Vegetative,No,Poor,9939.39,-16.01,Very Dry,2022-10,22,5,10,0,344.0,348.0,-2.0,-1.1142857142857143,27.790159999999997,4.480000000000004,0.08255813953488372,137,0,1
2022-10-08 22:06:24,FARM_01,345,28.39,86.4,3.06,Vegetative,No,Poor,9939.04,-16.04,Very Dry,2022-10,22,5,10,0,344.3333333333333,347.6666666666667,2.0,-0.2857142857142857,27.313628,3.0600000000000036,0.08205202312138729,135,0,1
2022-10-08 22:06:24,FARM_01,344,28.39,83.8,0.0,Vegetative,No,Poor,9939.07,-16.03,Very Dry,2022-10,22,5,10,0,344.0,347.0833333333333,-1.0,-0.11428571428571428,27.107851,3.0600000000000036,0.08228985507246377,136,0,1
2022-10-08 22:06:24,FARM_01,347,28.43,79.9,0.0,Vegetative,No,Poor,9940.39,-15.92,Very Dry,2022-10,22,5,10,0,345.3333333333333,346.5833333333333,3.0,0.4,26.8347635,3.0600000000000036,0.08169540229885057,133,0,1
2022-10-08 22:06:24,FARM_01,345,28.37,88.0,0.0,Vegetative,No,Poor,9938.72,-16.06,Very Dry,2022-10,22,5,10,0,345.3333333333333,345.9166666666667,-2.0,0.3142857142857143,27.421580000000002,0.0,0.0819942196531792,135,0,1
2022-10-08 22:06:24,FARM_01,344,28.36,88.0,2.58,Vegetative,No,Poor,9938.55,-16.08,Very Dry,2022-10,22,5,10,0,345.3333333333333,345.3333333333333,-1.0,0.22857142857142856,27.41224,2.5800000000000036,0.08220289855072464,136,0,1
2022-10-08 22:06:24,FARM_01,345,28.35,88.9,9.79,Vegetative,No,Poor,9938.23,-16.1,Very Dry,2022-10,22,5,10,0,344.6666666666667,345.25,1.0,-0.05714285714285714,27.4739325,12.370000000000003,0.0819364161849711,135,0,1
2022-10-08 22:06:24,FARM_01,346,28.34,81.9,0.0,Vegetative,No,Poor,9938.06,-16.12,Very Dry,2022-10,22,5,10,0,345.0,344.9166666666667,1.0,0.08571428571428572,26.912453,12.370000000000003,0.08167146974063401,134,0,1
2022-10-08 22:06:24,FARM_01,163,28.18,79.3,0.0,Vegetative,Yes,Poor,9937.77,-16.14,Very Wet,2022-10,22,5,10,0,284.6666666666667,329.6666666666667,-183.0,-26.17142857142857,26.565607,9.790000000000003,0.1718292682926829,317,0,2
2022-10-08 22:06:24,FARM_01,348,28.5,77.8,0.0,Vegetative,No,Poor,9940.55,-15.91,Very Dry,2022-10,22,5,10,0,285.6666666666667,329.9166666666667,185.0,-15.057142857142857,26.72955,0.0,0.08166189111747851,132,0,1
2022-10-08 22:06:24,FARM_01,344,28.54,80.7,11.1,Vegetative,No,Poor,9941.21,-15.85,Very Dry,2022-10,22,5,10,0,285.0,329.9166666666667,-4.0,-4.9714285714285715,26.996579,11.100000000000003,0.08272463768115942,136,0,1
2022-10-08 22:06:24,FARM_01,344,28.34,91.3,2.84,Vegetative,No,Poor,9937.55,-16.16,Very Dry,2022-10,22,5,10,0,345.3333333333333,329.8333333333333,0.0,4.9714285714285715,27.653831,13.940000000000003,0.08214492753623188,136,0,1
2022-10-08 22:06:24,FARM_01,344,28.33,85.5,0.0,Vegetative,No,Poor,9937.55,-16.16,Very Dry,2022-10,22,5,10,0,344.0,329.9166666666667,0.0,15.114285714285714,27.1871825,13.940000000000003,0.0821159420289855,136,0,1
2022-10-08 22:06:24,FARM_01,341,28.31,82.1,10.32,Vegetative,No,Poor,9937.37,-16.18,Very Dry,2022-10,22,5,10,0,343.0,329.5833333333333,-3.0,25.085714285714285,26.9011805,13.160000000000004,0.08277777777777777,139,0,1
2022-10-08 22:06:24,FARM_01,309,28.3,88.1,0.0,Vegetative,No,Poor,9937.02,-16.2,Dry,2022-10,22,5,10,0,331.3333333333333,326.6666666666667,-32.0,-5.828571428571428,27.364065,10.320000000000004,0.09129032258064516,171,0,0
2022-10-08 22:06:24,FARM_01,267,28.3,89.0,0.0,Vegetative,No,Good,9937.02,-16.2,Wet,2022-10,22,5,10,0,305.6666666666667,320.0,-42.0,-14.085714285714285,27.43485,10.320000000000004,0.10559701492537314,213,0,3
2022-10-08 22:06:24,FARM_01,234,28.3,86.4,0.0,Vegetative,No,Good,9936.88,-16.22,Wet,2022-10,22,5,10,0,270.0,310.75,-33.0,-23.228571428571428,27.23036,0.0,0.12042553191489362,246,0,3
2022-10-08 22:06:24,FARM_01,207,28.29,89.4,0.0,Vegetative,No,Good,9936.88,-16.22,Wet,2022-10,22,5,10,0,236.0,299.3333333333333,-27.0,-29.942857142857143,27.456893,0.0,0.13600961538461537,273,0,3
2022-10-08 22:06:24,FARM_01,185,28.29,81.5,0.0,Vegetative,No,Good,9936.88,-16.22,Very Wet,2022-10,22,5,10,0,208.66666666666666,286.0,-22.0,-31.97142857142857,26.8359925,0.0,0.1520967741935484,295,0,2
2022-10-08 22:06:24,FARM_01,169,28.29,86.7,0.0,Vegetative,Yes,Poor,9936.88,-16.22,Very Wet,2022-10,22,5,10,0,187.0,271.25,-16.0,-27.8,27.2446865,0.0,0.16641176470588234,311,0,2
2022-10-08 22:06:24,FARM_01,174,28.29,80.8,0.0,Vegetative,Yes,Poor,9936.88,-16.22,Very Wet,2022-10,22,5,10,0,176.0,272.1666666666667,5.0,-19.485714285714284,26.780976,0.0,0.16165714285714286,306,0,2
2022-10-08 22:06:24,FARM_01,344,28.35,83.9,1.1,Vegetative,No,Poor,9938.23,-16.1,Very Dry,2022-10,22,5,10,0,229.0,271.8333333333333,170.0,12.428571428571429,27.079307500000002,1.1000000000000036,0.08217391304347826,136,0,1
2022-10-08 22:06:24,FARM_01,162,28.28,83.8,0.0,Vegetative,Yes,Poor,9936.53,-16.25,Very Wet,2022-10,22,5,10,0,226.66666666666666,256.6666666666667,-182.0,7.3428571428571425,27.007652,1.1000000000000036,0.17349693251533743,318,0,2
2022-10-08 22:06:24,FARM_01,163,28.28,90.4,0.1,Vegetative,No,Good,9936.7,-16.23,Very Wet,2022-10,22,5,10,0,223.0,241.58333333333334,1.0,1.1142857142857143,27.526016000000002,1.2000000000000037,0.17243902439024392,317,0,2
2022-10-08 22:06:24,FARM_01,162,28.27,95.4,0.0,Vegetative,Yes,Poor,9936.88,-16.22,Very Wet,2022-10,22,5,10,0,162.33333333333334,226.41666666666666,-1.0,-7.142857142857143,27.908969,0.10000000000000356,0.17343558282208588,318,0,2
2022-10-08 22:06:24,FARM_01,336,28.32,88.0,0.0,Vegetative,No,Poor,9937.72,-16.15,Very Dry,2022-10,22,5,10,0,220.33333333333334,226.0,174.0,7.571428571428571,27.37488,0.10000000000000356,0.08403560830860535,144,0,1
2022-10-08 22:06:24,FARM_01,162,28.26,80.8,0.94,Vegetative,No,Good,9936.89,-16.22,Very Wet,2022-10,22,5,10,0,220.0,213.75,-174.0,-11.114285714285714,26.754144,0.9400000000000035,0.17337423312883438,318,0,2
2022-10-08 22:06:24,FARM_01,162,28.24,83.4,0.0,Vegetative,Yes,Poor,9937.41,-16.17,Very Wet,2022-10,22,5,10,0,220.0,205.0,0.0,4.885714285714285,26.939888,0.9400000000000035,0.17325153374233127,318,0,2
2022-10-08 22:06:24,FARM_01,161,28.24,88.3,0.0,Vegetative,Yes,Poor,9937.41,-16.17,Very Wet,2022-10,22,5,10,0,161.66666666666666,198.91666666666666,-1.0,-5.257142857142857,27.323656,0.9400000000000035,0.17432098765432097,319,0,2
2022-10-08 22:06:24,FARM_01,163,28.24,85.0,0.0,Vegetative,Yes,Poor,9937.44,-16.17,Very Wet,2022-10,22,5,10,0,162.0,195.25,2.0,-14.857142857142858,27.065199999999997,0.0,0.1721951219512195,317,0,2
2022-10-08 22:06:24,FARM_01,163,28.23,91.5,0.0,Vegetative,Yes,Poor,9937.77,-16.14,Very Wet,2022-10,22,5,10,0,162.33333333333334,193.41666666666666,0.0,-24.65714285714286,27.5647475,0.0,0.17213414634146343,317,0,2
2022-10-08 22:06:24,FARM_01,162,28.23,89.0,5.42,Vegetative,No,Good,9937.77,-16.14,Very Wet,2022-10,22,5,10,0,162.66666666666666,192.83333333333334,-1.0,0.14285714285714285,27.369085000000002,5.4200000000000035,0.17319018404907977,318,0,2
2022-10-08 22:06:24,FARM_01,162,28.22,89.1,4.87,Vegetative,No,Good,9937.77,-16.14,Very Wet,2022-10,22,5,10,0,162.33333333333334,191.83333333333334,0.0,0.08571428571428572,27.367510999999997,10.290000000000003,0.1731288343558282,318,0,2
2022-10-08 22:06:24,FARM_01,163,28.22,86.9,0.0,Vegetative,Yes,Poor,9937.91,-16.13,Very Wet,2022-10,22,5,10,0,162.33333333333334,176.75,1.0,0.17142857142857143,27.195449,10.290000000000003,0.1720731707317073,317,0,2
2022-10-08 22:06:24,FARM_01,346,28.71,88.3,0.0,Vegetative,No,Poor,9942.66,-15.73,Very Dry,2022-10,22,5,10,0,223.66666666666666,192.08333333333334,183.0,26.142857142857142,27.7634115,4.870000000000004,0.0827377521613833,134,0,1
2022-10-08 22:06:24,FARM_01,162,28.21,82.9,0.0,Vegetative,Yes,Poor,9937.74,-16.14,Very Wet,2022-10,22,5,10,0,223.66666666666666,192.0,-184.0,15.657142857142857,26.873549500000003,0.0,0.17306748466257668,318,0,2
2022-10-08 22:06:24,FARM_01,163,28.21,86.1,0.0,Vegetative,Yes,Poor,9937.59,-16.16,Very Wet,2022-10,22,5,10,0,223.66666666666666,192.08333333333334,1.0,5.371428571428571,27.123645500000002,0.0,0.17201219512195123,317,0,2
2022-10-08 22:06:24,FARM_01,162,28.18,85.5,0.0,Vegetative,Yes,Poor,9937.59,-16.16,Very Wet,2022-10,22,5,10,0,162.33333333333334,177.58333333333334,-1.0,-5.257142857142857,27.049145,0.0,0.17288343558282207,318,0,2
2022-10-08 22:06:24,FARM_01,162,28.2,92.7,0.0,Vegetative,Yes,Poor,9937.59,-16.16,Very Wet,2022-10,22,5,10,0,162.33333333333334,177.58333333333334,0.0,-15.885714285714286,27.62987,0.0,0.17300613496932515,318,0,2
2022-10-08 22:06:24,FARM_01,159,28.13,90.9,0.0,Vegetative,Yes,Poor,9937.97,-16.13,Very Wet,2022-10,22,5,10,0,161.0,177.33333333333334,-3.0,-26.742857142857144,27.422793499999997,0.0,0.17581249999999998,321,0,2
2022-10-08 22:06:24,FARM_01,162,28.25,84.3,13.23,Vegetative,No,Good,9936.89,-16.22,Very Wet,2022-10,22,5,10,0,161.0,177.41666666666666,3.0,-0.34285714285714286,27.0195125,13.230000000000004,0.17331288343558282,318,0,2
2022-10-08 22:06:24,FARM_01,342,28.33,84.8,0.0,Vegetative,No,Poor,9937.54,-16.16,Very Dry,2022-10,22,5,10,0,221.0,192.33333333333334,180.0,25.485714285714284,27.132012,13.230000000000004,0.08259475218658892,138,0,1
2022-10-08 22:06:24,FARM_01,162,28.14,87.5,0.0,Vegetative,Yes,Poor,9937.8,-16.14,Very Wet,2022-10,22,5,10,0,222.0,192.25,-180.0,15.514285714285714,27.167875000000002,13.230000000000004,0.17263803680981596,318,0,2
2022-10-08 22:06:24,FARM_01,339,28.32,88.6,0.0,Vegetative,No,Poor,9937.2,-16.19,Very Dry,2022-10,22,5,10,0,281.0,207.0,177.0,30.685714285714287,27.422136,0.0,0.08329411764705882,141,0,1
2022-10-08 22:06:24,FARM_01,163,28.17,85.5,0.0,Vegetative,Yes,Poor,9937.61,-16.16,Very Wet,2022-10,22,5,10,0,221.33333333333334,207.08333333333334,-176.0,10.6,27.039942500000002,0.0,0.17176829268292684,317,0,2
2022-10-08 22:06:24,FARM_01,322,29.59,78.0,0.0,Vegetative,No,Poor,9937.15,-16.19,Dry,2022-10,22,5,10,0,274.6666666666667,220.33333333333334,159.0,12.571428571428571,27.70361,0.0,0.09160990712074303,158,0,0
2022-10-08 22:06:24,FARM_01,165,28.12,85.3,0.0,Vegetative,Yes,Poor,9937.8,-16.14,Very Wet,2022-10,22,5,10,0,216.66666666666666,205.25,-157.0,-16.6,26.978398000000002,0.0,0.16939759036144578,315,0,2
2022-10-08 22:06:24,FARM_01,166,28.12,95.3,2.61,Vegetative,No,Good,9938.14,-16.11,Very Wet,2022-10,22,5,10,0,217.66666666666666,205.58333333333334,1.0,-9.8,27.754998,2.6100000000000034,0.16838323353293413,314,0,2
2022-10-08 22:06:24,FARM_01,165,28.06,93.8,0.0,Vegetative,Yes,Poor,9935.41,-16.34,Very Wet,2022-10,22,5,10,0,165.33333333333334,205.75,-1.0,-29.085714285714285,27.580554,2.6100000000000034,0.16903614457831326,315,0,2
2022-10-08 22:06:24,FARM_01,166,28.11,92.5,9.88,Vegetative,No,Good,9938.34,-16.09,Very Wet,2022-10,22,5,10,0,165.66666666666666,206.08333333333334,1.0,-13.0,27.5279625,12.490000000000004,0.16832335329341316,314,0,2
2022-10-08 22:06:24,FARM_01,165,28.11,88.6,0.0,Vegetative,Yes,Poor,9937.98,-16.12,Very Wet,2022-10,22,5,10,0,165.33333333333334,206.33333333333334,-1.0,-22.37142857142857,27.225303,9.880000000000004,0.16933734939759035,315,0,2
2022-10-08 22:06:24,FARM_01,165,28.1,83.6,0.0,Vegetative,Yes,Poor,9937.45,-16.17,Very Wet,2022-10,22,5,10,0,165.33333333333334,206.83333333333334,0.0,-0.05714285714285714,26.82818,9.880000000000004,0.16927710843373495,315,0,2
2022-10-08 22:06:24,FARM_01,164,28.1,74.8,0.0,Vegetative,Yes,Poor,9936.94,-16.21,Very Wet,2022-10,22,5,10,0,164.66666666666666,207.0,-1.0,-0.3142857142857143,26.14574,0.0,0.17030303030303032,316,0,2
2022-10-08 22:06:24,FARM_01,166,28.09,79.1,0.0,Vegetative,Yes,Poor,9936.77,-16.23,Very Wet,2022-10,22,5,10,0,165.0,192.33333333333334,2.0,-0.02857142857142857,26.4703545,0.0,0.16820359281437125,314,0,2
2022-10-08 22:06:24,FARM_01,164,28.09,76.2,0.0,Vegetative,Yes,Poor,9936.42,-16.26,Very Wet,2022-10,22,5,10,0,164.66666666666666,192.5,-2.0,-0.22857142857142856,26.245618999999998,0.0,0.17024242424242425,316,0,2
2022-10-08 22:06:24,FARM_01,165,28.08,90.3,0.0,Vegetative,Yes,Poor,9936.27,-16.27,Very Wet,2022-10,22,5,10,0,165.0,178.0,1.0,-0.02857142857142857,27.328832,0.0,0.1691566265060241,315,0,2
2022-10-08 22:06:24,FARM_01,165,28.07,91.8,0.0,Vegetative,Yes,Poor,9935.59,-16.33,Very Wet,2022-10,22,5,10,0,164.66666666666666,178.16666666666666,0.0,0.02857142857142857,27.435443,0.0,0.1690963855421687,315,0,2
2022-10-08 22:06:24,FARM_01,164,28.07,89.8,0.0,Vegetative,Yes,Poor,9935.41,-16.34,Very Wet,2022-10,22,5,10,0,164.66666666666666,165.0,-1.0,-0.05714285714285714,27.280673,0.0,0.17012121212121212,316,0,2
2022-10-08 22:06:24,FARM_01,163,28.14,85.2,0.0,Vegetative,Yes,Poor,9937.97,-16.13,Very Wet,2022-10,22,5,10,0,164.0,164.83333333333334,-1.0,-0.42857142857142855,26.989004,0.0,0.17158536585365855,317,0,2
2022-10-08 22:06:24,FARM_01,162,28.15,88.1,6.52,Vegetative,No,Good,9937.61,-16.16,Very Wet,2022-10,22,5,10,0,163.0,164.5,-1.0,-0.4857142857142857,27.2238825,6.520000000000003,0.1726993865030675,318,0,2
2022-10-08 22:06:24,FARM_01,238,29.5,81.6,0.0,Vegetative,No,Good,9949.06,-15.19,Wet,2022-10,22,5,10,0,187.66666666666666,170.58333333333334,76.0,10.142857142857142,27.9314,6.520000000000003,0.12343096234309624,242,0,3
2022-10-08 22:06:24,FARM_01,164,28.05,80.8,0.0,Vegetative,Yes,Poor,9935.61,-16.32,Very Wet,2022-10,22,5,10,0,188.0,170.41666666666666,-74.0,6.171428571428572,26.56632,6.520000000000003,0.17,316,0,2
2022-10-08 22:06:24,FARM_01,165,28.05,80.9,10.47,Vegetative,No,Good,9935.44,-16.34,Very Wet,2022-10,22,5,10,0,189.0,170.41666666666666,1.0,2.4,26.574047500000002,10.470000000000004,0.16897590361445783,315,0,2
2022-10-08 22:06:24,FARM_01,164,28.04,85.9,0.0,Vegetative,Yes,Poor,9935.26,-16.35,Very Wet,2022-10,22,5,10,0,164.33333333333334,170.33333333333334,-1.0,-1.7142857142857142,26.951198,10.470000000000004,0.16993939393939395,316,0,2
2022-10-08 22:06:24,FARM_01,164,28.03,82.0,0.0,Vegetative,Yes,Poor,9935.43,-16.34,Very Wet,2022-10,22,5,10,0,164.33333333333334,170.33333333333334,0.0,-6.0285714285714285,26.64103,10.470000000000004,0.16987878787878788,316,0,2
2022-10-08 22:06:24,FARM_01,161,28.03,95.7,4.47,Vegetative,No,Good,9935.59,-16.32,Very Wet,2022-10,22,5,10,0,163.0,169.91666666666666,-3.0,-11.028571428571428,27.698190500000003,4.470000000000003,0.1730246913580247,319,0,2
2022-10-08 22:06:24,FARM_01,170,28.03,92.2,0.0,Vegetative,Yes,Poor,9935.59,-16.32,Very Wet,2022-10,22,5,10,0,165.0,170.41666666666666,9.0,0.5142857142857142,27.428113,4.470000000000003,0.16391812865497077,310,0,2
2022-10-08 22:06:24,FARM_01,164,28.02,87.5,0.0,Vegetative,Yes,Poor,9935.59,-16.32,Very Wet,2022-10,22,5,10,0,165.0,170.33333333333334,-6.0,0.2857142857142857,27.056124999999998,4.470000000000003,0.1698181818181818,316,0,2
2022-10-08 22:06:24,FARM_01,164,28.69,89.6,0.74,Vegetative,No,Good,9936.33,-16.26,Very Wet,2022-10,22,5,10,0,166.0,170.25,0.0,0.2571428571428571,27.849732,0.7400000000000035,0.17387878787878788,316,0,2
2022-10-08 22:06:24,FARM_01,202,28.98,82.1,0.0,Vegetative,No,Good,9936.81,-16.22,Wet,2022-10,22,5,10,0,176.66666666666666,173.41666666666666,38.0,5.514285714285714,27.505219,0.7400000000000035,0.14275862068965517,278,0,3
2022-10-08 22:06:24,FARM_01,419,29.34,80.8,16.13,Vegetative,No,Poor,9937.38,-16.17,Very Dry,2022-10,22,5,10,0,261.6666666666667,194.75,217.0,39.6,27.720095999999998,16.87,0.06985714285714285,61,0,1
2022-10-08 22:06:24,FARM_01,321,29.61,90.8,3.17,Vegetative,No,Poor,9937.29,-16.18,Dry,2022-10,22,5,10,0,314.0,208.0,-98.0,44.51428571428571,28.820134,19.300000000000004,0.09195652173913044,159,0,0
2022-10-08 22:06:24,FARM_01,342,29.44,84.0,0.0,Vegetative,No,Poor,9937.27,-16.18,Very Dry,2022-10,22,5,10,0,360.6666666666667,216.66666666666666,21.0,45.08571428571429,28.08128,19.300000000000004,0.08583090379008747,138,0,1
2022-10-08 22:06:24,FARM_01,324,29.52,91.4,4.18,Vegetative,No,Poor,9937.2,-16.19,Dry,2022-10,22,5,10,0,329.0,230.0,-18.0,32.05714285714286,28.785904,7.350000000000003,0.09083076923076923,156,0,0
2022-10-08 22:06:24,FARM_01,164,28.06,85.0,0.0,Vegetative,Yes,Poor,9935.58,-16.33,Very Wet,2022-10,22,5,10,0,276.6666666666667,229.91666666666666,-160.0,-12.97142857142857,26.90005,4.180000000000003,0.17006060606060605,316,0,2
2022-10-08 22:06:24,FARM_01,327,29.57,76.0,3.08,Vegetative,No,Poor,9937.53,-16.16,Dry,2022-10,22,5,10,0,271.6666666666667,243.5,163.0,-27.114285714285714,27.51476,7.260000000000003,0.09015243902439024,153,0,0
2022-10-08 22:06:24,FARM_01,322,29.61,90.5,11.87,Vegetative,No,Poor,9937.29,-16.18,Dry,2022-10,22,5,10,0,271.0,256.6666666666667,-5.0,-5.714285714285714,28.7943775,14.950000000000003,0.09167182662538699,158,0,0
2022-10-08 22:06:24,FARM_01,329,28.69,85.8,3.23,Vegetative,No,Poor,9934.63,-16.41,Dry,2022-10,22,5,10,0,326.0,270.6666666666667,7.0,2.6285714285714286,27.542711,18.180000000000003,0.08693939393939394,151,0,0
2022-10-08 22:06:24,FARM_01,400,29.19,87.1,0.0,Vegetative,No,Poor,9937.0,-16.21,Very Dry,2022-10,22,5,10,0,350.3333333333333,289.8333333333333,71.0,24.857142857142858,28.1122695,15.100000000000003,0.0727930174563591,80,0,1
2022-10-08 22:06:24,FARM_01,321,29.57,80.1,2.54,Vegetative,No,Poor,9936.84,-16.22,Dry,2022-10,22,5,10,0,350.0,302.9166666666667,-79.0,28.885714285714286,27.8658635,5.770000000000003,0.09183229813664597,159,0,0
2022-10-08 22:06:24,FARM_01,322,29.54,81.7,13.39,Vegetative,No,Poor,9936.85,-16.22,Dry,2022-10,22,5,10,0,347.6666666666667,316.0833333333333,1.0,1.2285714285714286,27.975899,15.930000000000003,0.09145510835913312,158,0,0
2022-10-08 22:06:24,FARM_01,322,29.51,89.3,0.0,Vegetative,No,Poor,9936.89,-16.22,Dry,2022-10,22,5,10,0,321.6666666666667,326.0833333333333,0.0,-2.857142857142857,28.5972365,15.930000000000003,0.09136222910216718,158,0,0
2022-10-08 22:06:24,FARM_01,322,29.47,94.0,0.0,Vegetative,No,Poor,9936.41,-16.26,Dry,2022-10,22,5,10,0,322.0,318.0,0.0,-7.6571428571428575,28.95949,13.390000000000004,0.09123839009287925,158,0,0
2022-10-08 22:06:24,FARM_01,322,29.43,86.3,0.0,Vegetative,No,Poor,9935.91,-16.3,Dry,2022-10,22,5,10,0,322.0,318.0833333333333,0.0,-11.057142857142857,28.267349499999998,0.0,0.09111455108359133,158,0,0
2022-10-08 22:06:24,FARM_01,323,29.39,85.4,1.46,Vegetative,No,Poor,9935.8,-16.31,Dry,2022-10,22,5,10,0,322.3333333333333,316.5,1.0,0.2857142857142857,28.154183,1.4600000000000035,0.09070987654320987,157,0,0
2022-10-08 22:06:24,FARM_01,171,30.87,88.0,0.0,Vegetative,Yes,Poor,9970.7,-13.37,Very Wet,2022-10,22,5,10,0,272.0,303.75,-152.0,-21.485714285714284,29.75658,1.4600000000000035,0.1794767441860465,309,0,2
2022-10-08 22:06:24,FARM_01,322,29.31,86.1,0.0,Vegetative,No,Poor,9935.02,-16.37,Dry,2022-10,22,5,10,0,272.0,316.9166666666667,151.0,-12.914285714285715,28.1395505,1.4600000000000035,0.09074303405572755,158,0,0
2022-10-08 22:06:24,FARM_01,321,29.24,85.2,0.0,Vegetative,No,Poor,9934.56,-16.41,Dry,2022-10,22,5,10,0,271.3333333333333,316.4166666666667,-1.0,-4.485714285714286,27.999464,0.0,0.09080745341614907,159,0,0
2022-10-08 22:06:24,FARM_01,331,28.73,100.0,0.0,Vegetative,No,Poor,9934.24,-16.44,Very Dry,2022-10,22,5,10,0,324.6666666666667,317.1666666666667,10.0,5.428571428571429,28.73,0.0,0.08653614457831325,149,0,1
2022-10-08 22:06:24,FARM_01,328,28.75,74.1,0.0,Vegetative,No,Poor,9934.22,-16.44,Dry,2022-10,22,5,10,0,326.6666666666667,317.0833333333333,-3.0,14.4,26.6488625,0.0,0.08738601823708207,152,0,0
2022-10-08 22:06:24,FARM_01,320,29.2,81.7,0.0,Vegetative,No,Poor,9934.41,-16.43,Dry,2022-10,22,5,10,0,326.3333333333333,310.4166666666667,-8.0,22.085714285714285,27.67012,0.0,0.09096573208722741,160,0,0
2022-10-08 22:06:24,FARM_01,322,29.16,81.4,0.0,Vegetative,No,Poor,9934.3,-16.43,Dry,2022-10,22,5,10,0,323.3333333333333,310.5,2.0,-0.17142857142857143,27.609132,0.0,0.09027863777089783,158,0,0
2022-10-08 22:06:24,FARM_01,325,29.13,80.2,0.0,Vegetative,No,Poor,9934.49,-16.42,Dry,2022-10,22,5,10,0,322.3333333333333,310.75,3.0,-0.42857142857142855,27.482343,0.0,0.0893558282208589,155,0,0
2022-10-08 22:06:24,FARM_01,336,28.71,90.1,1.17,Vegetative,No,Poor,9934.78,-16.39,Very Dry,2022-10,22,5,10,0,327.6666666666667,311.9166666666667,11.0,0.5142857142857142,27.9090405,1.1700000000000035,0.08519287833827893,144,0,1
2022-10-08 22:06:24,FARM_01,324,29.09,91.0,0.0,Vegetative,No,Poor,9934.84,-16.39,Dry,2022-10,22,5,10,0,328.3333333333333,312.0833333333333,-12.0,0.8857142857142857,28.343045,1.1700000000000035,0.0895076923076923,156,0,0
2022-10-08 22:06:24,FARM_01,327,29.01,84.5,0.0,Vegetative,No,Poor,9935.27,-16.35,Dry,2022-10,22,5,10,0,329.0,312.5,3.0,1.4857142857142858,27.730397500000002,1.1700000000000035,0.08844512195121952,153,0,0
2022-10-08 22:06:24,FARM_01,325,28.95,90.4,0.18,Vegetative,No,Poor,9935.13,-16.36,Dry,2022-10,22,5,10,0,325.3333333333333,312.6666666666667,-2.0,0.2571428571428571,28.16064,0.18000000000000355,0.08880368098159509,155,0,0
2022-10-08 22:06:24,FARM_01,330,28.77,84.6,0.0,Vegetative,No,Poor,9934.39,-16.43,Very Dry,2022-10,22,5,10,0,327.3333333333333,325.9166666666667,5.0,-0.14285714285714285,27.518981,0.18000000000000355,0.08691842900302114,150,0,1
2022-10-08 22:06:24,FARM_01,327,28.92,86.6,4.51,Vegetative,No,Poor,9934.98,-16.38,Dry,2022-10,22,5,10,0,327.3333333333333,326.3333333333333,-3.0,-0.8285714285714286,27.820396000000002,4.690000000000003,0.08817073170731708,153,0,0
2022-10-08 22:06:24,FARM_01,327,28.9,82.9,0.0,Vegetative,No,Poor,9934.64,-16.41,Dry,2022-10,22,5,10,0,328.0,326.8333333333333,0.0,0.5714285714285714,27.498655,4.510000000000003,0.08810975609756097,153,0,0
2022-10-08 22:06:24,FARM_01,326,28.88,87.9,0.58,Vegetative,No,Poor,9934.65,-16.4,Dry,2022-10,22,5,10,0,326.6666666666667,326.4166666666667,-1.0,-0.05714285714285714,27.889736,5.090000000000003,0.08831804281345565,154,0,0
2022-10-08 22:06:24,FARM_01,325,29.05,75.8,2.45,Vegetative,No,Poor,9935.05,-16.37,Dry,2022-10,22,5,10,0,326.0,326.1666666666667,-1.0,-0.34285714285714286,27.046845,3.030000000000004,0.08911042944785276,155,0,0
2022-10-08 22:06:24,FARM_01,326,28.85,83.1,0.0,Vegetative,No,Poor,9934.5,-16.42,Dry,2022-10,22,5,10,0,325.6666666666667,326.6666666666667,1.0,-0.7714285714285715,27.4696925,3.030000000000004,0.0882262996941896,154,0,0
2022-10-08 22:06:24,FARM_01,327,28.49,86.0,0.0,Vegetative,No,Poor,9934.05,-16.46,Dry,2022-10,22,5,10,0,326.0,327.0833333333333,1.0,-0.11428571428571428,27.37427,2.4500000000000037,0.08685975609756097,153,0,0
2022-10-08 22:06:24,FARM_01,328,28.52,86.3,6.31,Vegetative,No,Poor,9934.02,-16.46,Dry,2022-10,22,5,10,0,327.0,327.3333333333333,1.0,0.2571428571428571,27.425918,6.310000000000003,0.08668693009118542,152,0,0
2022-10-08 22:06:24,FARM_01,324,28.21,83.0,2.46,Vegetative,No,Poor,9931.92,-16.65,Dry,2022-10,22,5,10,0,326.3333333333333,326.3333333333333,-4.0,0.0,26.881365,8.770000000000003,0.0868,156,0,0
2022-10-08 22:06:24,FARM_01,319,29.61,93.7,0.0,Vegetative,No,Poor,9937.29,-16.18,Dry,2022-10,22,5,10,0,323.6666666666667,325.9166666666667,-5.0,-1.0,29.0691135,8.770000000000003,0.09253125,161,0,0
2022-10-08 22:06:24,FARM_01,162,28.16,84.2,0.0,Vegetative,Yes,Poor,9937.61,-16.16,Very Wet,2022-10,22,5,10,0,268.3333333333333,312.1666666666667,-157.0,-24.228571428571428,26.929496,2.4600000000000035,0.17276073619631901,318,0,2
2022-10-08 22:06:24,FARM_01,324,28.22,84.8,3.18,Vegetative,No,Poor,9931.92,-16.63,Dry,2022-10,22,5,10,0,268.3333333333333,312.0833333333333,162.0,-14.8,27.031208,3.1800000000000037,0.08683076923076923,156,0,0
2022-10-08 22:06:24,FARM_01,327,28.68,88.1,0.0,Vegetative,No,Poor,9934.81,-16.39,Dry,2022-10,22,5,10,0,271.0,311.8333333333333,3.0,-4.628571428571429,27.719193999999998,3.1800000000000037,0.0874390243902439,153,0,0
2022-10-08 22:06:24,FARM_01,260,30.3,87.7,0.0,Vegetative,No,Good,9932.02,-16.63,Wet,2022-10,22,5,10,0,303.6666666666667,306.25,-67.0,-3.8285714285714287,29.197305,3.1800000000000037,0.11609195402298851,220,0,3
2022-10-08 22:06:24,FARM_01,327,28.63,90.5,0.0,Vegetative,No,Poor,9935.0,-16.38,Dry,2022-10,22,5,10,0,304.6666666666667,306.25,67.0,9.628571428571428,27.8655825,0.0,0.08728658536585365,153,0,0
2022-10-08 22:06:24,FARM_01,326,28.59,84.1,0.0,Vegetative,No,Poor,9935.02,-16.37,Dry,2022-10,22,5,10,0,304.3333333333333,306.25,-1.0,21.771428571428572,27.3141045,0.0,0.08743119266055045,154,0,0
2022-10-08 22:06:24,FARM_01,326,28.58,83.9,0.39,Vegetative,No,Poor,9934.85,-16.39,Dry,2022-10,22,5,10,0,326.3333333333333,306.3333333333333,0.0,2.1142857142857143,27.288940999999998,0.39000000000000357,0.0874006116207951,154,0,0
2022-10-08 22:06:24,FARM_01,328,28.56,85.3,0.0,Vegetative,No,Poor,9934.53,-16.41,Dry,2022-10,22,5,10,0,326.6666666666667,306.5,2.0,5.771428571428571,27.382824,0.39000000000000357,0.08680851063829786,152,0,0
2022-10-08 22:06:24,FARM_01,326,28.55,87.6,2.45,Vegetative,No,Poor,9934.17,-16.44,Dry,2022-10,22,5,10,0,326.6666666666667,306.4166666666667,-2.0,9.514285714285714,27.55769,2.840000000000004,0.08730886850152905,154,0,0
2022-10-08 22:06:24,FARM_01,327,28.54,88.1,0.0,Vegetative,No,Poor,9934.19,-16.44,Dry,2022-10,22,5,10,0,327.0,306.3333333333333,1.0,0.05714285714285714,27.588357,2.4500000000000037,0.08701219512195121,153,0,0
2022-10-08 22:06:24,FARM_01,326,28.53,87.5,10.66,Vegetative,No,Poor,9934.02,-16.46,Dry,2022-10,22,5,10,0,326.3333333333333,306.5,-1.0,0.02857142857142857,27.5310625,13.110000000000003,0.08724770642201836,154,0,0
2022-10-08 22:06:24,FARM_01,326,28.61,83.9,0.0,Vegetative,No,Poor,9935.0,-16.38,Dry,2022-10,22,5,10,0,326.3333333333333,307.0833333333333,0.0,-0.14285714285714285,27.316284500000002,10.660000000000004,0.08749235474006116,154,0,0
2022-10-08 22:06:24,FARM_01,327,28.82,86.1,0.0,Vegetative,No,Poor,9934.36,-16.43,Dry,2022-10,22,5,10,0,326.3333333333333,320.8333333333333,1.0,-0.17142857142857143,27.687011,10.660000000000004,0.08786585365853658,153,0,0
2022-10-08 22:06:24,FARM_01,330,28.8,82.8,0.0,Vegetative,No,Poor,9934.22,-16.44,Very Dry,2022-10,22,5,10,0,327.6666666666667,321.3333333333333,3.0,0.5714285714285714,27.39992,0.0,0.08700906344410876,150,0,1
2022-10-08 22:06:24,FARM_01,327,28.48,86.4,4.36,Vegetative,No,Poor,9933.72,-16.48,Dry,2022-10,22,5,10,0,328.0,321.3333333333333,-3.0,0.37142857142857144,27.396896,4.360000000000004,0.08682926829268293,153,0,0
2022-10-08 22:06:24,FARM_01,326,28.45,75.0,0.0,Vegetative,No,Poor,9933.23,-16.52,Dry,2022-10,22,5,10,0,327.6666666666667,326.8333333333333,-1.0,0.17142857142857143,26.463124999999998,4.360000000000004,0.08700305810397553,154,0,0
2022-10-08 22:06:24,FARM_01,326,28.39,82.5,5.7,Vegetative,No,Poor,9932.22,-16.61,Dry,2022-10,22,5,10,0,326.3333333333333,326.75,0.0,-0.17142857142857143,27.0049625,10.060000000000004,0.08681957186544342,154,0,0
2022-10-08 22:06:24,FARM_01,327,28.5,84.6,0.0,Vegetative,No,Poor,9934.21,-16.44,Dry,2022-10,22,5,10,0,326.3333333333333,326.8333333333333,1.0,-0.37142857142857144,27.27185,5.700000000000004,0.08689024390243902,153,0,0
2022-10-08 22:06:24,FARM_01,328,28.44,84.0,4.65,Vegetative,No,Poor,9933.03,-16.54,Dry,2022-10,22,5,10,0,327.0,327.0,1.0,-0.2857142857142857,27.16928,10.350000000000005,0.08644376899696049,152,0,0
2022-10-08 22:06:24,FARM_01,328,28.42,80.9,0.0,Vegetative,No,Poor,9933.06,-16.54,Dry,2022-10,22,5,10,0,327.6666666666667,327.0,0.0,0.34285714285714286,26.905179,4.650000000000004,0.08638297872340427,152,0,0
2022-10-08 22:06:24,FARM_01,326,28.41,82.2,0.0,Vegetative,No,Poor,9933.05,-16.54,Dry,2022-10,22,5,10,0,327.3333333333333,327.0,-2.0,0.2,26.999261,4.650000000000004,0.08688073394495413,154,0,0
2022-10-08 22:06:24,FARM_01,323,28.32,88.6,9.87,Vegetative,No,Poor,9931.55,-16.67,Dry,2022-10,22,5,10,0,325.6666666666667,326.6666666666667,-3.0,-0.5142857142857142,27.422136,9.870000000000003,0.0874074074074074,157,0,0
2022-10-08 22:06:24,FARM_01,326,28.4,75.9,0.0,Vegetative,No,Poor,9932.71,-16.57,Dry,2022-10,22,5,10,0,325.0,326.6666666666667,3.0,-0.6285714285714286,26.49128,9.870000000000003,0.08685015290519878,154,0,0
2022-10-08 22:06:24,FARM_01,325,28.38,88.1,0.0,Vegetative,No,Poor,9931.87,-16.64,Dry,2022-10,22,5,10,0,324.6666666666667,326.5833333333333,-1.0,-0.6857142857142857,27.438829,9.870000000000003,0.08705521472392638,155,0,0
2022-10-08 22:06:24,FARM_01,324,28.36,93.6,1.47,Vegetative,No,Poor,9931.7,-16.65,Dry,2022-10,22,5,10,0,325.0,326.3333333333333,-1.0,-0.5714285714285714,27.854528,1.4700000000000035,0.08726153846153846,156,0,0
2022-10-08 22:06:24,FARM_01,325,28.36,85.6,6.39,Vegetative,No,Poor,9931.91,-16.64,Dry,2022-10,22,5,10,0,324.6666666666667,325.9166666666667,1.0,-0.08571428571428572,27.222687999999998,7.860000000000003,0.08699386503067484,155,0,0
2022-10-08 22:06:24,FARM_01,324,28.35,78.9,5.42,Vegetative,No,Poor,9931.73,-16.65,Dry,2022-10,22,5,10,0,324.3333333333333,325.6666666666667,-1.0,0.02857142857142857,26.6846825,13.280000000000003,0.08723076923076924,156,0,0
2022-10-08 22:06:24,FARM_01,326,28.34,79.3,0.0,Vegetative,No,Poor,9931.73,-16.65,Dry,2022-10,22,5,10,0,325.0,325.6666666666667,2.0,-0.05714285714285714,26.707390999999998,11.810000000000002,0.08666666666666667,154,0,0
2022-10-08 22:06:24,FARM_01,325,28.4,87.4,2.78,Vegetative,No,Poor,9932.71,-16.57,Dry,2022-10,22,5,10,0,325.0,325.5833333333333,-1.0,0.14285714285714285,27.402079999999998,8.200000000000003,0.08711656441717791,155,0,0
2022-10-08 22:06:24,FARM_01,322,28.3,79.5,3.33,Vegetative,No,Poor,9931.03,-16.71,Dry,2022-10,22,5,10,0,324.3333333333333,325.1666666666667,-3.0,-0.22857142857142856,26.687675000000002,6.110000000000003,0.08761609907120743,158,0,0
2022-10-08 22:06:24,FARM_01,326,28.22,86.1,0.0,Vegetative,No,Poor,9931.95,-16.63,Dry,2022-10,22,5,10,0,324.3333333333333,325.0,4.0,-0.05714285714285714,27.132880999999998,6.110000000000003,0.08629969418960244,154,0,0
2022-10-08 22:06:24,FARM_01,330,28.09,90.3,0.0,Vegetative,No,Poor,9930.6,-16.75,Very Dry,2022-10,22,5,10,0,326.0,325.1666666666667,4.0,0.7714285714285715,27.3382985,3.3300000000000036,0.08486404833836858,150,0,1
2022-10-08 22:06:24,FARM_01,325,28.43,81.8,0.53,Vegetative,No,Poor,9933.2,-16.53,Dry,2022-10,22,5,10,0,327.0,325.0833333333333,-5.0,0.4,26.985557,0.5300000000000036,0.08720858895705522,155,0,0
2022-10-08 22:06:24,FARM_01,327,28.64,87.8,0.0,Vegetative,No,Poor,9934.8,-16.39,Dry,2022-10,22,5,10,0,327.3333333333333,325.4166666666667,2.0,0.6571428571428571,27.657656,0.5300000000000036,0.08731707317073172,153,0,0
2022-10-08 22:06:24,FARM_01,325,28.23,95.3,1.71,Vegetative,No,Poor,9931.95,-16.63,Dry,2022-10,22,5,10,0,325.6666666666667,325.3333333333333,-2.0,0.37142857142857144,27.8621545,2.2400000000000038,0.08659509202453988,155,0,0
2022-10-08 22:06:24,FARM_01,326,28.47,85.4,0.31,Vegetative,No,Poor,9933.89,-16.47,Dry,2022-10,22,5,10,0,326.0,325.4166666666667,1.0,-0.37142857142857144,27.308059,2.0200000000000036,0.08706422018348624,154,0,0
2022-10-08 22:06:24,FARM_01,326,28.29,77.4,0.0,Vegetative,No,Poor,9931.23,-16.69,Dry,2022-10,22,5,10,0,325.6666666666667,325.5833333333333,0.0,-0.5428571428571428,26.513752999999998,2.0200000000000036,0.0865137614678899,154,0,0
2022-10-08 22:06:24,FARM_01,326,28.28,98.1,0.0,Vegetative,No,Poor,9931.23,-16.69,Dry,2022-10,22,5,10,0,326.0,325.6666666666667,0.0,0.08571428571428572,28.130774000000002,0.31000000000000355,0.08648318042813456,154,0,0
2022-10-08 22:06:24,FARM_01,325,28.28,84.4,0.0,Vegetative,No,Poor,9931.4,-16.68,Dry,2022-10,22,5,10,0,325.6666666666667,325.75,-1.0,-0.2,27.054776,0.0,0.08674846625766872,155,0,0
2022-10-08 22:06:24,FARM_01,326,28.27,82.6,0.0,Vegetative,No,Poor,9931.05,-16.71,Dry,2022-10,22,5,10,0,325.6666666666667,325.75,1.0,0.05714285714285714,26.904360999999998,0.0,0.08645259938837921,154,0,0
2022-10-08 22:06:24,FARM_01,325,28.27,87.4,4.41,Vegetative,No,Poor,9931.25,-16.69,Dry,2022-10,22,5,10,0,325.3333333333333,325.75,-1.0,-0.17142857142857143,27.281089,4.410000000000004,0.08671779141104294,155,0,0
2022-10-08 22:06:24,FARM_01,326,28.25,78.8,0.0,Vegetative,No,Poor,9931.25,-16.69,Dry,2022-10,22,5,10,0,325.6666666666667,326.0833333333333,1.0,-0.05714285714285714,26.588449999999998,4.410000000000004,0.0863914373088685,154,0,0
2022-10-08 22:06:24,FARM_01,324,28.31,94.7,5.07,Vegetative,No,Poor,9931.38,-16.68,Dry,2022-10,22,5,10,0,325.0,325.9166666666667,-2.0,-0.22857142857142856,27.8928635,9.480000000000004,0.0871076923076923,156,0,0
2022-10-08 22:06:24,FARM_01,326,28.24,83.5,3.79,Vegetative,No,Poor,9931.77,-16.65,Dry,2022-10,22,5,10,0,325.3333333333333,325.5833333333333,2.0,0.0,26.947719999999997,8.860000000000003,0.08636085626911315,154,0,0
2022-10-08 22:06:24,FARM_01,324,28.23,80.3,0.0,Vegetative,No,Poor,9931.78,-16.65,Dry,2022-10,22,5,10,0,324.6666666666667,325.5,-2.0,-0.2571428571428571,26.6881795,8.860000000000003,0.08686153846153846,156,0,0
2022-10-08 22:06:24,FARM_01,325,28.21,90.6,0.0,Vegetative,No,Poor,9931.75,-16.65,Dry,2022-10,22,5,10,0,325.0,325.3333333333333,1.0,-0.11428571428571428,27.475343,3.7900000000000036,0.08653374233128834,155,0,0
2022-10-08 22:06:24,FARM_01,325,28.33,77.1,0.0,Vegetative,No,Poor,9931.55,-16.67,Dry,2022-10,22,5,10,0,324.6666666666667,325.3333333333333,0.0,-0.11428571428571428,26.5251365,0.0,0.08690184049079754,155,0,0
2022-10-08 22:06:24,FARM_01,324,28.2,89.7,3.0,Vegetative,No,Poor,9931.78,-16.65,Dry,2022-10,22,5,10,0,324.6666666666667,325.1666666666667,-1.0,-0.05714285714285714,27.39557,3.0000000000000036,0.08676923076923077,156,0,0
2022-10-08 22:06:24,FARM_01,325,28.26,87.3,0.0,Vegetative,No,Poor,9931.42,-16.68,Dry,2022-10,22,5,10,0,324.6666666666667,325.0833333333333,1.0,-0.14285714285714285,27.263939,3.0000000000000036,0.08668711656441719,155,0,0
2022-10-08 22:06:24,FARM_01,328,28.05,87.0,0.0,Vegetative,No,Poor,9930.13,-16.79,Dry,2022-10,22,5,10,0,325.6666666666667,325.25,3.0,0.5428571428571428,27.045425,3.0000000000000036,0.08525835866261398,152,0,0
2022-10-08 22:06:24,FARM_01,326,28.17,82.5,0.0,Vegetative,No,Poor,9931.8,-16.64,Dry,2022-10,22,5,10,0,326.3333333333333,325.3333333333333,-2.0,0.42857142857142855,26.806137500000002,0.0,0.08614678899082569,154,0,0
2022-10-08 22:06:24,FARM_01,323,28.2,86.0,0.0,Vegetative,No,Poor,9932.12,-16.62,Dry,2022-10,22,5,10,0,325.6666666666667,325.0833333333333,-3.0,-0.02857142857142857,27.1066,0.0,0.08703703703703704,157,0,0
2022-10-08 22:06:24,FARM_01,321,28.19,93.9,1.72,Vegetative,No,Poor,9932.11,-16.62,Dry,2022-10,22,5,10,0,323.3333333333333,324.75,-2.0,-0.6571428571428571,27.713925500000002,1.7200000000000035,0.08754658385093168,159,0,0
2022-10-08 22:06:24,FARM_01,324,28.19,85.9,3.04,Vegetative,No,Poor,9932.45,-16.59,Dry,2022-10,22,5,10,0,322.6666666666667,324.5833333333333,3.0,-0.8285714285714286,27.089565500000003,4.760000000000003,0.08673846153846154,156,0,0
2022-10-08 22:06:24,FARM_01,324,28.13,80.1,0.0,Vegetative,No,Poor,9929.93,-16.8,Dry,2022-10,22,5,10,0,323.0,324.5833333333333,0.0,-0.8,26.583471499999998,4.760000000000003,0.08655384615384615,156,0,0
2022-10-08 22:06:24,FARM_01,324,28.18,69.8,0.0,Vegetative,No,Poor,9931.94,-16.63,Dry,2022-10,22,5,10,0,324.0,324.4166666666667,0.0,-0.11428571428571428,25.824702,3.0400000000000036,0.0867076923076923,156,0,0
2022-10-08 22:06:24,FARM_01,322,28.17,91.8,2.51,Vegetative,No,Poor,9931.97,-16.63,Dry,2022-10,22,5,10,0,323.3333333333333,324.25,-2.0,0.11428571428571428,27.530933,2.5100000000000033,0.08721362229102168,158,0,0
2022-10-08 22:06:24,FARM_01,325,28.14,86.3,12.45,Vegetative,No,Poor,9930.61,-16.74,Dry,2022-10,22,5,10,0,323.6666666666667,324.25,3.0,0.4,27.074551,14.960000000000003,0.08631901840490798,155,0,0
2022-10-08 22:06:24,FARM_01,321,28.17,85.2,0.0,Vegetative,No,Poor,9931.8,-16.64,Dry,2022-10,22,5,10,0,322.6666666666667,323.9166666666667,-4.0,-0.4,27.016562,14.960000000000003,0.08748447204968944,159,0,0
2022-10-08 22:06:24,FARM_01,321,28.16,78.8,1.14,Vegetative,No,Poor,9931.45,-16.67,Dry,2022-10,22,5,10,0,322.3333333333333,323.6666666666667,0.0,-0.6,26.508944,13.590000000000003,0.08745341614906832,159,0,0
2022-10-08 22:06:24,FARM_01,321,28.15,74.9,0.0,Vegetative,No,Poor,9930.94,-16.72,Dry,2022-10,22,5,10,0,321.0,323.3333333333333,0.0,-0.6285714285714286,26.1965925,1.1400000000000035,0.0874223602484472,159,0,0
2022-10-08 22:06:24,FARM_01,321,28.18,78.4,0.0,Vegetative,No,Poor,9931.94,-16.63,Dry,2022-10,22,5,10,0,321.0,322.75,0.0,-0.4857142857142857,26.495416,1.1400000000000035,0.08751552795031056,159,0,0
2022-10-08 22:06:24,FARM_01,319,28.15,83.6,0.0,Vegetative,No,Poor,9930.95,-16.72,Dry,2022-10,22,5,10,0,320.3333333333333,322.1666666666667,-2.0,-0.8571428571428571,26.873669999999997,0.0,0.08796875,161,0,0
2022-10-08 22:06:24,FARM_01,322,28.13,89.0,0.0,Vegetative,No,Poor,9930.27,-16.77,Dry,2022-10,22,5,10,0,320.6666666666667,322.0833333333333,3.0,-0.02857142857142857,27.275135,0.0,0.08708978328173374,158,0,0
2022-10-08 22:06:24,FARM_01,332,28.46,90.3,0.0,Vegetative,No,Poor,9933.37,-16.51,Very Dry,2022-10,22,5,10,0,324.3333333333333,323.0,10.0,1.6,27.688559,0.0,0.08546546546546546,148,0,1
2022-10-08 22:06:24,FARM_01,328,28.08,83.3,0.0,Vegetative,No,Poor,9929.94,-16.8,Dry,2022-10,22,5,10,0,327.3333333333333,323.3333333333333,-4.0,2.0285714285714285,26.786752,0.0,0.08534954407294833,152,0,0
2022-10-08 22:06:24,FARM_01,323,28.12,84.9,0.0,Vegetative,No,Poor,9930.09,-16.79,Dry,2022-10,22,5,10,0,327.6666666666667,323.25,-5.0,1.3428571428571427,26.947334,0.0,0.08679012345679013,157,0,0
2022-10-08 22:06:24,FARM_01,324,28.12,85.0,0.0,Vegetative,No,Poor,9929.76,-16.82,Dry,2022-10,22,5,10,0,325.0,323.25,1.0,0.6857142857142857,26.9551,0.0,0.08652307692307692,156,0,0
2022-10-08 22:06:24,FARM_01,322,28.33,87.1,0.0,Vegetative,No,Poor,9931.72,-16.65,Dry,2022-10,22,5,10,0,323.0,323.25,-2.0,-0.8285714285714286,27.313286499999997,0.0,0.08770897832817337,158,0,0
2022-10-08 22:06:24,FARM_01,323,28.11,80.9,0.0,Vegetative,No,Poor,9930.13,-16.79,Dry,2022-10,22,5,10,0,323.0,323.0833333333333,1.0,-1.7714285714285714,26.6277445,0.0,0.08675925925925926,157,0,0
2022-10-08 22:06:24,FARM_01,320,28.11,85.7,0.5,Vegetative,No,Poor,9930.13,-16.79,Dry,2022-10,22,5,10,0,321.6666666666667,323.0,-3.0,-1.2,27.000248499999998,0.5000000000000036,0.08757009345794392,160,0,0
2022-10-08 22:06:24,FARM_01,326,28.09,87.5,0.0,Vegetative,No,Poor,9930.27,-16.77,Dry,2022-10,22,5,10,0,323.0,323.4166666666667,6.0,0.11428571428571428,27.1213125,0.5000000000000036,0.08590214067278287,154,0,0
2022-10-08 22:06:24,FARM_01,326,28.1,82.3,0.0,Vegetative,No,Poor,9929.75,-16.82,Dry,2022-10,22,5,10,0,324.0,323.8333333333333,0.0,0.5428571428571428,26.727365,0.5000000000000036,0.08593272171253823,154,0,0
2022-10-08 22:06:24,FARM_01,323,28.1,81.5,1.94,Vegetative,No,Poor,9929.75,-16.82,Dry,2022-10,22,5,10,0,325.0,324.0,-3.0,0.5714285714285714,26.665325,1.9400000000000035,0.0867283950617284,157,0,0
2022-10-08 22:06:24,FARM_01,329,28.1,76.1,0.0,Vegetative,No,Poor,9929.92,-16.8,Dry,2022-10,22,5,10,0,326.0,324.8333333333333,6.0,1.1142857142857143,26.246555,1.9400000000000035,0.08515151515151516,151,0,0
2022-10-08 22:06:24,FARM_01,327,28.1,84.8,0.0,Vegetative,No,Poor,9929.92,-16.8,Dry,2022-10,22,5,10,0,326.3333333333333,325.25,-2.0,1.1714285714285715,26.92124,1.9400000000000035,0.08567073170731708,153,0,0
2022-10-08 22:06:24,FARM_01,338,28.09,86.9,0.0,Vegetative,No,Poor,9930.09,-16.79,Very Dry,2022-10,22,5,10,0,331.3333333333333,325.75,11.0,1.9714285714285715,27.0748155,0.0,0.0828613569321534,142,0,1
2022-10-08 22:06:24,FARM_01,328,28.09,98.8,5.32,Vegetative,No,Poor,9930.44,-16.76,Dry,2022-10,22,5,10,0,331.0,325.75,-10.0,1.5142857142857142,27.997006,5.320000000000004,0.08537993920972645,152,0,0
2022-10-08 22:06:24,FARM_01,321,28.1,82.9,0.54,Vegetative,No,Poor,9929.92,-16.8,Dry,2022-10,22,5,10,0,329.0,325.5833333333333,-7.0,-0.05714285714285714,26.773895000000003,5.860000000000004,0.08726708074534162,159,0,0
2022-10-08 22:06:24,FARM_01,323,28.14,84.0,0.0,Vegetative,No,Poor,9930.61,-16.74,Dry,2022-10,22,5,10,0,324.0,325.5,2.0,-1.6571428571428573,26.89568,5.860000000000004,0.08685185185185185,157,0,0
2022-10-08 22:06:24,FARM_01,327,28.08,89.1,0.0,Vegetative,No,Poor,9930.11,-16.79,Dry,2022-10,22,5,10,0,323.6666666666667,325.9166666666667,4.0,-1.4857142857142858,27.235903999999998,0.5400000000000036,0.08560975609756097,153,0,0
2022-10-08 22:06:24,FARM_01,326,28.08,80.3,5.67,Vegetative,No,Poor,9930.11,-16.79,Dry,2022-10,22,5,10,0,325.3333333333333,326.1666666666667,-1.0,-1.7428571428571429,26.554432,5.6700000000000035,0.08587155963302752,154,0,0
2022-10-08 22:06:24,FARM_01,327,28.04,88.5,9.82,Vegetative,No,Poor,9929.95,-16.8,Dry,2022-10,22,5,10,0,326.6666666666667,326.75,1.0,0.4,27.15197,15.490000000000004,0.08548780487804877,153,0,0
2022-10-08 22:06:24,FARM_01,327,28.06,90.9,0.0,Vegetative,No,Poor,9930.11,-16.79,Dry,2022-10,22,5,10,0,326.6666666666667,326.8333333333333,0.0,1.1714285714285715,27.356296999999998,15.490000000000004,0.08554878048780487,153,0,0
2022-10-08 22:06:24,FARM_01,327,28.07,89.0,0.0,Vegetative,No,Poor,9930.63,-16.74,Dry,2022-10,22,5,10,0,327.0,326.9166666666667,0.0,0.6,27.218765,9.820000000000004,0.08557926829268293,153,0,0
2022-10-08 22:06:24,FARM_01,329,28.07,87.1,0.73,Vegetative,No,Poor,9930.8,-16.73,Dry,2022-10,22,5,10,0,327.6666666666667,327.4166666666667,2.0,0.37142857142857144,27.0717335,0.7300000000000035,0.08506060606060606,151,0,0
2022-10-08 22:06:24,FARM_01,326,28.07,81.8,0.0,Vegetative,No,Poor,9930.8,-16.73,Dry,2022-10,22,5,10,0,327.3333333333333,327.1666666666667,-3.0,0.17142857142857143,26.661593,0.7300000000000035,0.08584097859327217,154,0,0
2022-10-08 22:06:24,FARM_01,328,28.06,87.5,1.63,Vegetative,No,Poor,9930.11,-16.79,Dry,2022-10,22,5,10,0,327.6666666666667,327.25,2.0,0.11428571428571428,27.093374999999998,2.3600000000000034,0.08528875379939209,152,0,0
2022-10-08 22:06:24,FARM_01,326,28.05,78.1,0.0,Vegetative,No,Poor,9930.13,-16.79,Dry,2022-10,22,5,10,0,326.6666666666667,326.25,-2.0,-0.14285714285714285,26.3576775,1.6300000000000034,0.08577981651376147,154,0,0
2022-10-08 22:06:24,FARM_01,329,28.05,80.1,0.0,Vegetative,No,Poor,9929.79,-16.81,Dry,2022-10,22,5,10,0,327.6666666666667,326.3333333333333,3.0,0.08571428571428572,26.5122275,1.6300000000000034,0.085,151,0,0
2022-10-08 22:06:24,FARM_01,325,28.02,84.9,0.0,Vegetative,No,Poor,9928.61,-16.91,Dry,2022-10,22,5,10,0,326.6666666666667,326.6666666666667,-4.0,-0.37142857142857144,26.855639,0.0,0.08595092024539877,155,0,0
2022-10-08 22:06:24,FARM_01,324,28.02,80.6,0.0,Vegetative,No,Poor,9928.61,-16.91,Dry,2022-10,22,5,10,0,326.0,326.75,-1.0,-0.45714285714285713,26.524065999999998,0.0,0.08621538461538461,156,0,0
2022-10-08 22:06:24,FARM_01,326,28.04,76.9,0.0,Vegetative,No,Poor,9929.61,-16.83,Dry,2022-10,22,5,10,0,325.0,326.6666666666667,2.0,-0.5714285714285714,26.256218,0.0,0.08574923547400612,154,0,0
2022-10-08 22:06:24,FARM_01,330,28.03,89.7,8.32,Vegetative,No,Poor,9929.44,-16.84,Very Dry,2022-10,22,5,10,0,326.6666666666667,327.0,4.0,0.2857142857142857,27.2352005,8.320000000000004,0.08468277945619336,150,0,1
2022-10-08 22:06:24,FARM_01,327,28.03,88.3,0.0,Vegetative,No,Poor,9929.09,-16.87,Dry,2022-10,22,5,10,0,327.6666666666667,327.0,-3.0,0.2,27.1271695,8.320000000000004,0.08545731707317074,153,0,0
2022-10-08 22:06:24,FARM_01,326,28.03,80.9,0.0,Vegetative,No,Poor,9929.09,-16.87,Dry,2022-10,22,5,10,0,327.6666666666667,326.9166666666667,-1.0,0.5142857142857142,26.556148500000003,8.320000000000004,0.08571865443425077,154,0,0
2022-10-08 22:06:24,FARM_01,328,28.03,86.1,3.86,Vegetative,No,Poor,9928.76,-16.9,Dry,2022-10,22,5,10,0,327.0,327.0,2.0,0.4857142857142857,26.9574065,3.8600000000000034,0.08519756838905776,152,0,0
2022-10-08 22:06:24,FARM_01,328,28.02,81.0,0.0,Vegetative,No,Poor,9928.41,-16.93,Dry,2022-10,22,5,10,0,327.3333333333333,326.9166666666667,0.0,0.08571428571428572,26.55491,3.8600000000000034,0.08516717325227964,152,0,0
2022-10-08 22:06:24,FARM_01,322,28.12,90.6,0.0,Vegetative,No,Poor,9930.09,-16.79,Dry,2022-10,22,5,10,0,326.0,326.5833333333333,-6.0,-1.0,27.389996,3.8600000000000034,0.08705882352941177,158,0,0
2022-10-08 22:06:24,FARM_01,328,29.6,82.2,0.0,Vegetative,No,Poor,9937.66,-16.15,Dry,2022-10,22,5,10,0,326.0,326.5833333333333,6.0,-0.2,28.072760000000002,0.0,0.08996960486322189,152,0,0
2022-10-08 22:06:24,FARM_01,327,28.02,83.4,0.15,Vegetative,No,Poor,9928.07,-16.96,Dry,2022-10,22,5,10,0,325.6666666666667,326.6666666666667,-1.0,-0.02857142857142857,26.739974,0.15000000000000355,0.08542682926829268,153,0,0
2022-10-08 22:06:24,FARM_01,325,28.66,70.1,0.0,Vegetative,No,Poor,9934.78,-16.39,Dry,2022-10,22,5,10,0,326.6666666666667,326.3333333333333,-2.0,-0.34285714285714286,26.249163,0.15000000000000355,0.08791411042944786,155,0,0
2022-10-08 22:06:24,FARM_01,323,28.02,84.5,0.0,Vegetative,No,Poor,9928.78,-16.9,Dry,2022-10,22,5,10,0,325.0,326.1666666666667,-2.0,-0.4857142857142857,26.824794999999998,0.15000000000000355,0.08648148148148148,157,0,0
2022-10-08 22:06:24,FARM_01,327,27.98,82.6,1.0,Vegetative,No,Poor,9927.4,-17.01,Dry,2022-10,22,5,10,0,325.0,326.4166666666667,4.0,0.22857142857142856,26.642114,1.0000000000000036,0.0853048780487805,153,0,0
2022-10-08 22:06:24,FARM_01,326,28.0,89.5,0.0,Vegetative,No,Poor,9927.92,-16.97,Dry,2022-10,22,5,10,0,325.3333333333333,326.4166666666667,-1.0,-0.34285714285714286,27.1915,1.0000000000000036,0.0856269113149847,154,0,0
2022-10-08 22:06:24,FARM_01,325,28.01,77.1,3.3,Vegetative,No,Poor,9928.78,-16.9,Dry,2022-10,22,5,10,0,326.0,326.0,-1.0,-0.08571428571428572,26.2454405,4.300000000000003,0.085920245398773,155,0,0
2022-10-08 22:06:24,FARM_01,323,28.01,87.5,0.0,Vegetative,No,Poor,9928.6,-16.91,Dry,2022-10,22,5,10,0,324.6666666666667,325.6666666666667,-2.0,-0.14285714285714285,27.0468125,3.3000000000000034,0.08645061728395062,157,0,0
2022-10-08 22:06:24,FARM_01,327,28.0,76.0,0.0,Vegetative,No,Poor,9928.27,-16.94,Dry,2022-10,22,5,10,0,325.0,325.75,4.0,0.2,26.152,3.3000000000000034,0.08536585365853659,153,0,0
2022-10-08 22:06:24,FARM_01,327,27.99,85.1,4.5,Vegetative,No,Poor,9927.72,-16.99,Dry,2022-10,22,5,10,0,325.6666666666667,325.6666666666667,0.0,0.02857142857142857,26.8435195,4.5000000000000036,0.08533536585365853,153,0,0
2022-10-08 22:06:24,FARM_01,326,27.99,90.4,0.0,Vegetative,No,Poor,9927.72,-16.99,Dry,2022-10,22,5,10,0,326.6666666666667,325.5,-1.0,0.2857142857142857,27.251327999999997,4.5000000000000036,0.08559633027522935,154,0,0
2022-10-08 22:06:24,FARM_01,324,27.99,81.0,8.93,Vegetative,No,Poor,9927.57,-17.0,Dry,2022-10,22,5,10,0,325.6666666666667,325.6666666666667,-2.0,0.11428571428571428,26.528045,13.430000000000003,0.08612307692307691,156,0,0
2022-10-08 22:06:24,FARM_01,329,28.0,77.4,0.25,Vegetative,No,Poor,9927.92,-16.97,Dry,2022-10,22,5,10,0,326.3333333333333,325.75,5.0,0.5714285714285714,26.2598,9.180000000000003,0.08484848484848485,151,0,0
2022-10-08 22:06:24,FARM_01,331,27.99,83.4,0.0,Vegetative,No,Poor,9927.4,-17.01,Very Dry,2022-10,22,5,10,0,328.0,326.0833333333333,2.0,0.6857142857142857,26.712713,9.180000000000003,0.08430722891566264,149,0,1
2022-10-08 22:06:24,FARM_01,262,29.87,83.2,12.22,Vegetative,No,Good,9932.03,-16.62,Wet,2022-10,22,5,10,0,307.3333333333333,320.8333333333333,-69.0,-8.714285714285714,28.403612000000003,12.470000000000004,0.11357414448669202,218,0,3
2022-10-08 22:06:24,FARM_01,242,29.14,84.2,1.28,Vegetative,No,Good,9930.52,-16.75,Wet,2022-10,22,5,10,0,278.3333333333333,314.0833333333333,-20.0,-17.257142857142856,27.824334,13.500000000000004,0.11991769547325103,238,0,3
2022-10-08 22:06:24,FARM_01,332,27.98,92.1,0.0,Vegetative,No,Poor,9927.4,-17.01,Very Dry,2022-10,22,5,10,0,278.6666666666667,314.5,90.0,-8.285714285714286,27.372569,13.500000000000004,0.08402402402402402,148,0,1
2022-10-08 22:06:24,FARM_01,276,27.97,79.5,1.79,Vegetative,No,Poor,9926.88,-17.06,Dry,2022-10,22,5,10,0,283.3333333333333,310.3333333333333,-56.0,-8.057142857142857,26.394882499999998,3.070000000000004,0.10097472924187725,204,0,0
2022-10-08 22:06:24,FARM_01,276,27.98,87.2,0.0,Vegetative,No,Poor,9927.4,-17.01,Dry,2022-10,22,5,10,0,294.6666666666667,306.25,0.0,-4.085714285714285,26.995808,1.7900000000000036,0.10101083032490975,204,0,0
2022-10-08 22:06:24,FARM_01,217,27.98,85.8,0.0,Vegetative,No,Good,9927.4,-17.01,Wet,2022-10,22,5,10,0,256.3333333333333,297.4166666666667,-59.0,-5.114285714285714,26.888162,1.7900000000000036,0.12834862385321102,263,0,3
2022-10-08 22:06:24,FARM_01,317,27.98,81.7,0.0,Vegetative,No,Poor,9927.4,-17.01,Dry,2022-10,22,5,10,0,270.0,296.5833333333333,100.0,0.8571428571428571,26.572913,0.0,0.0879874213836478,163,0,0
2022-10-08 22:06:24,FARM_01,263,30.06,88.9,0.0,Vegetative,No,Good,9932.34,-16.6,Wet,2022-10,22,5,10,0,265.6666666666667,291.25,-54.0,-8.028571428571428,29.079537,0.0,0.11386363636363636,217,0,3
2022-10-08 22:06:24,FARM_01,370,27.99,83.9,0.0,Vegetative,No,Poor,9927.74,-16.99,Very Dry,2022-10,22,5,10,0,316.6666666666667,294.9166666666667,107.0,15.17142857142857,26.7511855,0.0,0.07544474393530996,110,0,1
2022-10-08 22:06:24,FARM_01,269,28.0,84.3,0.0,Vegetative,No,Good,9928.09,-16.96,Wet,2022-10,22,5,10,0,300.6666666666667,290.3333333333333,-101.0,10.571428571428571,26.7911,0.0,0.1037037037037037,211,0,3
2022-10-08 22:06:24,FARM_01,228,28.23,80.0,31.91,Vegetative,No,Good,9929.05,-16.88,Wet,2022-10,22,5,10,0,289.0,281.9166666666667,-41.0,0.5142857142857142,26.6647,31.910000000000004,0.12327510917030568,252,0,3
2022-10-08 22:06:24,FARM_01,263,28.41,83.8,0.0,Vegetative,No,Good,9929.63,-16.83,Wet,2022-10,22,5,10,0,253.33333333333334,276.25,35.0,-13.6,27.126069,31.910000000000004,0.10761363636363637,217,0,3
2022-10-08 22:06:24,FARM_01,263,28.8,81.2,0.0,Vegetative,No,Good,9930.62,-16.74,Wet,2022-10,22,5,10,0,251.33333333333334,276.3333333333333,0.0,-10.342857142857143,27.26968,31.910000000000004,0.1090909090909091,217,0,3
2022-10-08 22:06:24,FARM_01,263,29.22,73.9,0.0,Vegetative,No,Good,9931.31,-16.69,Wet,2022-10,22,5,10,0,263.0,278.0833333333333,0.0,-14.8,27.035169,0.0,0.11068181818181817,217,0,3
2022-10-08 22:06:24,FARM_01,263,29.59,80.1,0.0,Vegetative,No,Good,9932.18,-16.61,Wet,2022-10,22,5,10,0,263.0,272.3333333333333,0.0,2.142857142857143,27.883674499999998,0.0,0.11208333333333333,217,0,3
2022-10-08 22:06:24,FARM_01,316,27.99,85.4,1.84,Vegetative,No,Poor,9928.23,-16.94,Dry,2022-10,22,5,10,0,280.6666666666667,275.6666666666667,53.0,12.571428571428571,26.866602999999998,1.8400000000000036,0.08829652996845426,164,0,0
2022-10-08 22:06:24,FARM_01,262,30.2,85.5,0.82,Vegetative,No,Good,9932.5,-16.59,Wet,2022-10,22,5,10,0,280.3333333333333,274.5,-54.0,4.4,28.90805,2.6600000000000037,0.11482889733840304,218,0,3
2022-10-08 22:06:24,FARM_01,327,28.05,81.1,4.63,Vegetative,No,Poor,9929.95,-16.8,Dry,2022-10,22,5,10,0,301.6666666666667,283.6666666666667,65.0,10.571428571428571,26.589502500000002,7.290000000000004,0.08551829268292684,153,0,0
2022-10-08 22:06:24,FARM_01,326,28.02,84.3,0.0,Vegetative,No,Poor,9928.06,-16.96,Dry,2022-10,22,5,10,0,305.0,284.4166666666667,-1.0,12.942857142857143,26.809373,5.450000000000004,0.08568807339449541,154,0,0
2022-10-08 22:06:24,FARM_01,345,28.53,86.0,0.0,Vegetative,No,Poor,9941.21,-15.85,Very Dry,2022-10,22,5,10,0,332.6666666666667,291.25,19.0,14.428571428571429,27.41119,4.6300000000000034,0.08245664739884394,135,0,1
2022-10-08 22:06:24,FARM_01,246,30.25,85.4,0.0,Vegetative,No,Good,9932.45,-16.59,Wet,2022-10,22,5,10,0,305.6666666666667,280.9166666666667,-99.0,-2.914285714285714,28.945125,0.0,0.12246963562753037,234,0,3
2022-10-08 22:06:24,FARM_01,246,30.39,92.8,0.0,Vegetative,No,Good,9932.42,-16.59,Wet,2022-10,22,5,10,0,279.0,279.0,0.0,-8.685714285714285,29.740956,0.0,0.12303643724696356,234,0,3
2022-10-08 22:06:24,FARM_01,246,30.36,87.1,0.0,Vegetative,No,Good,9932.64,-16.57,Wet,2022-10,22,5,10,0,246.0,280.5,0.0,-21.257142857142856,29.199258,0.0,0.12291497975708501,234,0,3
2022-10-08 22:06:24,FARM_01,245,30.33,85.0,0.0,Vegetative,No,Good,9932.48,-16.59,Wet,2022-10,22,5,10,0,245.66666666666666,279.0,-1.0,-20.057142857142857,28.982774999999997,0.0,0.12329268292682927,235,0,3
2022-10-08 22:06:24,FARM_01,248,30.39,80.6,2.65,Vegetative,No,Good,9931.73,-16.65,Wet,2022-10,22,5,10,0,246.33333333333334,277.75,3.0,-13.942857142857143,28.641187,2.6500000000000035,0.12204819277108434,232,0,3
2022-10-08 22:06:24,FARM_01,245,30.29,83.5,0.0,Vegetative,No,Good,9932.91,-16.55,Wet,2022-10,22,5,10,0,246.0,276.25,-3.0,0.0,28.8116825,2.6500000000000035,0.123130081300813,235,0,3
2022-10-08 22:06:24,FARM_01,243,29.85,80.3,10.25,Vegetative,No,Good,9932.58,-16.58,Wet,2022-10,22,5,10,0,245.33333333333334,274.5833333333333,-2.0,-0.42857142857142855,28.1326525,12.900000000000004,0.1223360655737705,237,0,3
2022-10-08 22:06:24,FARM_01,243,30.16,83.2,5.45,Vegetative,No,Good,9932.37,-16.6,Wet,2022-10,22,5,10,0,243.66666666666666,268.5,0.0,-0.6857142857142857,28.666816,15.700000000000003,0.12360655737704918,237,0,3
2022-10-08 22:06:24,FARM_01,244,30.11,76.4,0.0,Vegetative,No,Good,9932.61,-16.58,Wet,2022-10,22,5,10,0,243.33333333333334,267.0,1.0,-0.6285714285714286,28.018922,15.700000000000003,0.12289795918367347,236,0,3
2022-10-08 22:06:24,FARM_01,243,30.06,84.8,0.0,Vegetative,No,Good,9932.34,-16.6,Wet,2022-10,22,5,10,0,243.33333333333334,260.0,-1.0,-0.8,28.717384,5.450000000000004,0.12319672131147541,237,0,3
2022-10-08 22:06:24,FARM_01,244,30.01,88.2,0.0,Vegetative,No,Good,9932.2,-16.61,Wet,2022-10,22,5,10,0,243.66666666666666,253.16666666666666,1.0,-0.11428571428571428,28.970951000000003,0.0,0.12248979591836735,236,0,3
2022-10-08 22:06:24,FARM_01,244,29.96,92.7,0.0,Vegetative,No,Good,9932.28,-16.6,Wet,2022-10,22,5,10,0,243.66666666666666,244.75,0.0,0.2,29.319206,0.0,0.12228571428571429,236,0,3
2022-10-08 22:06:24,FARM_01,244,30.21,95.3,0.0,Vegetative,No,Good,9932.33,-16.6,Wet,2022-10,22,5,10,0,244.0,244.58333333333334,0.0,0.17142857142857143,29.7909715,0.0,0.1233061224489796,236,0,3
2022-10-08 22:06:24,FARM_01,243,29.83,77.9,0.0,Vegetative,No,Good,9932.44,-16.59,Wet,2022-10,22,5,10,0,243.66666666666666,244.33333333333334,-1.0,-0.05714285714285714,27.9058635,0.0,0.12225409836065573,237,0,3
2022-10-08 22:06:24,FARM_01,244,29.73,81.5,33.22,Vegetative,No,Good,9932.03,-16.62,Wet,2022-10,22,5,10,0,243.66666666666666,244.16666666666666,1.0,0.05714285714285714,28.1294725,33.22,0.1213469387755102,236,0,3
2022-10-08 22:06:24,FARM_01,245,30.38,84.6,3.83,Vegetative,No,Good,9932.08,-16.62,Wet,2022-10,22,5,10,0,244.0,244.16666666666666,1.0,0.11428571428571428,28.992614,37.05,0.12349593495934959,235,0,3
2022-10-08 22:06:24,FARM_01,241,29.18,84.5,0.0,Vegetative,No,Good,9930.48,-16.76,Wet,2022-10,22,5,10,0,243.33333333333334,243.58333333333334,-4.0,-0.3142857142857143,27.885905,37.05,0.12057851239669422,239,0,3
2022-10-08 22:06:24,FARM_01,243,29.42,85.2,2.28,Vegetative,No,Good,9930.8,-16.73,Wet,2022-10,22,5,10,0,243.0,243.41666666666666,2.0,-0.2857142857142857,28.164812,6.109999999999999,0.12057377049180329,237,0,3
2022-10-08 22:06:24,FARM_01,243,29.68,75.2,0.0,Vegetative,No,Good,9931.39,-16.68,Wet,2022-10,22,5,10,0,242.33333333333334,243.41666666666666,0.0,-0.2,27.541248,2.28,0.12163934426229508,237,0,3
2022-10-08 22:06:24,FARM_01,242,29.63,91.3,0.0,Vegetative,No,Good,9931.45,-16.67,Wet,2022-10,22,5,10,0,242.66666666666666,243.33333333333334,-1.0,-0.4,28.882104499999997,2.28,0.12193415637860082,238,0,3
2022-10-08 22:06:24,FARM_01,-243,178.7,46.6,0.0,Vegetative,Yes,Poor,99931.1,116.7,Wet,2022-10,22,5,10,0,80.66666666666667,202.75,-485.0,-69.62857142857143,130.32761,0.0,-0.7384297520661156,723,0,3
2022-10-08 22:06:24,FARM_01,243,29.54,80.8,0.0,Vegetative,No,Good,9931.02,-16.71,Wet,2022-10,22,5,10,0,80.66666666666667,202.75,486.0,-41.4,27.898975999999998,0.0,0.1210655737704918,237,0,3
2022-10-08 22:06:24,FARM_01,243,29.5,83.0,0.77,Vegetative,No,Good,9931.06,-16.71,Wet,2022-10,22,5,10,0,81.0,202.66666666666666,0.0,-13.857142857142858,28.05075,0.77,0.12090163934426229,237,0,3
2022-10-08 22:06:24,FARM_01,242,29.46,77.3,17.89,Vegetative,No,Good,9930.93,-16.72,Wet,2022-10,22,5,10,0,242.66666666666666,202.5,-1.0,13.82857142857143,27.529819,18.66,0.12123456790123457,238,0,3
2022-10-08 22:06:24,FARM_01,241,29.38,85.0,0.0,Vegetative,No,Good,9930.83,-16.73,Wet,2022-10,22,5,10,0,242.0,202.25,-1.0,41.42857142857143,28.11115,18.66,0.12140495867768594,239,0,3
2022-10-08 22:06:24,FARM_01,243,29.77,88.3,0.0,Vegetative,No,Good,9932.16,-16.61,Wet,2022-10,22,5,10,0,242.0,202.25,2.0,69.22857142857143,28.7552005,17.89,0.12200819672131147,237,0,3
2022-10-08 22:06:24,FARM_01,243,29.34,77.1,5.32,Vegetative,No,Good,9930.53,-16.75,Wet,2022-10,22,5,10,0,242.33333333333334,202.16666666666666,0.0,-0.02857142857142857,27.407926999999997,5.32,0.12024590163934426,237,0,3
2022-10-08 22:06:24,FARM_01,241,29.32,84.2,0.0,Vegetative,No,Good,9930.53,-16.75,Wet,2022-10,22,5,10,0,242.33333333333334,201.83333333333334,-2.0,-0.14285714285714285,27.988692,5.32,0.12115702479338843,239,0,3
2022-10-08 22:06:24,FARM_01,242,29.28,77.6,0.0,Vegetative,No,Good,9930.42,-16.76,Wet,2022-10,22,5,10,0,242.0,201.91666666666666,1.0,0.0,27.397504,5.32,0.12049382716049384,238,0,3
2022-10-08 22:06:24,FARM_01,243,29.25,81.2,0.0,Vegetative,No,Good,9930.45,-16.76,Wet,2022-10,22,5,10,0,242.0,201.91666666666666,1.0,0.14285714285714285,27.67315,0.0,0.11987704918032786,237,0,3
2022-10-08 22:06:24,FARM_01,255,30.36,83.6,19.06,Vegetative,No,Good,9931.93,-16.63,Wet,2022-10,22,5,10,0,246.66666666666666,202.91666666666666,12.0,1.7428571428571429,28.884328,19.06,0.11859375,225,0,3
2022-10-08 22:06:24,FARM_01,242,29.21,82.5,0.0,Vegetative,No,Good,9930.45,-16.76,Wet,2022-10,22,5,10,0,246.66666666666666,202.91666666666666,-13.0,1.0857142857142856,27.7460375,19.06,0.12020576131687243,238,0,3
2022-10-08 22:06:24,FARM_01,240,29.11,88.2,0.0,Vegetative,No,Good,9930.36,-16.77,Wet,2022-10,22,5,10,0,245.66666666666666,243.16666666666666,-2.0,0.2,28.129361,19.06,0.1207883817427386,240,0,3
2022-10-08 22:06:24,FARM_01,241,29.05,85.9,0.0,Vegetative,No,Good,9930.42,-16.76,Wet,2022-10,22,5,10,0,241.0,243.0,1.0,-0.7714285714285715,27.8828725,0.0,0.12004132231404958,239,0,3
2022-10-08 22:06:24,FARM_01,228,30.19,81.4,0.0,Vegetative,No,Good,9931.82,-16.64,Wet,2022-10,22,5,10,0,236.33333333333334,241.75,-13.0,-3.4,28.533763,0.0,0.1318340611353712,252,0,3
2022-10-08 22:06:24,FARM_01,240,28.88,78.6,0.0,Vegetative,No,Good,9930.88,-16.72,Wet,2022-10,22,5,10,0,236.33333333333334,241.58333333333334,12.0,-3.3142857142857145,27.128624,0.0,0.11983402489626556,240,0,3
2022-10-08 22:06:24,FARM_01,240,29.02,92.8,0.0,Vegetative,No,Good,9930.28,-16.77,Wet,2022-10,22,5,10,0,236.0,241.5,0.0,-0.6571428571428571,28.425207999999998,0.0,0.1204149377593361,240,0,3
2022-10-08 22:06:24,FARM_01,239,28.99,89.6,0.0,Vegetative,No,Good,9930.48,-16.76,Wet,2022-10,22,5,10,0,239.66666666666666,241.16666666666666,-1.0,0.11428571428571428,28.132571999999996,0.0,0.12079166666666666,241,0,3
2022-10-08 22:06:24,FARM_01,242,28.96,80.7,0.0,Vegetative,No,Good,9930.66,-16.74,Wet,2022-10,22,5,10,0,240.33333333333334,241.08333333333334,3.0,1.0857142857142856,27.371996000000003,0.0,0.11917695473251029,238,0,3
2022-10-08 22:06:24,FARM_01,241,28.95,76.3,0.0,Vegetative,No,Good,9930.51,-16.75,Wet,2022-10,22,5,10,0,240.66666666666666,241.08333333333334,-1.0,2.0,27.0012675,0.0,0.11962809917355371,239,0,3
2022-10-08 22:06:24,FARM_01,200,30.41,84.2,0.0,Vegetative,No,Good,9931.52,-16.67,Wet,2022-10,22,5,10,0,227.66666666666666,237.58333333333334,-41.0,-5.542857142857143,28.983971,0.0,0.15129353233830845,280,0,3
2022-10-08 22:06:24,FARM_01,240,28.92,83.7,0.0,Vegetative,No,Good,9930.7,-16.74,Wet,2022-10,22,5,10,0,227.0,237.33333333333334,40.0,-3.3714285714285714,27.582422,0.0,0.12000000000000001,240,0,3
2022-10-08 22:06:24,FARM_01,240,30.05,91.0,1.03,Vegetative,No,Good,9931.48,-16.67,Wet,2022-10,22,5,10,0,226.66666666666666,236.08333333333334,0.0,-1.2,29.255525000000002,1.03,0.12468879668049793,240,0,3
2022-10-08 22:06:24,FARM_01,240,28.83,88.7,0.0,Vegetative,No,Good,9931.11,-16.7,Wet,2022-10,22,5,10,0,240.0,235.91666666666666,0.0,0.7714285714285715,27.908315499999997,1.03,0.11962655601659751,240,0,3
2022-10-08 22:06:24,FARM_01,240,28.81,83.2,8.22,Vegetative,No,Good,9931.28,-16.69,Wet,2022-10,22,5,10,0,240.0,235.91666666666666,0.0,3.2857142857142856,27.441556,9.25,0.11954356846473028,240,0,3
2022-10-08 22:06:24,FARM_01,241,28.84,83.7,9.17,Vegetative,No,Good,9931.42,-16.68,Wet,2022-10,22,5,10,0,240.33333333333334,235.91666666666666,1.0,5.857142857142857,27.509594,17.39,0.11917355371900826,239,0,3
2022-10-08 22:06:24,FARM_01,240,28.9,81.9,2.36,Vegetative,No,Good,9931.05,-16.71,Wet,2022-10,22,5,10,0,240.33333333333334,236.91666666666666,-1.0,0.08571428571428572,27.416705,19.75,0.11991701244813277,240,0,3
2022-10-08 22:06:24,FARM_01,167,29.54,89.3,0.95,Vegetative,No,Good,9931.54,-16.67,Very Wet,2022-10,22,5,10,0,216.0,230.83333333333334,-73.0,-10.4,28.625471,12.48,0.17583333333333334,313,0,2
2022-10-08 22:06:24,FARM_01,179,30.58,85.7,0.0,Vegetative,No,Good,9931.44,-16.67,Very Wet,2022-10,22,5,10,0,195.33333333333334,225.75,12.0,-15.0,29.275982999999997,3.3099999999999996,0.16988888888888887,301,0,2
2022-10-08 22:06:24,FARM_01,167,30.48,86.5,2.83,Vegetative,No,Good,9930.07,-16.79,Very Wet,2022-10,22,5,10,0,171.0,219.75,-12.0,-17.82857142857143,29.25636,3.78,0.18142857142857144,313,0,2
2022-10-08 22:06:24,FARM_01,241,29.08,83.0,0.0,Vegetative,No,Good,9930.22,-16.78,Wet,2022-10,22,5,10,0,195.66666666666666,219.66666666666666,74.0,-5.914285714285714,27.670019999999997,2.83,0.12016528925619833,239,0,3
2022-10-08 22:06:24,FARM_01,170,30.69,87.8,0.0,Vegetative,Yes,Poor,9931.28,-16.69,Very Wet,2022-10,22,5,10,0,192.66666666666666,213.75,-71.0,-4.0,29.570101,2.83,0.1794736842105263,310,0,2
2022-10-08 22:06:24,FARM_01,170,30.81,87.1,0.0,Vegetative,Yes,Poor,9931.64,-16.66,Very Wet,2022-10,22,5,10,0,193.66666666666666,211.25,0.0,1.7714285714285714,29.617330499999998,0.0,0.1801754385964912,310,0,2
2022-10-08 22:06:24,FARM_01,170,30.84,82.9,0.0,Vegetative,Yes,Poor,9931.24,-16.69,Very Wet,2022-10,22,5,10,0,170.0,205.41666666666666,0.0,-3.057142857142857,29.256198,0.0,0.18035087719298246,310,0,2
2022-10-08 22:06:24,FARM_01,167,30.72,82.1,0.28,Vegetative,No,Good,9930.91,-16.72,Very Wet,2022-10,22,5,10,0,169.0,199.33333333333334,-3.0,-6.085714285714285,29.073915999999997,0.28,0.18285714285714286,313,0,2
2022-10-08 22:06:24,FARM_01,167,30.6,84.2,21.47,Vegetative,No,Good,9930.42,-16.76,Very Wet,2022-10,22,5,10,0,168.0,193.25,0.0,-10.82857142857143,29.15746,21.75,0.18214285714285716,313,0,2
2022-10-08 22:06:24,FARM_01,167,30.55,81.9,0.0,Vegetative,Yes,Poor,9930.31,-16.77,Very Wet,2022-10,22,5,10,0,167.0,187.16666666666666,0.0,-0.7714285714285715,28.9024475,21.75,0.1818452380952381,313,0,2
2022-10-08 22:06:24,FARM_01,240,29.37,82.6,3.91,Vegetative,No,Good,9931.01,-16.71,Wet,2022-10,22,5,10,0,191.33333333333334,187.08333333333334,73.0,9.742857142857142,27.899091,25.38,0.12186721991701245,240,0,3
2022-10-08 22:06:24,FARM_01,239,29.71,79.1,5.33,Vegetative,No,Good,9931.2,-16.7,Wet,2022-10,22,5,10,0,215.33333333333334,187.0,-1.0,16.114285714285714,27.9041355,9.24,0.12379166666666667,241,0,3
2022-10-08 22:06:24,FARM_01,168,29.83,90.8,5.72,Vegetative,No,Good,9931.23,-16.69,Very Wet,2022-10,22,5,10,0,215.66666666666666,187.08333333333334,-71.0,8.4,29.029002,14.96,0.17650887573964497,312,0,2
2022-10-08 22:06:24,FARM_01,167,30.12,79.3,0.0,Vegetative,Yes,Poor,9931.23,-16.69,Very Wet,2022-10,22,5,10,0,191.33333333333334,186.08333333333334,-1.0,0.05714285714285714,28.284738,11.05,0.1792857142857143,313,0,2
2022-10-08 22:06:24,FARM_01,167,30.06,85.2,0.0,Vegetative,Yes,Poor,9931.31,-16.69,Very Wet,2022-10,22,5,10,0,167.33333333333334,186.08333333333334,0.0,-8.285714285714286,28.752716,5.72,0.1789285714285714,313,0,2
2022-10-08 22:06:24,FARM_01,167,30.43,80.3,0.0,Vegetative,Yes,Poor,9930.48,-16.76,Very Wet,2022-10,22,5,10,0,167.0,179.91666666666666,0.0,-16.62857142857143,28.6498095,0.0,0.1811309523809524,313,0,2
2022-10-08 22:06:24,FARM_01,167,30.01,84.9,5.7,Vegetative,No,Good,9931.17,-16.7,Very Wet,2022-10,22,5,10,0,167.0,179.66666666666666,0.0,-10.371428571428572,28.6803695,5.7,0.1786309523809524,313,0,2
2022-10-08 22:06:24,FARM_01,172,29.98,81.7,0.0,Vegetative,Yes,Poor,9931.38,-16.68,Very Wet,2022-10,22,5,10,0,168.66666666666666,179.83333333333334,5.0,0.5714285714285714,28.371613,5.7,0.17329479768786127,308,0,2
2022-10-08 22:06:24,FARM_01,167,29.93,75.1,4.65,Vegetative,No,Good,9931.45,-16.67,Very Wet,2022-10,22,5,10,0,168.66666666666666,179.58333333333334,-5.0,0.42857142857142855,27.7483865,10.350000000000001,0.1781547619047619,313,0,2
2022-10-08 22:06:24,FARM_01,167,30.18,80.1,0.0,Vegetative,Yes,Poor,9931.48,-16.67,Very Wet,2022-10,22,5,10,0,168.66666666666666,179.58333333333334,0.0,0.14285714285714285,28.409098999999998,4.65,0.17964285714285713,313,0,2
2022-10-08 22:06:24,FARM_01,167,29.61,81.5,23.08,Vegetative,No,Good,9931.29,-16.69,Very Wet,2022-10,22,5,10,0,167.0,179.58333333333334,0.0,-0.14285714285714285,28.021682499999997,27.729999999999997,0.17625,313,0,2
2022-10-08 22:06:24,FARM_01,167,29.58,86.0,7.18,Vegetative,No,Good,9931.5,-16.67,Very Wet,2022-10,22,5,10,0,167.0,179.58333333333334,0.0,-0.42857142857142855,28.380339999999997,30.259999999999998,0.17607142857142857,313,0,2
2022-10-08 22:06:24,FARM_01,168,29.78,83.5,0.0,Vegetative,Yes,Poor,9931.44,-16.67,Very Wet,2022-10,22,5,10,0,167.33333333333334,173.58333333333334,1.0,-0.5714285714285714,28.347965000000002,30.259999999999998,0.1762130177514793,312,0,2
2022-10-08 22:06:24,FARM_01,167,29.49,89.4,1.2,Vegetative,No,Good,9931.58,-16.66,Very Wet,2022-10,22,5,10,0,167.33333333333334,167.58333333333334,-1.0,0.08571428571428572,28.586933,8.379999999999999,0.17553571428571427,313,0,2
2022-10-08 22:06:24,FARM_01,167,29.43,86.7,0.0,Vegetative,Yes,Poor,9931.3,-16.69,Very Wet,2022-10,22,5,10,0,167.33333333333334,167.5,0.0,0.02857142857142857,28.3012955,1.2,0.17517857142857143,313,0,2
2022-10-08 22:06:24,FARM_01,167,29.4,75.9,1.16,Vegetative,No,Good,9931.0,-16.71,Very Wet,2022-10,22,5,10,0,167.0,167.5,0.0,-0.02857142857142857,27.358729999999998,2.36,0.175,313,0,2
2022-10-08 22:06:24,FARM_01,167,29.37,88.6,0.0,Vegetative,Yes,Poor,9930.83,-16.73,Very Wet,2022-10,22,5,10,0,167.0,167.5,0.0,-0.08571428571428572,28.406301,1.16,0.17482142857142857,313,0,2
2022-10-08 22:06:24,FARM_01,167,29.35,88.7,7.87,Vegetative,No,Good,9930.7,-16.74,Very Wet,2022-10,22,5,10,0,167.0,167.5,0.0,-0.14285714285714285,28.3959975,9.03,0.17470238095238097,313,0,2
2022-10-08 22:06:24,FARM_01,167,29.32,84.0,1.28,Vegetative,No,Good,9930.53,-16.75,Very Wet,2022-10,22,5,10,0,167.0,167.5,0.0,0.0,27.97184,9.15,0.17452380952380953,313,0,2
2022-10-08 22:06:24,FARM_01,167,29.3,85.9,0.33,Vegetative,No,Good,9930.73,-16.73,Very Wet,2022-10,22,5,10,0,167.0,167.08333333333334,0.0,0.0,28.113485,9.48,0.1744047619047619,313,0,2
2022-10-08 22:06:24,FARM_01,167,29.27,86.1,2.5,Vegetative,No,Good,9930.25,-16.77,Very Wet,2022-10,22,5,10,0,167.0,167.08333333333334,0.0,0.0,28.1026085,4.109999999999999,0.17422619047619048,313,0,2
2022-10-08 22:06:24,FARM_01,169,29.21,81.3,0.33,Vegetative,No,Good,9929.78,-16.81,Very Wet,2022-10,22,5,10,0,167.66666666666666,167.25,2.0,0.2857142857142857,27.6456515,3.1599999999999997,0.1718235294117647,311,0,2
2022-10-08 22:06:24,FARM_01,167,29.2,89.7,0.0,Vegetative,Yes,Poor,9929.78,-16.81,Very Wet,2022-10,22,5,10,0,167.66666666666666,167.25,-2.0,0.17142857142857143,28.338919999999998,2.83,0.1738095238095238,313,0,2
2022-10-08 22:06:24,FARM_01,167,29.18,89.3,0.0,Vegetative,Yes,Poor,9929.8,-16.81,Very Wet,2022-10,22,5,10,0,167.66666666666666,167.25,0.0,0.05714285714285714,28.286656999999998,0.33,0.1736904761904762,313,0,2
2022-10-08 22:06:24,FARM_01,168,29.16,78.7,0.0,Vegetative,Yes,Poor,9930.01,-16.8,Very Wet,2022-10,22,5,10,0,167.33333333333334,167.25,1.0,0.08571428571428572,27.384006,0.0,0.17254437869822487,312,0,2
2022-10-08 22:06:24,FARM_01,168,29.14,93.6,0.46,Vegetative,No,Good,9930.35,-16.77,Very Wet,2022-10,22,5,10,0,167.66666666666666,167.33333333333334,0.0,0.05714285714285714,28.607072,0.46,0.1724260355029586,312,0,2
2022-10-08 22:06:24,FARM_01,166,30.36,90.0,0.0,Vegetative,Yes,Poor,9930.41,-16.76,Very Wet,2022-10,22,5,10,0,167.33333333333334,167.25,-2.0,-0.3142857142857143,29.4602,0.46,0.18179640718562873,314,0,2
2022-10-08 22:06:24,FARM_01,243,29.9,91.1,3.0,Vegetative,No,Good,9932.16,-16.61,Wet,2022-10,22,5,10,0,192.33333333333334,173.58333333333334,77.0,10.771428571428572,29.121695,3.46,0.12254098360655737,237,0,3
2022-10-08 22:06:24,FARM_01,166,29.08,88.8,0.0,Vegetative,Yes,Poor,9930.22,-16.78,Very Wet,2022-10,22,5,10,0,191.66666666666666,173.5,-77.0,6.228571428571428,28.151072,3.0,0.1741317365269461,314,0,2
2022-10-08 22:06:24,FARM_01,238,28.72,81.5,6.52,Vegetative,No,Good,9926.39,-17.1,Wet,2022-10,22,5,10,0,215.66666666666666,179.41666666666666,72.0,12.028571428571428,27.22224,9.52,0.1201673640167364,242,0,3
2022-10-08 22:06:24,FARM_01,167,28.95,83.8,0.0,Vegetative,Yes,Poor,9928.45,-16.93,Very Wet,2022-10,22,5,10,0,190.33333333333334,179.41666666666666,-71.0,3.8285714285714287,27.617955,6.52,0.17232142857142857,313,0,2
2022-10-08 22:06:24,FARM_01,167,29.03,78.1,0.0,Vegetative,Yes,Poor,9929.59,-16.83,Very Wet,2022-10,22,5,10,0,190.66666666666666,179.41666666666666,0.0,-4.314285714285714,27.2196365,6.52,0.17279761904761906,313,0,2
2022-10-08 22:06:24,FARM_01,168,29.01,80.2,15.89,Vegetative,No,Good,9929.45,-16.84,Very Wet,2022-10,22,5,10,0,167.33333333333334,179.5,1.0,-12.657142857142857,27.375411000000003,15.89,0.17165680473372782,312,0,2
2022-10-08 22:06:24,FARM_01,167,28.79,92.3,0.0,Vegetative,Yes,Poor,9930.28,-16.77,Very Wet,2022-10,22,5,10,0,167.33333333333334,179.33333333333334,-1.0,-5.857142857142857,28.1636435,15.89,0.17136904761904762,313,0,2
2022-10-08 22:06:24,FARM_01,167,28.96,94.6,6.24,Vegetative,No,Good,9928.42,-16.93,Very Wet,2022-10,22,5,10,0,167.33333333333334,179.33333333333334,0.0,-10.114285714285714,28.515688,22.130000000000003,0.17238095238095238,313,0,2
2022-10-08 22:06:24,FARM_01,166,28.93,87.7,5.47,Vegetative,No,Good,9928.45,-16.93,Very Wet,2022-10,22,5,10,0,166.66666666666666,179.25,-1.0,-0.17142857142857143,27.9199855,11.71,0.17323353293413174,314,0,2
2022-10-08 22:06:24,FARM_01,170,28.92,88.2,0.98,Vegetative,No,Good,9928.48,-16.92,Very Wet,2022-10,22,5,10,0,167.66666666666666,179.41666666666666,4.0,0.2571428571428571,27.951692,12.69,0.16912280701754387,310,0,2
2022-10-08 22:06:24,FARM_01,163,28.9,82.7,2.08,Vegetative,No,Good,9928.66,-16.91,Very Wet,2022-10,22,5,10,0,166.33333333333334,179.0,-7.0,-0.4857142857142857,27.482264999999998,8.53,0.17621951219512194,317,0,2
2022-10-08 22:06:24,FARM_01,250,29.89,82.0,3.4,Vegetative,No,Good,9928.77,-16.9,Wet,2022-10,22,5,10,0,194.33333333333334,186.0,87.0,11.628571428571428,28.31689,6.46,0.11908366533864542,230,0,3
2022-10-08 22:06:24,FARM_01,249,29.93,86.1,0.57,Vegetative,No,Good,9929.06,-16.87,Wet,2022-10,22,5,10,0,220.66666666666666,186.5,-1.0,18.714285714285715,28.7121515,6.050000000000001,0.11972,231,0,3
2022-10-08 22:06:24,FARM_01,249,30.14,82.6,0.0,Vegetative,No,Good,9929.84,-16.81,Wet,2022-10,22,5,10,0,249.33333333333334,193.41666666666666,0.0,21.114285714285714,28.595402,3.9699999999999998,0.12056,231,0,3
2022-10-08 22:06:24,FARM_01,167,28.71,87.0,15.36,Vegetative,No,Good,9929.98,-16.8,Very Wet,2022-10,22,5,10,0,221.66666666666666,187.5,-82.0,6.914285714285715,27.658235,15.93,0.17089285714285715,313,0,2
2022-10-08 22:06:24,FARM_01,167,28.67,82.7,0.44,Vegetative,No,Good,9930.19,-16.78,Very Wet,2022-10,22,5,10,0,194.33333333333334,187.5,0.0,-6.542857142857143,27.274149500000004,15.799999999999999,0.17065476190476192,313,0,2
2022-10-08 22:06:24,FARM_01,168,28.66,89.3,0.0,Vegetative,Yes,Poor,9929.98,-16.8,Very Wet,2022-10,22,5,10,0,167.33333333333334,187.58333333333334,1.0,-21.085714285714285,27.797259,15.799999999999999,0.16958579881656805,312,0,2
2022-10-08 22:06:24,FARM_01,167,28.6,89.3,16.07,Vegetative,No,Good,9930.03,-16.79,Very Wet,2022-10,22,5,10,0,167.33333333333334,187.5,-1.0,-18.65714285714286,27.74079,16.509999999999998,0.17023809523809524,313,0,2
2022-10-08 22:06:24,FARM_01,167,28.57,82.6,0.0,Vegetative,Yes,Poor,9930.06,-16.79,Very Wet,2022-10,22,5,10,0,167.33333333333334,187.5,0.0,-11.685714285714285,27.175651,16.069999999999997,0.1700595238095238,313,0,2
2022-10-08 22:06:24,FARM_01,220,28.63,89.2,9.62,Vegetative,No,Good,9929.34,-16.85,Wet,2022-10,22,5,10,0,184.66666666666666,191.91666666666666,53.0,7.542857142857143,27.760977999999998,25.689999999999998,0.1295475113122172,260,0,3
2022-10-08 22:06:24,FARM_01,459,28.55,78.6,0.0,Vegetative,No,Poor,9930.4,-16.76,Very Dry,2022-10,22,5,10,0,282.0,216.33333333333334,239.0,46.17142857142857,26.837465,9.619999999999996,0.06206521739130435,21,0,1
2022-10-08 22:06:24,FARM_01,470,28.55,84.8,2.56,Vegetative,No,Poor,9930.57,-16.75,Very Dry,2022-10,22,5,10,0,383.0,241.33333333333334,11.0,69.68571428571428,27.33362,12.179999999999996,0.06061571125265393,10,0,1
2022-10-08 22:06:24,FARM_01,367,28.54,83.3,12.56,Vegetative,No,Poor,9930.4,-16.76,Very Dry,2022-10,22,5,10,0,432.0,258.3333333333333,-103.0,61.371428571428574,27.204501,15.119999999999997,0.07755434782608696,113,0,1
2022-10-08 22:06:24,FARM_01,249,30.34,82.0,0.0,Vegetative,No,Good,9928.7,-16.91,Wet,2022-10,22,5,10,0,362.0,258.25,-118.0,24.62857142857143,28.72234,15.119999999999997,0.12136,231,0,3
2022-10-08 22:06:24,FARM_01,304,28.53,86.6,0.0,Vegetative,No,Poor,9930.25,-16.77,Dry,2022-10,22,5,10,0,306.6666666666667,262.8333333333333,55.0,-8.942857142857145,27.459139,12.559999999999997,0.09354098360655738,176,0,0
2022-10-08 22:06:24,FARM_01,248,28.9,87.1,2.7,Vegetative,No,Good,9929.34,-16.85,Wet,2022-10,22,5,10,0,267.0,262.75,-56.0,-47.74285714285714,27.842844999999997,2.6999999999999966,0.11606425702811245,232,0,3
2022-10-08 22:06:24,FARM_01,249,30.32,79.6,0.0,Vegetative,No,Good,9929.09,-16.87,Wet,2022-10,22,5,10,0,267.0,269.5833333333333,1.0,-40.2,28.488896,2.6999999999999966,0.12128,231,0,3
2022-10-08 22:06:24,FARM_01,248,29.24,78.2,0.0,Vegetative,No,Good,9929.77,-16.82,Wet,2022-10,22,5,10,0,248.33333333333334,276.3333333333333,-1.0,-18.6,27.412723999999997,2.6999999999999966,0.117429718875502,232,0,3
2022-10-08 22:06:24,FARM_01,250,29.57,88.2,0.0,Vegetative,No,Good,9929.81,-16.81,Wet,2022-10,22,5,10,0,249.0,283.1666666666667,2.0,-4.628571428571429,28.559507,0.0,0.11780876494023905,230,0,3
2022-10-08 22:06:24,FARM_01,249,29.83,83.6,0.0,Vegetative,No,Good,9929.88,-16.81,Wet,2022-10,22,5,10,0,249.0,290.0,-1.0,-7.714285714285714,28.402133999999997,0.0,0.11932,231,0,3
2022-10-08 22:06:24,FARM_01,250,30.01,93.5,2.35,Vegetative,No,Good,9929.97,-16.8,Wet,2022-10,22,5,10,0,249.66666666666666,296.9166666666667,1.0,0.34285714285714286,29.437642500000003,2.3499999999999965,0.11956175298804782,230,0,3
2022-10-08 22:06:24,FARM_01,259,28.52,92.3,1.79,Vegetative,No,Good,9929.91,-16.8,Wet,2022-10,22,5,10,0,252.66666666666666,300.1666666666667,9.0,1.5714285714285714,27.905078,4.139999999999997,0.10969230769230769,221,0,3
2022-10-08 22:06:24,FARM_01,249,30.39,85.7,0.81,Vegetative,No,Good,9928.65,-16.91,Wet,2022-10,22,5,10,0,252.66666666666666,282.6666666666667,-10.0,0.9428571428571428,29.1009265,4.949999999999997,0.12156,231,0,3
2022-10-08 22:06:24,FARM_01,249,29.97,82.3,0.0,Vegetative,No,Good,9929.35,-16.85,Wet,2022-10,22,5,10,0,252.33333333333334,264.25,0.0,0.11428571428571428,28.4153205,2.5999999999999965,0.11988,231,0,3
2022-10-08 22:06:24,FARM_01,248,30.01,84.1,0.0,Vegetative,No,Good,9929.62,-16.83,Wet,2022-10,22,5,10,0,248.66666666666666,254.33333333333334,-1.0,-0.5142857142857142,28.609925500000003,0.8099999999999965,0.12052208835341366,232,0,3
2022-10-08 22:06:24,FARM_01,251,30.23,81.0,0.0,Vegetative,No,Good,9929.37,-16.85,Wet,2022-10,22,5,10,0,249.33333333333334,254.5,3.0,-0.8,28.533965000000002,0.0,0.11996031746031746,229,0,3
2022-10-08 22:06:24,FARM_01,250,30.39,89.4,4.9,Vegetative,No,Good,9928.65,-16.91,Wet,2022-10,22,5,10,0,249.66666666666666,250.0,-1.0,-1.1428571428571428,29.434463,4.899999999999997,0.12107569721115538,230,0,3
2022-10-08 22:06:24,FARM_01,250,30.38,75.0,0.0,Vegetative,No,Good,9928.68,-16.91,Wet,2022-10,22,5,10,0,250.33333333333334,250.16666666666666,0.0,0.3142857142857143,28.12775,4.899999999999997,0.12103585657370518,230,0,3
2022-10-08 22:06:24,FARM_01,250,30.36,81.4,0.0,Vegetative,No,Good,9929.03,-16.88,Wet,2022-10,22,5,10,0,250.0,250.25,0.0,0.2857142857142857,28.686372,4.899999999999997,0.12095617529880477,230,0,3
2022-10-08 22:06:24,FARM_01,250,30.33,91.5,2.03,Vegetative,No,Good,9929.05,-16.88,Wet,2022-10,22,5,10,0,250.0,250.41666666666666,0.0,0.2,29.5665725,2.0299999999999963,0.12083665338645418,230,0,3
2022-10-08 22:06:24,FARM_01,249,30.3,91.0,0.0,Vegetative,No,Good,9929.27,-16.86,Wet,2022-10,22,5,10,0,249.66666666666666,250.33333333333334,-1.0,-0.2857142857142857,29.49315,2.0299999999999963,0.1212,231,0,3
2022-10-08 22:06:24,FARM_01,249,30.27,81.1,0.0,Vegetative,No,Good,9929.48,-16.84,Wet,2022-10,22,5,10,0,249.33333333333334,250.33333333333334,0.0,-0.22857142857142856,28.5787335,2.0299999999999963,0.12108,231,0,3
2022-10-08 22:06:24,FARM_01,250,30.19,83.5,0.0,Vegetative,No,Good,9929.25,-16.86,Wet,2022-10,22,5,10,0,249.33333333333334,250.33333333333334,1.0,-0.11428571428571428,28.7207575,0.0,0.1202788844621514,230,0,3
2022-10-08 22:06:24,FARM_01,250,30.37,88.1,0.0,Vegetative,No,Good,9928.69,-16.91,Wet,2022-10,22,5,10,0,249.66666666666666,249.58333333333334,0.0,0.0,29.2985835,0.0,0.12099601593625499,230,0,3
2022-10-08 22:06:24,FARM_01,250,30.16,81.2,3.64,Vegetative,No,Good,9929.64,-16.83,Wet,2022-10,22,5,10,0,250.0,249.66666666666666,0.0,0.11428571428571428,28.489056,3.6399999999999966,0.1201593625498008,230,0,3
2022-10-08 22:06:24,FARM_01,250,30.1,83.2,0.0,Vegetative,No,Good,9929.7,-16.82,Wet,2022-10,22,5,10,0,250.0,249.75,0.0,0.22857142857142856,28.612360000000002,3.6399999999999966,0.1199203187250996,230,0,3
2022-10-08 22:06:24,FARM_01,323,28.3,86.2,0.0,Vegetative,No,Poor,9931.41,-16.68,Dry,2022-10,22,5,10,0,274.3333333333333,256.0,73.0,10.571428571428571,27.21463,3.6399999999999966,0.08734567901234568,157,0,0
2022-10-08 22:06:24,FARM_01,252,30.06,94.9,0.0,Vegetative,No,Good,9929.77,-16.82,Wet,2022-10,22,5,10,0,275.0,256.0833333333333,-71.0,6.542857142857143,29.609517,0.0,0.11881422924901185,228,0,3
2022-10-08 22:06:24,FARM_01,239,28.8,85.7,0.95,Vegetative,No,Good,9926.0,-17.13,Wet,2022-10,22,5,10,0,271.3333333333333,255.16666666666666,-13.0,0.6857142857142857,27.63598,0.9499999999999964,0.12000000000000001,241,0,3
2022-10-08 22:06:24,FARM_01,249,29.81,86.3,10.91,Vegetative,No,Good,9928.33,-16.94,Wet,2022-10,22,5,10,0,246.66666666666666,255.08333333333334,10.0,-3.1142857142857143,28.618716499999998,11.859999999999996,0.11924,231,0,3
2022-10-08 22:06:24,FARM_01,167,30.69,80.9,10.87,Vegetative,No,Good,9925.44,-17.18,Very Wet,2022-10,22,5,10,0,218.33333333333334,248.16666666666666,-82.0,-18.571428571428573,28.936715500000002,22.729999999999997,0.18267857142857144,313,0,2
2022-10-08 22:06:24,FARM_01,249,29.3,93.0,9.47,Vegetative,No,Good,9927.64,-16.99,Wet,2022-10,22,5,10,0,221.66666666666666,248.08333333333334,82.0,-17.571428571428573,28.71095,31.249999999999996,0.1172,231,0,3
2022-10-08 22:06:24,FARM_01,249,29.57,86.9,0.0,Vegetative,No,Good,9928.27,-16.94,Wet,2022-10,22,5,10,0,221.66666666666666,248.08333333333334,0.0,-1.9142857142857144,28.4481815,20.339999999999996,0.11828,231,0,3
2022-10-08 22:06:24,FARM_01,249,29.77,88.4,0.45,Vegetative,No,Good,9928.2,-16.95,Wet,2022-10,22,5,10,0,249.0,248.08333333333334,0.0,3.7714285714285714,28.763874,9.919999999999996,0.11907999999999999,231,0,3
2022-10-08 22:06:24,FARM_01,250,29.73,86.7,10.79,Vegetative,No,Good,9928.25,-16.94,Wet,2022-10,22,5,10,0,249.33333333333334,248.08333333333334,1.0,7.171428571428572,28.5793505,11.239999999999995,0.11844621513944223,230,0,3
2022-10-08 22:06:24,FARM_01,250,29.7,79.0,0.0,Vegetative,No,Good,9928.12,-16.95,Wet,2022-10,22,5,10,0,249.66666666666666,248.08333333333334,0.0,11.942857142857143,27.88665,11.239999999999995,0.11832669322709163,230,0,3
2022-10-08 22:06:24,FARM_01,249,29.66,81.8,0.0,Vegetative,No,Good,9927.98,-16.97,Wet,2022-10,22,5,10,0,249.66666666666666,248.0,-1.0,0.11428571428571428,28.092434,10.789999999999996,0.11864,231,0,3
2022-10-08 22:06:24,FARM_01,251,29.29,84.6,0.0,Vegetative,No,Good,9927.65,-16.99,Wet,2022-10,22,5,10,0,250.0,248.08333333333334,2.0,0.2857142857142857,27.994937,0.0,0.11623015873015873,229,0,3
2022-10-08 22:06:24,FARM_01,249,29.64,81.5,0.0,Vegetative,No,Good,9928.16,-16.95,Wet,2022-10,22,5,10,0,249.66666666666666,241.91666666666666,-2.0,0.05714285714285714,28.04863,0.0,0.11856,231,0,3
2022-10-08 22:06:24,FARM_01,249,29.54,86.7,0.0,Vegetative,No,Good,9928.28,-16.94,Wet,2022-10,22,5,10,0,249.66666666666666,241.66666666666666,0.0,-0.17142857142857143,28.403249,0.0,0.11816,231,0,3
2022-10-08 22:06:24,FARM_01,249,29.5,87.1,0.0,Vegetative,No,Good,9928.31,-16.94,Wet,2022-10,22,5,10,0,249.0,242.5,0.0,-0.2,28.400275,0.0,0.118,231,0,3
2022-10-08 22:06:24,FARM_01,250,29.47,85.8,1.66,Vegetative,No,Good,9928.35,-16.94,Wet,2022-10,22,5,10,0,249.33333333333334,242.58333333333334,1.0,-0.02857142857142857,28.261792999999997,1.6599999999999964,0.11741035856573705,230,0,3
2022-10-08 22:06:24,FARM_01,248,30.15,86.9,0.12,Vegetative,No,Good,9930.02,-16.79,Wet,2022-10,22,5,10,0,249.0,249.33333333333334,-2.0,-0.34285714285714286,28.9863925,1.7799999999999963,0.12108433734939758,232,0,3
2022-10-08 22:06:24,FARM_01,249,29.44,93.6,0.0,Vegetative,No,Good,9928.36,-16.93,Wet,2022-10,22,5,10,0,249.0,249.33333333333334,1.0,-0.05714285714285714,28.896512,1.7799999999999963,0.11776,231,0,3
2022-10-08 22:06:24,FARM_01,249,29.61,88.8,1.54,Vegetative,No,Good,9928.41,-16.93,Wet,2022-10,22,5,10,0,248.66666666666666,249.33333333333334,0.0,-0.05714285714285714,28.648424,1.6599999999999964,0.11844,231,0,3
2022-10-08 22:06:24,FARM_01,251,29.39,89.1,0.0,Vegetative,No,Good,9928.43,-16.93,Wet,2022-10,22,5,10,0,249.66666666666666,249.5,2.0,0.22857142857142856,28.4673695,1.5399999999999965,0.11662698412698413,229,0,3
2022-10-08 22:06:24,FARM_01,250,29.27,88.0,1.73,Vegetative,No,Good,9927.68,-16.99,Wet,2022-10,22,5,10,0,250.0,249.5,-1.0,0.2571428571428571,28.26218,3.2699999999999965,0.11661354581673307,230,0,3
2022-10-08 22:06:24,FARM_01,250,30.04,82.5,0.0,Vegetative,No,Good,9928.23,-16.94,Wet,2022-10,22,5,10,0,250.33333333333334,249.5,0.0,0.42857142857142855,28.49615,1.7299999999999964,0.1196812749003984,230,0,3
2022-10-08 22:06:24,FARM_01,208,30.78,86.4,0.0,Vegetative,No,Good,9928.91,-16.89,Wet,2022-10,22,5,10,0,236.0,246.08333333333334,-42.0,-5.8,29.524856000000003,1.7299999999999964,0.14727272727272728,272,0,3
2022-10-08 22:06:24,FARM_01,251,29.24,88.2,4.9,Vegetative,No,Good,9927.38,-17.02,Wet,2022-10,22,5,10,0,236.33333333333334,246.08333333333334,43.0,-3.4,28.250923999999998,4.899999999999997,0.11603174603174603,229,0,3
2022-10-08 22:06:24,FARM_01,250,29.22,81.4,6.56,Vegetative,No,Good,9927.38,-17.02,Wet,2022-10,22,5,10,0,236.33333333333334,246.16666666666666,-1.0,-1.2571428571428571,27.662993999999998,11.459999999999997,0.11641434262948207,230,0,3
2022-10-08 22:06:24,FARM_01,250,29.19,84.7,0.0,Vegetative,No,Good,9926.87,-17.06,Wet,2022-10,22,5,10,0,250.33333333333334,246.25,0.0,1.2285714285714286,27.9117615,11.459999999999997,0.11629482071713147,230,0,3
2022-10-08 22:06:24,FARM_01,254,29.17,84.9,0.0,Vegetative,No,Good,9926.55,-17.09,Wet,2022-10,22,5,10,0,251.33333333333334,246.66666666666666,4.0,4.142857142857143,27.910131500000002,6.559999999999996,0.1143921568627451,226,0,3
2022-10-08 22:06:24,FARM_01,250,29.15,87.2,0.0,Vegetative,No,Good,9926.75,-17.07,Wet,2022-10,22,5,10,0,251.33333333333334,246.66666666666666,-4.0,6.257142857142857,28.08344,0.0,0.11613545816733067,230,0,3
2022-10-08 22:06:24,FARM_01,250,29.13,87.6,0.0,Vegetative,No,Good,9926.95,-17.05,Wet,2022-10,22,5,10,0,251.33333333333334,246.83333333333334,0.0,-0.02857142857142857,28.098133999999998,0.0,0.11605577689243028,230,0,3
2022-10-08 22:06:24,FARM_01,250,29.09,82.9,0.0,Vegetative,No,Good,9927.13,-17.04,Wet,2022-10,22,5,10,0,250.0,246.91666666666666,0.0,-0.11428571428571428,27.6707855,0.0,0.11589641434262948,230,0,3
2022-10-08 22:06:24,FARM_01,250,29.07,77.1,0.02,Vegetative,No,Good,9927.33,-17.02,Wet,2022-10,22,5,10,0,250.0,247.0,0.0,-0.34285714285714286,27.171933499999998,0.019999999999996448,0.11581673306772909,230,0,3
2022-10-08 22:06:24,FARM_01,250,29.42,83.0,0.0,Vegetative,No,Good,9928.39,-16.93,Wet,2022-10,22,5,10,0,250.0,246.91666666666666,0.0,-0.5714285714285714,27.97823,0.019999999999996448,0.11721115537848606,230,0,3
2022-10-08 22:06:24,FARM_01,249,29.15,83.2,2.1,Vegetative,No,Good,9927.09,-17.04,Wet,2022-10,22,5,10,0,249.66666666666666,246.83333333333334,-1.0,-0.14285714285714285,27.75014,2.1199999999999966,0.1166,231,0,3
2022-10-08 22:06:24,FARM_01,249,29.41,88.9,0.0,Vegetative,No,Good,9927.2,-17.03,Wet,2022-10,22,5,10,0,249.33333333333334,246.75,0.0,-0.22857142857142856,28.4692195,2.0999999999999965,0.11764,231,0,3
2022-10-08 22:06:24,FARM_01,250,29.72,88.0,0.0,Vegetative,No,Good,9927.59,-17.0,Wet,2022-10,22,5,10,0,249.33333333333334,250.25,1.0,-0.11428571428571428,28.682479999999998,2.0999999999999965,0.11840637450199203,230,0,3
2022-10-08 22:06:24,FARM_01,250,29.36,87.3,0.0,Vegetative,No,Good,9928.3,-16.94,Wet,2022-10,22,5,10,0,249.66666666666666,250.16666666666666,0.0,0.0,28.287104,0.0,0.11697211155378485,230,0,3
2022-10-08 22:06:24,FARM_01,257,30.61,83.4,0.0,Vegetative,No,Good,9928.67,-16.91,Wet,2022-10,22,5,10,0,252.33333333333334,250.75,7.0,1.1142857142857143,29.093507,0.0,0.11864341085271318,223,0,3
2022-10-08 22:06:24,FARM_01,167,30.54,88.2,0.0,Vegetative,Yes,Poor,9926.03,-17.13,Very Wet,2022-10,22,5,10,0,224.66666666666666,243.83333333333334,-90.0,-11.028571428571428,29.466554,0.0,0.18178571428571427,313,0,2
2022-10-08 22:06:24,FARM_01,166,30.97,86.5,0.0,Vegetative,Yes,Poor,9926.38,-17.1,Very Wet,2022-10,22,5,10,0,196.66666666666666,236.5,-1.0,-18.771428571428572,29.709977499999997,0.0,0.18544910179640717,314,0,2
2022-10-08 22:06:24,FARM_01,168,31.03,81.9,27.79,Vegetative,No,Good,9928.52,-16.92,Very Wet,2022-10,22,5,10,0,167.0,229.66666666666666,2.0,-21.485714285714284,29.3346635,27.789999999999996,0.18360946745562132,312,0,2
2022-10-08 22:06:24,FARM_01,168,31.05,79.3,0.0,Vegetative,Yes,Poor,9928.14,-16.95,Very Wet,2022-10,22,5,10,0,167.33333333333334,222.83333333333334,0.0,-19.37142857142857,29.1088575,27.789999999999996,0.18372781065088759,312,0,2
2022-10-08 22:06:24,FARM_01,168,31.04,80.8,11.04,Vegetative,No,Good,9927.31,-17.02,Very Wet,2022-10,22,5,10,0,168.0,216.0,0.0,-12.571428571428571,29.240575999999997,38.83,0.18366863905325442,312,0,2
2022-10-08 22:06:24,FARM_01,161,30.51,83.1,3.46,Vegetative,No,Good,9926.25,-17.11,Very Wet,2022-10,22,5,10,0,165.66666666666666,208.58333333333334,-7.0,-0.6857142857142857,28.9753955,14.499999999999996,0.18833333333333335,319,0,2
2022-10-08 22:06:24,FARM_01,167,30.93,87.5,4.27,Vegetative,No,Good,9925.95,-17.14,Very Wet,2022-10,22,5,10,0,165.33333333333334,201.66666666666666,6.0,-0.45714285714285713,29.7660625,18.769999999999996,0.18410714285714286,313,0,2
2022-10-08 22:06:24,FARM_01,166,30.59,78.6,4.53,Vegetative,No,Good,9925.8,-17.15,Very Wet,2022-10,22,5,10,0,164.66666666666666,194.75,-1.0,-0.5714285714285714,28.637356999999998,12.259999999999996,0.18317365269461078,314,0,2
2022-10-08 22:06:24,FARM_01,167,30.89,87.6,0.0,Vegetative,Yes,Poor,9925.48,-17.18,Very Wet,2022-10,22,5,10,0,166.66666666666666,187.91666666666666,1.0,-0.14285714285714285,29.738101999999998,8.799999999999997,0.18386904761904763,313,0,2
2022-10-08 22:06:24,FARM_01,168,30.79,78.8,0.0,Vegetative,Yes,Poor,9925.3,-17.19,Very Wet,2022-10,22,5,10,0,167.0,181.08333333333334,1.0,0.4857142857142857,28.832286,4.529999999999997,0.18218934911242604,312,0,2
2022-10-08 22:06:24,FARM_01,166,30.74,84.4,0.0,Vegetative,Yes,Poor,9925.56,-17.17,Very Wet,2022-10,22,5,10,0,167.0,174.08333333333334,-2.0,0.8285714285714286,29.303708,0.0,0.18407185628742515,314,0,2
2022-10-08 22:06:24,FARM_01,249,29.11,89.1,0.0,Vegetative,No,Good,9926.93,-17.05,Wet,2022-10,22,5,10,0,194.33333333333334,173.41666666666666,83.0,11.742857142857142,28.2041555,0.0,0.11644,231,0,3
2022-10-08 22:06:24,FARM_01,168,31.0,86.5,0.0,Vegetative,Yes,Poor,9926.66,-17.08,Very Wet,2022-10,22,5,10,0,194.33333333333334,173.5,-81.0,7.257142857142856,29.73775,0.0,0.1834319526627219,312,0,2
2022-10-08 22:06:24,FARM_01,167,29.82,91.6,0.0,Vegetative,Yes,Poor,9926.61,-17.08,Very Wet,2022-10,22,5,10,0,194.66666666666666,173.58333333333334,-1.0,2.3714285714285714,29.089116,0.0,0.1775,313,0,2
2022-10-08 22:06:24,FARM_01,167,29.86,93.2,0.29,Vegetative,No,Good,9926.91,-17.06,Very Wet,2022-10,22,5,10,0,167.33333333333334,173.5,0.0,-2.3714285714285714,29.266836,0.2899999999999964,0.17773809523809522,313,0,2
2022-10-08 22:06:24,FARM_01,168,29.06,100.0,0.0,Vegetative,Yes,Poor,9929.91,-16.8,Very Wet,2022-10,22,5,10,0,167.33333333333334,173.5,1.0,-6.771428571428571,29.06,0.2899999999999964,0.1719526627218935,312,0,2
2022-10-08 22:06:24,FARM_01,170,30.98,94.2,3.81,Vegetative,No,Good,9928.61,-16.91,Very Wet,2022-10,22,5,10,0,168.33333333333334,173.66666666666666,2.0,-11.285714285714286,30.438338,4.099999999999996,0.18116959064327487,310,0,2
2022-10-08 22:06:24,FARM_01,167,30.35,82.4,3.01,Vegetative,No,Good,9925.92,-17.14,Very Wet,2022-10,22,5,10,0,168.33333333333334,174.16666666666666,-3.0,0.14285714285714285,28.76732,6.819999999999997,0.1806547619047619,313,0,2
2022-10-08 22:06:24,FARM_01,167,30.25,89.7,0.0,Vegetative,Yes,Poor,9926.61,-17.08,Very Wet,2022-10,22,5,10,0,168.0,174.16666666666666,0.0,0.05714285714285714,29.3294375,6.819999999999997,0.1800595238095238,313,0,2
2022-10-08 22:06:24,FARM_01,167,30.16,87.7,0.0,Vegetative,Yes,Poor,9927.41,-17.01,Very Wet,2022-10,22,5,10,0,167.0,174.25,0.0,-0.17142857142857143,29.066776,3.0099999999999962,0.17952380952380953,313,0,2
2022-10-08 22:06:24,FARM_01,167,30.07,86.5,0.0,Vegetative,Yes,Poor,9927.51,-17.01,Very Wet,2022-10,22,5,10,0,167.0,174.25,0.0,-0.4,28.8768025,0.0,0.17898809523809525,313,0,2
2022-10-08 22:06:24,FARM_01,167,29.99,80.3,2.78,Vegetative,No,Good,9927.59,-17.0,Very Wet,2022-10,22,5,10,0,167.0,174.16666666666666,0.0,-0.42857142857142855,28.2574835,2.7799999999999963,0.17851190476190476,313,0,2
2022-10-08 22:06:24,FARM_01,168,29.97,80.4,0.0,Vegetative,Yes,Poor,9927.3,-17.02,Very Wet,2022-10,22,5,10,0,167.33333333333334,174.33333333333334,1.0,0.14285714285714285,28.248434,2.7799999999999963,0.17733727810650887,312,0,2
2022-10-08 22:06:24,FARM_01,167,30.64,81.9,0.0,Vegetative,Yes,Poor,9925.7,-17.16,Very Wet,2022-10,22,5,10,0,167.33333333333334,167.5,-1.0,0.08571428571428572,28.983488,2.7799999999999963,0.1823809523809524,313,0,2
2022-10-08 22:06:24,FARM_01,249,30.25,81.2,0.0,Vegetative,No,Good,9929.36,-16.85,Wet,2022-10,22,5,10,0,194.66666666666666,174.25,82.0,11.742857142857142,28.56975,0.0,0.121,231,0,3
2022-10-08 22:06:24,FARM_01,167,29.75,86.7,0.0,Vegetative,Yes,Poor,9926.5,-17.09,Very Wet,2022-10,22,5,10,0,194.33333333333334,174.25,-82.0,7.000000000000001,28.5978875,0.0,0.17708333333333334,313,0,2
2022-10-08 22:06:24,FARM_01,164,30.46,81.4,0.0,Vegetative,Yes,Poor,9925.97,-17.14,Very Wet,2022-10,22,5,10,0,193.33333333333334,174.0,-3.0,1.8285714285714285,28.776142,0.0,0.1846060606060606,316,0,2
2022-10-08 22:06:24,FARM_01,167,29.28,90.3,0.0,Vegetative,Yes,Poor,9925.28,-17.19,Very Wet,2022-10,22,5,10,0,166.0,173.91666666666666,3.0,-2.742857142857143,28.464812000000002,0.0,0.1742857142857143,313,0,2
2022-10-08 22:06:24,FARM_01,167,29.66,80.0,1.83,Vegetative,No,Good,9925.93,-17.14,Very Wet,2022-10,22,5,10,0,166.0,173.66666666666666,0.0,-7.114285714285714,27.9374,1.8299999999999965,0.17654761904761904,313,0,2
2022-10-08 22:06:24,FARM_01,330,29.27,78.7,0.0,Vegetative,No,Poor,9925.45,-17.18,Very Dry,2022-10,22,5,10,0,221.33333333333334,187.25,163.0,11.657142857142857,27.4811195,1.8299999999999965,0.08842900302114803,150,0,1
2022-10-08 22:06:24,FARM_01,166,29.44,78.9,0.44,Vegetative,No,Good,9925.45,-17.18,Very Wet,2022-10,22,5,10,0,221.0,187.16666666666666,-164.0,14.085714285714285,27.648188,2.2699999999999965,0.1762874251497006,314,0,2
2022-10-08 22:06:24,FARM_01,441,29.25,92.9,0.95,Vegetative,No,Poor,9925.48,-17.18,Very Dry,2022-10,22,5,10,0,312.3333333333333,210.0,275.0,44.142857142857146,28.654487500000002,1.3899999999999963,0.0661764705882353,39,0,1
2022-10-08 22:06:24,FARM_01,243,29.0,87.9,3.16,Vegetative,No,Good,9923.42,-17.35,Wet,2022-10,22,5,10,0,283.3333333333333,216.33333333333334,-198.0,29.65714285714286,28.00175,4.549999999999996,0.11885245901639344,237,0,3
2022-10-08 22:06:24,FARM_01,238,28.53,88.8,2.33,Vegetative,No,Good,9927.17,-17.03,Wet,2022-10,22,5,10,0,307.3333333333333,222.25,-5.0,10.542857142857143,27.634952000000002,6.439999999999996,0.1193723849372385,242,0,3
2022-10-08 22:06:24,FARM_01,369,29.22,96.7,0.0,Vegetative,No,Poor,9924.61,-17.25,Very Dry,2022-10,22,5,10,0,283.3333333333333,239.0,131.0,6.085714285714285,28.943756999999998,5.489999999999997,0.07897297297297297,111,0,1
2022-10-08 22:06:24,FARM_01,302,29.2,83.7,0.0,Vegetative,No,Poor,9924.47,-17.26,Dry,2022-10,22,5,10,0,303.0,250.25,-67.0,13.114285714285716,27.83732,2.3299999999999965,0.09636963696369637,178,0,0
2022-10-08 22:06:24,FARM_01,263,29.18,71.9,0.0,Vegetative,No,Good,9924.32,-17.27,Wet,2022-10,22,5,10,0,311.3333333333333,251.41666666666666,-39.0,-16.62857142857143,26.833931,0.0,0.11053030303030303,217,0,3
2022-10-08 22:06:24,FARM_01,216,29.16,79.7,1.43,Vegetative,No,Good,9924.18,-17.29,Wet,2022-10,22,5,10,0,260.3333333333333,255.5,-47.0,-3.6285714285714286,27.467386,1.4299999999999964,0.1343778801843318,264,0,3
2022-10-08 22:06:24,FARM_01,243,29.15,83.5,11.26,Vegetative,No,Good,9924.36,-17.27,Wet,2022-10,22,5,10,0,240.66666666666666,262.0833333333333,27.0,-13.514285714285714,27.7751375,12.689999999999996,0.1194672131147541,237,0,3
2022-10-08 22:06:24,FARM_01,243,28.98,80.2,0.0,Vegetative,No,Good,9923.63,-17.33,Wet,2022-10,22,5,10,0,234.0,268.4166666666667,0.0,-24.4,27.348678,12.689999999999996,0.11877049180327869,237,0,3
2022-10-08 22:06:24,FARM_01,244,29.13,82.1,0.0,Vegetative,No,Good,9924.22,-17.28,Wet,2022-10,22,5,10,0,243.33333333333334,274.8333333333333,1.0,-9.228571428571428,27.640451499999998,11.259999999999996,0.11889795918367346,236,0,3
2022-10-08 22:06:24,FARM_01,243,29.09,79.7,0.0,Vegetative,No,Good,9924.05,-17.3,Wet,2022-10,22,5,10,0,243.33333333333334,267.5833333333333,-1.0,-0.45714285714285713,27.4052015,0.0,0.11922131147540983,237,0,3
2022-10-08 22:06:24,FARM_01,243,29.07,83.9,6.89,Vegetative,No,Good,9923.91,-17.31,Wet,2022-10,22,5,10,0,243.33333333333334,274.0,0.0,3.8857142857142857,27.7355515,6.889999999999996,0.11913934426229508,237,0,3
2022-10-08 22:06:24,FARM_01,244,29.05,82.0,12.83,Vegetative,No,Good,9923.91,-17.31,Wet,2022-10,22,5,10,0,243.33333333333334,257.5833333333333,1.0,0.11428571428571428,27.56005,19.719999999999995,0.11857142857142858,236,0,3
2022-10-08 22:06:24,FARM_01,243,29.01,83.1,0.0,Vegetative,No,Good,9923.8,-17.32,Wet,2022-10,22,5,10,0,243.33333333333334,257.5833333333333,-1.0,0.0,27.6148205,19.72,0.11889344262295083,237,0,3
2022-10-08 22:06:24,FARM_01,243,29.11,88.4,0.0,Vegetative,No,Good,9924.02,-17.3,Wet,2022-10,22,5,10,0,243.33333333333334,258.0,0.0,-0.11428571428571428,28.145982,12.829999999999997,0.11930327868852458,237,0,3
2022-10-08 22:06:24,FARM_01,168,29.33,82.4,0.0,Vegetative,Yes,Poor,9925.55,-17.17,Very Wet,2022-10,22,5,10,0,218.0,241.25,-75.0,-10.742857142857142,27.846055999999997,0.0,0.17355029585798815,312,0,2
2022-10-08 22:06:24,FARM_01,243,28.97,84.0,0.6,Vegetative,No,Good,9923.45,-17.35,Wet,2022-10,22,5,10,0,218.0,236.33333333333334,75.0,-6.514285714285715,27.652639999999998,0.5999999999999982,0.1187295081967213,237,0,3
2022-10-08 22:06:24,FARM_01,243,28.95,82.2,0.0,Vegetative,No,Good,9923.48,-17.34,Wet,2022-10,22,5,10,0,218.0,234.66666666666666,0.0,-2.2857142857142856,27.486394999999998,0.5999999999999982,0.11864754098360655,237,0,3
2022-10-08 22:06:24,FARM_01,238,28.82,72.6,0.0,Vegetative,No,Good,9925.97,-17.14,Wet,2022-10,22,5,10,0,241.33333333333334,236.5,-5.0,1.4285714285714286,26.586626,0.5999999999999982,0.12058577405857741,242,0,3
2022-10-08 22:06:24,FARM_01,240,28.91,81.8,0.0,Vegetative,No,Good,9923.69,-17.33,Wet,2022-10,22,5,10,0,240.33333333333334,236.25,2.0,5.571428571428571,27.417509,0.0,0.1199585062240664,240,0,3
2022-10-08 22:06:24,FARM_01,238,28.89,86.1,0.0,Vegetative,No,Good,9923.86,-17.31,Wet,2022-10,22,5,10,0,238.66666666666666,235.83333333333334,-2.0,9.6,27.7516595,0.0,0.12087866108786612,242,0,3
2022-10-08 22:06:24,FARM_01,238,28.87,86.7,4.48,Vegetative,No,Good,9924.56,-17.25,Wet,2022-10,22,5,10,0,238.66666666666666,235.33333333333334,0.0,-1.0857142857142856,27.782259500000002,4.479999999999999,0.12079497907949792,242,0,3
2022-10-08 22:06:24,FARM_01,239,28.85,84.1,0.0,Vegetative,No,Good,9925.08,-17.21,Wet,2022-10,22,5,10,0,238.33333333333334,235.0,1.0,-0.6285714285714286,27.5513675,4.479999999999999,0.12020833333333333,241,0,3
2022-10-08 22:06:24,FARM_01,239,28.92,84.1,4.77,Vegetative,No,Good,9923.68,-17.33,Wet,2022-10,22,5,10,0,238.66666666666666,234.66666666666666,0.0,0.05714285714285714,27.615246000000003,9.249999999999998,0.12050000000000001,241,0,3
2022-10-08 22:06:24,FARM_01,238,28.84,89.0,0.0,Vegetative,No,Good,9925.45,-17.18,Wet,2022-10,22,5,10,0,238.66666666666666,234.16666666666666,-1.0,-0.17142857142857143,27.94218,4.769999999999998,0.12066945606694561,242,0,3
2022-10-08 22:06:24,FARM_01,239,28.71,86.1,0.0,Vegetative,No,Good,9926.73,-17.07,Wet,2022-10,22,5,10,0,238.66666666666666,233.83333333333334,1.0,0.14285714285714285,27.5854205,4.769999999999998,0.11962500000000001,241,0,3
2022-10-08 22:06:24,FARM_01,238,28.79,89.2,0.0,Vegetative,No,Good,9926.16,-17.12,Wet,2022-10,22,5,10,0,238.33333333333334,233.41666666666666,-1.0,-0.02857142857142857,27.911474,0.0,0.1204602510460251,242,0,3
2022-10-08 22:06:24,FARM_01,238,28.76,80.7,1.18,Vegetative,No,Good,9926.34,-17.1,Wet,2022-10,22,5,10,0,238.33333333333334,239.25,0.0,-0.2,27.193226000000003,1.1799999999999982,0.12033472803347281,242,0,3
2022-10-08 22:06:24,FARM_01,237,28.74,78.1,2.53,Vegetative,No,Good,9926.37,-17.1,Wet,2022-10,22,5,10,0,237.66666666666666,238.75,-1.0,-0.3142857142857143,26.964567,3.709999999999998,0.1207563025210084,243,0,3
2022-10-08 22:06:24,FARM_01,237,28.73,83.3,6.89,Vegetative,No,Good,9926.53,-17.09,Wet,2022-10,22,5,10,0,237.33333333333334,238.25,0.0,-0.3142857142857143,27.3770495,10.599999999999998,0.12071428571428572,243,0,3
2022-10-08 22:06:24,FARM_01,246,30.4,81.2,6.81,Vegetative,No,Good,9932.08,-16.62,Wet,2022-10,22,5,10,0,240.0,238.91666666666666,9.0,0.8857142857142857,28.70424,16.229999999999997,0.12307692307692307,234,0,3
2022-10-08 22:06:24,FARM_01,241,28.7,91.9,0.0,Vegetative,No,Good,9926.56,-17.09,Wet,2022-10,22,5,10,0,241.33333333333334,239.0,-5.0,1.1142857142857143,28.045115,13.699999999999996,0.11859504132231405,239,0,3
2022-10-08 22:06:24,FARM_01,238,28.67,89.4,9.04,Vegetative,No,Good,9926.93,-17.05,Wet,2022-10,22,5,10,0,241.66666666666666,239.0,-3.0,0.6,27.814739000000003,15.849999999999996,0.11995815899581591,242,0,3
2022-10-08 22:06:24,FARM_01,242,28.94,78.6,0.0,Vegetative,No,Good,9923.66,-17.33,Wet,2022-10,22,5,10,0,240.33333333333334,239.33333333333334,4.0,0.6571428571428571,27.181562,9.039999999999996,0.11909465020576132,238,0,3
2022-10-08 22:06:24,FARM_01,237,28.6,82.1,5.42,Vegetative,No,Good,9927.83,-16.98,Wet,2022-10,22,5,10,0,239.0,239.16666666666666,-5.0,-0.42857142857142855,27.16263,14.459999999999996,0.12016806722689076,243,0,3
2022-10-08 22:06:24,FARM_01,238,28.66,73.3,0.0,Vegetative,No,Good,9926.73,-17.07,Wet,2022-10,22,5,10,0,239.0,239.08333333333334,1.0,-1.3714285714285714,26.507179,5.419999999999996,0.1199163179916318,242,0,3
2022-10-08 22:06:24,FARM_01,238,28.65,77.6,0.0,Vegetative,No,Good,9927.44,-17.01,Wet,2022-10,22,5,10,0,237.66666666666666,239.08333333333334,0.0,-0.5714285714285714,26.845119999999998,5.419999999999996,0.11987447698744769,242,0,3
2022-10-08 22:06:24,FARM_01,237,28.63,84.8,0.0,Vegetative,No,Good,9927.64,-16.99,Wet,2022-10,22,5,10,0,237.66666666666666,238.91666666666666,-1.0,-0.45714285714285713,27.406931999999998,0.0,0.12029411764705882,243,0,3
2022-10-08 22:06:24,FARM_01,238,28.62,82.6,0.0,Vegetative,No,Good,9927.64,-16.99,Wet,2022-10,22,5,10,0,237.66666666666666,238.91666666666666,1.0,-0.5714285714285714,27.220866,0.0,0.1197489539748954,242,0,3
2022-10-08 22:06:24,FARM_01,239,28.61,84.1,0.0,Vegetative,No,Good,9927.64,-16.99,Wet,2022-10,22,5,10,0,238.0,239.0,1.0,0.2571428571428571,27.3323555,0.0,0.11920833333333333,241,0,3
2022-10-08 22:06:24,FARM_01,238,28.59,90.9,0.0,Vegetative,No,Good,9927.83,-16.98,Wet,2022-10,22,5,10,0,238.33333333333334,239.08333333333334,-1.0,0.11428571428571428,27.8597705,0.0,0.1196234309623431,242,0,3
2022-10-08 22:06:24,FARM_01,239,28.68,87.9,0.0,Vegetative,No,Good,9926.59,-17.08,Wet,2022-10,22,5,10,0,238.66666666666666,239.25,1.0,0.2571428571428571,27.703046,0.0,0.1195,241,0,3
2022-10-08 22:06:24,FARM_01,240,28.58,83.3,0.0,Vegetative,No,Good,9927.83,-16.98,Wet,2022-10,22,5,10,0,239.0,238.75,1.0,0.4857142857142857,27.240827,0.0,0.11858921161825725,240,0,3
2022-10-08 22:06:24,FARM_01,238,28.56,85.8,1.5,Vegetative,No,Good,9927.34,-17.02,Wet,2022-10,22,5,10,0,239.0,238.5,-2.0,0.11428571428571428,27.422863999999997,1.4999999999999964,0.11949790794979079,242,0,3
2022-10-08 22:06:24,FARM_01,237,28.55,85.3,0.0,Vegetative,No,Good,9926.98,-17.05,Wet,2022-10,22,5,10,0,238.33333333333334,238.41666666666666,-1.0,-0.2571428571428571,27.3736325,1.4999999999999964,0.11995798319327731,243,0,3
2022-10-08 22:06:24,FARM_01,237,28.52,83.5,0.74,Vegetative,No,Good,9927.0,-17.05,Wet,2022-10,22,5,10,0,237.33333333333334,238.0,0.0,-0.37142857142857144,27.20231,2.2399999999999967,0.11983193277310925,243,0,3
2022-10-08 22:06:24,FARM_01,238,28.09,87.7,0.28,Vegetative,No,Good,9921.36,-17.52,Wet,2022-10,22,5,10,0,237.33333333333334,238.08333333333334,1.0,-0.42857142857142855,27.1368115,1.0199999999999965,0.11753138075313807,242,0,3
2022-10-08 22:06:24,FARM_01,239,28.36,76.9,0.0,Vegetative,No,Good,9924.37,-17.27,Wet,2022-10,22,5,10,0,238.0,238.16666666666666,1.0,-0.14285714285714285,26.535562,1.0199999999999965,0.11816666666666667,241,0,3
2022-10-08 22:06:24,FARM_01,231,28.44,95.3,0.27,Vegetative,No,Good,9925.5,-17.18,Wet,2022-10,22,5,10,0,236.0,237.58333333333334,-8.0,-0.8,28.066726,0.5499999999999965,0.12258620689655172,249,0,3
2022-10-08 22:06:24,FARM_01,237,28.49,80.7,0.0,Vegetative,No,Good,9926.68,-17.08,Wet,2022-10,22,5,10,0,235.66666666666666,237.58333333333334,6.0,-0.4857142857142857,26.9518865,0.26999999999999647,0.11970588235294118,243,0,3
2022-10-08 22:06:24,FARM_01,238,28.48,85.6,0.0,Vegetative,No,Good,9926.36,-17.1,Wet,2022-10,22,5,10,0,235.33333333333334,237.58333333333334,1.0,-0.17142857142857143,27.333184,0.26999999999999647,0.11916317991631799,242,0,3
2022-10-08 22:06:24,FARM_01,238,28.47,83.3,0.0,Vegetative,No,Good,9926.19,-17.12,Wet,2022-10,22,5,10,0,237.66666666666666,237.5,0.0,0.08571428571428572,27.1409305,0.0,0.11912133891213389,242,0,3
2022-10-08 22:06:24,FARM_01,237,28.47,84.5,2.85,Vegetative,No,Good,9926.19,-17.12,Wet,2022-10,22,5,10,0,237.66666666666666,237.41666666666666,-1.0,0.34285714285714286,27.2364325,2.8499999999999965,0.11962184873949579,243,0,3
2022-10-08 22:06:24,FARM_01,238,28.35,85.8,8.71,Vegetative,No,Good,9924.37,-17.27,Wet,2022-10,22,5,10,0,237.66666666666666,237.33333333333334,1.0,1.0,27.229265,11.559999999999997,0.1186192468619247,242,0,3
2022-10-08 22:06:24,FARM_01,237,28.46,89.8,0.0,Vegetative,No,Good,9925.67,-17.16,Wet,2022-10,22,5,10,0,237.33333333333334,237.08333333333334,-1.0,-0.02857142857142857,27.648794000000002,11.559999999999997,0.1195798319327731,243,0,3
2022-10-08 22:06:24,FARM_01,238,28.43,83.7,0.0,Vegetative,No,Good,9924.98,-17.22,Wet,2022-10,22,5,10,0,237.66666666666666,237.08333333333334,1.0,-0.05714285714285714,27.1363505,8.709999999999997,0.11895397489539748,242,0,3
2022-10-08 22:06:24,FARM_01,238,28.36,78.6,0.0,Vegetative,No,Good,9924.17,-17.29,Wet,2022-10,22,5,10,0,237.66666666666666,237.16666666666666,0.0,0.05714285714285714,26.669828,0.0,0.11866108786610878,242,0,3
2022-10-08 22:06:24,FARM_01,237,28.42,80.8,2.67,Vegetative,No,Good,9924.5,-17.26,Wet,2022-10,22,5,10,0,237.66666666666666,237.16666666666666,-1.0,0.02857142857142857,26.897248,2.6699999999999964,0.11941176470588236,243,0,3
2022-10-08 22:06:24,FARM_01,237,28.41,79.8,0.0,Vegetative,No,Good,9924.67,-17.24,Wet,2022-10,22,5,10,0,237.33333333333334,237.08333333333334,0.0,-0.14285714285714285,26.809048999999998,2.6699999999999964,0.11936974789915966,243,0,3
2022-10-08 22:06:24,FARM_01,238,28.4,92.8,0.0,Vegetative,No,Good,9924.5,-17.26,Wet,2022-10,22,5,10,0,237.33333333333334,237.0,1.0,0.02857142857142857,27.829759999999997,2.6699999999999964,0.11882845188284519,242,0,3
2022-10-08 22:06:24,FARM_01,238,28.45,87.2,0.0,Vegetative,No,Good,9925.53,-17.17,Wet,2022-10,22,5,10,0,237.66666666666666,237.58333333333334,0.0,0.0,27.43272,0.0,0.11903765690376569,242,0,3
2022-10-08 22:06:24,FARM_01,238,28.22,85.0,0.0,Vegetative,No,Good,9923.38,-17.35,Wet,2022-10,22,5,10,0,238.0,237.66666666666666,0.0,0.11428571428571428,27.04685,0.0,0.11807531380753138,242,0,3
2022-10-08 22:06:24,FARM_01,248,29.85,84.1,10.36,Vegetative,No,Good,9928.8,-16.9,Wet,2022-10,22,5,10,0,241.33333333333334,238.5,10.0,1.6571428571428573,28.4639175,10.359999999999996,0.11987951807228917,232,0,3
2022-10-08 22:06:24,FARM_01,239,28.22,84.0,3.28,Vegetative,No,Good,9923.23,-17.37,Wet,2022-10,22,5,10,0,241.66666666666666,238.58333333333334,-9.0,1.1428571428571428,26.968639999999997,13.639999999999995,0.11758333333333333,241,0,3
2022-10-08 22:06:24,FARM_01,167,29.72,81.2,4.72,Vegetative,No,Good,9926.2,-17.12,Very Wet,2022-10,22,5,10,0,218.0,232.75,-72.0,-9.771428571428572,28.094552,18.359999999999996,0.1769047619047619,313,0,2
2022-10-08 22:06:24,FARM_01,238,28.51,85.8,0.0,Vegetative,No,Good,9927.02,-17.05,Wet,2022-10,22,5,10,0,214.66666666666666,232.75,71.0,-6.3428571428571425,27.376769000000003,7.9999999999999964,0.1192887029288703,242,0,3
2022-10-08 22:06:24,FARM_01,235,28.27,77.8,0.01,Vegetative,No,Good,9923.02,-17.38,Wet,2022-10,22,5,10,0,213.33333333333334,232.58333333333334,-3.0,-3.342857142857143,26.527632999999998,4.729999999999997,0.11978813559322034,245,0,3
2022-10-08 22:06:24,FARM_01,237,28.25,91.8,0.0,Vegetative,No,Good,9922.86,-17.4,Wet,2022-10,22,5,10,0,236.66666666666666,232.5,2.0,0.11428571428571428,27.607325,0.009999999999996447,0.11869747899159663,243,0,3
2022-10-08 22:06:24,FARM_01,238,28.24,84.0,1.69,Vegetative,No,Good,9923.03,-17.38,Wet,2022-10,22,5,10,0,236.66666666666666,232.5,1.0,5.771428571428571,26.98688,1.6999999999999964,0.11815899581589957,242,0,3
2022-10-08 22:06:24,FARM_01,238,28.23,83.1,0.0,Vegetative,No,Good,9923.05,-17.38,Wet,2022-10,22,5,10,0,237.66666666666666,232.58333333333334,0.0,10.2,26.9073215,1.6899999999999964,0.11811715481171549,242,0,3
2022-10-08 22:06:24,FARM_01,237,28.38,87.4,0.0,Vegetative,No,Good,9924.52,-17.26,Wet,2022-10,22,5,10,0,237.66666666666666,232.58333333333334,-1.0,0.14285714285714285,27.383466,1.6899999999999964,0.11924369747899159,243,0,3
2022-10-08 22:06:24,FARM_01,167,29.05,80.4,1.41,Vegetative,No,Good,9930.08,-16.79,Very Wet,2022-10,22,5,10,0,214.0,226.66666666666666,-70.0,-9.714285714285714,27.42761,1.4099999999999964,0.17291666666666666,313,0,2
2022-10-08 22:06:24,FARM_01,238,28.37,86.1,0.0,Vegetative,No,Good,9924.34,-17.27,Wet,2022-10,22,5,10,0,214.0,226.66666666666666,71.0,-5.971428571428571,27.2714135,1.4099999999999964,0.11870292887029289,242,0,3
2022-10-08 22:06:24,FARM_01,237,28.2,87.7,0.0,Vegetative,No,Good,9923.56,-17.34,Wet,2022-10,22,5,10,0,214.0,226.58333333333334,-1.0,-2.142857142857143,27.23937,1.4099999999999964,0.11848739495798319,243,0,3
2022-10-08 22:06:24,FARM_01,237,28.18,78.7,0.0,Vegetative,No,Good,9923.22,-17.37,Wet,2022-10,22,5,10,0,237.33333333333334,225.66666666666666,0.0,1.8857142857142857,26.518813,0.0,0.11840336134453781,243,0,3
2022-10-08 22:06:24,FARM_01,237,28.17,92.7,0.0,Vegetative,No,Good,9923.06,-17.38,Wet,2022-10,22,5,10,0,237.0,225.5,0.0,5.9714285714285715,27.601074500000003,0.0,0.11836134453781513,243,0,3
2022-10-08 22:06:24,FARM_01,238,28.17,85.5,0.0,Vegetative,No,Good,9922.89,-17.39,Wet,2022-10,22,5,10,0,237.33333333333334,231.41666666666666,1.0,10.057142857142857,27.039942500000002,0.0,0.11786610878661088,242,0,3
2022-10-08 22:06:24,FARM_01,244,28.16,82.1,4.75,Vegetative,No,Good,9922.38,-17.44,Wet,2022-10,22,5,10,0,239.66666666666666,231.91666666666666,6.0,0.9428571428571428,26.765947999999998,4.7499999999999964,0.11493877551020408,236,0,3
2022-10-08 22:06:24,FARM_01,238,28.15,83.2,0.0,Vegetative,No,Good,9922.38,-17.44,Wet,2022-10,22,5,10,0,240.0,232.16666666666666,-6.0,0.7714285714285715,26.84254,4.7499999999999964,0.11778242677824267,242,0,3
2022-10-08 22:06:24,FARM_01,238,28.29,87.9,16.28,Vegetative,No,Good,9923.02,-17.38,Wet,2022-10,22,5,10,0,240.0,232.25,0.0,0.4,27.3390005,21.029999999999998,0.11836820083682008,242,0,3
2022-10-08 22:06:24,FARM_01,237,28.19,85.8,1.78,Vegetative,No,Good,9923.39,-17.35,Wet,2022-10,22,5,10,0,237.66666666666666,232.16666666666666,-1.0,-0.17142857142857143,27.081761,18.06,0.11844537815126051,243,0,3
2022-10-08 22:06:24,FARM_01,238,28.08,85.1,0.0,Vegetative,No,Good,9921.22,-17.54,Wet,2022-10,22,5,10,0,237.66666666666666,232.16666666666666,1.0,-0.6,26.926143999999997,18.06,0.11748953974895397,242,0,3
2022-10-08 22:06:24,FARM_01,237,28.11,88.6,0.0,Vegetative,No,Good,9921.91,-17.48,Wet,2022-10,22,5,10,0,237.33333333333334,232.16666666666666,-1.0,-1.0285714285714285,27.225303,1.7799999999999965,0.118109243697479,243,0,3
2022-10-08 22:06:24,FARM_01,238,28.1,90.5,9.07,Vegetative,No,Good,9921.53,-17.51,Wet,2022-10,22,5,10,0,237.66666666666666,238.08333333333334,1.0,-0.05714285714285714,27.363275,9.069999999999997,0.11757322175732218,242,0,3
2022-10-08 22:06:24,FARM_01,237,28.09,79.1,0.0,Vegetative,No,Good,9921.36,-17.52,Wet,2022-10,22,5,10,0,237.33333333333334,238.0,-1.0,-0.08571428571428572,26.4703545,9.069999999999997,0.11802521008403362,243,0,3
2022-10-08 22:06:24,FARM_01,237,28.13,88.3,0.0,Vegetative,No,Good,9921.89,-17.48,Wet,2022-10,22,5,10,0,237.33333333333334,238.0,0.0,-0.05714285714285714,27.2207345,9.069999999999997,0.11819327731092437,243,0,3
2022-10-08 22:06:24,FARM_01,237,28.08,85.2,2.22,Vegetative,No,Good,9921.22,-17.54,Wet,2022-10,22,5,10,0,237.0,238.0,0.0,-0.17142857142857143,26.933888,2.2199999999999966,0.11798319327731091,243,0,3
2022-10-08 22:06:24,FARM_01,237,28.06,85.8,6.32,Vegetative,No,Good,9921.04,-17.55,Wet,2022-10,22,5,10,0,237.0,238.0,0.0,-0.08571428571428572,26.961914,8.539999999999997,0.11789915966386554,243,0,3
2022-10-08 22:06:24,FARM_01,166,29.06,85.9,4.72,Vegetative,No,Good,9922.2,-17.45,Very Wet,2022-10,22,5,10,0,213.33333333333334,232.0,-71.0,-10.285714285714286,27.892097,13.259999999999998,0.1740119760479042,314,0,2
2022-10-08 22:06:24,FARM_01,236,28.19,91.3,0.0,Vegetative,No,Good,9923.39,-17.35,Wet,2022-10,22,5,10,0,213.0,231.33333333333334,70.0,-6.228571428571429,27.5110085,11.039999999999996,0.1189451476793249,244,0,3
2022-10-08 22:06:24,FARM_01,237,28.02,83.4,8.02,Vegetative,No,Good,9920.38,-17.61,Wet,2022-10,22,5,10,0,213.0,231.25,1.0,-2.1142857142857143,26.739974,12.739999999999995,0.11773109243697479,243,0,3
2022-10-08 22:06:24,FARM_01,238,28.05,81.9,0.0,Vegetative,No,Good,9920.55,-17.59,Wet,2022-10,22,5,10,0,237.0,231.25,1.0,2.142857142857143,26.651322500000003,8.019999999999996,0.11736401673640168,242,0,3
2022-10-08 22:06:24,FARM_01,237,28.04,86.1,0.0,Vegetative,No,Good,9920.55,-17.59,Wet,2022-10,22,5,10,0,237.33333333333334,231.25,-1.0,6.2,26.966642,8.019999999999996,0.11781512605042016,243,0,3
2022-10-08 22:06:24,FARM_01,243,30.12,88.1,10.85,Vegetative,No,Good,9922.65,-17.42,Wet,2022-10,22,5,10,0,239.33333333333334,231.66666666666666,6.0,11.114285714285714,29.064946,10.849999999999996,0.12344262295081967,237,0,3
2022-10-08 22:06:24,FARM_01,237,28.14,87.9,0.0,Vegetative,No,Good,9922.41,-17.44,Wet,2022-10,22,5,10,0,239.0,231.66666666666666,-6.0,0.6285714285714286,27.198983000000002,10.849999999999996,0.11823529411764706,243,0,3
2022-10-08 22:06:24,FARM_01,238,28.31,87.2,0.0,Vegetative,No,Good,9923.51,-17.34,Wet,2022-10,22,5,10,0,239.33333333333334,231.66666666666666,1.0,0.22857142857142856,27.302576,10.849999999999996,0.11845188284518827,242,0,3
2022-10-08 22:06:24,FARM_01,238,28.04,85.1,0.0,Vegetative,No,Good,9920.55,-17.59,Wet,2022-10,22,5,10,0,237.66666666666666,231.75,0.0,-0.08571428571428572,26.889422,0.0,0.11732217573221757,242,0,3
2022-10-08 22:06:24,FARM_01,238,28.03,93.3,0.0,Vegetative,No,Good,9920.55,-17.59,Wet,2022-10,22,5,10,0,238.0,231.83333333333334,0.0,-0.2571428571428571,27.5129945,0.0,0.11728033472803348,242,0,3
2022-10-08 22:06:24,FARM_01,174,28.01,80.8,0.0,Vegetative,Yes,Poor,9920.39,-17.61,Very Wet,2022-10,22,5,10,0,216.66666666666666,226.58333333333334,-64.0,-9.771428571428572,26.530544,0.0,0.16005714285714287,306,0,2
2022-10-08 22:06:24,FARM_01,167,28.06,77.0,0.0,Vegetative,Yes,Poor,9920.36,-17.61,Very Wet,2022-10,22,5,10,0,193.0,220.75,-7.0,-15.485714285714286,26.281409999999997,0.0,0.16702380952380952,313,0,2
2022-10-08 22:06:24,FARM_01,166,28.33,92.4,0.0,Vegetative,Yes,Poor,9920.95,-17.56,Very Wet,2022-10,22,5,10,0,169.0,220.75,-1.0,-18.2,27.731005999999997,0.0,0.16964071856287424,314,0,2
2022-10-08 22:06:24,FARM_01,166,28.68,83.7,0.0,Vegetative,Yes,Poor,9921.45,-17.52,Very Wet,2022-10,22,5,10,0,166.33333333333334,214.91666666666666,0.0,-16.65714285714286,27.363938,0.0,0.17173652694610778,314,0,2
2022-10-08 22:06:24,FARM_01,237,28.21,79.4,0.0,Vegetative,No,Good,9923.54,-17.34,Wet,2022-10,22,5,10,0,189.66666666666666,214.91666666666666,71.0,-0.8571428571428563,26.600007,0.0,0.11852941176470588,243,0,3
2022-10-08 22:06:24,FARM_01,167,30.14,89.2,0.0,Vegetative,Yes,Poor,9923.32,-17.36,Very Wet,2022-10,22,5,10,0,190.0,209.0,-70.0,5.0,29.181284,0.0,0.1794047619047619,313,0,2
2022-10-08 22:06:24,FARM_01,321,29.29,84.0,0.0,Vegetative,No,Poor,9934.84,-16.39,Dry,2022-10,22,5,10,0,241.66666666666666,216.0,154.0,24.114285714285714,27.94448,0.0,0.09096273291925465,159,0,0
2022-10-08 22:06:24,FARM_01,245,30.43,83.5,0.0,Vegetative,No,Good,9922.23,-17.45,Wet,2022-10,22,5,10,0,244.33333333333334,216.16666666666666,-76.0,22.571428571428573,28.9389775,0.0,0.12369918699186992,235,0,3
2022-10-08 22:06:24,FARM_01,404,30.79,79.8,1.84,Vegetative,No,Poor,9922.38,-17.44,Very Dry,2022-10,22,5,10,0,323.3333333333333,230.08333333333334,159.0,39.08571428571429,28.924630999999998,1.8399999999999965,0.07602469135802468,76,0,1
2022-10-08 22:06:24,FARM_01,388,30.53,82.1,0.0,Vegetative,No,Poor,9923.28,-17.36,Very Dry,2022-10,22,5,10,0,345.6666666666667,242.58333333333334,-16.0,39.714285714285715,28.902621500000002,1.8399999999999965,0.07848329048843188,92,0,1
2022-10-08 22:06:24,FARM_01,318,30.6,79.6,0.02,Vegetative,No,Poor,9923.21,-17.37,Dry,2022-10,22,5,10,0,370.0,249.25,-70.0,31.857142857142858,28.73748,1.8599999999999965,0.09592476489028214,162,0,0
2022-10-08 22:06:24,FARM_01,272,30.69,84.1,0.0,Vegetative,No,Poor,9922.86,-17.4,Dry,2022-10,22,5,10,0,326.0,252.08333333333334,-46.0,-1.2,29.230459500000002,0.019999999999996448,0.11241758241758243,208,0,0
2022-10-08 22:06:24,FARM_01,237,28.07,76.8,0.0,Vegetative,No,Good,9920.88,-17.56,Wet,2022-10,22,5,10,0,275.6666666666667,257.3333333333333,-35.0,-14.457142857142857,26.274668000000002,0.019999999999996448,0.11794117647058823,243,0,3
2022-10-08 22:06:24,FARM_01,246,30.75,83.5,0.0,Vegetative,No,Good,9922.78,-17.4,Wet,2022-10,22,5,10,0,251.66666666666666,263.9166666666667,9.0,-36.82857142857143,29.2299375,0.0,0.12449392712550607,234,0,3
2022-10-08 22:06:24,FARM_01,306,30.78,90.2,16.1,Vegetative,No,Poor,9922.22,-17.45,Dry,2022-10,22,5,10,0,263.0,275.5833333333333,60.0,-18.885714285714286,29.875558,16.099999999999998,0.10026058631921825,174,0,0
2022-10-08 22:06:24,FARM_01,329,30.77,84.9,0.53,Vegetative,No,Poor,9921.91,-17.48,Dry,2022-10,22,5,10,0,293.6666666666667,289.1666666666667,23.0,4.742857142857143,29.3772515,16.63,0.09324242424242424,151,0,0
2022-10-08 22:06:24,FARM_01,256,30.48,87.2,0.0,Vegetative,No,Good,9922.0,-17.47,Wet,2022-10,22,5,10,0,297.0,290.75,-73.0,7.314285714285714,29.319808000000002,16.63,0.11859922178988327,224,0,3
2022-10-08 22:06:24,FARM_01,279,30.74,84.2,7.45,Vegetative,No,Poor,9921.62,-17.5,Dry,2022-10,22,5,10,0,288.0,300.0833333333333,23.0,7.514285714285714,29.285294,7.979999999999997,0.10978571428571428,201,0,0
2022-10-08 22:06:24,FARM_01,240,30.7,85.2,0.0,Vegetative,No,Good,9921.5,-17.51,Wet,2022-10,22,5,10,0,258.3333333333333,293.3333333333333,-39.0,-5.257142857142857,29.340619999999998,7.449999999999997,0.12738589211618256,240,0,3
2022-10-08 22:06:24,FARM_01,204,30.66,76.9,0.0,Vegetative,No,Good,9921.39,-17.52,Wet,2022-10,22,5,10,0,241.0,289.9166666666667,-36.0,-21.542857142857144,28.543347,7.449999999999997,0.1495609756097561,276,0,3
2022-10-08 22:06:24,FARM_01,243,30.61,86.3,0.0,Vegetative,No,Good,9921.62,-17.5,Wet,2022-10,22,5,10,0,229.0,276.5,39.0,-17.857142857142858,29.3584365,0.0,0.12545081967213115,237,0,3
2022-10-08 22:06:24,FARM_01,403,30.79,79.4,0.0,Vegetative,No,Poor,9922.38,-17.44,Very Dry,2022-10,22,5,10,0,283.3333333333333,277.75,160.0,16.885714285714286,28.887693,0.0,0.07621287128712871,77,0,1
2022-10-08 22:06:24,FARM_01,244,30.59,81.6,2.49,Vegetative,No,Good,9921.84,-17.48,Wet,2022-10,22,5,10,0,296.6666666666667,271.5833333333333,-159.0,10.085714285714285,28.911092,2.4899999999999967,0.12485714285714286,236,0,3
2022-10-08 22:06:24,FARM_01,244,30.32,77.5,5.31,Vegetative,No,Good,9922.02,-17.47,Wet,2022-10,22,5,10,0,297.0,269.25,0.0,8.571428571428571,28.3004,7.799999999999996,0.12375510204081633,236,0,3
2022-10-08 22:06:24,FARM_01,239,29.68,91.9,1.39,Vegetative,No,Good,9923.49,-17.34,Wet,2022-10,22,5,10,0,242.33333333333334,269.4166666666667,-5.0,0.5428571428571428,28.981456,9.189999999999996,0.12366666666666666,241,0,3
2022-10-08 22:06:24,FARM_01,244,30.27,92.2,0.0,Vegetative,No,Good,9922.45,-17.43,Wet,2022-10,22,5,10,0,242.33333333333334,269.25,5.0,-13.914285714285715,29.572017,6.699999999999996,0.12355102040816326,236,0,3
2022-10-08 22:06:24,FARM_01,245,30.22,90.9,1.18,Vegetative,No,Good,9922.16,-17.46,Wet,2022-10,22,5,10,0,242.66666666666666,264.1666666666667,1.0,-22.714285714285715,29.408189,2.5699999999999963,0.12284552845528454,235,0,3
2022-10-08 22:06:24,FARM_01,244,30.38,92.9,0.0,Vegetative,No,Good,9922.16,-17.46,Wet,2022-10,22,5,10,0,244.33333333333334,257.0833333333333,-1.0,0.22857142857142856,29.740361,1.1799999999999964,0.124,236,0,3
2022-10-08 22:06:24,FARM_01,231,28.02,84.1,0.0,Vegetative,No,Good,9920.72,-17.58,Wet,2022-10,22,5,10,0,240.0,255.0,-13.0,-1.4,26.793951,1.1799999999999964,0.12077586206896551,249,0,3
2022-10-08 22:06:24,FARM_01,241,30.07,81.4,0.0,Vegetative,No,Good,9923.22,-17.37,Wet,2022-10,22,5,10,0,238.66666666666666,251.83333333333334,10.0,-0.8571428571428571,28.426039,0.0,0.12425619834710744,239,0,3
2022-10-08 22:06:24,FARM_01,240,29.64,76.5,0.0,Vegetative,No,Good,9923.19,-17.37,Wet,2022-10,22,5,10,0,237.33333333333334,251.83333333333334,-1.0,-1.2857142857142858,27.61853,0.0,0.12298755186721992,240,0,3
2022-10-08 22:06:24,FARM_01,241,30.02,95.2,0.0,Vegetative,No,Good,9923.47,-17.35,Wet,2022-10,22,5,10,0,240.66666666666666,254.91666666666666,1.0,-0.6285714285714286,29.597072,0.0,0.1240495867768595,239,0,3
2022-10-08 22:06:24,FARM_01,167,28.66,87.3,0.0,Vegetative,Yes,Poor,9925.36,-17.19,Very Wet,2022-10,22,5,10,0,216.0,248.58333333333334,-74.0,-10.17142857142857,27.635998999999998,0.0,0.1705952380952381,313,0,2
2022-10-08 22:06:24,FARM_01,241,29.9,93.6,0.0,Vegetative,No,Good,9923.58,-17.34,Wet,2022-10,22,5,10,0,216.33333333333334,235.08333333333334,74.0,-4.885714285714286,29.34032,0.0,0.12355371900826445,239,0,3
2022-10-08 22:06:24,FARM_01,240,29.85,81.5,0.0,Vegetative,No,Good,9923.48,-17.34,Wet,2022-10,22,5,10,0,216.0,234.75,-1.0,-2.1714285714285713,28.2372625,0.0,0.12385892116182573,240,0,3
2022-10-08 22:06:24,FARM_01,240,29.81,89.7,0.0,Vegetative,No,Good,9923.36,-17.36,Wet,2022-10,22,5,10,0,240.33333333333334,234.41666666666666,0.0,2.0285714285714285,28.9143635,0.0,0.12369294605809128,240,0,3
2022-10-08 22:06:24,FARM_01,239,29.76,81.2,3.76,Vegetative,No,Good,9923.41,-17.35,Wet,2022-10,22,5,10,0,239.66666666666666,234.41666666666666,-1.0,5.942857142857143,28.130416,3.7599999999999962,0.12400000000000001,241,0,3
2022-10-08 22:06:24,FARM_01,239,29.72,83.5,0.0,Vegetative,No,Good,9923.28,-17.36,Wet,2022-10,22,5,10,0,239.33333333333334,234.0,0.0,10.114285714285714,28.293409999999998,3.7599999999999962,0.12383333333333332,241,0,3
2022-10-08 22:06:24,FARM_01,240,29.99,82.0,0.0,Vegetative,No,Good,9923.31,-17.36,Wet,2022-10,22,5,10,0,239.33333333333334,233.58333333333334,1.0,-0.2571428571428571,28.406989999999997,3.7599999999999962,0.12443983402489626,240,0,3
2022-10-08 22:06:24,FARM_01,244,30.54,71.4,0.0,Vegetative,No,Good,9922.08,-17.46,Wet,2022-10,22,5,10,0,241.0,233.58333333333334,4.0,0.5714285714285714,27.938258,0.0,0.1246530612244898,236,0,3
2022-10-08 22:06:24,FARM_01,240,29.6,81.7,3.8,Vegetative,No,Good,9923.6,-17.33,Wet,2022-10,22,5,10,0,241.33333333333334,234.33333333333334,-4.0,0.45714285714285713,28.029860000000003,3.7999999999999963,0.12282157676348548,240,0,3
2022-10-08 22:06:24,FARM_01,240,29.56,88.4,0.0,Vegetative,No,Good,9923.27,-17.36,Wet,2022-10,22,5,10,0,241.33333333333334,234.25,0.0,0.34285714285714286,28.567272,3.7999999999999963,0.12265560165975103,240,0,3
2022-10-08 22:06:24,FARM_01,209,29.28,92.1,9.39,Vegetative,No,Good,9923.73,-17.32,Wet,2022-10,22,5,10,0,229.66666666666666,231.66666666666666,-31.0,-4.4,28.616084,13.189999999999998,0.13942857142857143,271,0,3
2022-10-08 22:06:24,FARM_01,240,29.47,83.5,0.0,Vegetative,No,Good,9923.21,-17.37,Wet,2022-10,22,5,10,0,229.66666666666666,231.58333333333334,31.0,-3.0,28.066097499999998,9.389999999999997,0.12228215767634855,240,0,3
2022-10-08 22:06:24,FARM_01,238,29.44,90.7,0.0,Vegetative,No,Good,9923.39,-17.35,Wet,2022-10,22,5,10,0,229.0,237.5,-2.0,-1.7428571428571429,28.650244,9.389999999999997,0.12317991631799163,242,0,3
2022-10-08 22:06:24,FARM_01,239,29.41,92.3,3.58,Vegetative,No,Good,9923.59,-17.34,Wet,2022-10,22,5,10,0,239.0,237.33333333333334,1.0,0.5714285714285714,28.7573865,3.5799999999999965,0.12254166666666667,241,0,3
2022-10-08 22:06:24,FARM_01,237,29.34,78.6,0.0,Vegetative,No,Good,9923.47,-17.35,Wet,2022-10,22,5,10,0,238.0,237.08333333333334,-2.0,2.085714285714286,27.534482,3.5799999999999965,0.12327731092436975,243,0,3
2022-10-08 22:06:24,FARM_01,240,29.51,85.3,0.0,Vegetative,No,Good,9923.17,-17.37,Wet,2022-10,22,5,10,0,238.66666666666666,237.08333333333334,3.0,4.2,28.2560165,3.5799999999999965,0.122448132780083,240,0,3
2022-10-08 22:06:24,FARM_01,237,29.31,83.9,0.0,Vegetative,No,Good,9923.53,-17.34,Wet,2022-10,22,5,10,0,238.0,236.91666666666666,-3.0,-0.3142857142857143,27.954299499999998,0.0,0.12315126050420168,243,0,3
2022-10-08 22:06:24,FARM_01,166,29.09,74.8,0.0,Vegetative,Yes,Poor,9923.19,-17.37,Very Wet,2022-10,22,5,10,0,214.33333333333334,230.83333333333334,-71.0,-10.371428571428572,26.998526,0.0,0.17419161676646708,314,0,2
2022-10-08 22:06:24,FARM_01,167,29.17,84.3,0.0,Vegetative,Yes,Poor,9923.64,-17.33,Very Wet,2022-10,22,5,10,0,190.0,224.75,1.0,-16.457142857142856,27.860070500000003,0.0,0.17363095238095239,313,0,2
2022-10-08 22:06:24,FARM_01,167,29.14,85.0,3.98,Vegetative,No,Good,9923.18,-17.37,Very Wet,2022-10,22,5,10,0,166.66666666666666,218.33333333333334,0.0,-18.285714285714285,27.89095,3.9799999999999964,0.17345238095238097,313,0,2
2022-10-08 22:06:24,FARM_01,186,29.25,80.0,8.93,Vegetative,No,Good,9923.94,-17.31,Very Wet,2022-10,22,5,10,0,173.33333333333334,213.83333333333334,19.0,-13.685714285714285,27.5725,12.909999999999997,0.15641711229946523,294,0,2
2022-10-08 22:06:24,FARM_01,240,29.53,87.3,0.76,Vegetative,No,Good,9923.48,-17.34,Wet,2022-10,22,5,10,0,197.66666666666666,213.83333333333334,54.0,2.142857142857143,28.4452295,13.669999999999996,0.12253112033195021,240,0,3
2022-10-08 22:06:24,FARM_01,166,28.91,75.7,1.61,Vegetative,No,Good,9923.69,-17.33,Very Wet,2022-10,22,5,10,0,197.33333333333334,210.25,-74.0,6.8,26.9172785,11.299999999999997,0.17311377245508983,314,0,2
2022-10-08 22:06:24,FARM_01,167,29.01,78.9,0.0,Vegetative,Yes,Poor,9923.45,-17.35,Very Wet,2022-10,22,5,10,0,191.0,204.16666666666666,1.0,1.457142857142857,27.268089500000002,2.3699999999999966,0.17267857142857143,313,0,2
2022-10-08 22:06:24,FARM_01,168,28.99,83.6,0.0,Vegetative,Yes,Poor,9923.28,-17.36,Very Wet,2022-10,22,5,10,0,167.0,198.33333333333334,1.0,-3.6,27.637901999999997,1.6099999999999965,0.17153846153846153,312,0,2
2022-10-08 22:06:24,FARM_01,166,28.89,89.5,2.45,Vegetative,No,Good,9924.2,-17.28,Very Wet,2022-10,22,5,10,0,167.0,192.25,-2.0,-9.0,28.0301025,2.4499999999999966,0.1729940119760479,314,0,2
2022-10-08 22:06:24,FARM_01,166,29.05,90.7,0.0,Vegetative,Yes,Poor,9923.22,-17.37,Very Wet,2022-10,22,5,10,0,166.66666666666666,186.33333333333334,0.0,-10.542857142857143,28.280192500000002,2.4499999999999966,0.17395209580838325,314,0,2
2022-10-08 22:06:24,FARM_01,166,28.85,84.8,6.97,Vegetative,No,Good,9924.4,-17.27,Very Wet,2022-10,22,5,10,0,166.0,180.16666666666666,0.0,-0.14285714285714285,27.60854,9.419999999999996,0.17275449101796408,314,0,2
2022-10-08 22:06:24,FARM_01,166,28.83,85.6,0.0,Vegetative,Yes,Poor,9924.25,-17.28,Very Wet,2022-10,22,5,10,0,166.0,174.25,0.0,-0.3142857142857143,27.655464,6.969999999999996,0.17263473053892214,314,0,2
2022-10-08 22:06:24,FARM_01,179,28.74,87.1,0.96,Vegetative,No,Good,9924.82,-17.23,Very Wet,2022-10,22,5,10,0,170.33333333333334,175.33333333333334,13.0,1.5714285714285714,27.694197,7.929999999999996,0.15966666666666665,301,0,2
2022-10-08 22:06:24,FARM_01,238,29.95,87.9,2.98,Vegetative,No,Good,9923.22,-17.37,Wet,2022-10,22,5,10,0,194.33333333333334,181.25,59.0,11.4,28.8885275,3.9399999999999964,0.12531380753138074,242,0,3
2022-10-08 22:06:24,FARM_01,193,28.02,84.5,0.98,Vegetative,No,Good,9920.73,-17.58,Very Wet,2022-10,22,5,10,0,203.33333333333334,183.41666666666666,-45.0,10.4,26.824794999999998,4.919999999999996,0.14443298969072166,287,0,2
2022-10-08 22:06:24,FARM_01,167,29.11,83.8,0.0,Vegetative,Yes,Poor,9923.16,-17.37,Very Wet,2022-10,22,5,10,0,199.33333333333334,181.83333333333334,-26.0,4.142857142857143,27.763699,3.9599999999999964,0.17327380952380952,313,0,2
2022-10-08 22:06:24,FARM_01,178,31.45,79.6,0.0,Vegetative,No,Good,9927.78,-16.98,Very Wet,2022-10,22,5,10,0,179.33333333333334,176.66666666666666,11.0,-0.6,29.492109999999997,0.9799999999999964,0.17569832402234636,302,0,2
2022-10-08 22:06:24,FARM_01,166,28.53,86.8,0.0,Vegetative,Yes,Poor,9924.43,-17.27,Very Wet,2022-10,22,5,10,0,170.33333333333334,176.66666666666666,-12.0,-7.742857142857143,27.475122000000002,0.0,0.1708383233532934,314,0,2
2022-10-08 22:06:24,FARM_01,168,28.58,89.1,15.21,Vegetative,No,Good,9924.92,-17.22,Very Wet,2022-10,22,5,10,0,170.66666666666666,176.75,2.0,-12.0,27.705928999999998,15.209999999999997,0.16911242603550294,312,0,2
2022-10-08 22:06:24,FARM_01,164,28.58,88.9,0.0,Vegetative,Yes,Poor,9924.92,-17.22,Very Wet,2022-10,22,5,10,0,166.0,176.41666666666666,-4.0,-4.4,27.689891,15.209999999999997,0.1732121212121212,316,0,2
2022-10-08 22:06:24,FARM_01,167,28.62,83.6,0.0,Vegetative,Yes,Poor,9925.06,-17.21,Very Wet,2022-10,22,5,10,0,166.33333333333334,176.5,3.0,-1.1428571428571428,27.301276,15.209999999999997,0.17035714285714287,313,0,2
2022-10-08 22:06:24,FARM_01,167,28.51,81.6,15.83,Vegetative,No,Good,9924.09,-17.29,Very Wet,2022-10,22,5,10,0,166.0,176.58333333333334,0.0,-1.6,27.041588,15.829999999999997,0.16970238095238097,313,0,2
2022-10-08 22:06:24,FARM_01,168,28.34,87.8,0.0,Vegetative,Yes,Poor,9922.66,-17.41,Very Wet,2022-10,22,5,10,0,167.33333333333334,176.75,1.0,0.2857142857142857,27.377786,15.829999999999997,0.1676923076923077,312,0,2
2022-10-08 22:06:24,FARM_01,167,28.45,91.3,0.0,Vegetative,Yes,Poor,9923.63,-17.33,Very Wet,2022-10,22,5,10,0,167.33333333333334,176.83333333333334,-1.0,0.2,27.758567499999998,15.829999999999997,0.1693452380952381,313,0,2
2022-10-08 22:06:24,FARM_01,167,28.44,86.8,0.0,Vegetative,Yes,Poor,9923.27,-17.36,Very Wet,2022-10,22,5,10,0,167.33333333333334,175.83333333333334,0.0,0.45714285714285713,27.391656,0.0,0.1692857142857143,313,0,2
2022-10-08 22:06:24,FARM_01,166,28.32,79.4,0.0,Vegetative,Yes,Poor,9922.48,-17.43,Very Wet,2022-10,22,5,10,0,166.66666666666666,169.83333333333334,-1.0,-0.17142857142857143,26.697544,0.0,0.1695808383233533,314,0,2
2022-10-08 22:06:24,FARM_01,204,28.25,77.8,0.0,Vegetative,No,Good,9922.69,-17.41,Wet,2022-10,22,5,10,0,179.0,170.75,38.0,5.114285714285714,26.510075,0.0,0.1378048780487805,276,0,3
2022-10-08 22:06:24,FARM_01,165,28.3,81.1,3.93,Vegetative,No,Good,9922.48,-17.43,Very Wet,2022-10,22,5,10,0,178.33333333333334,170.58333333333334,-39.0,2.7142857142857144,26.813515,3.9299999999999966,0.1704819277108434,315,0,2
2022-10-08 22:06:24,FARM_01,165,28.29,89.9,0.0,Vegetative,Yes,Poor,9922.5,-17.43,Very Wet,2022-10,22,5,10,0,178.0,169.5,0.0,0.6285714285714286,27.4961905,3.9299999999999966,0.17042168674698796,315,0,2
2022-10-08 22:06:24,FARM_01,2,178.7,48.6,0.0,Vegetative,Yes,Poor,-2120.4,-13.47,Very Wet,2022-10,22,5,10,0,110.66666666666667,155.83333333333334,-163.0,-24.771428571428572,132.13931,3.9299999999999966,59.56666666666666,478,0,2
2022-10-08 22:06:24,FARM_01,185,28.27,90.8,0.0,Vegetative,No,Good,9922.67,-17.41,Very Wet,2022-10,22,5,10,0,117.33333333333333,157.25,183.0,-14.6,27.547938,0.0,0.15198924731182795,295,0,2
2022-10-08 22:06:24,FARM_01,185,28.26,87.6,0.0,Vegetative,No,Good,9922.7,-17.41,Very Wet,2022-10,22,5,10,0,124.0,159.0,0.0,-5.6571428571428575,27.287468,0.0,0.15193548387096775,295,0,2
2022-10-08 22:06:24,FARM_01,174,28.27,92.4,0.0,Vegetative,Yes,Poor,9922.33,-17.44,Very Wet,2022-10,22,5,10,0,181.33333333333334,159.58333333333334,-11.0,8.228571428571428,27.673514,0.0,0.16154285714285713,306,0,2
2022-10-08 22:06:24,FARM_01,189,28.24,80.1,0.31,Vegetative,No,Good,9922.38,-17.44,Very Wet,2022-10,22,5,10,0,182.66666666666666,161.41666666666666,15.0,18.17142857142857,26.681431999999997,0.30999999999999645,0.14863157894736842,291,0,2
2022-10-08 22:06:24,FARM_01,177,28.23,78.2,2.89,Vegetative,No,Good,9922.38,-17.44,Very Wet,2022-10,22,5,10,0,180.0,162.16666666666666,-12.0,25.02857142857143,26.523823,3.1999999999999966,0.15859550561797753,303,0,2
2022-10-08 22:06:24,FARM_01,176,28.23,85.9,18.3,Vegetative,No,Good,9922.38,-17.44,Very Wet,2022-10,22,5,10,0,180.66666666666666,162.91666666666666,-1.0,-1.542857142857143,27.1264635,21.499999999999996,0.15949152542372882,304,0,2
2022-10-08 22:06:24,FARM_01,176,28.22,83.1,0.0,Vegetative,No,Good,9922.38,-17.44,Very Wet,2022-10,22,5,10,0,176.33333333333334,163.66666666666666,0.0,-1.457142857142857,26.898251,21.189999999999998,0.15943502824858757,304,0,2
2022-10-08 22:06:24,FARM_01,188,28.24,81.6,0.0,Vegetative,No,Good,9922.34,-17.44,Very Wet,2022-10,22,5,10,0,180.0,165.5,12.0,0.8571428571428571,26.798911999999998,18.299999999999997,0.14941798941798942,292,0,2
2022-10-08 22:06:24,FARM_01,5,178.7,43.4,0.0,Vegetative,Yes,Poor,-2120.4,-13.47,Very Wet,2022-10,22,5,10,0,123.0,148.91666666666666,-183.0,-25.34285714285714,127.42888999999998,0.0,29.78333333333333,475,0,2
2022-10-08 22:06:24,FARM_01,241,30.06,91.1,4.07,Vegetative,No,Good,9925.3,-17.19,Wet,2022-10,22,5,10,0,144.66666666666666,155.25,236.0,-5.171428571428572,29.273863,4.069999999999997,0.12421487603305785,239,0,3
2022-10-08 22:06:24,FARM_01,165,28.31,75.1,0.0,Vegetative,Yes,Poor,9922.65,-17.42,Very Wet,2022-10,22,5,10,0,137.0,155.25,-76.0,-1.2285714285714286,26.350245499999996,4.069999999999997,0.1705421686746988,315,0,2
2022-10-08 22:06:24,FARM_01,175,29.17,79.5,0.0,Vegetative,No,Good,9923.3,-17.36,Very Wet,2022-10,22,5,10,0,193.66666666666666,169.66666666666666,10.0,4.628571428571429,27.459582500000003,4.069999999999997,0.16573863636363637,305,0,2
2022-10-08 22:06:24,FARM_01,176,29.47,80.4,0.0,Vegetative,No,Good,9923.55,-17.34,Very Wet,2022-10,22,5,10,0,172.0,168.91666666666666,1.0,10.685714285714285,27.802334,0.0,0.16649717514124293,304,0,2
2022-10-08 22:06:24,FARM_01,175,29.69,82.7,0.0,Vegetative,No,Good,9923.52,-17.34,Very Wet,2022-10,22,5,10,0,175.33333333333334,168.08333333333334,-1.0,19.0,28.1970965,0.0,0.16869318181818183,305,0,2
2022-10-08 22:06:24,FARM_01,239,29.85,89.9,0.0,Vegetative,No,Good,9923.66,-17.33,Wet,2022-10,22,5,10,0,196.66666666666666,173.5,64.0,0.6,28.9695325,0.0,0.124375,241,0,3
2022-10-08 22:06:24,FARM_01,166,28.69,88.1,0.0,Vegetative,Yes,Poor,9925.39,-17.18,Very Wet,2022-10,22,5,10,0,193.33333333333334,171.58333333333334,-73.0,5.599999999999999,27.7285395,0.0,0.17179640718562875,314,0,2
2022-10-08 22:06:24,FARM_01,176,28.21,95.0,0.0,Vegetative,No,Good,9922.52,-17.43,Very Wet,2022-10,22,5,10,0,193.66666666666666,171.5,10.0,1.1142857142857143,27.819225,0.0,0.15937853107344632,304,0,2
2022-10-08 22:06:24,FARM_01,179,31.54,83.5,2.05,Vegetative,No,Good,9927.97,-16.97,Very Wet,2022-10,22,5,10,0,173.66666666666666,171.75,3.0,-1.5714285714285714,29.948245,2.0499999999999963,0.17522222222222222,301,0,2
2022-10-08 22:06:24,FARM_01,239,29.91,87.2,0.0,Vegetative,No,Good,9923.6,-17.33,Wet,2022-10,22,5,10,0,198.0,177.0,60.0,4.285714285714286,28.789936,2.0499999999999963,0.124625,241,0,3
2022-10-08 22:06:24,FARM_01,240,30.12,85.8,0.0,Vegetative,No,Good,9923.3,-17.36,Wet,2022-10,22,5,10,0,219.33333333333334,181.33333333333334,1.0,6.485714285714286,28.861028,2.0499999999999963,0.1249792531120332,240,0,3
2022-10-08 22:06:24,FARM_01,243,30.15,81.2,9.3,Vegetative,No,Good,9924.31,-17.28,Wet,2022-10,22,5,10,0,240.66666666666666,201.16666666666666,3.0,18.2,28.48009,9.299999999999997,0.1235655737704918,237,0,3
2022-10-08 22:06:24,FARM_01,241,30.14,95.2,0.0,Vegetative,No,Good,9924.52,-17.26,Wet,2022-10,22,5,10,0,241.33333333333334,201.16666666666666,-2.0,14.8,29.713904,9.299999999999997,0.12454545454545454,239,0,3
2022-10-08 22:06:24,FARM_01,241,30.12,86.7,0.0,Vegetative,No,Good,9924.7,-17.24,Wet,2022-10,22,5,10,0,241.66666666666666,207.5,0.0,9.114285714285714,28.940822,9.299999999999997,0.12446280991735538,239,0,3
2022-10-08 22:06:24,FARM_01,241,30.1,87.2,1.16,Vegetative,No,Good,9925.06,-17.21,Wet,2022-10,22,5,10,0,241.0,213.0,0.0,0.3142857142857143,28.96656,1.1599999999999964,0.1243801652892562,239,0,3
2022-10-08 22:06:24,FARM_01,242,30.03,81.4,0.0,Vegetative,No,Good,9925.87,-17.14,Wet,2022-10,22,5,10,0,241.33333333333334,218.5,1.0,0.11428571428571428,28.390131,1.1599999999999964,0.12358024691358026,238,0,3
2022-10-08 22:06:24,FARM_01,242,29.99,82.9,8.75,Vegetative,No,Good,9926.05,-17.13,Wet,2022-10,22,5,10,0,241.66666666666666,224.08333333333334,0.0,-0.05714285714285714,28.486140499999998,9.909999999999997,0.12341563786008229,238,0,3
2022-10-08 22:06:24,FARM_01,242,29.97,79.1,12.93,Vegetative,No,Good,9926.09,-17.13,Wet,2022-10,22,5,10,0,242.0,224.33333333333334,0.0,0.2571428571428571,28.134248499999998,21.679999999999996,0.12333333333333332,238,0,3
2022-10-08 22:06:24,FARM_01,243,29.64,86.6,0.0,Vegetative,No,Good,9925.94,-17.14,Wet,2022-10,22,5,10,0,242.33333333333334,230.75,1.0,0.37142857142857144,28.487332000000002,21.679999999999996,0.12147540983606557,237,0,3
2022-10-08 22:06:24,FARM_01,243,29.89,87.7,0.0,Vegetative,No,Good,9926.36,-17.1,Wet,2022-10,22,5,10,0,242.66666666666666,236.33333333333334,0.0,0.37142857142857144,28.8150415,12.929999999999996,0.1225,237,0,3
2022-10-08 22:06:24,FARM_01,242,29.85,86.1,0.0,Vegetative,No,Good,9926.41,-17.1,Wet,2022-10,22,5,10,0,242.66666666666666,241.58333333333334,-1.0,0.11428571428571428,28.6382675,0.0,0.12283950617283951,238,0,3
2022-10-08 22:06:24,FARM_01,241,29.8,78.6,0.0,Vegetative,No,Good,9926.13,-17.12,Wet,2022-10,22,5,10,0,242.0,241.75,-1.0,-0.14285714285714285,27.94034,0.0,0.1231404958677686,239,0,3
2022-10-08 22:06:24,FARM_01,243,29.76,95.3,0.0,Vegetative,No,Good,9926.32,-17.11,Wet,2022-10,22,5,10,0,242.0,242.0,2.0,-0.05714285714285714,29.352604,0.0,0.1219672131147541,237,0,3
2022-10-08 22:06:24,FARM_01,244,29.72,80.4,11.67,Vegetative,No,Good,9926.02,-17.13,Wet,2022-10,22,5,10,0,242.66666666666666,242.08333333333334,1.0,0.11428571428571428,28.025384,11.669999999999996,0.12130612244897959,236,0,3
2022-10-08 22:06:24,FARM_01,240,30.16,89.1,0.0,Vegetative,No,Good,9924.31,-17.28,Wet,2022-10,22,5,10,0,242.33333333333334,242.0,-4.0,-0.2,29.191208,11.669999999999996,0.12514522821576762,240,0,3
2022-10-08 22:06:24,FARM_01,425,29.34,83.7,0.0,Vegetative,No,Poor,9925.73,-17.16,Very Dry,2022-10,22,5,10,0,303.0,257.3333333333333,185.0,26.085714285714285,27.964769,11.669999999999996,0.06887323943661972,55,0,1
2022-10-08 22:06:24,FARM_01,206,29.56,83.1,10.89,Vegetative,No,Good,9925.84,-17.15,Wet,2022-10,22,5,10,0,290.3333333333333,254.41666666666666,-219.0,10.485714285714286,28.113698,10.889999999999997,0.14280193236714975,274,0,3
2022-10-08 22:06:24,FARM_01,185,29.52,89.1,0.0,Vegetative,No,Good,9925.55,-17.17,Very Wet,2022-10,22,5,10,0,272.0,249.66666666666666,-21.0,-6.257142857142857,28.589575999999997,10.889999999999997,0.15870967741935485,295,0,2
2022-10-08 22:06:24,FARM_01,177,29.5,81.0,0.0,Vegetative,No,Good,9925.75,-17.15,Very Wet,2022-10,22,5,10,0,189.33333333333334,244.25,-8.0,-20.542857142857144,27.88025,10.889999999999997,0.16573033707865167,303,0,2
2022-10-08 22:06:24,FARM_01,177,29.47,81.1,0.95,Vegetative,No,Good,9925.95,-17.14,Very Wet,2022-10,22,5,10,0,179.66666666666666,238.83333333333334,0.0,-30.857142857142858,27.861893499999997,0.9499999999999964,0.165561797752809,303,0,2
2022-10-08 22:06:24,FARM_01,176,29.43,78.4,0.0,Vegetative,No,Good,9925.63,-17.16,Very Wet,2022-10,22,5,10,0,176.66666666666666,233.25,-1.0,-38.285714285714285,27.596916,0.9499999999999964,0.16627118644067795,304,0,2
2022-10-08 22:06:24,FARM_01,252,29.6,81.2,0.0,Vegetative,No,Good,9925.83,-17.15,Wet,2022-10,22,5,10,0,201.66666666666666,234.0,76.0,5.8,27.986960000000003,0.9499999999999964,0.11699604743083004,228,0,3
2022-10-08 22:06:24,FARM_01,256,29.4,93.4,0.0,Vegetative,No,Good,9925.48,-17.18,Wet,2022-10,22,5,10,0,228.0,235.16666666666666,4.0,16.542857142857144,28.84098,0.0,0.11439688715953307,224,0,3
2022-10-08 22:06:24,FARM_01,434,29.3,84.0,7.09,Vegetative,No,Poor,9925.77,-17.15,Very Dry,2022-10,22,5,10,0,314.0,251.25,178.0,45.65714285714286,27.9536,7.089999999999996,0.06735632183908045,46,0,1
2022-10-08 22:06:24,FARM_01,343,28.94,84.0,0.0,Vegetative,No,Poor,9921.6,-17.5,Very Dry,2022-10,22,5,10,0,344.3333333333333,259.5833333333333,-91.0,45.94285714285714,27.62528,7.089999999999996,0.08412790697674419,137,0,1
2022-10-08 22:06:24,FARM_01,330,29.24,83.6,0.0,Vegetative,No,Poor,9924.8,-17.23,Very Dry,2022-10,22,5,10,0,369.0,266.75,-13.0,34.885714285714286,27.865351999999998,7.089999999999996,0.08833836858006042,150,0,1
2022-10-08 22:06:24,FARM_01,334,29.21,82.8,4.95,Vegetative,No,Poor,9924.29,-17.28,Very Dry,2022-10,22,5,10,0,335.6666666666667,274.5833333333333,4.0,15.457142857142857,27.771134,4.949999999999997,0.08719402985074627,146,0,1
2022-10-08 22:06:24,FARM_01,330,29.18,92.8,0.0,Vegetative,No,Poor,9923.8,-17.32,Very Dry,2022-10,22,5,10,0,331.3333333333333,266.6666666666667,-4.0,1.6285714285714286,28.578872,4.949999999999997,0.0881570996978852,150,0,1
2022-10-08 22:06:24,FARM_01,376,29.17,87.5,0.42,Vegetative,No,Poor,9923.64,-17.33,Very Dry,2022-10,22,5,10,0,346.6666666666667,280.8333333333333,46.0,-9.285714285714286,28.1270625,5.3699999999999966,0.0773740053050398,104,0,1
2022-10-08 22:06:24,FARM_01,279,29.37,90.9,0.0,Vegetative,No,Poor,9925.86,-17.14,Dry,2022-10,22,5,10,0,328.3333333333333,288.6666666666667,-97.0,-5.314285714285714,28.600731500000002,0.41999999999999643,0.10489285714285715,201,0,0
2022-10-08 22:06:24,FARM_01,336,29.12,93.1,0.0,Vegetative,No,Poor,9923.36,-17.36,Very Dry,2022-10,22,5,10,0,330.3333333333333,301.9166666666667,57.0,-2.5428571428571427,28.546196000000002,0.41999999999999643,0.08640949554896142,144,0,1
2022-10-08 22:06:24,FARM_01,349,29.27,84.9,0.0,Vegetative,No,Poor,9925.63,-17.16,Very Dry,2022-10,22,5,10,0,321.3333333333333,316.25,13.0,-0.11428571428571428,28.0018265,0.0,0.08362857142857143,131,0,1
2022-10-08 22:06:24,FARM_01,336,29.1,92.9,0.0,Vegetative,No,Poor,9922.84,-17.4,Very Dry,2022-10,22,5,10,0,340.3333333333333,329.5833333333333,-13.0,0.17142857142857143,28.510345,0.0,0.08635014836795253,144,0,1
2022-10-08 22:06:24,FARM_01,333,29.03,84.3,0.0,Vegetative,No,Poor,9921.53,-17.51,Very Dry,2022-10,22,5,10,0,339.3333333333333,336.3333333333333,-3.0,-0.8857142857142857,27.7321595,0.0,0.08691616766467067,147,0,1
2022-10-08 22:06:24,FARM_01,334,29.01,77.9,0.0,Vegetative,No,Poor,9921.39,-17.52,Very Dry,2022-10,22,5,10,0,334.3333333333333,342.8333333333333,1.0,7.228571428571429,27.185534500000003,0.0,0.08659701492537314,146,0,1
2022-10-08 22:06:24,FARM_01,338,28.97,95.8,2.21,Vegetative,No,Poor,9921.23,-17.53,Very Dry,2022-10,22,5,10,0,335.0,334.8333333333333,4.0,-1.0857142857142856,28.624192999999998,2.2099999999999964,0.08545722713864307,142,0,1
2022-10-08 22:06:24,FARM_01,339,28.96,89.6,3.8,Vegetative,No,Poor,9921.42,-17.52,Very Dry,2022-10,22,5,10,0,337.0,334.5,1.0,-1.2285714285714286,28.104288,6.009999999999996,0.0851764705882353,141,0,1
2022-10-08 22:06:24,FARM_01,336,29.08,80.7,8.28,Vegetative,No,Poor,9922.36,-17.44,Very Dry,2022-10,22,5,10,0,337.6666666666667,335.0,-3.0,0.6285714285714286,27.479257999999998,14.289999999999996,0.08629080118694361,144,0,1
2022-10-08 22:06:24,FARM_01,339,28.92,77.7,0.0,Vegetative,No,Poor,9921.8,-17.49,Very Dry,2022-10,22,5,10,0,338.0,335.4166666666667,3.0,1.0571428571428572,27.090062000000003,12.079999999999995,0.08505882352941177,141,0,1
2022-10-08 22:06:24,FARM_01,337,28.9,81.4,0.53,Vegetative,No,Poor,9922.0,-17.47,Very Dry,2022-10,22,5,10,0,337.3333333333333,336.0,-2.0,0.42857142857142855,27.375729999999997,8.809999999999995,0.08550295857988165,143,0,1
2022-10-08 22:06:24,FARM_01,342,28.88,81.2,0.0,Vegetative,No,Poor,9922.14,-17.46,Very Dry,2022-10,22,5,10,0,339.3333333333333,333.1666666666667,5.0,0.4857142857142857,27.341408,0.5299999999999965,0.08419825072886297,138,0,1
2022-10-08 22:06:24,FARM_01,339,28.84,79.9,1.38,Vegetative,No,Poor,9922.86,-17.4,Very Dry,2022-10,22,5,10,0,339.3333333333333,338.1666666666667,-3.0,0.45714285714285713,27.199438,1.9099999999999964,0.0848235294117647,141,0,1
2022-10-08 22:06:24,FARM_01,339,28.82,89.5,0.0,Vegetative,No,Poor,9922.72,-17.41,Very Dry,2022-10,22,5,10,0,340.0,338.4166666666667,0.0,0.5714285714285714,27.964145000000002,1.3799999999999963,0.08476470588235294,141,0,1
2022-10-08 22:06:24,FARM_01,337,28.79,76.9,0.0,Vegetative,No,Poor,9923.09,-17.38,Very Dry,2022-10,22,5,10,0,338.3333333333333,337.4166666666667,-2.0,-0.2,26.9109305,1.3799999999999963,0.08517751479289941,143,0,1
2022-10-08 22:06:24,FARM_01,339,28.77,89.4,0.0,Vegetative,No,Poor,9923.09,-17.38,Very Dry,2022-10,22,5,10,0,338.3333333333333,337.6666666666667,2.0,-0.14285714285714285,27.908909,0.0,0.08461764705882353,141,0,1
2022-10-08 22:06:24,FARM_01,340,28.75,83.7,3.62,Vegetative,No,Poor,9922.91,-17.39,Very Dry,2022-10,22,5,10,0,338.6666666666667,338.25,1.0,-0.34285714285714286,27.4276625,3.6199999999999966,0.08431085043988269,140,0,1
2022-10-08 22:06:24,FARM_01,336,29.05,97.6,0.0,Vegetative,No,Poor,9922.02,-17.47,Very Dry,2022-10,22,5,10,0,338.3333333333333,338.4166666666667,-4.0,-0.2857142857142857,28.85134,3.6199999999999966,0.08620178041543027,144,0,1
2022-10-08 22:06:24,FARM_01,339,28.74,85.7,0.0,Vegetative,No,Poor,9922.94,-17.39,Very Dry,2022-10,22,5,10,0,338.3333333333333,338.5,3.0,-0.05714285714285714,27.580699,3.6199999999999966,0.08452941176470588,141,0,1
2022-10-08 22:06:24,FARM_01,347,28.71,84.3,0.61,Vegetative,No,Poor,9922.97,-17.39,Very Dry,2022-10,22,5,10,0,340.6666666666667,339.1666666666667,8.0,1.3142857142857143,27.439791500000002,0.6099999999999964,0.0825,133,0,1
2022-10-08 22:06:24,FARM_01,347,28.69,76.3,0.0,Vegetative,No,Poor,9922.97,-17.39,Very Dry,2022-10,22,5,10,0,344.3333333333333,340.0833333333333,0.0,1.8285714285714285,26.7751585,0.6099999999999964,0.08244252873563218,133,0,1
2022-10-08 22:06:24,FARM_01,340,28.67,81.0,0.0,Vegetative,No,Poor,9922.97,-17.39,Very Dry,2022-10,22,5,10,0,344.6666666666667,340.1666666666667,-7.0,1.1714285714285715,27.136985000000003,0.6099999999999964,0.08407624633431085,140,0,1
2022-10-08 22:06:24,FARM_01,340,28.65,84.5,2.26,Vegetative,No,Poor,9923.16,-17.37,Very Dry,2022-10,22,5,10,0,342.3333333333333,340.4166666666667,0.0,0.6571428571428571,27.4010875,2.2599999999999962,0.08401759530791789,140,0,1
2022-10-08 22:06:24,FARM_01,339,28.64,79.3,0.0,Vegetative,No,Poor,9923.16,-17.37,Very Dry,2022-10,22,5,10,0,339.6666666666667,340.1666666666667,-1.0,-0.8,26.973236,2.2599999999999962,0.08423529411764706,141,0,1
2022-10-08 22:06:24,FARM_01,336,28.86,87.5,4.22,Vegetative,No,Poor,9922.52,-17.43,Very Dry,2022-10,22,5,10,0,338.3333333333333,339.9166666666667,-3.0,-2.257142857142857,27.838375,6.479999999999996,0.0856379821958457,144,0,1
2022-10-08 22:06:24,FARM_01,342,28.63,80.0,0.0,Vegetative,No,Poor,9923.19,-17.37,Very Dry,2022-10,22,5,10,0,339.0,340.1666666666667,6.0,-1.0857142857142856,27.020699999999998,4.219999999999996,0.08346938775510204,138,0,1
2022-10-08 22:06:24,FARM_01,342,28.6,85.4,7.07,Vegetative,No,Poor,9923.55,-17.34,Very Dry,2022-10,22,5,10,0,340.0,340.5833333333333,0.0,0.37142857142857144,27.42762,11.289999999999996,0.08338192419825073,138,0,1
2022-10-08 22:06:24,FARM_01,342,28.51,85.1,0.0,Vegetative,No,Poor,9923.6,-17.33,Very Dry,2022-10,22,5,10,0,342.0,340.8333333333333,0.0,0.7142857142857143,27.320905500000002,7.069999999999997,0.0831195335276968,138,0,1
2022-10-08 22:06:24,FARM_01,341,28.59,85.1,0.0,Vegetative,No,Poor,9923.89,-17.31,Very Dry,2022-10,22,5,10,0,341.6666666666667,340.9166666666667,-1.0,0.8,27.3943495,7.069999999999997,0.08359649122807017,139,0,1
2022-10-08 22:06:24,FARM_01,343,28.57,87.6,8.08,Vegetative,No,Poor,9923.55,-17.34,Very Dry,2022-10,22,5,10,0,342.0,341.5,2.0,0.9142857142857143,27.576325999999998,8.079999999999997,0.08305232558139534,137,0,1
2022-10-08 22:06:24,FARM_01,344,28.56,85.5,0.0,Vegetative,No,Poor,9923.75,-17.32,Very Dry,2022-10,22,5,10,0,342.6666666666667,341.9166666666667,1.0,0.34285714285714286,27.39884,8.079999999999997,0.08278260869565217,136,0,1
2022-10-08 22:06:24,FARM_01,343,28.54,82.7,0.22,Vegetative,No,Poor,9923.55,-17.34,Very Dry,2022-10,22,5,10,0,343.3333333333333,341.5833333333333,-1.0,0.37142857142857144,27.156519,8.299999999999997,0.08296511627906976,137,0,1
2022-10-08 22:06:24,FARM_01,342,28.72,79.9,0.0,Vegetative,No,Poor,9922.94,-17.39,Very Dry,2022-10,22,5,10,0,343.0,341.1666666666667,-1.0,0.2,27.092703999999998,0.21999999999999645,0.08373177842565598,138,0,1
2022-10-08 22:06:24,FARM_01,342,28.52,91.7,13.74,Vegetative,No,Poor,9923.41,-17.35,Very Dry,2022-10,22,5,10,0,342.3333333333333,341.3333333333333,0.0,0.02857142857142857,27.857162,13.959999999999997,0.08314868804664723,138,0,1
2022-10-08 22:06:24,FARM_01,240,30.15,84.7,0.0,Vegetative,No,Good,9924.0,-17.3,Wet,2022-10,22,5,10,0,308.0,333.0,-102.0,-14.914285714285715,28.790977499999997,13.739999999999997,0.12510373443983402,240,0,3
2022-10-08 22:06:24,FARM_01,345,28.48,87.1,0.0,Vegetative,No,Poor,9923.8,-17.32,Very Dry,2022-10,22,5,10,0,309.0,333.5,105.0,-8.685714285714285,27.452644,13.739999999999997,0.0823121387283237,135,0,1
2022-10-08 22:06:24,FARM_01,342,28.44,81.9,0.0,Vegetative,No,Poor,9924.13,-17.29,Very Dry,2022-10,22,5,10,0,309.0,334.0,-3.0,-2.8,27.002498000000003,0.0,0.08291545189504373,138,0,1
2022-10-08 22:06:24,FARM_01,344,28.42,82.0,0.0,Vegetative,No,Poor,9924.47,-17.26,Very Dry,2022-10,22,5,10,0,343.6666666666667,334.1666666666667,2.0,3.2857142857142856,26.992420000000003,0.0,0.0823768115942029,136,0,1
2022-10-08 22:06:24,FARM_01,242,29.93,79.4,0.0,Vegetative,No,Good,9926.14,-17.12,Wet,2022-10,22,5,10,0,309.3333333333333,325.8333333333333,-102.0,-5.457142857142857,28.125131,0.0,0.12316872427983538,238,0,3
2022-10-08 22:06:24,FARM_01,343,28.39,78.8,0.0,Vegetative,No,Poor,9924.32,-17.27,Very Dry,2022-10,22,5,10,0,309.6666666666667,325.9166666666667,101.0,5.942857142857143,26.712126,0.0,0.08252906976744186,137,0,1
2022-10-08 22:06:24,FARM_01,343,28.34,89.5,0.0,Vegetative,No,Poor,9924.71,-17.24,Very Dry,2022-10,22,5,10,0,309.3333333333333,326.0833333333333,0.0,-3.1142857142857143,27.511865,0.0,0.08238372093023255,137,0,1
2022-10-08 22:06:24,FARM_01,344,28.38,85.3,0.52,Vegetative,No,Poor,9924.52,-17.26,Very Dry,2022-10,22,5,10,0,343.3333333333333,326.1666666666667,1.0,3.085714285714286,27.217377,0.5199999999999965,0.08226086956521739,136,0,1
2022-10-08 22:06:24,FARM_01,344,28.37,89.1,0.0,Vegetative,No,Poor,9924.69,-17.24,Very Dry,2022-10,22,5,10,0,343.6666666666667,326.1666666666667,0.0,8.742857142857142,27.5085185,0.5199999999999965,0.08223188405797102,136,0,1
2022-10-08 22:06:24,FARM_01,342,28.29,83.5,0.0,Vegetative,No,Poor,9923.7,-17.33,Very Dry,2022-10,22,5,10,0,343.3333333333333,326.0833333333333,-2.0,14.4,26.9931825,0.5199999999999965,0.08247813411078717,138,0,1
2022-10-08 22:06:24,FARM_01,346,28.35,86.8,1.4,Vegetative,No,Poor,9924.88,-17.23,Very Dry,2022-10,22,5,10,0,344.0,326.4166666666667,4.0,0.34285714285714286,27.30819,1.3999999999999964,0.08170028818443804,134,0,1
2022-10-08 22:06:24,FARM_01,343,28.29,79.4,0.0,Vegetative,No,Poor,9923.7,-17.33,Very Dry,2022-10,22,5,10,0,343.6666666666667,326.5,-3.0,0.11428571428571428,26.670943,1.3999999999999964,0.08223837209302326,137,0,1
2022-10-08 22:06:24,FARM_01,345,28.33,87.4,22.63,Vegetative,No,Poor,9924.68,-17.24,Very Dry,2022-10,22,5,10,0,344.6666666666667,335.25,2.0,0.17142857142857143,27.336931,24.029999999999994,0.081878612716763,135,0,1
2022-10-08 22:06:24,FARM_01,344,28.32,75.7,0.0,Vegetative,No,Poor,9924.53,-17.26,Very Dry,2022-10,22,5,10,0,344.0,335.1666666666667,-1.0,0.17142857142857143,26.406132,22.629999999999995,0.08208695652173913,136,0,1
2022-10-08 22:06:24,FARM_01,345,28.32,78.3,0.0,Vegetative,No,Poor,9924.53,-17.26,Very Dry,2022-10,22,5,10,0,344.6666666666667,335.4166666666667,1.0,0.3142857142857143,26.610908,22.629999999999995,0.08184971098265896,135,0,1
2022-10-08 22:06:24,FARM_01,343,28.31,81.0,0.0,Vegetative,No,Poor,9924.02,-17.3,Very Dry,2022-10,22,5,10,0,344.0,335.3333333333333,-2.0,-0.2857142857142857,26.814605,0.0,0.08229651162790698,137,0,1
2022-10-08 22:06:24,FARM_01,344,28.3,89.7,4.62,Vegetative,No,Poor,9923.84,-17.31,Very Dry,2022-10,22,5,10,0,344.0,343.8333333333333,1.0,0.0,27.489905,4.6199999999999966,0.08202898550724638,136,0,1
2022-10-08 22:06:24,FARM_01,342,28.28,86.3,0.0,Vegetative,No,Poor,9923.36,-17.36,Very Dry,2022-10,22,5,10,0,343.0,343.75,-2.0,-0.4857142857142857,27.204002000000003,4.6199999999999966,0.08244897959183674,138,0,1
2022-10-08 22:06:24,FARM_01,343,28.27,86.5,0.0,Vegetative,No,Poor,9923.52,-17.34,Very Dry,2022-10,22,5,10,0,343.0,343.75,1.0,-0.37142857142857144,27.2104525,4.6199999999999966,0.08218023255813954,137,0,1
2022-10-08 22:06:24,FARM_01,345,29.75,81.2,0.0,Vegetative,No,Poor,9925.13,-17.21,Very Dry,2022-10,22,5,10,0,343.3333333333333,343.8333333333333,2.0,-0.05714285714285714,28.12145,0.0,0.08598265895953758,135,0,1
2022-10-08 22:06:24,FARM_01,345,28.4,78.3,0.0,Vegetative,No,Poor,9924.5,-17.26,Very Dry,2022-10,22,5,10,0,344.3333333333333,343.9166666666667,0.0,0.4,26.681359999999998,0.0,0.08208092485549133,135,0,1
2022-10-08 22:06:24,FARM_01,342,28.27,85.0,1.37,Vegetative,No,Poor,9923.21,-17.37,Very Dry,2022-10,22,5,10,0,344.0,343.9166666666667,-3.0,0.02857142857142857,27.092724999999998,1.3699999999999966,0.0824198250728863,138,0,1
2022-10-08 22:06:24,FARM_01,340,28.26,87.7,0.0,Vegetative,No,Poor,9922.86,-17.4,Very Dry,2022-10,22,5,10,0,342.3333333333333,343.4166666666667,-2.0,-0.37142857142857144,27.295311,1.3699999999999966,0.08287390029325514,140,0,1
2022-10-08 22:06:24,FARM_01,342,28.26,91.9,0.48,Vegetative,No,Poor,9922.86,-17.4,Very Dry,2022-10,22,5,10,0,341.3333333333333,343.3333333333333,2.0,-0.6571428571428571,27.624717,1.8499999999999965,0.08239067055393587,138,0,1
2022-10-08 22:06:24,FARM_01,342,28.25,89.0,0.0,Vegetative,No,Poor,9922.69,-17.41,Very Dry,2022-10,22,5,10,0,341.3333333333333,343.0833333333333,0.0,-0.7428571428571429,27.387875,0.47999999999999643,0.08236151603498543,138,0,1
2022-10-08 22:06:24,FARM_01,342,28.24,84.8,0.0,Vegetative,No,Poor,9922.52,-17.43,Very Dry,2022-10,22,5,10,0,342.0,342.9166666666667,0.0,-0.37142857142857144,27.049536,0.47999999999999643,0.08233236151603499,138,0,1
2022-10-08 22:06:24,FARM_01,343,28.24,87.3,0.0,Vegetative,No,Poor,9922.2,-17.45,Very Dry,2022-10,22,5,10,0,342.3333333333333,342.75,1.0,0.3142857142857143,27.245335999999998,0.0,0.08209302325581395,137,0,1
2022-10-08 22:06:24,FARM_01,341,28.22,84.9,0.0,Vegetative,No,Poor,9921.52,-17.51,Very Dry,2022-10,22,5,10,0,342.0,342.5833333333333,-2.0,0.22857142857142856,27.039029,0.0,0.08251461988304093,139,0,1
2022-10-08 22:06:24,FARM_01,344,28.22,85.1,0.0,Vegetative,No,Poor,9921.48,-17.51,Very Dry,2022-10,22,5,10,0,342.6666666666667,342.5833333333333,3.0,0.22857142857142856,27.054671,0.0,0.08179710144927536,136,0,1
2022-10-08 22:06:24,FARM_01,344,28.21,80.4,0.89,Vegetative,No,Poor,9922.0,-17.47,Very Dry,2022-10,22,5,10,0,343.0,342.75,0.0,0.4,26.678162,0.8899999999999965,0.08176811594202898,136,0,1
2022-10-08 22:06:24,FARM_01,342,28.4,87.6,0.4,Vegetative,No,Poor,9922.27,-17.45,Very Dry,2022-10,22,5,10,0,343.3333333333333,342.6666666666667,-2.0,0.17142857142857143,27.41792,1.2899999999999965,0.08279883381924198,138,0,1
2022-10-08 22:06:24,FARM_01,344,28.47,76.9,0.0,Vegetative,No,Poor,9923.97,-17.3,Very Dry,2022-10,22,5,10,0,343.3333333333333,342.5833333333333,2.0,0.22857142857142856,26.631586499999997,1.2899999999999965,0.08252173913043478,136,0,1
2022-10-08 22:06:24,FARM_01,344,28.43,78.2,0.0,Vegetative,No,Poor,9924.3,-17.28,Very Dry,2022-10,22,5,10,0,343.3333333333333,342.5,0.0,0.37142857142857144,26.699843,0.39999999999999647,0.08240579710144927,136,0,1
2022-10-08 22:06:24,FARM_01,240,30.08,92.1,2.52,Vegetative,No,Good,9923.38,-17.35,Wet,2022-10,22,5,10,0,309.3333333333333,334.0,-104.0,-14.8,29.381324,2.5199999999999965,0.12481327800829875,240,0,3
2022-10-08 22:06:24,FARM_01,345,29.35,89.6,0.0,Vegetative,No,Poor,9924.35,-17.27,Very Dry,2022-10,22,5,10,0,309.6666666666667,334.4166666666667,105.0,-8.6,28.471980000000002,2.5199999999999965,0.08482658959537573,135,0,1
2022-10-08 22:06:24,FARM_01,344,30.85,82.7,0.0,Vegetative,No,Poor,9927.11,-17.04,Very Dry,2022-10,22,5,10,0,309.6666666666667,334.5833333333333,-1.0,-2.6,29.2467225,2.5199999999999965,0.08942028985507247,136,0,1
2022-10-08 22:06:24,FARM_01,342,31.74,80.5,0.0,Vegetative,No,Poor,9928.77,-16.9,Very Dry,2022-10,22,5,10,0,343.6666666666667,334.5833333333333,-2.0,2.7142857142857144,29.837384999999998,0.0,0.09253644314868804,138,0,1
2022-10-08 22:06:24,FARM_01,341,31.98,86.0,0.0,Vegetative,No,Poor,9928.78,-16.9,Very Dry,2022-10,22,5,10,0,342.3333333333333,334.5,-1.0,8.285714285714286,30.59554,0.0,0.09350877192982457,139,0,1
2022-10-08 22:06:24,FARM_01,350,32.16,92.3,6.33,Vegetative,No,Poor,9929.12,-16.87,Very Dry,2022-10,22,5,10,0,344.3333333333333,335.0833333333333,9.0,15.314285714285715,31.390923999999995,6.3299999999999965,0.09162393162393162,130,0,1
2022-10-08 22:06:24,FARM_01,368,32.22,77.8,0.0,Vegetative,No,Poor,9928.62,-16.91,Very Dry,2022-10,22,5,10,0,353.0,337.3333333333333,18.0,3.7714285714285714,29.995338,6.3299999999999965,0.0873170731707317,112,0,1
2022-10-08 22:06:24,FARM_01,397,32.31,90.0,0.0,Vegetative,No,Poor,9928.59,-16.91,Very Dry,2022-10,22,5,10,0,371.6666666666667,341.75,29.0,10.057142857142857,31.302950000000003,6.3299999999999965,0.08118090452261308,83,0,1
2022-10-08 22:06:24,FARM_01,283,32.36,86.6,0.0,Vegetative,No,Poor,9928.13,-16.95,Dry,2022-10,22,5,10,0,349.3333333333333,336.6666666666667,-114.0,-3.1142857142857143,31.006868,0.0,0.11394366197183098,197,0,0
2022-10-08 22:06:24,FARM_01,286,32.38,85.7,1.22,Vegetative,No,Poor,9927.73,-16.99,Dry,2022-10,22,5,10,0,322.0,332.0,3.0,-12.771428571428572,30.934413000000003,1.2199999999999964,0.11282229965156795,194,0,0
2022-10-08 22:06:24,FARM_01,248,32.37,88.0,0.0,Vegetative,No,Good,9927.59,-17.0,Wet,2022-10,22,5,10,0,272.3333333333333,324.0,-38.0,-24.857142857142858,31.157579999999996,1.2199999999999964,0.12999999999999998,232,0,3
2022-10-08 22:06:24,FARM_01,197,32.35,85.5,0.0,Vegetative,No,Good,9927.28,-17.03,Very Wet,2022-10,22,5,10,0,243.66666666666666,311.75,-51.0,-37.114285714285714,30.8865875,1.2199999999999964,0.16338383838383838,283,0,2
2022-10-08 22:06:24,FARM_01,240,32.32,76.1,0.0,Vegetative,No,Good,9927.56,-17.0,Wet,2022-10,22,5,10,0,228.33333333333334,311.75,43.0,-30.885714285714286,29.911836,0.0,0.1341078838174274,240,0,3
2022-10-08 22:06:24,FARM_01,240,32.27,85.0,0.0,Vegetative,No,Good,9927.48,-17.01,Wet,2022-10,22,5,10,0,225.66666666666666,303.0,0.0,-11.542857142857143,30.762725000000003,0.0,0.13390041493775934,240,0,3
2022-10-08 22:06:24,FARM_01,240,32.21,80.0,0.0,Vegetative,No,Good,9927.27,-17.03,Wet,2022-10,22,5,10,0,240.0,294.3333333333333,0.0,-6.0285714285714285,30.2069,0.0,0.1336514522821577,240,0,3
2022-10-08 22:06:24,FARM_01,240,32.15,84.1,0.0,Vegetative,No,Good,9927.22,-17.03,Wet,2022-10,22,5,10,0,240.0,285.8333333333333,0.0,2.5428571428571427,30.562782499999997,0.0,0.13340248962655601,240,0,3
2022-10-08 22:06:24,FARM_01,344,31.47,83.8,0.0,Vegetative,No,Poor,9928.25,-16.94,Very Dry,2022-10,22,5,10,0,274.6666666666667,286.0833333333333,104.0,21.0,29.913422999999998,0.0,0.09121739130434782,136,0,1
2022-10-08 22:06:24,FARM_01,240,32.08,73.9,0.0,Vegetative,No,Good,9926.7,-17.07,Wet,2022-10,22,5,10,0,274.6666666666667,276.9166666666667,-104.0,8.914285714285715,29.484616,0.0,0.13311203319502074,240,0,3
2022-10-08 22:06:24,FARM_01,239,32.0,86.6,0.0,Vegetative,No,Good,9926.32,-17.11,Wet,2022-10,22,5,10,0,274.3333333333333,266.1666666666667,-1.0,2.8285714285714287,30.6734,0.0,0.13333333333333333,241,0,3
2022-10-08 22:06:24,FARM_01,225,31.89,79.4,0.29,Vegetative,No,Good,9926.58,-17.08,Wet,2022-10,22,5,10,0,234.66666666666666,251.83333333333334,-14.0,-5.2,29.863063,0.2899999999999964,0.1411061946902655,255,0,3
2022-10-08 22:06:24,FARM_01,176,31.37,85.1,0.0,Vegetative,No,Good,9926.2,-17.12,Very Wet,2022-10,22,5,10,0,213.33333333333334,242.91666666666666,-49.0,-19.37142857142857,29.9465285,0.2899999999999964,0.1772316384180791,304,0,2
2022-10-08 22:06:24,FARM_01,210,31.82,85.9,0.0,Vegetative,No,Good,9926.19,-17.12,Wet,2022-10,22,5,10,0,203.66666666666666,236.58333333333334,34.0,-25.02857142857143,30.438059000000003,0.2899999999999964,0.15080568720379148,270,0,3
2022-10-08 22:06:24,FARM_01,191,31.74,95.6,0.0,Vegetative,No,Good,9926.19,-17.12,Very Wet,2022-10,22,5,10,0,192.33333333333334,231.83333333333334,-19.0,-10.885714285714286,31.310692,0.0,0.1653125,289,0,2
2022-10-08 22:06:24,FARM_01,179,31.66,84.7,0.0,Vegetative,No,Good,9926.34,-17.1,Very Wet,2022-10,22,5,10,0,193.33333333333334,230.33333333333334,-12.0,-10.514285714285714,30.173911,0.0,0.1758888888888889,301,0,2
2022-10-08 22:06:24,FARM_01,174,31.59,90.1,5.72,Vegetative,No,Good,9926.48,-17.09,Very Wet,2022-10,22,5,10,0,181.33333333333334,224.83333333333334,-5.0,-7.571428571428571,30.6322245,5.719999999999996,0.1805142857142857,306,0,2
2022-10-08 22:06:24,FARM_01,176,31.51,82.5,0.0,Vegetative,No,Good,9925.95,-17.14,Very Wet,2022-10,22,5,10,0,176.33333333333334,219.5,2.0,-3.4285714285714284,29.824662500000002,5.719999999999996,0.1780225988700565,304,0,2
2022-10-08 22:06:24,FARM_01,177,31.44,78.6,0.34,Vegetative,No,Good,9926.41,-17.1,Very Wet,2022-10,22,5,10,0,175.66666666666666,214.25,1.0,-6.142857142857143,29.387312,6.059999999999996,0.17662921348314609,303,0,2
2022-10-08 22:06:24,FARM_01,177,31.3,87.2,0.65,Vegetative,No,Good,9926.36,-17.1,Very Wet,2022-10,22,5,10,0,176.66666666666666,209.0,0.0,-2.1142857142857143,30.08208,0.9899999999999964,0.17584269662921348,303,0,2
2022-10-08 22:06:24,FARM_01,224,31.97,89.4,0.0,Vegetative,No,Good,9926.42,-17.1,Wet,2022-10,22,5,10,0,192.66666666666666,199.0,47.0,6.714285714285714,30.922349,0.9899999999999964,0.14208888888888888,256,0,3
2022-10-08 22:06:24,FARM_01,177,31.24,90.3,0.0,Vegetative,No,Good,9926.63,-17.08,Very Wet,2022-10,22,5,10,0,192.66666666666666,193.75,-47.0,4.542857142857143,30.320245999999997,0.6499999999999964,0.1755056179775281,303,0,2
2022-10-08 22:06:24,FARM_01,182,31.3,80.4,0.0,Vegetative,No,Good,9927.05,-17.04,Very Wet,2022-10,22,5,10,0,194.33333333333334,189.0,5.0,2.2,29.43506,0.0,0.17103825136612022,298,0,2
2022-10-08 22:06:24,FARM_01,344,31.17,84.5,2.54,Vegetative,No,Poor,9927.59,-17.0,Very Dry,2022-10,22,5,10,0,234.33333333333334,198.91666666666666,162.0,22.942857142857143,29.7062575,2.5399999999999965,0.09034782608695653,136,0,1
2022-10-08 22:06:24,FARM_01,344,30.14,83.7,0.06,Vegetative,No,Poor,9925.72,-17.16,Very Dry,2022-10,22,5,10,0,290.0,212.91666666666666,0.0,34.285714285714285,28.693049000000002,2.5999999999999965,0.08736231884057971,136,0,1
2022-10-08 22:06:24,FARM_01,346,28.65,82.0,4.3,Vegetative,No,Poor,9942.68,-15.73,Very Dry,2022-10,22,5,10,0,344.6666666666667,224.25,2.0,36.371428571428574,27.19965,6.899999999999997,0.08256484149855907,134,0,1
2022-10-08 22:06:24,FARM_01,182,31.66,77.0,3.46,Vegetative,No,Good,9927.89,-16.97,Very Wet,2022-10,22,5,10,0,290.6666666666667,223.5,-164.0,14.771428571428572,29.42601,7.819999999999996,0.1730054644808743,298,0,2
2022-10-08 22:06:24,FARM_01,173,29.62,93.8,0.08,Vegetative,No,Good,9927.34,-17.02,Very Wet,2022-10,22,5,10,0,233.66666666666666,223.0,-9.0,-15.114285714285714,29.087358000000002,7.839999999999996,0.17022988505747128,307,0,2
2022-10-08 22:06:24,FARM_01,179,31.79,81.1,0.0,Vegetative,No,Good,9927.8,-16.98,Very Wet,2022-10,22,5,10,0,178.0,223.41666666666666,6.0,-42.91428571428571,29.9407295,3.5399999999999965,0.1766111111111111,301,0,2
2022-10-08 22:06:24,FARM_01,179,31.77,86.9,9.45,Vegetative,No,Good,9926.99,-17.05,Very Wet,2022-10,22,5,10,0,177.0,223.66666666666666,0.0,-38.142857142857146,30.4896715,9.529999999999996,0.1765,301,0,2
2022-10-08 22:06:24,FARM_01,344,30.94,81.2,0.0,Vegetative,No,Poor,9926.64,-17.08,Very Dry,2022-10,22,5,10,0,234.0,237.58333333333334,165.0,-0.37142857142857144,29.188404000000002,9.449999999999996,0.08968115942028985,136,0,1
2022-10-08 22:06:24,FARM_01,177,31.46,73.5,0.0,Vegetative,No,Good,9926.88,-17.06,Very Wet,2022-10,22,5,10,0,233.33333333333334,237.58333333333334,-167.0,13.942857142857143,28.915205,9.449999999999996,0.17674157303370788,303,0,2
2022-10-08 22:06:24,FARM_01,214,31.74,83.4,0.06,Vegetative,No,Good,9926.88,-17.06,Wet,2022-10,22,5,10,0,245.0,236.75,37.0,10.4,30.120338,0.059999999999996445,0.1476279069767442,266,0,3
2022-10-08 22:06:24,FARM_01,187,31.7,90.6,0.0,Vegetative,No,Good,9926.62,-17.08,Very Wet,2022-10,22,5,10,0,192.66666666666666,237.58333333333334,-27.0,-0.6285714285714286,30.78491,0.059999999999996445,0.16861702127659575,293,0,2
2022-10-08 22:06:24,FARM_01,183,31.65,89.7,1.73,Vegetative,No,Good,9927.2,-17.03,Very Wet,2022-10,22,5,10,0,194.66666666666666,237.66666666666666,-4.0,-11.82857142857143,30.6501275,1.7899999999999965,0.17201086956521738,297,0,2
2022-10-08 22:06:24,FARM_01,181,31.6,79.0,0.0,Vegetative,No,Good,9926.98,-17.05,Very Wet,2022-10,22,5,10,0,183.66666666666666,224.08333333333334,-2.0,-23.542857142857144,29.5672,1.7299999999999964,0.17362637362637365,299,0,2
2022-10-08 22:06:24,FARM_01,288,30.88,90.7,22.28,Vegetative,No,Poor,9926.71,-17.07,Dry,2022-10,22,5,10,0,217.33333333333334,219.41666666666666,107.0,12.914285714285715,30.016588,24.009999999999998,0.10685121107266436,192,0,0
2022-10-08 22:06:24,FARM_01,178,31.55,90.6,7.24,Vegetative,No,Good,9927.06,-17.04,Very Wet,2022-10,22,5,10,0,215.66666666666666,205.41666666666666,-110.0,3.4571428571428564,30.642665,29.519999999999996,0.17625698324022346,302,0,2
2022-10-08 22:06:24,FARM_01,177,31.4,82.6,0.0,Vegetative,No,Good,9927.02,-17.05,Very Wet,2022-10,22,5,10,0,214.33333333333334,205.0,-1.0,1.2,29.73482,29.519999999999996,0.17640449438202246,303,0,2
2022-10-08 22:06:24,FARM_01,414,30.99,85.9,1.2,Vegetative,No,Poor,9926.67,-17.08,Very Dry,2022-10,22,5,10,0,256.3333333333333,225.08333333333334,237.0,29.514285714285716,29.6724255,8.439999999999996,0.07467469879518072,66,0,1
2022-10-08 22:06:24,FARM_01,177,31.29,85.1,0.0,Vegetative,No,Good,9926.89,-17.06,Very Wet,2022-10,22,5,10,0,256.0,224.91666666666666,-237.0,10.2,29.873084499999997,1.1999999999999964,0.17578651685393257,303,0,2
2022-10-08 22:06:24,FARM_01,224,30.37,80.1,0.0,Vegetative,No,Good,9923.36,-17.36,Wet,2022-10,22,5,10,0,271.6666666666667,228.66666666666666,47.0,-2.4571428571428573,28.5783035,1.1999999999999964,0.13497777777777778,256,0,3
2022-10-08 22:06:24,FARM_01,176,31.23,85.8,0.0,Vegetative,No,Good,9926.98,-17.05,Very Wet,2022-10,22,5,10,0,192.33333333333334,214.66666666666666,-48.0,-3.0285714285714285,29.884337,0.0,0.1764406779661017,304,0,2
2022-10-08 22:06:24,FARM_01,177,31.52,84.9,1.73,Vegetative,No,Good,9926.78,-17.07,Very Wet,2022-10,22,5,10,0,192.33333333333334,214.66666666666666,1.0,-19.057142857142857,30.064964,1.7299999999999964,0.17707865168539325,303,0,2
2022-10-08 22:06:24,FARM_01,176,31.11,97.1,4.6,Vegetative,No,Good,9926.83,-17.06,Very Wet,2022-10,22,5,10,0,176.33333333333334,211.5,-1.0,-35.371428571428574,30.8370955,6.3299999999999965,0.17576271186440678,304,0,2
2022-10-08 22:06:24,FARM_01,245,30.85,84.1,0.0,Vegetative,No,Good,9926.42,-17.1,Wet,2022-10,22,5,10,0,199.33333333333334,216.33333333333334,69.0,5.628571428571429,29.3764675,6.3299999999999965,0.12540650406504067,235,0,3
2022-10-08 22:06:24,FARM_01,266,30.24,81.9,0.0,Vegetative,No,Good,9928.33,-16.94,Wet,2022-10,22,5,10,0,229.0,223.25,21.0,11.885714285714286,28.623307999999998,4.599999999999996,0.11325842696629213,214,0,3
2022-10-08 22:06:24,FARM_01,252,29.27,84.5,0.0,Vegetative,No,Good,9929.22,-16.86,Wet,2022-10,22,5,10,0,254.33333333333334,229.16666666666666,-14.0,20.457142857142856,27.9682325,0.0,0.11569169960474308,228,0,3
2022-10-08 22:06:24,FARM_01,211,30.8,86.3,0.0,Vegetative,No,Good,9926.5,-17.09,Wet,2022-10,22,5,10,0,243.0,222.75,-41.0,11.971428571428572,29.53412,0.0,0.14528301886792452,269,0,3
2022-10-08 22:06:24,FARM_01,265,30.74,82.1,0.0,Vegetative,No,Good,9926.42,-17.1,Wet,2022-10,22,5,10,0,242.66666666666666,230.0,54.0,9.4,29.091946999999998,0.0,0.11556390977443609,215,0,3
2022-10-08 22:06:24,FARM_01,264,30.69,89.3,0.0,Vegetative,No,Good,9926.64,-17.08,Wet,2022-10,22,5,10,0,246.66666666666666,237.25,-1.0,1.457142857142857,29.7077935,0.0,0.11581132075471699,216,0,3
2022-10-08 22:06:24,FARM_01,264,30.64,91.9,0.0,Vegetative,No,Good,9927.07,-17.04,Wet,2022-10,22,5,10,0,264.3333333333333,224.75,0.0,2.2857142857142856,29.898688,0.0,0.11562264150943397,216,0,3
2022-10-08 22:06:24,FARM_01,266,30.6,90.4,12.06,Vegetative,No,Good,9927.33,-17.02,Wet,2022-10,22,5,10,0,264.6666666666667,232.16666666666666,2.0,6.514285714285714,29.72352,12.059999999999997,0.11460674157303372,214,0,3
2022-10-08 22:06:24,FARM_01,265,30.2,79.4,1.48,Vegetative,No,Good,9928.55,-16.92,Wet,2022-10,22,5,10,0,265.0,235.58333333333334,-1.0,7.8,28.364539999999998,13.539999999999997,0.11353383458646617,215,0,3
2022-10-08 22:06:24,FARM_01,266,30.55,82.7,0.0,Vegetative,No,Good,9927.7,-16.99,Wet,2022-10,22,5,10,0,265.6666666666667,243.08333333333334,1.0,0.2857142857142857,28.9752675,13.539999999999997,0.11441947565543072,214,0,3
2022-10-08 22:06:24,FARM_01,252,29.48,91.7,0.0,Vegetative,No,Good,9928.52,-16.92,Wet,2022-10,22,5,10,0,261.0,249.33333333333334,-14.0,-1.5714285714285714,28.773338,1.4799999999999964,0.11652173913043479,228,0,3
2022-10-08 22:06:24,FARM_01,176,31.17,87.0,5.57,Vegetative,No,Good,9926.91,-17.06,Very Wet,2022-10,22,5,10,0,231.33333333333334,249.33333333333334,-76.0,-13.742857142857142,29.942345000000003,5.569999999999997,0.17610169491525424,304,0,2
2022-10-08 22:06:24,FARM_01,343,30.51,85.0,0.0,Vegetative,No,Poor,9926.42,-17.1,Very Dry,2022-10,22,5,10,0,257.0,257.5,167.0,2.9714285714285715,29.147925,5.569999999999997,0.08869186046511629,137,0,1
2022-10-08 22:06:24,FARM_01,266,30.46,79.7,0.0,Vegetative,No,Good,9928.34,-16.94,Wet,2022-10,22,5,10,0,261.6666666666667,257.5,-77.0,4.571428571428571,28.622241000000002,5.569999999999997,0.11408239700374533,214,0,3
2022-10-08 22:06:24,FARM_01,266,30.42,82.4,0.0,Vegetative,No,Good,9928.26,-16.94,Wet,2022-10,22,5,10,0,291.6666666666667,258.6666666666667,0.0,5.9714285714285715,28.830544000000003,0.0,0.11393258426966293,214,0,3
2022-10-08 22:06:24,FARM_01,264,30.28,88.6,3.38,Vegetative,No,Good,9928.28,-16.94,Wet,2022-10,22,5,10,0,265.3333333333333,263.0833333333333,-2.0,7.228571428571429,29.259244,3.3799999999999963,0.11426415094339623,216,0,3
2022-10-08 22:06:24,FARM_01,264,30.5,92.4,2.11,Vegetative,No,Good,9927.97,-16.97,Wet,2022-10,22,5,10,0,264.6666666666667,263.0,0.0,5.8,29.8103,5.489999999999997,0.11509433962264151,216,0,3
2022-10-08 22:06:24,FARM_01,164,31.05,90.1,0.0,Vegetative,Yes,Poor,9926.77,-17.07,Very Wet,2022-10,22,5,10,0,230.66666666666666,254.66666666666666,-100.0,-25.8,30.1216275,5.489999999999997,0.18818181818181817,316,0,2
2022-10-08 22:06:24,FARM_01,264,30.16,89.3,0.0,Vegetative,No,Good,9928.59,-16.91,Wet,2022-10,22,5,10,0,230.66666666666666,254.66666666666666,100.0,-9.028571428571428,29.208984,2.1099999999999963,0.11381132075471698,216,0,3
2022-10-08 22:06:24,FARM_01,264,30.13,83.5,0.0,Vegetative,No,Good,9928.97,-16.88,Wet,2022-10,22,5,10,0,230.66666666666666,254.5,0.0,-3.142857142857143,28.666202499999997,0.0,0.11369811320754716,216,0,3
2022-10-08 22:06:24,FARM_01,256,29.83,82.3,0.0,Vegetative,No,Good,9929.53,-16.84,Wet,2022-10,22,5,10,0,261.3333333333333,253.75,-8.0,1.7142857142857142,28.288949499999998,0.0,0.11607003891050582,224,0,3
2022-10-08 22:06:24,FARM_01,263,30.02,89.9,0.0,Vegetative,No,Good,9929.98,-16.8,Wet,2022-10,22,5,10,0,261.0,253.5,7.0,7.742857142857143,29.130088999999998,0.0,0.11371212121212121,217,0,3
2022-10-08 22:06:24,FARM_01,253,29.98,93.8,0.0,Vegetative,No,Good,9930.01,-16.8,Wet,2022-10,22,5,10,0,257.3333333333333,253.58333333333334,-10.0,12.4,29.435082,0.0,0.11803149606299213,227,0,3
2022-10-08 22:06:24,FARM_01,264,29.95,81.1,0.0,Vegetative,No,Good,9930.22,-16.78,Wet,2022-10,22,5,10,0,260.0,260.9166666666667,11.0,-0.7428571428571429,28.291997499999997,0.0,0.1130188679245283,216,0,3
2022-10-08 22:06:24,FARM_01,265,29.92,89.1,5.51,Vegetative,No,Good,9930.12,-16.79,Wet,2022-10,22,5,10,0,260.6666666666667,254.41666666666666,1.0,0.5428571428571428,28.965596,5.509999999999996,0.1124812030075188,215,0,3
2022-10-08 22:06:24,FARM_01,263,29.88,77.3,0.0,Vegetative,No,Good,9929.8,-16.81,Wet,2022-10,22,5,10,0,264.0,254.16666666666666,-2.0,1.4857142857142858,27.897382,5.509999999999996,0.11318181818181818,217,0,3
2022-10-08 22:06:24,FARM_01,265,30.06,90.9,4.53,Vegetative,No,Good,9929.77,-16.82,Wet,2022-10,22,5,10,0,264.3333333333333,254.08333333333334,2.0,1.1714285714285715,29.256197,10.039999999999996,0.11300751879699247,215,0,3
2022-10-08 22:06:24,FARM_01,265,30.33,83.2,0.5,Vegetative,No,Good,9928.02,-16.96,Wet,2022-10,22,5,10,0,264.3333333333333,254.16666666666666,0.0,1.7428571428571429,28.821108,5.029999999999997,0.11402255639097744,215,0,3
2022-10-08 22:06:24,FARM_01,256,29.86,85.1,0.0,Vegetative,No,Good,9929.83,-16.81,Wet,2022-10,22,5,10,0,262.0,253.5,-9.0,-1.0857142857142856,28.560273,5.029999999999997,0.11618677042801556,224,0,3
2022-10-08 22:06:24,FARM_01,253,29.76,80.8,0.0,Vegetative,No,Good,9929.41,-16.85,Wet,2022-10,22,5,10,0,258.0,260.9166666666667,-3.0,-2.3142857142857145,28.095744,0.49999999999999645,0.11716535433070867,227,0,3
2022-10-08 22:06:24,FARM_01,253,29.74,86.0,0.47,Vegetative,No,Good,9929.62,-16.83,Wet,2022-10,22,5,10,0,254.0,260.0,0.0,-2.7142857142857144,28.528019999999998,0.4699999999999964,0.11708661417322834,227,0,3
2022-10-08 22:06:24,FARM_01,252,29.71,100.0,0.0,Vegetative,No,Good,9929.66,-16.82,Wet,2022-10,22,5,10,0,252.66666666666666,259.0,-1.0,-2.9714285714285715,29.71,0.4699999999999964,0.11743083003952569,228,0,3
2022-10-08 22:06:24,FARM_01,246,29.68,83.6,0.0,Vegetative,No,Good,9929.67,-16.82,Wet,2022-10,22,5,10,0,250.33333333333334,258.1666666666667,-6.0,-3.057142857142857,28.265664,0.4699999999999964,0.12016194331983805,234,0,3
2022-10-08 22:06:24,FARM_01,254,29.66,84.2,0.0,Vegetative,No,Good,9929.53,-16.84,Wet,2022-10,22,5,10,0,250.66666666666666,257.4166666666667,8.0,-0.9142857142857143,28.299146,0.0,0.11631372549019608,226,0,3
2022-10-08 22:06:24,FARM_01,250,29.8,90.3,0.0,Vegetative,No,Good,9929.91,-16.8,Wet,2022-10,22,5,10,0,250.0,257.1666666666667,-4.0,-0.5142857142857142,28.95707,0.0,0.11872509960159362,230,0,3
2022-10-08 22:06:24,FARM_01,252,29.58,84.9,0.0,Vegetative,No,Good,9929.09,-16.87,Wet,2022-10,22,5,10,0,252.0,256.1666666666667,2.0,-0.08571428571428572,28.286081,0.0,0.11691699604743082,228,0,3
2022-10-08 22:06:24,FARM_01,253,29.55,88.8,4.12,Vegetative,No,Good,9928.94,-16.89,Wet,2022-10,22,5,10,0,251.66666666666666,255.16666666666666,1.0,0.5428571428571428,28.59212,4.1199999999999966,0.11633858267716536,227,0,3
2022-10-08 22:06:24,FARM_01,252,29.28,87.1,0.0,Vegetative,No,Good,9929.19,-16.86,Wet,2022-10,22,5,10,0,252.33333333333334,254.25,-1.0,0.8285714285714286,28.195884,4.1199999999999966,0.1157312252964427,228,0,3
2022-10-08 22:06:24,FARM_01,265,30.09,86.6,0.0,Vegetative,No,Good,9929.05,-16.88,Wet,2022-10,22,5,10,0,256.6666666666667,254.25,13.0,1.7714285714285714,28.904167,4.1199999999999966,0.1131203007518797,215,0,3
2022-10-08 22:06:24,FARM_01,253,29.4,79.3,0.0,Vegetative,No,Good,9928.57,-16.92,Wet,2022-10,22,5,10,0,256.6666666666667,253.25,-12.0,1.5142857142857142,27.64671,0.0,0.11574803149606298,227,0,3
2022-10-08 22:06:24,FARM_01,252,29.53,86.8,0.4,Vegetative,No,Good,9928.45,-16.93,Wet,2022-10,22,5,10,0,256.6666666666667,252.91666666666666,-1.0,0.37142857142857144,28.402522,0.39999999999999647,0.11671936758893281,228,0,3
2022-10-08 22:06:24,FARM_01,252,29.51,84.2,12.89,Vegetative,No,Good,9928.83,-16.89,Wet,2022-10,22,5,10,0,252.33333333333334,252.83333333333334,0.0,-0.4857142857142857,28.162181,13.289999999999997,0.1166403162055336,228,0,3
2022-10-08 22:06:24,FARM_01,253,29.61,82.4,0.0,Vegetative,No,Good,9928.92,-16.89,Wet,2022-10,22,5,10,0,252.33333333333334,252.83333333333334,1.0,-1.0,28.098952,13.289999999999997,0.11657480314960629,227,0,3
2022-10-08 22:06:24,FARM_01,264,30.38,82.5,2.41,Vegetative,No,Good,9928.51,-16.92,Wet,2022-10,22,5,10,0,256.3333333333333,253.83333333333334,11.0,-0.14285714285714285,28.803424999999997,15.299999999999997,0.11464150943396226,216,0,3
2022-10-08 22:06:24,FARM_01,254,29.44,79.3,0.0,Vegetative,No,Good,9928.53,-16.92,Wet,2022-10,22,5,10,0,257.0,254.5,-10.0,1.2,27.682156,2.4099999999999966,0.11545098039215687,226,0,3
2022-10-08 22:06:24,FARM_01,252,29.42,94.9,0.0,Vegetative,No,Good,9928.73,-16.9,Wet,2022-10,22,5,10,0,256.6666666666667,254.33333333333334,-2.0,0.4857142857142857,28.987469,2.4099999999999966,0.11628458498023717,228,0,3
2022-10-08 22:06:24,FARM_01,253,29.39,86.7,0.0,Vegetative,No,Good,9928.94,-16.89,Wet,2022-10,22,5,10,0,253.0,254.58333333333334,1.0,-0.22857142857142856,28.2642215,0.0,0.11570866141732283,227,0,3
2022-10-08 22:06:24,FARM_01,250,28.89,71.2,0.0,Vegetative,No,Good,9928.83,-16.89,Wet,2022-10,22,5,10,0,251.66666666666666,254.41666666666666,-3.0,-1.4285714285714286,26.531424,0.0,0.1150996015936255,230,0,3
2022-10-08 22:06:24,FARM_01,252,29.37,82.6,0.53,Vegetative,No,Good,9928.63,-16.91,Wet,2022-10,22,5,10,0,251.66666666666666,254.33333333333334,2.0,-2.0285714285714285,27.899091,0.5299999999999965,0.11608695652173913,228,0,3
2022-10-08 22:06:24,FARM_01,253,29.35,83.0,7.21,Vegetative,No,Good,9928.81,-16.9,Wet,2022-10,22,5,10,0,251.66666666666666,254.41666666666666,1.0,-0.22857142857142856,27.914775000000002,7.739999999999997,0.1155511811023622,227,0,3
2022-10-08 22:06:24,FARM_01,252,29.33,89.8,0.0,Vegetative,No,Good,9929.16,-16.87,Wet,2022-10,22,5,10,0,252.33333333333334,253.33333333333334,-1.0,0.05714285714285714,28.469987,7.739999999999997,0.1159288537549407,228,0,3
2022-10-08 22:06:24,FARM_01,252,29.32,81.4,20.01,Vegetative,No,Good,9928.98,-16.88,Wet,2022-10,22,5,10,0,252.33333333333334,253.25,0.0,0.05714285714285714,27.752764,27.22,0.1158893280632411,228,0,3
2022-10-08 22:06:24,FARM_01,252,29.3,80.4,0.0,Vegetative,No,Good,9929.02,-16.88,Wet,2022-10,22,5,10,0,252.0,253.25,0.0,0.2571428571428571,27.650660000000002,20.009999999999998,0.1158102766798419,228,0,3
2022-10-08 22:06:24,FARM_01,252,29.25,80.1,4.77,Vegetative,No,Good,9929.42,-16.85,Wet,2022-10,22,5,10,0,252.0,253.25,0.0,-0.08571428571428572,27.5808875,24.779999999999998,0.11561264822134387,228,0,3
2022-10-08 22:06:24,FARM_01,254,29.23,86.3,0.0,Vegetative,No,Good,9929.26,-16.86,Wet,2022-10,22,5,10,0,252.66666666666666,253.33333333333334,2.0,0.14285714285714285,28.0824195,4.769999999999996,0.11462745098039216,226,0,3
2022-10-08 22:06:24,FARM_01,252,29.22,78.8,0.0,Vegetative,No,Good,9928.92,-16.89,Wet,2022-10,22,5,10,0,252.66666666666666,252.33333333333334,-2.0,0.17142857142857143,27.445348,4.769999999999996,0.11549407114624506,228,0,3
2022-10-08 22:06:24,FARM_01,244,28.57,90.8,0.0,Vegetative,No,Good,9929.4,-16.85,Wet,2022-10,22,5,10,0,250.0,251.5,-8.0,-1.0857142857142856,27.832758,0.0,0.11661224489795918,236,0,3
2022-10-08 22:06:24,FARM_01,253,29.11,79.4,0.0,Vegetative,No,Good,9928.3,-16.94,Wet,2022-10,22,5,10,0,249.66666666666666,251.58333333333334,9.0,-0.6,27.398037,0.0,0.11460629921259842,227,0,3
2022-10-08 22:06:24,FARM_01,252,29.2,76.6,0.0,Vegetative,No,Good,9928.92,-16.89,Wet,2022-10,22,5,10,0,249.66666666666666,251.5,-1.0,-0.3142857142857143,27.243759999999998,0.0,0.11541501976284585,228,0,3
2022-10-08 22:06:24,FARM_01,252,29.18,88.7,0.0,Vegetative,No,Good,9929.12,-16.87,Wet,2022-10,22,5,10,0,252.33333333333334,251.66666666666666,0.0,-0.02857142857142857,28.236563,0.0,0.11533596837944664,228,0,3
2022-10-08 22:06:24,FARM_01,252,29.17,83.2,0.0,Vegetative,No,Good,9929.12,-16.87,Wet,2022-10,22,5,10,0,252.0,251.66666666666666,0.0,0.6571428571428571,27.768292000000002,0.0,0.11529644268774704,228,0,3
2022-10-08 22:06:24,FARM_01,252,29.15,84.6,0.0,Vegetative,No,Good,9928.81,-16.9,Wet,2022-10,22,5,10,0,252.0,251.58333333333334,0.0,1.0571428571428572,27.866795,0.0,0.11521739130434783,228,0,3
2022-10-08 22:06:24,FARM_01,252,29.14,82.9,0.0,Vegetative,No,Good,9928.84,-16.89,Wet,2022-10,22,5,10,0,252.0,251.58333333333334,0.0,-0.14285714285714285,27.716083,0.0,0.11517786561264823,228,0,3
2022-10-08 22:06:24,FARM_01,248,28.98,79.4,0.0,Vegetative,No,Good,9928.42,-16.93,Wet,2022-10,22,5,10,0,250.66666666666666,251.25,-4.0,-0.5714285714285714,27.282766000000002,0.0,0.1163855421686747,232,0,3
2022-10-08 22:06:24,FARM_01,252,29.13,83.6,0.0,Vegetative,No,Good,9928.67,-16.91,Wet,2022-10,22,5,10,0,250.66666666666666,251.25,4.0,-0.34285714285714286,27.765273999999998,0.0,0.11513833992094862,228,0,3
2022-10-08 22:06:24,FARM_01,249,29.0,86.6,0.0,Vegetative,No,Good,9928.39,-16.93,Wet,2022-10,22,5,10,0,249.66666666666666,251.0,-3.0,-0.5428571428571428,27.8945,0.0,0.116,231,0,3
2022-10-08 22:06:24,FARM_01,254,29.08,88.7,0.0,Vegetative,No,Good,9928.5,-16.92,Wet,2022-10,22,5,10,0,251.66666666666666,251.0,5.0,0.14285714285714285,28.142778,0.0,0.11403921568627451,226,0,3
2022-10-08 22:06:24,FARM_01,252,29.07,82.0,0.0,Vegetative,No,Good,9928.7,-16.91,Wet,2022-10,22,5,10,0,251.66666666666666,251.0,-2.0,0.42857142857142855,27.57807,0.0,0.114901185770751,228,0,3
2022-10-08 22:06:24,FARM_01,252,29.06,90.1,1.98,Vegetative,No,Good,9928.36,-16.93,Wet,2022-10,22,5,10,0,252.66666666666666,251.66666666666666,0.0,0.7142857142857143,28.239983,1.9799999999999964,0.11486166007905138,228,0,3
2022-10-08 22:06:24,FARM_01,251,29.04,80.0,0.0,Vegetative,No,Good,9928.73,-16.9,Wet,2022-10,22,5,10,0,251.66666666666666,251.5,-1.0,0.05714285714285714,27.3856,1.9799999999999964,0.11523809523809524,229,0,3
2022-10-08 22:06:24,FARM_01,249,29.03,87.8,0.0,Vegetative,No,Good,9928.39,-16.93,Wet,2022-10,22,5,10,0,250.66666666666666,251.25,-2.0,-0.2571428571428571,28.021487,1.9799999999999964,0.11612,231,0,3
2022-10-08 22:06:24,FARM_01,253,29.1,93.9,7.43,Vegetative,No,Good,9928.5,-16.92,Wet,2022-10,22,5,10,0,251.0,251.33333333333334,4.0,-0.42857142857142855,28.593395,7.429999999999996,0.11456692913385827,227,0,3
2022-10-08 22:06:24,FARM_01,249,28.97,89.5,8.88,Vegetative,No,Good,9928.08,-16.96,Wet,2022-10,22,5,10,0,250.33333333333334,251.08333333333334,-4.0,-0.4,28.1054825,16.309999999999995,0.11588,231,0,3
2022-10-08 22:06:24,FARM_01,250,28.96,93.3,2.2,Vegetative,No,Good,9928.08,-16.96,Wet,2022-10,22,5,10,0,250.66666666666666,250.91666666666666,1.0,-0.34285714285714286,28.408724,18.509999999999998,0.1153784860557769,230,0,3
2022-10-08 22:06:24,FARM_01,245,28.76,84.3,0.0,Vegetative,No,Good,9929.08,-16.87,Wet,2022-10,22,5,10,0,248.0,250.33333333333334,-5.0,-0.8857142857142857,27.485474,11.079999999999998,0.11691056910569106,235,0,3
2022-10-08 22:06:24,FARM_01,245,28.74,91.7,0.0,Vegetative,No,Good,9929.62,-16.83,Wet,2022-10,22,5,10,0,246.66666666666666,250.08333333333334,0.0,-1.2285714285714286,28.067118999999998,2.1999999999999966,0.11682926829268292,235,0,3
2022-10-08 22:06:24,FARM_01,250,28.93,75.6,0.0,Vegetative,No,Good,9928.11,-16.96,Wet,2022-10,22,5,10,0,246.66666666666666,249.91666666666666,5.0,-0.9142857142857143,26.926394,0.0,0.11525896414342629,230,0,3
2022-10-08 22:06:24,FARM_01,253,29.56,79.8,0.0,Vegetative,No,Good,9928.77,-16.9,Wet,2022-10,22,5,10,0,249.33333333333334,250.25,3.0,0.5714285714285714,27.831283999999997,0.0,0.11637795275590551,227,0,3
2022-10-08 22:06:24,FARM_01,264,30.31,87.1,4.57,Vegetative,No,Good,9928.06,-16.96,Wet,2022-10,22,5,10,0,255.66666666666666,251.08333333333334,11.0,2.8285714285714287,29.1528055,4.569999999999997,0.11437735849056603,216,0,3
2022-10-08 22:06:24,FARM_01,249,28.95,87.3,0.0,Vegetative,No,Good,9927.94,-16.97,Wet,2022-10,22,5,10,0,255.33333333333334,250.83333333333334,-15.0,2.2857142857142856,27.9057425,4.569999999999997,0.1158,231,0,3
2022-10-08 22:06:24,FARM_01,244,28.5,84.4,0.0,Vegetative,No,Good,9928.56,-16.92,Wet,2022-10,22,5,10,0,252.33333333333334,250.16666666666666,-5.0,0.08571428571428572,27.2559,4.569999999999997,0.11632653061224489,236,0,3
2022-10-08 22:06:24,FARM_01,246,28.87,89.8,0.0,Vegetative,No,Good,9928.68,-16.91,Wet,2022-10,22,5,10,0,246.33333333333334,249.75,2.0,-1.7714285714285714,28.035793,0.0,0.11688259109311741,234,0,3
2022-10-08 22:06:24,FARM_01,243,28.85,85.7,0.33,Vegetative,No,Good,9928.85,-16.89,Wet,2022-10,22,5,10,0,244.33333333333334,249.25,-3.0,-3.1142857142857143,27.6820475,0.32999999999999646,0.11823770491803279,237,0,3
2022-10-08 22:06:24,FARM_01,244,28.83,87.3,6.95,Vegetative,No,Good,9928.53,-16.92,Wet,2022-10,22,5,10,0,244.33333333333334,248.5,1.0,-3.3142857142857145,27.7941245,7.279999999999997,0.1176734693877551,236,0,3
2022-10-08 22:06:24,FARM_01,243,28.82,89.7,0.0,Vegetative,No,Good,9928.88,-16.89,Wet,2022-10,22,5,10,0,243.33333333333334,248.0,-1.0,-0.9428571428571428,27.980447,7.279999999999997,0.11811475409836066,237,0,3
2022-10-08 22:06:24,FARM_01,245,28.81,86.0,0.0,Vegetative,No,Good,9929.05,-16.88,Wet,2022-10,22,5,10,0,244.0,247.58333333333334,2.0,-0.08571428571428572,27.669629999999998,6.949999999999997,0.11711382113821138,235,0,3
2022-10-08 22:06:24,FARM_01,245,28.8,80.1,2.31,Vegetative,No,Good,9929.08,-16.87,Wet,2022-10,22,5,10,0,244.33333333333334,247.58333333333334,0.0,0.0,27.18014,2.3099999999999965,0.11707317073170732,235,0,3
2022-10-08 22:06:24,FARM_01,244,28.79,90.6,0.0,Vegetative,No,Good,9928.73,-16.9,Wet,2022-10,22,5,10,0,244.66666666666666,247.5,-1.0,0.2857142857142857,28.025357,2.3099999999999965,0.11751020408163265,236,0,3
2022-10-08 22:06:24,FARM_01,245,28.78,85.1,0.0,Vegetative,No,Good,9928.56,-16.92,Wet,2022-10,22,5,10,0,244.66666666666666,247.08333333333334,1.0,0.22857142857142856,27.568779,2.3099999999999965,0.1169918699186992,235,0,3
2022-10-08 22:06:24,FARM_01,244,28.77,83.9,0.0,Vegetative,No,Good,9928.91,-16.89,Wet,2022-10,22,5,10,0,244.33333333333334,246.33333333333334,-1.0,0.11428571428571428,27.4621165,0.0,0.11742857142857142,236,0,3
2022-10-08 22:06:24,FARM_01,248,29.01,88.4,0.0,Vegetative,No,Good,9928.25,-16.94,Wet,2022-10,22,5,10,0,245.66666666666666,245.0,4.0,0.37142857142857144,28.052362000000002,0.0,0.11650602409638555,232,0,3
2022-10-08 22:06:24,FARM_01,252,29.63,89.0,0.0,Vegetative,No,Good,9929.39,-16.85,Wet,2022-10,22,5,10,0,248.0,245.25,4.0,1.3142857142857143,28.684385,0.0,0.11711462450592885,228,0,3
2022-10-08 22:06:24,FARM_01,245,28.75,83.5,0.0,Vegetative,No,Good,9929.45,-16.84,Wet,2022-10,22,5,10,0,248.33333333333334,245.33333333333334,-7.0,0.8571428571428571,27.411437499999998,0.0,0.11686991869918699,235,0,3
2022-10-08 22:06:24,FARM_01,244,28.65,85.7,0.6,Vegetative,No,Good,9929.67,-16.82,Wet,2022-10,22,5,10,0,247.0,245.16666666666666,-1.0,0.05714285714285714,27.497777499999998,0.5999999999999964,0.11693877551020408,236,0,3
2022-10-08 22:06:24,FARM_01,245,28.71,87.4,7.66,Vegetative,No,Good,9929.98,-16.8,Wet,2022-10,22,5,10,0,244.66666666666666,245.33333333333334,1.0,-0.4,27.690597,8.259999999999996,0.11670731707317074,235,0,3
2022-10-08 22:06:24,FARM_01,245,28.68,79.8,1.12,Vegetative,No,Good,9930.02,-16.79,Wet,2022-10,22,5,10,0,244.66666666666666,245.41666666666666,0.0,-1.0571428571428572,27.049052,9.379999999999995,0.11658536585365853,235,0,3
2022-10-08 22:06:24,FARM_01,244,28.67,94.5,4.43,Vegetative,No,Good,9930.02,-16.79,Wet,2022-10,22,5,10,0,244.66666666666666,245.5,-1.0,-1.1142857142857143,28.226232500000002,13.209999999999997,0.11702040816326531,236,0,3
2022-10-08 22:06:24,FARM_01,244,28.55,86.6,0.0,Vegetative,No,Good,9928.86,-16.89,Wet,2022-10,22,5,10,0,244.33333333333334,245.41666666666666,0.0,-0.14285714285714285,27.477665000000002,5.549999999999996,0.11653061224489797,236,0,3
2022-10-08 22:06:24,FARM_01,245,28.66,78.1,0.0,Vegetative,No,Good,9929.98,-16.8,Wet,2022-10,22,5,10,0,244.33333333333334,245.41666666666666,1.0,0.02857142857142857,26.894202999999997,4.429999999999996,0.1165040650406504,235,0,3
2022-10-08 22:06:24,FARM_01,245,28.62,87.8,0.0,Vegetative,No,Good,9929.86,-16.81,Wet,2022-10,22,5,10,0,244.66666666666666,245.5,0.0,0.0,27.638998,0.0,0.11634146341463415,235,0,3
2022-10-08 22:06:24,FARM_01,245,28.61,83.5,0.0,Vegetative,No,Good,9930.03,-16.79,Wet,2022-10,22,5,10,0,245.0,245.5,0.0,0.11428571428571428,27.284142499999998,0.0,0.11630081300813008,235,0,3
2022-10-08 22:06:24,FARM_01,245,28.6,86.2,0.0,Vegetative,No,Good,9930.03,-16.79,Wet,2022-10,22,5,10,0,245.0,245.58333333333334,0.0,0.22857142857142856,27.491860000000003,0.0,0.11626016260162603,235,0,3
2022-10-08 22:06:24,FARM_01,243,28.59,85.8,0.0,Vegetative,No,Good,9929.72,-16.82,Wet,2022-10,22,5,10,0,244.33333333333334,245.16666666666666,-2.0,-0.14285714285714285,27.450521,0.0,0.11717213114754098,237,0,3
2022-10-08 22:06:24,FARM_01,244,28.58,82.5,0.0,Vegetative,No,Good,9929.55,-16.83,Wet,2022-10,22,5,10,0,244.0,244.5,1.0,-0.3142857142857143,27.176675,0.0,0.11665306122448979,236,0,3
2022-10-08 22:06:24,FARM_01,244,28.64,89.2,2.83,Vegetative,No,Good,9930.02,-16.79,Wet,2022-10,22,5,10,0,243.66666666666666,244.41666666666666,0.0,-0.2857142857142857,27.770384,2.8299999999999965,0.11689795918367347,236,0,3
2022-10-08 22:06:24,FARM_01,247,28.54,87.3,1.08,Vegetative,No,Good,9928.69,-16.91,Wet,2022-10,22,5,10,0,245.0,244.66666666666666,3.0,0.22857142857142856,27.524380999999998,3.9099999999999966,0.11508064516129032,233,0,3
2022-10-08 22:06:24,FARM_01,243,28.53,88.0,0.0,Vegetative,No,Good,9928.71,-16.9,Wet,2022-10,22,5,10,0,244.66666666666666,244.5,-4.0,0.05714285714285714,27.57102,3.9099999999999966,0.11692622950819673,237,0,3
2022-10-08 22:06:24,FARM_01,243,28.4,90.4,21.21,Vegetative,No,Good,9927.58,-17.0,Wet,2022-10,22,5,10,0,244.33333333333334,244.33333333333334,0.0,0.0,27.63968,22.29,0.11639344262295082,237,0,3
2022-10-08 22:06:24,FARM_01,245,28.52,85.8,0.0,Vegetative,No,Good,9928.54,-16.92,Wet,2022-10,22,5,10,0,243.66666666666666,244.41666666666666,2.0,-0.05714285714285714,27.385987999999998,21.21,0.1159349593495935,235,0,3
2022-10-08 22:06:24,FARM_01,250,28.9,88.1,0.0,Vegetative,No,Good,9928.31,-16.94,Wet,2022-10,22,5,10,0,246.0,244.91666666666666,5.0,0.6857142857142857,27.924794999999996,21.21,0.1151394422310757,230,0,3
2022-10-08 22:06:24,FARM_01,249,28.92,81.5,1.88,Vegetative,No,Good,9928.14,-16.95,Wet,2022-10,22,5,10,0,248.0,245.25,-1.0,0.9428571428571428,27.40189,1.88,0.11568,231,0,3
2022-10-08 22:06:24,FARM_01,176,31.73,84.8,0.0,Vegetative,No,Good,9928.12,-16.95,Very Wet,2022-10,22,5,10,0,225.0,239.5,-73.0,-8.914285714285715,30.247772,1.88,0.17926553672316384,304,0,2
2022-10-08 22:06:24,FARM_01,244,28.51,86.5,0.0,Vegetative,No,Good,9928.37,-16.93,Wet,2022-10,22,5,10,0,223.0,239.41666666666666,68.0,-5.8,27.4326325,1.88,0.11636734693877551,236,0,3
2022-10-08 22:06:24,FARM_01,238,28.32,95.0,0.0,Vegetative,No,Good,9923.85,-17.31,Wet,2022-10,22,5,10,0,219.33333333333334,238.83333333333334,-6.0,-3.6,27.9262,0.0,0.11849372384937239,242,0,3
2022-10-08 22:06:24,FARM_01,244,28.46,90.4,7.88,Vegetative,No,Good,9928.41,-16.93,Wet,2022-10,22,5,10,0,242.0,238.91666666666666,6.0,0.14285714285714285,27.696512000000002,7.88,0.11616326530612245,236,0,3
2022-10-08 22:06:24,FARM_01,233,28.45,80.0,0.0,Vegetative,No,Good,9928.44,-16.93,Wet,2022-10,22,5,10,0,238.33333333333334,238.0,-11.0,3.3714285714285714,26.8605,7.88,0.12158119658119658,247,0,3
2022-10-08 22:06:24,FARM_01,244,28.44,84.2,1.04,Vegetative,No,Good,9928.24,-16.94,Wet,2022-10,22,5,10,0,240.33333333333334,238.0,11.0,8.942857142857143,27.185164,8.92,0.11608163265306123,236,0,3
2022-10-08 22:06:24,FARM_01,244,28.43,94.4,0.56,Vegetative,No,Good,9928.06,-16.96,Wet,2022-10,22,5,10,0,240.33333333333334,237.75,0.0,0.2,27.985556,1.6,0.11604081632653061,236,0,3
2022-10-08 22:06:24,FARM_01,245,28.42,88.2,0.0,Vegetative,No,Good,9927.89,-16.97,Wet,2022-10,22,5,10,0,244.33333333333334,237.91666666666666,1.0,1.3142857142857143,27.484142000000002,1.6,0.11552845528455286,235,0,3
2022-10-08 22:06:24,FARM_01,244,28.41,83.7,0.0,Vegetative,No,Good,9927.92,-16.97,Wet,2022-10,22,5,10,0,244.33333333333334,238.0,-1.0,1.0285714285714285,27.118143500000002,0.56,0.11595918367346938,236,0,3
2022-10-08 22:06:24,FARM_01,244,28.4,86.9,10.7,Vegetative,No,Good,9927.75,-16.99,Wet,2022-10,22,5,10,0,244.33333333333334,237.91666666666666,0.0,1.6,27.362479999999998,10.7,0.11591836734693876,236,0,3
2022-10-08 22:06:24,FARM_01,245,28.73,87.4,0.33,Vegetative,No,Good,9929.79,-16.81,Wet,2022-10,22,5,10,0,244.33333333333334,237.5,1.0,0.11428571428571428,27.709211,11.03,0.11678861788617886,235,0,3
2022-10-08 22:06:24,FARM_01,173,29.66,80.6,0.0,Vegetative,Yes,Poor,9985.09,-12.16,Very Wet,2022-10,22,5,10,0,220.66666666666666,231.16666666666666,-72.0,-10.142857142857142,27.989078,11.03,0.17045977011494254,307,0,2
2022-10-08 22:06:24,FARM_01,243,28.39,77.1,0.0,Vegetative,No,Good,9927.26,-17.03,Wet,2022-10,22,5,10,0,220.33333333333334,236.75,70.0,-6.342857142857142,26.5775795,0.33,0.11635245901639345,237,0,3
2022-10-08 22:06:24,FARM_01,244,28.37,83.6,0.0,Vegetative,No,Good,9926.91,-17.06,Wet,2022-10,22,5,10,0,220.0,236.75,1.0,-2.142857142857143,27.073826,0.0,0.11579591836734694,236,0,3
2022-10-08 22:06:24,FARM_01,244,28.35,84.3,0.0,Vegetative,No,Good,9926.59,-17.08,Wet,2022-10,22,5,10,0,243.66666666666666,237.25,0.0,1.9142857142857144,27.1108775,0.0,0.11571428571428571,236,0,3
2022-10-08 22:06:24,FARM_01,245,28.34,84.5,0.0,Vegetative,No,Good,9926.42,-17.1,Wet,2022-10,22,5,10,0,244.33333333333334,237.33333333333334,1.0,6.114285714285714,27.117515,0.0,0.11520325203252033,235,0,3
2022-10-08 22:06:24,FARM_01,244,28.47,84.3,0.81,Vegetative,No,Good,9928.59,-16.91,Wet,2022-10,22,5,10,0,244.33333333333334,238.25,-1.0,10.314285714285715,27.220515499999998,0.81,0.11620408163265306,236,0,3
2022-10-08 22:06:24,FARM_01,244,28.34,75.6,0.0,Vegetative,No,Good,9927.11,-17.1,Wet,2022-10,22,5,10,0,244.33333333333334,238.25,0.0,0.17142857142857143,26.415571999999997,0.81,0.1156734693877551,236,0,3
2022-10-08 22:06:24,FARM_01,245,28.32,83.9,0.0,Vegetative,No,Good,9925.91,-17.14,Wet,2022-10,22,5,10,0,244.33333333333334,238.33333333333334,1.0,0.11428571428571428,27.051964,0.81,0.1151219512195122,235,0,3
2022-10-08 22:06:24,FARM_01,173,29.63,87.7,0.0,Vegetative,Yes,Poor,9927.68,-16.99,Very Wet,2022-10,22,5,10,0,220.66666666666666,232.33333333333334,-72.0,-10.142857142857142,28.5726305,0.0,0.17028735632183908,307,0,2
2022-10-08 22:06:24,FARM_01,174,29.62,85.0,0.0,Vegetative,Yes,Poor,9927.52,-17.01,Very Wet,2022-10,22,5,10,0,197.33333333333334,226.5,1.0,-16.2,28.33135,0.0,0.16925714285714286,306,0,2
2022-10-08 22:06:24,FARM_01,213,29.18,89.5,2.14,Vegetative,No,Good,9926.38,-17.1,Wet,2022-10,22,5,10,0,186.66666666666666,223.91666666666666,39.0,-12.485714285714286,28.303355,2.14,0.13635514018691589,267,0,3
2022-10-08 22:06:24,FARM_01,190,29.33,88.1,0.0,Vegetative,No,Good,9926.58,-17.08,Very Wet,2022-10,22,5,10,0,192.33333333333334,219.33333333333334,-23.0,-10.428571428571429,28.326651499999997,2.14,0.15356020942408377,290,0,2
2022-10-08 22:06:24,FARM_01,176,29.44,82.3,0.0,Vegetative,No,Good,9926.65,-17.08,Very Wet,2022-10,22,5,10,0,193.0,219.58333333333334,-14.0,-7.285714285714286,27.936916,2.14,0.1663276836158192,304,0,2
2022-10-08 22:06:24,FARM_01,175,29.52,83.7,1.6,Vegetative,No,Good,9927.26,-17.03,Very Wet,2022-10,22,5,10,0,180.33333333333334,213.91666666666666,-1.0,-0.2,28.128632,1.6,0.16772727272727272,305,0,2
2022-10-08 22:06:24,FARM_01,174,29.57,84.6,0.0,Vegetative,Yes,Poor,9927.06,-17.04,Very Wet,2022-10,22,5,10,0,175.0,208.08333333333334,-1.0,-3.657142857142857,28.251221,1.6,0.16897142857142858,306,0,2
2022-10-08 22:06:24,FARM_01,228,28.98,92.1,4.68,Vegetative,No,Good,9926.54,-17.09,Wet,2022-10,22,5,10,0,192.33333333333334,206.75,54.0,0.7428571428571429,28.329119,6.279999999999999,0.12655021834061136,252,0,3
2022-10-08 22:06:24,FARM_01,173,29.6,80.5,4.75,Vegetative,No,Good,9927.2,-17.03,Very Wet,2022-10,22,5,10,0,191.66666666666666,200.75,-55.0,2.0,27.926900000000003,9.43,0.17011494252873563,307,0,2
2022-10-08 22:06:24,FARM_01,172,29.23,90.8,0.0,Vegetative,Yes,Poor,9925.98,-17.13,Very Wet,2022-10,22,5,10,0,191.0,194.75,-1.0,0.8,28.459362,9.43,0.16895953757225435,308,0,2
2022-10-08 22:06:24,FARM_01,173,29.61,82.2,0.0,Vegetative,Yes,Poor,9927.69,-16.99,Very Wet,2022-10,22,5,10,0,172.66666666666666,188.83333333333334,1.0,-2.0285714285714285,28.081781,4.75,0.17017241379310344,307,0,2
2022-10-08 22:06:24,FARM_01,172,28.57,76.0,0.4,Vegetative,No,Good,9927.86,-16.98,Very Wet,2022-10,22,5,10,0,172.33333333333334,182.75,-1.0,-5.0285714285714285,26.64676,0.4,0.16514450867052025,308,0,2
2022-10-08 22:06:24,FARM_01,244,28.33,81.3,4.6,Vegetative,No,Good,9926.25,-17.11,Wet,2022-10,22,5,10,0,196.33333333333334,188.66666666666666,72.0,2.2285714285714286,26.856159499999997,5.0,0.11563265306122449,236,0,3
2022-10-08 22:06:24,FARM_01,244,28.48,74.0,0.0,Vegetative,No,Good,9928.59,-16.91,Wet,2022-10,22,5,10,0,220.0,194.5,0.0,16.285714285714285,26.40936,5.0,0.11624489795918368,236,0,3
2022-10-08 22:06:24,FARM_01,173,29.59,83.8,0.0,Vegetative,Yes,Poor,9927.72,-16.99,Very Wet,2022-10,22,5,10,0,220.33333333333334,191.16666666666666,-71.0,8.285714285714286,28.200931,4.6,0.17005747126436782,307,0,2
2022-10-08 22:06:24,FARM_01,173,29.57,86.2,0.0,Vegetative,Yes,Poor,9927.73,-16.99,Very Wet,2022-10,22,5,10,0,196.66666666666666,189.75,0.0,0.08571428571428572,28.388237,0.0,0.16994252873563218,307,0,2
2022-10-08 22:06:24,FARM_01,171,29.46,82.2,0.0,Vegetative,Yes,Poor,9927.16,-17.04,Very Wet,2022-10,22,5,10,0,172.33333333333334,189.33333333333334,-2.0,-8.257142857142858,27.946466,0.0,0.17127906976744187,309,0,2
2022-10-08 22:06:24,FARM_01,172,29.4,94.0,0.0,Vegetative,Yes,Poor,9926.89,-17.06,Very Wet,2022-10,22,5,10,0,172.0,189.08333333333334,1.0,-16.542857142857144,28.891799999999996,0.0,0.1699421965317919,308,0,2
2022-10-08 22:06:24,FARM_01,172,29.32,79.8,0.0,Vegetative,Yes,Poor,9926.59,-17.08,Very Wet,2022-10,22,5,10,0,171.66666666666666,188.91666666666666,0.0,-10.428571428571429,27.617948,0.0,0.16947976878612717,308,0,2
2022-10-08 22:06:24,FARM_01,173,29.29,83.5,0.0,Vegetative,Yes,Poor,9926.28,-17.11,Very Wet,2022-10,22,5,10,0,172.33333333333334,184.33333333333334,1.0,-0.05714285714285714,27.9024325,0.0,0.16833333333333333,307,0,2
2022-10-08 22:06:24,FARM_01,173,29.26,87.6,0.0,Vegetative,Yes,Poor,9925.97,-17.14,Very Wet,2022-10,22,5,10,0,172.66666666666666,184.33333333333334,0.0,0.17142857142857143,28.219268,0.0,0.16816091954022988,307,0,2
2022-10-08 22:06:24,FARM_01,172,29.43,92.3,0.0,Vegetative,Yes,Poor,9927.36,-17.02,Very Wet,2022-10,22,5,10,0,172.66666666666666,184.33333333333334,-1.0,0.2571428571428571,28.7765395,0.0,0.1701156069364162,308,0,2
2022-10-08 22:06:24,FARM_01,164,29.17,88.6,0.0,Vegetative,Yes,Poor,9926.04,-17.13,Very Wet,2022-10,22,5,10,0,169.66666666666666,183.58333333333334,-8.0,-1.1428571428571428,28.218841,0.0,0.1767878787878788,316,0,2
2022-10-08 22:06:24,FARM_01,172,29.08,82.5,0.0,Vegetative,Yes,Poor,9926.11,-17.12,Very Wet,2022-10,22,5,10,0,169.33333333333334,183.58333333333334,8.0,-0.8,27.628549999999997,0.0,0.16809248554913295,308,0,2
2022-10-08 22:06:24,FARM_01,172,29.06,80.3,7.11,Vegetative,No,Good,9926.48,-17.09,Very Wet,2022-10,22,5,10,0,169.33333333333334,177.58333333333334,0.0,-0.45714285714285713,27.428248999999997,7.11,0.16797687861271676,308,0,2
2022-10-08 22:06:24,FARM_01,171,29.04,86.8,9.41,Vegetative,No,Good,9926.5,-17.09,Very Wet,2022-10,22,5,10,0,171.66666666666666,171.5,-1.0,-0.05714285714285714,27.948096,16.52,0.16883720930232557,309,0,2
2022-10-08 22:06:24,FARM_01,172,29.02,84.1,1.8,Vegetative,No,Good,9926.51,-17.09,Very Wet,2022-10,22,5,10,0,171.66666666666666,171.41666666666666,1.0,0.6,27.706501,18.32,0.1677456647398844,308,0,2
2022-10-08 22:06:24,FARM_01,171,28.95,88.4,2.78,Vegetative,No,Good,9927.42,-17.01,Very Wet,2022-10,22,5,10,0,171.33333333333334,171.25,-1.0,0.9714285714285714,27.99619,13.99,0.16831395348837208,309,0,2
2022-10-08 22:06:24,FARM_01,174,29.49,79.0,0.4,Vegetative,No,Good,9927.64,-16.99,Very Wet,2022-10,22,5,10,0,172.33333333333334,171.5,3.0,0.22857142857142856,27.700905,4.98,0.1685142857142857,306,0,2
2022-10-08 22:06:24,FARM_01,172,28.9,81.7,0.0,Vegetative,Yes,Poor,9927.8,-16.98,Very Wet,2022-10,22,5,10,0,172.33333333333334,171.5,-2.0,0.22857142857142856,27.400315,3.18,0.16705202312138728,308,0,2
2022-10-08 22:06:24,FARM_01,171,28.84,78.8,0.98,Vegetative,No,Good,9928.02,-16.96,Very Wet,2022-10,22,5,10,0,172.33333333333334,171.41666666666666,-1.0,0.08571428571428572,27.109655999999998,1.38,0.16767441860465115,309,0,2
2022-10-08 22:06:24,FARM_01,171,28.8,93.1,0.0,Vegetative,Yes,Poor,9928.22,-16.95,Very Wet,2022-10,22,5,10,0,171.33333333333334,171.25,0.0,-0.2,28.23834,0.98,0.16744186046511628,309,0,2
2022-10-08 22:06:24,FARM_01,171,28.79,84.1,2.61,Vegetative,No,Good,9928.22,-16.95,Very Wet,2022-10,22,5,10,0,171.0,171.08333333333334,0.0,-0.2857142857142857,27.4966145,3.59,0.16738372093023254,309,0,2
2022-10-08 22:06:24,FARM_01,172,29.11,82.8,0.0,Vegetative,Yes,Poor,9926.07,-17.13,Very Wet,2022-10,22,5,10,0,171.33333333333334,171.08333333333334,1.0,-0.37142857142857144,27.680594,2.61,0.1682658959537572,308,0,2
2022-10-08 22:06:24,FARM_01,172,28.77,93.4,0.0,Vegetative,Yes,Poor,9928.05,-16.96,Very Wet,2022-10,22,5,10,0,171.66666666666666,171.75,0.0,0.08571428571428572,28.233849,2.61,0.16630057803468207,308,0,2
2022-10-08 22:06:24,FARM_01,172,28.73,82.8,0.0,Vegetative,Yes,Poor,9928.42,-16.93,Very Wet,2022-10,22,5,10,0,172.0,171.75,0.0,0.2571428571428571,27.336542,0.0,0.16606936416184973,308,0,2
2022-10-08 22:06:24,FARM_01,172,28.62,89.9,1.57,Vegetative,No,Good,9927.64,-16.99,Very Wet,2022-10,22,5,10,0,172.0,171.75,0.0,0.22857142857142856,27.807859,1.57,0.1654335260115607,308,0,2
2022-10-08 22:06:24,FARM_01,172,28.71,90.8,12.83,Vegetative,No,Good,9928.27,-16.94,Very Wet,2022-10,22,5,10,0,172.0,171.83333333333334,0.0,0.14285714285714285,27.965674,14.4,0.16595375722543354,308,0,2
2022-10-08 22:06:24,FARM_01,172,28.68,94.8,0.0,Vegetative,Yes,Poor,9928.12,-16.95,Very Wet,2022-10,22,5,10,0,172.0,171.83333333333334,0.0,0.0,28.260151999999998,14.4,0.16578034682080925,308,0,2
2022-10-08 22:06:24,FARM_01,172,28.65,85.7,3.02,Vegetative,No,Good,9927.61,-17.0,Very Wet,2022-10,22,5,10,0,172.0,171.91666666666666,0.0,0.0,27.497777499999998,15.85,0.16560693641618496,308,0,2
2022-10-08 22:06:24,FARM_01,171,28.6,97.6,0.0,Vegetative,Yes,Poor,9927.49,-17.01,Very Wet,2022-10,22,5,10,0,171.66666666666666,171.66666666666666,-1.0,-0.14285714285714285,28.40728,3.02,0.16627906976744186,309,0,2
2022-10-08 22:06:24,FARM_01,171,28.75,82.0,7.78,Vegetative,No,Good,9928.22,-16.95,Very Wet,2022-10,22,5,10,0,171.33333333333334,171.58333333333334,0.0,-0.22857142857142856,27.289749999999998,10.8,0.16715116279069767,309,0,2
2022-10-08 22:06:24,FARM_01,171,28.59,91.1,0.0,Vegetative,Yes,Poor,9927.49,-17.01,Very Wet,2022-10,22,5,10,0,171.0,171.58333333333334,0.0,-0.2571428571428571,27.8758195,7.78,0.16622093023255813,309,0,2
2022-10-08 22:06:24,FARM_01,172,28.88,90.7,0.0,Vegetative,Yes,Poor,9927.63,-17.0,Very Wet,2022-10,22,5,10,0,171.33333333333334,171.66666666666666,1.0,-0.08571428571428572,28.118888,7.779999999999999,0.1669364161849711,308,0,2
2022-10-08 22:06:24,FARM_01,173,29.51,85.3,0.0,Vegetative,Yes,Poor,9927.63,-17.0,Very Wet,2022-10,22,5,10,0,172.0,171.83333333333334,1.0,0.22857142857142856,28.2560165,0.0,0.1695977011494253,307,0,2
2022-10-08 22:06:24,FARM_01,172,28.55,77.8,27.14,Vegetative,No,Good,9927.83,-16.98,Very Wet,2022-10,22,5,10,0,172.33333333333334,171.83333333333334,-1.0,0.34285714285714286,26.773445000000002,27.14,0.16502890173410406,308,0,2
2022-10-08 22:06:24,FARM_01,172,28.53,86.0,0.0,Vegetative,Yes,Poor,9927.34,-17.02,Very Wet,2022-10,22,5,10,0,172.33333333333334,171.83333333333334,0.0,0.2571428571428571,27.41119,27.14,0.16491329479768788,308,0,2
2022-10-08 22:06:24,FARM_01,245,28.36,87.5,0.0,Vegetative,No,Good,9926.91,-17.06,Wet,2022-10,22,5,10,0,196.33333333333334,177.91666666666666,73.0,10.542857142857143,27.37275,27.14,0.11528455284552845,235,0,3
2022-10-08 22:06:24,FARM_01,333,30.25,88.2,0.0,Vegetative,No,Poor,9923.35,-17.36,Very Dry,2022-10,22,5,10,0,250.0,191.33333333333334,88.0,29.17142857142857,29.195375,0.0,0.09056886227544911,147,0,1
2022-10-08 22:06:24,FARM_01,171,28.45,85.8,0.0,Vegetative,Yes,Poor,9927.05,-17.04,Very Wet,2022-10,22,5,10,0,249.66666666666666,191.25,-162.0,15.6,27.321455,0.0,0.16540697674418603,309,0,2
2022-10-08 22:06:24,FARM_01,172,28.43,87.0,0.0,Vegetative,Yes,Poor,9926.53,-17.09,Very Wet,2022-10,22,5,10,0,225.33333333333334,191.25,1.0,2.4285714285714293,27.398255,0.0,0.16433526011560692,308,0,2
2022-10-08 22:06:24,FARM_01,361,28.74,90.5,0.0,Vegetative,No,Poor,9930.98,-16.71,Very Dry,2022-10,22,5,10,0,234.66666666666666,207.0,189.0,16.114285714285714,27.969835,0.0,0.07939226519337016,119,0,1
2022-10-08 22:06:24,FARM_01,171,28.38,85.9,0.0,Vegetative,Yes,Poor,9925.72,-17.16,Very Wet,2022-10,22,5,10,0,234.66666666666666,207.0,-190.0,-8.142857142857142,27.264831,0.0,0.165,309,0,2
2022-10-08 22:06:24,FARM_01,435,28.37,80.8,4.35,Vegetative,No,Poor,9925.72,-17.16,Very Dry,2022-10,22,5,10,0,322.3333333333333,229.0,264.0,19.97142857142857,26.852528,4.35,0.06506880733944954,45,0,1
2022-10-08 22:06:24,FARM_01,466,28.36,81.2,0.0,Vegetative,No,Poor,9925.55,-17.17,Very Dry,2022-10,22,5,10,0,357.3333333333333,253.58333333333334,31.0,59.25714285714286,26.875176,4.35,0.06072805139186296,14,0,1
2022-10-08 22:06:24,FARM_01,363,28.35,90.7,0.06,Vegetative,No,Poor,9924.88,-17.23,Very Dry,2022-10,22,5,10,0,421.3333333333333,269.5,-103.0,43.82857142857143,27.615997500000002,4.409999999999999,0.07788461538461539,117,0,1
2022-10-08 22:06:24,FARM_01,360,28.36,76.8,0.35,Vegetative,No,Poor,9925.2,-17.2,Very Dry,2022-10,22,5,10,0,396.3333333333333,285.0833333333333,-3.0,17.2,26.527664,0.41,0.0785595567867036,120,0,1
2022-10-08 22:06:24,FARM_01,360,29.92,86.7,0.39,Vegetative,No,Poor,9936.47,-16.25,Very Dry,2022-10,22,5,10,0,361.0,300.75,0.0,17.62857142857143,28.755452000000002,0.8,0.0828808864265928,120,0,1
2022-10-08 22:06:24,FARM_01,345,30.72,88.8,0.0,Vegetative,No,Poor,9924.55,-17.25,Very Dry,2022-10,22,5,10,0,355.0,315.1666666666667,-15.0,-22.02857142857143,29.690047999999997,0.74,0.08878612716763006,135,0,1
2022-10-08 22:06:24,FARM_01,362,30.23,92.5,17.31,Vegetative,No,Poor,9935.03,-16.37,Very Dry,2022-10,22,5,10,0,355.6666666666667,324.9166666666667,17.0,-16.4,29.5605125,17.7,0.08327823691460055,118,0,1
2022-10-08 22:06:24,FARM_01,362,30.46,85.0,0.0,Vegetative,No,Poor,9933.84,-16.47,Very Dry,2022-10,22,5,10,0,356.3333333333333,327.3333333333333,0.0,-0.4,29.102050000000002,17.31,0.08391184573002755,118,0,1
2022-10-08 22:06:24,FARM_01,362,30.64,79.5,1.19,Vegetative,No,Poor,9932.57,-16.58,Very Dry,2022-10,22,5,10,0,362.0,343.25,0.0,0.9428571428571428,28.763840000000002,18.5,0.0844077134986226,118,0,1
2022-10-08 22:06:24,FARM_01,359,30.77,81.8,0.59,Vegetative,No,Poor,9931.7,-16.65,Very Dry,2022-10,22,5,10,0,361.0,358.8333333333333,-3.0,1.3142857142857143,29.091323,1.7799999999999998,0.08547222222222223,121,0,1
2022-10-08 22:06:24,FARM_01,368,30.85,80.2,0.0,Vegetative,No,Poor,9930.55,-16.75,Very Dry,2022-10,22,5,10,0,363.0,359.4166666666667,9.0,3.0285714285714285,29.015035,1.7799999999999998,0.08360433604336044,112,0,1
2022-10-08 22:06:24,FARM_01,355,30.91,81.0,0.0,Vegetative,No,Poor,9929.55,-16.83,Very Dry,2022-10,22,5,10,0,360.6666666666667,374.75,-13.0,-0.5714285714285714,29.142905,0.59,0.08682584269662921,125,0,1
2022-10-08 22:06:24,FARM_01,350,30.93,91.1,1.58,Vegetative,No,Poor,9929.05,-16.88,Very Dry,2022-10,22,5,10,0,357.6666666666667,367.6666666666667,-5.0,-2.057142857142857,30.101276499999997,1.58,0.08811965811965812,130,0,1
2022-10-08 22:06:24,FARM_01,347,30.95,83.3,4.0,Vegetative,No,Poor,9928.31,-16.94,Very Dry,2022-10,22,5,10,0,350.6666666666667,357.75,-3.0,-3.2857142857142856,29.3931425,5.58,0.0889367816091954,133,0,1
2022-10-08 22:06:24,FARM_01,342,30.95,80.6,0.0,Vegetative,No,Poor,9927.63,-17.0,Very Dry,2022-10,22,5,10,0,346.3333333333333,356.0,-5.0,-4.371428571428571,29.141434999999998,5.58,0.0902332361516035,138,0,1
2022-10-08 22:06:24,FARM_01,343,30.93,84.3,0.0,Vegetative,No,Poor,9926.98,-17.05,Very Dry,2022-10,22,5,10,0,344.0,354.5833333333333,1.0,-4.771428571428571,29.4680945,4.0,0.08991279069767442,137,0,1
2022-10-08 22:06:24,FARM_01,343,30.9,94.5,0.0,Vegetative,No,Poor,9925.98,-17.13,Very Dry,2022-10,22,5,10,0,342.6666666666667,353.1666666666667,0.0,-2.4571428571428573,30.388775,0.0,0.08982558139534884,137,0,1
2022-10-08 22:06:24,FARM_01,342,30.86,87.3,0.0,Vegetative,No,Poor,9925.52,-17.17,Very Dry,2022-10,22,5,10,0,342.6666666666667,352.9166666666667,-1.0,-1.457142857142857,29.682329,0.0,0.08997084548104956,138,0,1
2022-10-08 22:06:24,FARM_01,344,30.82,79.2,0.0,Vegetative,No,Poor,9925.1,-17.21,Very Dry,2022-10,22,5,10,0,343.0,351.4166666666667,2.0,-0.42857142857142855,28.895792,0.0,0.08933333333333333,136,0,1
2022-10-08 22:06:24,FARM_01,344,30.77,72.4,0.0,Vegetative,No,Poor,9924.97,-17.22,Very Dry,2022-10,22,5,10,0,343.3333333333333,349.9166666666667,0.0,0.34285714285714286,28.224314,0.0,0.08918840579710145,136,0,1
2022-10-08 22:06:24,FARM_01,3,178.7,44.8,0.0,Vegetative,Yes,Poor,-2120.4,-13.47,Very Wet,2022-10,22,5,10,0,230.33333333333334,320.0,-341.0,-48.42857142857143,128.69707999999997,0.0,44.675,477,0,2
2022-10-08 22:06:24,FARM_01,244,28.38,83.4,0.0,Vegetative,No,Good,9927.26,-17.03,Wet,2022-10,22,5,10,0,197.0,310.4166666666667,241.0,-43.2,27.067106,0.0,0.11583673469387755,236,0,3
2022-10-08 22:06:24,FARM_01,344,30.67,86.6,0.0,Vegetative,No,Poor,9924.45,-17.26,Very Dry,2022-10,22,5,10,0,197.0,308.4166666666667,100.0,-18.02857142857143,29.441421000000002,0.0,0.08889855072463769,136,0,1
2022-10-08 22:06:24,FARM_01,337,30.58,85.8,1.9,Vegetative,No,Poor,9924.74,-17.24,Very Dry,2022-10,22,5,10,0,308.3333333333333,306.9166666666667,-7.0,5.885714285714286,29.285102,1.9,0.09047337278106508,143,0,1
2022-10-08 22:06:24,FARM_01,331,30.41,83.3,0.0,Vegetative,No,Poor,9924.31,-17.28,Very Dry,2022-10,22,5,10,0,337.3333333333333,305.3333333333333,-6.0,29.62857142857143,28.9027415,1.9,0.09159638554216867,149,0,1
2022-10-08 22:06:24,FARM_01,171,28.41,85.3,5.74,Vegetative,No,Good,9926.03,-17.13,Very Wet,2022-10,22,5,10,0,279.6666666666667,290.6666666666667,-160.0,31.257142857142856,27.2449515,7.640000000000001,0.16517441860465115,309,0,2
2022-10-08 22:06:24,FARM_01,244,28.49,82.2,0.0,Vegetative,No,Good,9928.56,-16.92,Wet,2022-10,22,5,10,0,248.66666666666666,282.5,73.0,-15.0,27.071429,5.74,0.11628571428571428,236,0,3
2022-10-08 22:06:24,FARM_01,336,30.46,79.9,1.63,Vegetative,No,Poor,9924.39,-17.27,Very Dry,2022-10,22,5,10,0,250.33333333333334,281.9166666666667,92.0,-13.685714285714287,28.640347000000002,7.37,0.09038575667655786,144,0,1
2022-10-08 22:06:24,FARM_01,245,28.48,89.1,0.0,Vegetative,No,Good,9928.39,-16.93,Wet,2022-10,22,5,10,0,275.0,273.75,-91.0,-10.628571428571428,27.611924,1.63,0.11577235772357723,235,0,3
2022-10-08 22:06:24,FARM_01,332,30.2,85.9,0.0,Vegetative,No,Poor,9923.58,-17.34,Very Dry,2022-10,22,5,10,0,304.3333333333333,272.9166666666667,87.0,9.114285714285714,28.94369,1.63,0.09069069069069069,148,0,1
2022-10-08 22:06:24,FARM_01,333,30.15,80.3,0.0,Vegetative,No,Poor,9923.66,-17.33,Very Dry,2022-10,22,5,10,0,303.3333333333333,272.0,1.0,28.085714285714285,28.4001475,0.0,0.09026946107784431,147,0,1
2022-10-08 22:06:24,FARM_01,334,30.1,79.4,0.0,Vegetative,No,Poor,9923.86,-17.31,Very Dry,2022-10,22,5,10,0,333.0,271.1666666666667,1.0,15.085714285714285,28.27587,0.0,0.08985074626865672,146,0,1
2022-10-08 22:06:24,FARM_01,330,30.07,81.4,0.0,Vegetative,No,Poor,9923.73,-17.32,Very Dry,2022-10,22,5,10,0,332.3333333333333,298.4166666666667,-4.0,6.8,28.426039,0.0,0.09084592145015105,150,0,1
2022-10-08 22:06:24,FARM_01,326,30.03,82.2,0.0,Vegetative,No,Poor,9923.8,-17.32,Dry,2022-10,22,5,10,0,330.0,305.25,-4.0,11.428571428571429,28.460663,0.0,0.0918348623853211,154,0,0
2022-10-08 22:06:24,FARM_01,320,29.98,92.8,0.0,Vegetative,No,Poor,9923.66,-17.33,Dry,2022-10,22,5,10,0,325.3333333333333,303.25,-6.0,-2.4285714285714284,29.347192,0.0,0.09339563862928349,160,0,0
2022-10-08 22:06:24,FARM_01,323,29.94,93.3,2.25,Vegetative,No,Poor,9923.39,-17.35,Dry,2022-10,22,5,10,0,323.0,302.0833333333333,3.0,-2.742857142857143,29.352611,2.25,0.09240740740740741,157,0,0
2022-10-08 22:06:24,FARM_01,331,29.89,84.4,4.03,Vegetative,No,Poor,9922.9,-17.39,Very Dry,2022-10,22,5,10,0,324.6666666666667,302.0833333333333,8.0,-1.2,28.526638000000002,6.28,0.09003012048192771,149,0,1
2022-10-08 22:06:24,FARM_01,330,29.85,70.1,0.0,Vegetative,No,Poor,9923.31,-17.36,Very Dry,2022-10,22,5,10,0,328.0,315.3333333333333,-1.0,0.5142857142857142,27.2434675,6.28,0.09018126888217523,150,0,1
2022-10-08 22:06:24,FARM_01,330,29.81,86.9,0.0,Vegetative,No,Poor,9923.19,-17.37,Very Dry,2022-10,22,5,10,0,330.3333333333333,322.5,0.0,1.6571428571428573,28.6708895,4.03,0.09006042296072507,150,0,1
2022-10-08 22:06:24,FARM_01,338,30.52,83.2,0.0,Vegetative,No,Poor,9924.66,-17.25,Very Dry,2022-10,22,5,10,0,332.6666666666667,322.6666666666667,8.0,3.142857142857143,28.993552,0.0,0.09002949852507375,142,0,1
2022-10-08 22:06:24,FARM_01,328,29.77,86.4,2.67,Vegetative,No,Poor,9922.72,-17.41,Dry,2022-10,22,5,10,0,332.0,329.5833333333333,-10.0,1.3142857142857143,28.590404,2.67,0.09048632218844985,152,0,0
2022-10-08 22:06:24,FARM_01,329,29.69,89.1,0.38,Vegetative,No,Poor,9922.8,-17.4,Dry,2022-10,22,5,10,0,331.6666666666667,329.3333333333333,1.0,-0.22857142857142856,28.7493845,3.05,0.08996969696969698,151,0,0
2022-10-08 22:06:24,FARM_01,329,29.47,78.3,0.0,Vegetative,No,Poor,9922.35,-17.44,Dry,2022-10,22,5,10,0,328.6666666666667,329.0,0.0,-0.5142857142857142,27.623655499999998,3.05,0.0893030303030303,151,0,0
2022-10-08 22:06:24,FARM_01,330,29.66,88.5,0.0,Vegetative,No,Poor,9922.67,-17.41,Very Dry,2022-10,22,5,10,0,329.3333333333333,328.6666666666667,1.0,-0.7428571428571429,28.669505,0.38,0.08960725075528701,150,0,1
2022-10-08 22:06:24,FARM_01,330,29.64,81.9,0.0,Vegetative,No,Poor,9922.51,-17.43,Very Dry,2022-10,22,5,10,0,329.6666666666667,328.6666666666667,0.0,-0.9714285714285714,28.083038000000002,0.0,0.08954682779456194,150,0,1
2022-10-08 22:06:24,FARM_01,329,29.6,76.8,0.0,Vegetative,No,Poor,9922.58,-17.42,Dry,2022-10,22,5,10,0,329.6666666666667,328.9166666666667,-1.0,0.2571428571428571,27.609440000000003,0.0,0.0896969696969697,151,0,0
2022-10-08 22:06:24,FARM_01,329,29.57,87.2,2.99,Vegetative,No,Poor,9922.07,-17.46,Dry,2022-10,22,5,10,0,329.3333333333333,329.6666666666667,0.0,0.0,28.473872,2.99,0.0896060606060606,151,0,0
2022-10-08 22:06:24,FARM_01,329,29.54,84.9,0.0,Vegetative,No,Poor,9922.28,-17.45,Dry,2022-10,22,5,10,0,329.0,330.1666666666667,0.0,-0.11428571428571428,28.249403,2.99,0.0895151515151515,151,0,0
2022-10-08 22:06:24,FARM_01,329,29.5,83.2,0.0,Vegetative,No,Poor,9922.14,-17.46,Dry,2022-10,22,5,10,0,329.0,330.0,0.0,-0.22857142857142856,28.067800000000002,2.99,0.0893939393939394,151,0,0
2022-10-08 22:06:24,FARM_01,328,29.44,88.3,0.0,Vegetative,No,Poor,9922.36,-17.44,Dry,2022-10,22,5,10,0,328.6666666666667,329.8333333333333,-1.0,-0.2857142857142857,28.446436000000002,0.0,0.08948328267477204,152,0,0
2022-10-08 22:06:24,FARM_01,336,29.73,89.0,1.33,Vegetative,No,Poor,9922.76,-17.41,Very Dry,2022-10,22,5,10,0,331.0,330.3333333333333,8.0,0.9142857142857143,28.778335000000002,1.33,0.08821958456973295,144,0,1
2022-10-08 22:06:24,FARM_01,329,29.41,72.5,0.0,Vegetative,No,Poor,9922.23,-17.45,Dry,2022-10,22,5,10,0,331.0,329.5833333333333,-7.0,0.5714285714285714,27.079237499999998,1.33,0.08912121212121211,151,0,0
2022-10-08 22:06:24,FARM_01,327,29.38,80.9,0.0,Vegetative,No,Poor,9921.58,-17.51,Dry,2022-10,22,5,10,0,330.6666666666667,329.5,-2.0,-0.05714285714285714,27.764331,1.33,0.08957317073170731,153,0,0
2022-10-08 22:06:24,FARM_01,328,29.36,84.5,0.0,Vegetative,No,Poor,9921.78,-17.49,Dry,2022-10,22,5,10,0,328.0,329.4166666666667,1.0,-0.42857142857142855,28.05056,0.0,0.08924012158054712,152,0,0
2022-10-08 22:06:24,FARM_01,327,29.34,83.3,0.0,Vegetative,No,Poor,9921.75,-17.49,Dry,2022-10,22,5,10,0,327.3333333333333,329.25,-1.0,-0.8857142857142857,27.931021,0.0,0.08945121951219512,153,0,0
2022-10-08 22:06:24,FARM_01,328,29.31,92.1,6.07,Vegetative,No,Poor,9921.45,-17.52,Dry,2022-10,22,5,10,0,327.6666666666667,329.0833333333333,1.0,-1.2857142857142858,28.6447805,6.07,0.08908814589665653,152,0,0
2022-10-08 22:06:24,FARM_01,328,29.29,80.6,0.0,Vegetative,No,Poor,9921.48,-17.51,Dry,2022-10,22,5,10,0,327.6666666666667,328.9166666666667,0.0,-0.08571428571428572,27.658557,6.07,0.0890273556231003,152,0,0
2022-10-08 22:06:24,FARM_01,331,30.3,90.5,0.0,Vegetative,No,Poor,9923.61,-17.33,Very Dry,2022-10,22,5,10,0,329.0,329.0833333333333,3.0,0.6,29.448325,6.07,0.09126506024096386,149,0,1
2022-10-08 22:06:24,FARM_01,332,30.35,83.9,3.32,Vegetative,No,Poor,9924.03,-17.3,Very Dry,2022-10,22,5,10,0,330.3333333333333,329.3333333333333,1.0,0.9142857142857143,28.902207500000003,3.32,0.09114114114114115,148,0,1
2022-10-08 22:06:24,FARM_01,323,29.28,79.9,0.0,Vegetative,No,Poor,9922.2,-17.45,Dry,2022-10,22,5,10,0,328.6666666666667,328.8333333333333,-9.0,-0.14285714285714285,27.590796,3.32,0.09037037037037038,157,0,0
